<annotation><folder>VG_100K_2</folder><filename>1.jpg</filename><source><database>Visual Genome Version 1.2</database><image_id>1</image_id><coco_id>None</coco_id><flickr_id>None</flickr_id></source><size><width>800</width><height>600</height><depth>3</depth></size><segmented>0</segmented><object><name>street</name><object_id>1058539</object_id><difficult>0</difficult><bndbox><xmin>358</xmin><ymin>283</ymin><xmax>798</xmax><ymax>516</ymax></bndbox><attribute>clean</attribute></object><object><name>parking meter</name><object_id>1058519</object_id><difficult>0</difficult><bndbox><xmin>574</xmin><ymin>327</ymin><xmax>606</xmax><ymax>470</ymax></bndbox><attribute>orange</attribute></object><relation><subject_id>1058519</subject_id><object_id>1058539</object_id><predicate>top of</predicate></relation></annotation>