<annotation><folder>VG_100K</folder><filename>10.jpg</filename><source><database>Visual Genome Version 1.2</database><image_id>10</image_id><coco_id>None</coco_id><flickr_id>None</flickr_id></source><size><width>800</width><height>600</height><depth>3</depth></size><segmented>0</segmented><object><name>headphones</name><object_id>1060590</object_id><difficult>0</difficult><bndbox><xmin>22</xmin><ymin>488</ymin><xmax>121</xmax><ymax>536</ymax></bndbox><attribute>pair</attribute><attribute>black</attribute><attribute>laying</attribute></object><object><name>desk</name><object_id>1060591</object_id><difficult>0</difficult><bndbox><xmin>0</xmin><ymin>368</ymin><xmax>472</xmax><ymax>599</ymax></bndbox><attribute>folded</attribute></object><object><name>floor</name><object_id>1060585</object_id><difficult>0</difficult><bndbox><xmin>77</xmin><ymin>472</ymin><xmax>798</xmax><ymax>598</ymax></bndbox><attribute>grey</attribute></object><object><name>man</name><object_id>1060550</object_id><difficult>0</difficult><bndbox><xmin>576</xmin><ymin>270</ymin><xmax>704</xmax><ymax>419</ymax></bndbox></object><object><name>coat</name><object_id>1060551</object_id><difficult>0</difficult><bndbox><xmin>532</xmin><ymin>354</ymin><xmax>678</xmax><ymax>570</ymax></bndbox><attribute>blue</attribute><attribute>red</attribute><attribute>hanging</attribute></object><object><name>wall</name><object_id>1024113</object_id><difficult>0</difficult><bndbox><xmin>3</xmin><ymin>2</ymin><xmax>799</xmax><ymax>532</ymax></bndbox><attribute>green</attribute></object><object><name>chair</name><object_id>1060559</object_id><difficult>0</difficult><bndbox><xmin>558</xmin><ymin>352</ymin><xmax>715</xmax><ymax>555</ymax></bndbox></object><object><name>bookshelf</name><object_id>1060564</object_id><difficult>0</difficult><bndbox><xmin>423</xmin><ymin>151</ymin><xmax>597</xmax><ymax>509</ymax></bndbox><attribute>tall</attribute><attribute>wood</attribute><attribute>leaning</attribute></object><object><name>papers</name><object_id>1060575</object_id><difficult>0</difficult><bndbox><xmin>0</xmin><ymin>381</ymin><xmax>314</xmax><ymax>543</ymax></bndbox></object><object><name>picture frame</name><object_id>1024116</object_id><difficult>0</difficult><bndbox><xmin>142</xmin><ymin>142</ymin><xmax>247</xmax><ymax>287</ymax></bndbox><attribute>brown</attribute><attribute>empty</attribute><attribute>hanging</attribute></object><object><name>desk</name><object_id>1060599</object_id><difficult>0</difficult><bndbox><xmin>609</xmin><ymin>315</ymin><xmax>799</xmax><ymax>416</ymax></bndbox></object><relation><subject_id>1060551</subject_id><object_id>1060585</object_id><predicate>touching</predicate></relation><relation><subject_id>1060564</subject_id><object_id>1024113</object_id><predicate>against</predicate></relation><relation><subject_id>1060550</subject_id><object_id>1060599</object_id><predicate>sitting on a</predicate></relation><relation><subject_id>1060564</subject_id><object_id>1024113</object_id><predicate>against</predicate></relation><relation><subject_id>1024116</subject_id><object_id>1024113</object_id><predicate>against</predicate></relation><relation><subject_id>1060551</subject_id><object_id>1060559</object_id><predicate>on back of</predicate></relation><relation><subject_id>1060590</subject_id><object_id>1060591</object_id><predicate>sitting on a</predicate></relation><relation><subject_id>1060575</subject_id><object_id>1060591</object_id><predicate>sitting on a</predicate></relation><relation><subject_id>1060575</subject_id><object_id>1060591</object_id><predicate>laying in</predicate></relation></annotation>