<annotation><folder>VG_100K_2</folder><filename>1000.jpg</filename><source><database>Visual Genome Version 1.2</database><image_id>1000</image_id><coco_id>None</coco_id><flickr_id>None</flickr_id></source><size><width>800</width><height>600</height><depth>3</depth></size><segmented>0</segmented><object><name>ceiling</name><object_id>1540915</object_id><difficult>0</difficult><bndbox><xmin>4</xmin><ymin>6</ymin><xmax>799</xmax><ymax>200</ymax></bndbox></object><object><name>sign</name><object_id>1540918</object_id><difficult>0</difficult><bndbox><xmin>705</xmin><ymin>273</ymin><xmax>778</xmax><ymax>294</ymax></bndbox></object><object><name>walls</name><object_id>1540921</object_id><difficult>0</difficult><bndbox><xmin>4</xmin><ymin>315</ymin><xmax>373</xmax><ymax>443</ymax></bndbox></object><object><name>bars</name><object_id>1540920</object_id><difficult>0</difficult><bndbox><xmin>3</xmin><ymin>344</ymin><xmax>376</xmax><ymax>368</ymax></bndbox></object><relation><subject_id>1540918</subject_id><object_id>1540915</object_id><predicate>hanging on a</predicate></relation><relation><subject_id>1540920</subject_id><object_id>1540921</object_id><predicate>placed on</predicate></relation></annotation>