<annotation><folder>VG_100K_2</folder><filename>1001.jpg</filename><source><database>Visual Genome Version 1.2</database><image_id>1001</image_id><coco_id>None</coco_id><flickr_id>None</flickr_id></source><size><width>800</width><height>600</height><depth>3</depth></size><segmented>0</segmented><object><name>seats</name><object_id>1065942</object_id><difficult>0</difficult><bndbox><xmin>17</xmin><ymin>297</ymin><xmax>778</xmax><ymax>599</ymax></bndbox><attribute>stone</attribute><attribute>outdoor</attribute><attribute>grey</attribute><attribute>cement</attribute><attribute>concrete</attribute><attribute>tan</attribute><attribute>empty</attribute></object><object><name>trees</name><object_id>1065947</object_id><difficult>0</difficult><bndbox><xmin>165</xmin><ymin>191</ymin><xmax>594</xmax><ymax>319</ymax></bndbox><attribute>palm</attribute><attribute>green</attribute><attribute>row</attribute></object><object><name>lighting</name><object_id>1065950</object_id><difficult>0</difficult><bndbox><xmin>211</xmin><ymin>44</ymin><xmax>259</xmax><ymax>472</ymax></bndbox><attribute>large</attribute><attribute>light</attribute><attribute>grey</attribute><attribute>tall</attribute></object><object><name>lights</name><object_id>1065954</object_id><difficult>0</difficult><bndbox><xmin>210</xmin><ymin>44</ymin><xmax>256</xmax><ymax>100</ymax></bndbox></object><object><name>stadium</name><object_id>3788422</object_id><difficult>0</difficult><bndbox><xmin>61</xmin><ymin>301</ymin><xmax>776</xmax><ymax>587</ymax></bndbox></object><relation><subject_id>1065950</subject_id><object_id>1065942</object_id><predicate>are inside</predicate></relation><relation><subject_id>1065954</subject_id><object_id>1065950</object_id><predicate>top of</predicate></relation><relation><subject_id>1065947</subject_id><object_id>3788422</object_id><predicate>line</predicate></relation></annotation>