<annotation><folder>VG_100K_2</folder><filename>1002.jpg</filename><source><database>Visual Genome Version 1.2</database><image_id>1002</image_id><coco_id>None</coco_id><flickr_id>None</flickr_id></source><size><width>550</width><height>413</height><depth>3</depth></size><segmented>0</segmented><object><name>machine</name><object_id>1030890</object_id><difficult>0</difficult><bndbox><xmin>420</xmin><ymin>170</ymin><xmax>507</xmax><ymax>235</ymax></bndbox></object><object><name>light</name><object_id>1030891</object_id><difficult>0</difficult><bndbox><xmin>437</xmin><ymin>106</ymin><xmax>451</xmax><ymax>122</ymax></bndbox><attribute>round</attribute><attribute>red</attribute></object><relation><subject_id>1030891</subject_id><object_id>1030890</object_id><predicate>top of</predicate></relation></annotation>