<annotation><folder>VG_100K_2</folder><filename>1008.jpg</filename><source><database>Visual Genome Version 1.2</database><image_id>1008</image_id><coco_id>None</coco_id><flickr_id>None</flickr_id></source><size><width>450</width><height>336</height><depth>3</depth></size><segmented>0</segmented><object><name>wall</name><object_id>1540934</object_id><difficult>0</difficult><bndbox><xmin>2</xmin><ymin>3</ymin><xmax>302</xmax><ymax>289</ymax></bndbox></object><object><name>items</name><object_id>1540933</object_id><difficult>0</difficult><bndbox><xmin>109</xmin><ymin>113</ymin><xmax>155</xmax><ymax>151</ymax></bndbox><attribute>circular</attribute></object><relation><subject_id>1540933</subject_id><object_id>1540934</object_id><predicate>hanging on a</predicate></relation></annotation>