<annotation><folder>VG_100K_2</folder><filename>101.jpg</filename><source><database>Visual Genome Version 1.2</database><image_id>101</image_id><coco_id>None</coco_id><flickr_id>None</flickr_id></source><size><width>800</width><height>600</height><depth>3</depth></size><segmented>0</segmented><object><name>van</name><object_id>3792830</object_id><difficult>0</difficult><bndbox><xmin>184</xmin><ymin>357</ymin><xmax>400</xmax><ymax>444</ymax></bndbox></object><object><name>boat</name><object_id>1534651</object_id><difficult>0</difficult><bndbox><xmin>276</xmin><ymin>315</ymin><xmax>401</xmax><ymax>336</ymax></bndbox></object><relation><subject_id>1534651</subject_id><object_id>3792830</object_id><predicate>top of</predicate></relation></annotation>