<annotation><folder>VG_100K_2</folder><filename>1011.jpg</filename><source><database>Visual Genome Version 1.2</database><image_id>1011</image_id><coco_id>None</coco_id><flickr_id>None</flickr_id></source><size><width>500</width><height>346</height><depth>3</depth></size><segmented>0</segmented><object><name>wall</name><object_id>1638046</object_id><difficult>0</difficult><bndbox><xmin>0</xmin><ymin>0</ymin><xmax>499</xmax><ymax>285</ymax></bndbox></object><object><name>building</name><object_id>1638045</object_id><difficult>0</difficult><bndbox><xmin>1</xmin><ymin>0</ymin><xmax>498</xmax><ymax>344</ymax></bndbox></object><relation><subject_id>1638046</subject_id><object_id>1638045</object_id><predicate>on other side of</predicate></relation></annotation>