<annotation><folder>VG_100K_2</folder><filename>1014.jpg</filename><source><database>Visual Genome Version 1.2</database><image_id>1014</image_id><coco_id>None</coco_id><flickr_id>None</flickr_id></source><size><width>800</width><height>600</height><depth>3</depth></size><segmented>0</segmented><object><name>desk</name><object_id>1541004</object_id><difficult>0</difficult><bndbox><xmin>701</xmin><ymin>170</ymin><xmax>789</xmax><ymax>435</ymax></bndbox></object><object><name>cord</name><object_id>1541003</object_id><difficult>0</difficult><bndbox><xmin>683</xmin><ymin>314</ymin><xmax>736</xmax><ymax>435</ymax></bndbox><attribute>black</attribute></object><relation><subject_id>1541003</subject_id><object_id>1541004</object_id><predicate>hanging on a</predicate></relation></annotation>