<annotation><folder>VG_100K_2</folder><filename>1015.jpg</filename><source><database>Visual Genome Version 1.2</database><image_id>1015</image_id><coco_id>None</coco_id><flickr_id>None</flickr_id></source><size><width>800</width><height>534</height><depth>3</depth></size><segmented>0</segmented><object><name>stadium</name><object_id>4304449</object_id><difficult>0</difficult><bndbox><xmin>2</xmin><ymin>1</ymin><xmax>772</xmax><ymax>531</ymax></bndbox><attribute>huge</attribute></object><object><name>man</name><object_id>4304452</object_id><difficult>0</difficult><bndbox><xmin>576</xmin><ymin>205</ymin><xmax>635</xmax><ymax>292</ymax></bndbox></object><object><name>left leg</name><object_id>4304474</object_id><difficult>0</difficult><bndbox><xmin>576</xmin><ymin>256</ymin><xmax>602</xmax><ymax>289</ymax></bndbox></object><object><name>right leg</name><object_id>4304479</object_id><difficult>0</difficult><bndbox><xmin>603</xmin><ymin>257</ymin><xmax>633</xmax><ymax>289</ymax></bndbox></object><object><name>person</name><object_id>4304500</object_id><difficult>0</difficult><bndbox><xmin>698</xmin><ymin>270</ymin><xmax>708</xmax><ymax>281</ymax></bndbox></object><object><name>person</name><object_id>4304501</object_id><difficult>0</difficult><bndbox><xmin>727</xmin><ymin>261</ymin><xmax>740</xmax><ymax>274</ymax></bndbox></object><object><name>person</name><object_id>4304502</object_id><difficult>0</difficult><bndbox><xmin>769</xmin><ymin>264</ymin><xmax>776</xmax><ymax>275</ymax></bndbox></object><object><name>light</name><object_id>4304506</object_id><difficult>0</difficult><bndbox><xmin>633</xmin><ymin>82</ymin><xmax>675</xmax><ymax>127</ymax></bndbox><attribute>white</attribute></object><object><name>roof</name><object_id>4304507</object_id><difficult>0</difficult><bndbox><xmin>2</xmin><ymin>6</ymin><xmax>799</xmax><ymax>203</ymax></bndbox></object><object><name>person</name><object_id>4304508</object_id><difficult>0</difficult><bndbox><xmin>556</xmin><ymin>201</ymin><xmax>660</xmax><ymax>292</ymax></bndbox></object><object><name>object</name><object_id>4304509</object_id><difficult>0</difficult><bndbox><xmin>501</xmin><ymin>233</ymin><xmax>605</xmax><ymax>304</ymax></bndbox></object><object><name>light</name><object_id>4304534</object_id><difficult>0</difficult><bndbox><xmin>642</xmin><ymin>91</ymin><xmax>666</xmax><ymax>117</ymax></bndbox></object><object><name>bars</name><object_id>4304535</object_id><difficult>0</difficult><bndbox><xmin>582</xmin><ymin>56</ymin><xmax>755</xmax><ymax>192</ymax></bndbox></object><relation><subject_id>4304474</subject_id><object_id>4304452</object_id><predicate>belonging to</predicate></relation><relation><subject_id>4304479</subject_id><object_id>4304452</object_id><predicate>belonging to</predicate></relation><relation><subject_id>4304500</subject_id><object_id>4304449</object_id><predicate>are inside</predicate></relation><relation><subject_id>4304501</subject_id><object_id>4304449</object_id><predicate>are inside</predicate></relation><relation><subject_id>4304502</subject_id><object_id>4304449</object_id><predicate>are inside</predicate></relation><relation><subject_id>4304506</subject_id><object_id>4304507</object_id><predicate>hanging on a</predicate></relation><relation><subject_id>4304508</subject_id><object_id>4304509</object_id><predicate>walking towards</predicate></relation><relation><subject_id>4304534</subject_id><object_id>4304535</object_id><predicate>hanging on a</predicate></relation></annotation>