<annotation><folder>VG_100K_2</folder><filename>1016.jpg</filename><source><database>Visual Genome Version 1.2</database><image_id>1016</image_id><coco_id>None</coco_id><flickr_id>None</flickr_id></source><size><width>800</width><height>534</height><depth>3</depth></size><segmented>0</segmented><object><name>building</name><object_id>4200784</object_id><difficult>0</difficult><bndbox><xmin>567</xmin><ymin>240</ymin><xmax>679</xmax><ymax>258</ymax></bndbox></object><object><name>tower</name><object_id>4200785</object_id><difficult>0</difficult><bndbox><xmin>569</xmin><ymin>186</ymin><xmax>606</xmax><ymax>254</ymax></bndbox></object><object><name>line</name><object_id>4524395</object_id><difficult>0</difficult><bndbox><xmin>598</xmin><ymin>374</ymin><xmax>798</xmax><ymax>490</ymax></bndbox><attribute>yellow</attribute></object><object><name>pavement</name><object_id>4524396</object_id><difficult>0</difficult><bndbox><xmin>7</xmin><ymin>298</ymin><xmax>798</xmax><ymax>522</ymax></bndbox></object><relation><subject_id>4200784</subject_id><object_id>4200785</object_id><predicate>under a</predicate></relation><relation><subject_id>4524395</subject_id><object_id>4524396</object_id><predicate>painted</predicate></relation></annotation>