<annotation><folder>VG_100K_2</folder><filename>1020.jpg</filename><source><database>Visual Genome Version 1.2</database><image_id>1020</image_id><coco_id>None</coco_id><flickr_id>None</flickr_id></source><size><width>486</width><height>648</height><depth>3</depth></size><segmented>0</segmented><object><name>wall</name><object_id>1059210</object_id><difficult>0</difficult><bndbox><xmin>37</xmin><ymin>1</ymin><xmax>275</xmax><ymax>248</ymax></bndbox></object><object><name>pictures</name><object_id>3788434</object_id><difficult>0</difficult><bndbox><xmin>77</xmin><ymin>13</ymin><xmax>205</xmax><ymax>158</ymax></bndbox><attribute>three</attribute><attribute>hanging</attribute></object><object><name>food</name><object_id>3788437</object_id><difficult>0</difficult><bndbox><xmin>404</xmin><ymin>118</ymin><xmax>452</xmax><ymax>153</ymax></bndbox></object><object><name>counter</name><object_id>1059222</object_id><difficult>0</difficult><bndbox><xmin>398</xmin><ymin>144</ymin><xmax>427</xmax><ymax>235</ymax></bndbox></object><relation><subject_id>3788434</subject_id><object_id>1059210</object_id><predicate>hanging on a</predicate></relation><relation><subject_id>3788437</subject_id><object_id>1059222</object_id><predicate>sitting on a</predicate></relation></annotation>