<annotation><folder>VG_100K_2</folder><filename>1022.jpg</filename><source><database>Visual Genome Version 1.2</database><image_id>1022</image_id><coco_id>None</coco_id><flickr_id>None</flickr_id></source><size><width>448</width><height>336</height><depth>3</depth></size><segmented>0</segmented><object><name>wall</name><object_id>1541041</object_id><difficult>0</difficult><bndbox><xmin>3</xmin><ymin>1</ymin><xmax>319</xmax><ymax>132</ymax></bndbox></object><object><name>building</name><object_id>1541042</object_id><difficult>0</difficult><bndbox><xmin>3</xmin><ymin>1</ymin><xmax>446</xmax><ymax>334</ymax></bndbox></object><relation><subject_id>1541041</subject_id><object_id>1541042</object_id><predicate>on other side of</predicate></relation></annotation>