<annotation><folder>VG_100K_2</folder><filename>1024.jpg</filename><source><database>Visual Genome Version 1.2</database><image_id>1024</image_id><coco_id>None</coco_id><flickr_id>None</flickr_id></source><size><width>640</width><height>480</height><depth>3</depth></size><segmented>0</segmented><object><name>pot</name><object_id>2025941</object_id><difficult>0</difficult><bndbox><xmin>576</xmin><ymin>247</ymin><xmax>638</xmax><ymax>344</ymax></bndbox><attribute>tall</attribute></object><object><name>plant</name><object_id>3634708</object_id><difficult>0</difficult><bndbox><xmin>590</xmin><ymin>189</ymin><xmax>620</xmax><ymax>311</ymax></bndbox></object><object><name>chair</name><object_id>1638072</object_id><difficult>0</difficult><bndbox><xmin>53</xmin><ymin>255</ymin><xmax>112</xmax><ymax>339</ymax></bndbox><attribute>yellow</attribute></object><object><name>table</name><object_id>1638088</object_id><difficult>0</difficult><bndbox><xmin>93</xmin><ymin>258</ymin><xmax>187</xmax><ymax>280</ymax></bndbox><attribute>round</attribute></object><relation><subject_id>3634708</subject_id><object_id>2025941</object_id><predicate>are inside</predicate></relation><relation><subject_id>1638088</subject_id><object_id>1638072</object_id><predicate>surrounded by</predicate></relation></annotation>