<annotation><folder>VG_100K_2</folder><filename>1026.jpg</filename><source><database>Visual Genome Version 1.2</database><image_id>1026</image_id><coco_id>None</coco_id><flickr_id>None</flickr_id></source><size><width>541</width><height>360</height><depth>3</depth></size><segmented>0</segmented><object><name>vase</name><object_id>4304730</object_id><difficult>0</difficult><bndbox><xmin>362</xmin><ymin>317</ymin><xmax>395</xmax><ymax>356</ymax></bndbox><attribute>yellow</attribute></object><object><name>plant</name><object_id>4304731</object_id><difficult>0</difficult><bndbox><xmin>330</xmin><ymin>238</ymin><xmax>447</xmax><ymax>338</ymax></bndbox><attribute>green</attribute></object><object><name>plant</name><object_id>4304732</object_id><difficult>0</difficult><bndbox><xmin>487</xmin><ymin>241</ymin><xmax>539</xmax><ymax>324</ymax></bndbox><attribute>green</attribute></object><object><name>vase</name><object_id>4304733</object_id><difficult>0</difficult><bndbox><xmin>486</xmin><ymin>306</ymin><xmax>514</xmax><ymax>341</ymax></bndbox><attribute>yellow</attribute></object><object><name>window</name><object_id>4304737</object_id><difficult>0</difficult><bndbox><xmin>128</xmin><ymin>81</ymin><xmax>169</xmax><ymax>101</ymax></bndbox><attribute>black</attribute></object><object><name>wall</name><object_id>4304738</object_id><difficult>0</difficult><bndbox><xmin>0</xmin><ymin>60</ymin><xmax>277</xmax><ymax>180</ymax></bndbox></object><relation><subject_id>4304731</subject_id><object_id>4304730</object_id><predicate>are inside</predicate></relation><relation><subject_id>4304732</subject_id><object_id>4304733</object_id><predicate>are inside</predicate></relation><relation><subject_id>4304737</subject_id><object_id>4304738</object_id><predicate>are inside</predicate></relation></annotation>