<annotation><folder>VG_100K_2</folder><filename>1027.jpg</filename><source><database>Visual Genome Version 1.2</database><image_id>1027</image_id><coco_id>None</coco_id><flickr_id>None</flickr_id></source><size><width>560</width><height>300</height><depth>3</depth></size><segmented>0</segmented><object><name>ceiling</name><object_id>1065999</object_id><difficult>0</difficult><bndbox><xmin>0</xmin><ymin>0</ymin><xmax>558</xmax><ymax>50</ymax></bndbox></object><object><name>lights</name><object_id>1066002</object_id><difficult>0</difficult><bndbox><xmin>210</xmin><ymin>4</ymin><xmax>531</xmax><ymax>80</ymax></bndbox></object><relation><subject_id>1065999</subject_id><object_id>1066002</object_id><predicate>attached</predicate></relation></annotation>