<annotation><folder>VG_100K_2</folder><filename>1028.jpg</filename><source><database>Visual Genome Version 1.2</database><image_id>1028</image_id><coco_id>None</coco_id><flickr_id>None</flickr_id></source><size><width>800</width><height>600</height><depth>3</depth></size><segmented>0</segmented><object><name>building</name><object_id>1066027</object_id><difficult>0</difficult><bndbox><xmin>304</xmin><ymin>206</ymin><xmax>458</xmax><ymax>446</ymax></bndbox><attribute>tall</attribute><attribute>black</attribute><attribute>gray</attribute></object><object><name>police officer</name><object_id>1066029</object_id><difficult>0</difficult><bndbox><xmin>505</xmin><ymin>540</ymin><xmax>590</xmax><ymax>598</ymax></bndbox></object><object><name>window</name><object_id>1066034</object_id><difficult>0</difficult><bndbox><xmin>682</xmin><ymin>37</ymin><xmax>710</xmax><ymax>58</ymax></bndbox><attribute>glass</attribute></object><object><name>hat</name><object_id>1066035</object_id><difficult>0</difficult><bndbox><xmin>163</xmin><ymin>549</ymin><xmax>199</xmax><ymax>566</ymax></bndbox></object><relation><subject_id>1066034</subject_id><object_id>1066027</object_id><predicate>attached</predicate></relation><relation><subject_id>1066034</subject_id><object_id>1066027</object_id><predicate>are inside</predicate></relation><relation><subject_id>1066034</subject_id><object_id>1066027</object_id><predicate>are inside</predicate></relation><relation><subject_id>1066027</subject_id><object_id>1066034</object_id><predicate>containing</predicate></relation><relation><subject_id>1066035</subject_id><object_id>1066029</object_id><predicate>top of</predicate></relation><relation><subject_id>1066034</subject_id><object_id>1066027</object_id><predicate>are inside</predicate></relation></annotation>