<annotation><folder>VG_100K_2</folder><filename>1029.jpg</filename><source><database>Visual Genome Version 1.2</database><image_id>1029</image_id><coco_id>None</coco_id><flickr_id>None</flickr_id></source><size><width>800</width><height>565</height><depth>3</depth></size><segmented>0</segmented><object><name>car</name><object_id>1638113</object_id><difficult>0</difficult><bndbox><xmin>1</xmin><ymin>2</ymin><xmax>790</xmax><ymax>557</ymax></bndbox><attribute>tan</attribute></object><object><name>seat</name><object_id>1638159</object_id><difficult>0</difficult><bndbox><xmin>3</xmin><ymin>50</ymin><xmax>168</xmax><ymax>563</ymax></bndbox><attribute>tan</attribute></object><object><name>man</name><object_id>1638095</object_id><difficult>0</difficult><bndbox><xmin>233</xmin><ymin>94</ymin><xmax>617</xmax><ymax>436</ymax></bndbox><attribute>smiling</attribute><attribute>seated</attribute><attribute>sitting</attribute></object><object><name>vehicle</name><object_id>1638153</object_id><difficult>0</difficult><bndbox><xmin>3</xmin><ymin>4</ymin><xmax>798</xmax><ymax>562</ymax></bndbox></object><object><name>seat</name><object_id>1638158</object_id><difficult>0</difficult><bndbox><xmin>149</xmin><ymin>131</ymin><xmax>286</xmax><ymax>412</ymax></bndbox></object><object><name>screen</name><object_id>1638172</object_id><difficult>0</difficult><bndbox><xmin>88</xmin><ymin>124</ymin><xmax>189</xmax><ymax>237</ymax></bndbox><attribute>blue</attribute></object><object><name>screen</name><object_id>1638173</object_id><difficult>0</difficult><bndbox><xmin>265</xmin><ymin>173</ymin><xmax>301</xmax><ymax>230</ymax></bndbox><attribute>blue</attribute></object><relation><subject_id>1638095</subject_id><object_id>1638113</object_id><predicate>sitting on a</predicate></relation><relation><subject_id>1638095</subject_id><object_id>1638113</object_id><predicate>sitting on a</predicate></relation><relation><subject_id>1638095</subject_id><object_id>1638113</object_id><predicate>sitting on a</predicate></relation><relation><subject_id>1638095</subject_id><object_id>1638113</object_id><predicate>sitting on a</predicate></relation><relation><subject_id>1638095</subject_id><object_id>1638113</object_id><predicate>sitting on a</predicate></relation><relation><subject_id>1638095</subject_id><object_id>1638113</object_id><predicate>sitting on a</predicate></relation><relation><subject_id>1638095</subject_id><object_id>1638113</object_id><predicate>sitting on a</predicate></relation><relation><subject_id>1638095</subject_id><object_id>1638113</object_id><predicate>sitting on a</predicate></relation><relation><subject_id>1638095</subject_id><object_id>1638113</object_id><predicate>sitting on a</predicate></relation><relation><subject_id>1638095</subject_id><object_id>1638113</object_id><predicate>sitting on a</predicate></relation><relation><subject_id>1638095</subject_id><object_id>1638113</object_id><predicate>sitting on a</predicate></relation><relation><subject_id>1638095</subject_id><object_id>1638153</object_id><predicate>sitting on a</predicate></relation><relation><subject_id>1638172</subject_id><object_id>1638159</object_id><predicate>on back of</predicate></relation><relation><subject_id>1638173</subject_id><object_id>1638158</object_id><predicate>on back of</predicate></relation></annotation>