<annotation><folder>VG_100K_2</folder><filename>1034.jpg</filename><source><database>Visual Genome Version 1.2</database><image_id>1034</image_id><coco_id>None</coco_id><flickr_id>None</flickr_id></source><size><width>500</width><height>375</height><depth>3</depth></size><segmented>0</segmented><object><name>pizza slice</name><object_id>4304862</object_id><difficult>0</difficult><bndbox><xmin>19</xmin><ymin>175</ymin><xmax>87</xmax><ymax>232</ymax></bndbox></object><object><name>paper</name><object_id>4304863</object_id><difficult>0</difficult><bndbox><xmin>2</xmin><ymin>192</ymin><xmax>128</xmax><ymax>250</ymax></bndbox><attribute>white</attribute></object><object><name>pastry</name><object_id>4304864</object_id><difficult>0</difficult><bndbox><xmin>267</xmin><ymin>250</ymin><xmax>333</xmax><ymax>297</ymax></bndbox></object><object><name>tray</name><object_id>4304865</object_id><difficult>0</difficult><bndbox><xmin>214</xmin><ymin>221</ymin><xmax>476</xmax><ymax>372</ymax></bndbox><attribute>white</attribute></object><object><name>hot dog</name><object_id>4304867</object_id><difficult>0</difficult><bndbox><xmin>212</xmin><ymin>218</ymin><xmax>224</xmax><ymax>232</ymax></bndbox></object><object><name>hot dog</name><object_id>4304868</object_id><difficult>0</difficult><bndbox><xmin>215</xmin><ymin>250</ymin><xmax>235</xmax><ymax>268</ymax></bndbox></object><object><name>hot dog</name><object_id>4304869</object_id><difficult>0</difficult><bndbox><xmin>252</xmin><ymin>226</ymin><xmax>272</xmax><ymax>245</ymax></bndbox></object><object><name>bun</name><object_id>4304870</object_id><difficult>0</difficult><bndbox><xmin>190</xmin><ymin>205</ymin><xmax>227</xmax><ymax>244</ymax></bndbox></object><object><name>bun</name><object_id>4304871</object_id><difficult>0</difficult><bndbox><xmin>200</xmin><ymin>220</ymin><xmax>242</xmax><ymax>268</ymax></bndbox></object><object><name>bun</name><object_id>4304872</object_id><difficult>0</difficult><bndbox><xmin>229</xmin><ymin>204</ymin><xmax>274</xmax><ymax>248</ymax></bndbox></object><object><name>pastry</name><object_id>4304875</object_id><difficult>0</difficult><bndbox><xmin>304</xmin><ymin>220</ymin><xmax>359</xmax><ymax>260</ymax></bndbox></object><object><name>pastry</name><object_id>4304876</object_id><difficult>0</difficult><bndbox><xmin>343</xmin><ymin>240</ymin><xmax>415</xmax><ymax>285</ymax></bndbox></object><object><name>pastry</name><object_id>4304877</object_id><difficult>0</difficult><bndbox><xmin>426</xmin><ymin>324</ymin><xmax>468</xmax><ymax>373</ymax></bndbox></object><object><name>pastry</name><object_id>4304878</object_id><difficult>0</difficult><bndbox><xmin>456</xmin><ymin>295</ymin><xmax>471</xmax><ymax>324</ymax></bndbox></object><object><name>writing</name><object_id>4304881</object_id><difficult>0</difficult><bndbox><xmin>81</xmin><ymin>261</ymin><xmax>111</xmax><ymax>292</ymax></bndbox><attribute>green</attribute></object><object><name>tag</name><object_id>4304882</object_id><difficult>0</difficult><bndbox><xmin>74</xmin><ymin>258</ymin><xmax>120</xmax><ymax>299</ymax></bndbox><attribute>white</attribute></object><object><name>table</name><object_id>4524547</object_id><difficult>0</difficult><bndbox><xmin>61</xmin><ymin>114</ymin><xmax>497</xmax><ymax>254</ymax></bndbox></object><object><name>pastry</name><object_id>4524548</object_id><difficult>0</difficult><bndbox><xmin>272</xmin><ymin>253</ymin><xmax>327</xmax><ymax>294</ymax></bndbox></object><object><name>pastry</name><object_id>4524549</object_id><difficult>0</difficult><bndbox><xmin>305</xmin><ymin>228</ymin><xmax>351</xmax><ymax>256</ymax></bndbox></object><object><name>pastry</name><object_id>4524550</object_id><difficult>0</difficult><bndbox><xmin>354</xmin><ymin>243</ymin><xmax>416</xmax><ymax>283</ymax></bndbox></object><relation><subject_id>4304862</subject_id><object_id>4304863</object_id><predicate>laying in</predicate></relation><relation><subject_id>4304864</subject_id><object_id>4304865</object_id><predicate>laying in</predicate></relation><relation><subject_id>4304867</subject_id><object_id>4304870</object_id><predicate>wrapped around</predicate></relation><relation><subject_id>4304868</subject_id><object_id>4304871</object_id><predicate>wrapped around</predicate></relation><relation><subject_id>4304869</subject_id><object_id>4304872</object_id><predicate>wrapped around</predicate></relation><relation><subject_id>4304864</subject_id><object_id>4304865</object_id><predicate>laying in</predicate></relation><relation><subject_id>4304875</subject_id><object_id>4304865</object_id><predicate>laying in</predicate></relation><relation><subject_id>4304876</subject_id><object_id>4304865</object_id><predicate>laying in</predicate></relation><relation><subject_id>4304877</subject_id><object_id>4304865</object_id><predicate>laying in</predicate></relation><relation><subject_id>4304878</subject_id><object_id>4304865</object_id><predicate>laying in</predicate></relation><relation><subject_id>4304881</subject_id><object_id>4304882</object_id><predicate>written on</predicate></relation><relation><subject_id>4524548</subject_id><object_id>4524547</object_id><predicate>under a</predicate></relation><relation><subject_id>4524549</subject_id><object_id>4524547</object_id><predicate>under a</predicate></relation><relation><subject_id>4524550</subject_id><object_id>4524547</object_id><predicate>under a</predicate></relation></annotation>