<annotation><folder>VG_100K_2</folder><filename>1036.jpg</filename><source><database>Visual Genome Version 1.2</database><image_id>1036</image_id><coco_id>None</coco_id><flickr_id>None</flickr_id></source><size><width>500</width><height>336</height><depth>3</depth></size><segmented>0</segmented><object><name>bread</name><object_id>1541079</object_id><difficult>0</difficult><bndbox><xmin>298</xmin><ymin>71</ymin><xmax>363</xmax><ymax>101</ymax></bndbox></object><object><name>bread</name><object_id>3568260</object_id><difficult>0</difficult><bndbox><xmin>300</xmin><ymin>98</ymin><xmax>372</xmax><ymax>136</ymax></bndbox></object><object><name>bread</name><object_id>1541080</object_id><difficult>0</difficult><bndbox><xmin>367</xmin><ymin>115</ymin><xmax>422</xmax><ymax>172</ymax></bndbox></object><object><name>bread</name><object_id>3551073</object_id><difficult>0</difficult><bndbox><xmin>299</xmin><ymin>164</ymin><xmax>420</xmax><ymax>209</ymax></bndbox></object><object><name>bread</name><object_id>1541081</object_id><difficult>0</difficult><bndbox><xmin>352</xmin><ymin>92</ymin><xmax>413</xmax><ymax>154</ymax></bndbox></object><object><name>bread</name><object_id>3568261</object_id><difficult>0</difficult><bndbox><xmin>244</xmin><ymin>106</ymin><xmax>285</xmax><ymax>183</ymax></bndbox></object><object><name>bread</name><object_id>1541082</object_id><difficult>0</difficult><bndbox><xmin>247</xmin><ymin>118</ymin><xmax>272</xmax><ymax>145</ymax></bndbox></object><object><name>bread</name><object_id>3568264</object_id><difficult>0</difficult><bndbox><xmin>135</xmin><ymin>17</ymin><xmax>497</xmax><ymax>333</ymax></bndbox></object><object><name>bread</name><object_id>1541083</object_id><difficult>0</difficult><bndbox><xmin>254</xmin><ymin>136</ymin><xmax>285</xmax><ymax>182</ymax></bndbox></object><object><name>bread</name><object_id>1541084</object_id><difficult>0</difficult><bndbox><xmin>248</xmin><ymin>53</ymin><xmax>283</xmax><ymax>116</ymax></bndbox></object><relation><subject_id>1541079</subject_id><object_id>3568260</object_id><predicate>top of</predicate></relation><relation><subject_id>1541080</subject_id><object_id>3551073</object_id><predicate>top of</predicate></relation><relation><subject_id>1541081</subject_id><object_id>3568261</object_id><predicate>top of</predicate></relation><relation><subject_id>1541082</subject_id><object_id>3568264</object_id><predicate>top of</predicate></relation><relation><subject_id>1541083</subject_id><object_id>3568264</object_id><predicate>top of</predicate></relation><relation><subject_id>1541084</subject_id><object_id>3568264</object_id><predicate>top of</predicate></relation></annotation>