<annotation><folder>VG_100K_2</folder><filename>1037.jpg</filename><source><database>Visual Genome Version 1.2</database><image_id>1037</image_id><coco_id>None</coco_id><flickr_id>None</flickr_id></source><size><width>500</width><height>379</height><depth>3</depth></size><segmented>0</segmented><object><name>man</name><object_id>1066068</object_id><difficult>0</difficult><bndbox><xmin>375</xmin><ymin>102</ymin><xmax>464</xmax><ymax>278</ymax></bndbox></object><object><name>door</name><object_id>1066073</object_id><difficult>0</difficult><bndbox><xmin>24</xmin><ymin>109</ymin><xmax>53</xmax><ymax>248</ymax></bndbox></object><relation><subject_id>1066068</subject_id><object_id>1066073</object_id><predicate>against</predicate></relation></annotation>