<annotation><folder>VG_100K_2</folder><filename>1038.jpg</filename><source><database>Visual Genome Version 1.2</database><image_id>1038</image_id><coco_id>None</coco_id><flickr_id>None</flickr_id></source><size><width>575</width><height>403</height><depth>3</depth></size><segmented>0</segmented><object><name>wall</name><object_id>1638194</object_id><difficult>0</difficult><bndbox><xmin>124</xmin><ymin>117</ymin><xmax>151</xmax><ymax>254</ymax></bndbox><attribute>blue</attribute></object><object><name>ladder</name><object_id>1638193</object_id><difficult>0</difficult><bndbox><xmin>58</xmin><ymin>120</ymin><xmax>119</xmax><ymax>250</ymax></bndbox><attribute>wood</attribute></object><object><name>rack</name><object_id>1638199</object_id><difficult>0</difficult><bndbox><xmin>281</xmin><ymin>66</ymin><xmax>557</xmax><ymax>270</ymax></bndbox></object><object><name>bread</name><object_id>1638198</object_id><difficult>0</difficult><bndbox><xmin>331</xmin><ymin>204</ymin><xmax>472</xmax><ymax>244</ymax></bndbox></object><object><name>wall</name><object_id>1638203</object_id><difficult>0</difficult><bndbox><xmin>134</xmin><ymin>126</ymin><xmax>151</xmax><ymax>226</ymax></bndbox></object><object><name>plank</name><object_id>1638202</object_id><difficult>0</difficult><bndbox><xmin>62</xmin><ymin>126</ymin><xmax>120</xmax><ymax>250</ymax></bndbox><attribute>wooden</attribute></object><object><name>wall</name><object_id>1638205</object_id><difficult>0</difficult><bndbox><xmin>118</xmin><ymin>122</ymin><xmax>146</xmax><ymax>243</ymax></bndbox></object><object><name>board</name><object_id>1638204</object_id><difficult>0</difficult><bndbox><xmin>0</xmin><ymin>25</ymin><xmax>60</xmax><ymax>265</ymax></bndbox><attribute>wooden</attribute><attribute>tall</attribute></object><relation><subject_id>1638193</subject_id><object_id>1638194</object_id><predicate>against</predicate></relation><relation><subject_id>1638198</subject_id><object_id>1638199</object_id><predicate>top of</predicate></relation><relation><subject_id>1638202</subject_id><object_id>1638203</object_id><predicate>against</predicate></relation><relation><subject_id>1638204</subject_id><object_id>1638205</object_id><predicate>against</predicate></relation></annotation>