<annotation><folder>VG_100K_2</folder><filename>104.jpg</filename><source><database>Visual Genome Version 1.2</database><image_id>104</image_id><coco_id>None</coco_id><flickr_id>None</flickr_id></source><size><width>800</width><height>600</height><depth>3</depth></size><segmented>0</segmented><object><name>wall</name><object_id>1025909</object_id><difficult>0</difficult><bndbox><xmin>39</xmin><ymin>34</ymin><xmax>117</xmax><ymax>87</ymax></bndbox></object><object><name>building</name><object_id>1025910</object_id><difficult>0</difficult><bndbox><xmin>283</xmin><ymin>34</ymin><xmax>352</xmax><ymax>82</ymax></bndbox></object><relation><subject_id>1025909</subject_id><object_id>1025910</object_id><predicate>on other side of</predicate></relation></annotation>