<annotation><folder>VG_100K_2</folder><filename>1041.jpg</filename><source><database>Visual Genome Version 1.2</database><image_id>1041</image_id><coco_id>None</coco_id><flickr_id>None</flickr_id></source><size><width>800</width><height>600</height><depth>3</depth></size><segmented>0</segmented><object><name>building</name><object_id>3793218</object_id><difficult>0</difficult><bndbox><xmin>0</xmin><ymin>1</ymin><xmax>786</xmax><ymax>597</ymax></bndbox></object><object><name>wall</name><object_id>2315829</object_id><difficult>0</difficult><bndbox><xmin>1</xmin><ymin>33</ymin><xmax>563</xmax><ymax>254</ymax></bndbox></object><relation><subject_id>2315829</subject_id><object_id>3793218</object_id><predicate>on other side of</predicate></relation></annotation>