<annotation><folder>VG_100K_2</folder><filename>1042.jpg</filename><source><database>Visual Genome Version 1.2</database><image_id>1042</image_id><coco_id>None</coco_id><flickr_id>None</flickr_id></source><size><width>568</width><height>426</height><depth>3</depth></size><segmented>0</segmented><object><name>grass</name><object_id>1030976</object_id><difficult>0</difficult><bndbox><xmin>1</xmin><ymin>190</ymin><xmax>565</xmax><ymax>240</ymax></bndbox><attribute>green</attribute></object><object><name>building</name><object_id>1030979</object_id><difficult>0</difficult><bndbox><xmin>328</xmin><ymin>155</ymin><xmax>433</xmax><ymax>188</ymax></bndbox><attribute>light</attribute><attribute>tan</attribute></object><relation><subject_id>1030979</subject_id><object_id>1030976</object_id><predicate>beside</predicate></relation></annotation>