<annotation><folder>VG_100K_2</folder><filename>1044.jpg</filename><source><database>Visual Genome Version 1.2</database><image_id>1044</image_id><coco_id>None</coco_id><flickr_id>None</flickr_id></source><size><width>800</width><height>515</height><depth>3</depth></size><segmented>0</segmented><object><name>table</name><object_id>1541110</object_id><difficult>0</difficult><bndbox><xmin>65</xmin><ymin>146</ymin><xmax>129</xmax><ymax>186</ymax></bndbox></object><object><name>wall</name><object_id>3568333</object_id><difficult>0</difficult><bndbox><xmin>4</xmin><ymin>2</ymin><xmax>271</xmax><ymax>192</ymax></bndbox></object><relation><subject_id>1541110</subject_id><object_id>3568333</object_id><predicate>standing near</predicate></relation></annotation>