<annotation><folder>VG_100K_2</folder><filename>1046.jpg</filename><source><database>Visual Genome Version 1.2</database><image_id>1046</image_id><coco_id>None</coco_id><flickr_id>None</flickr_id></source><size><width>640</width><height>480</height><depth>3</depth></size><segmented>0</segmented><object><name>flag</name><object_id>1638311</object_id><difficult>0</difficult><bndbox><xmin>362</xmin><ymin>127</ymin><xmax>412</xmax><ymax>181</ymax></bndbox><attribute>blue</attribute><attribute>white</attribute><attribute>red</attribute></object><object><name>wall</name><object_id>1638312</object_id><difficult>0</difficult><bndbox><xmin>355</xmin><ymin>115</ymin><xmax>427</xmax><ymax>178</ymax></bndbox></object><relation><subject_id>1638311</subject_id><object_id>1638312</object_id><predicate>hanging on a</predicate></relation></annotation>