<annotation><folder>VG_100K_2</folder><filename>1047.jpg</filename><source><database>Visual Genome Version 1.2</database><image_id>1047</image_id><coco_id>None</coco_id><flickr_id>None</flickr_id></source><size><width>754</width><height>594</height><depth>3</depth></size><segmented>0</segmented><object><name>woman</name><object_id>1541115</object_id><difficult>0</difficult><bndbox><xmin>199</xmin><ymin>249</ymin><xmax>466</xmax><ymax>489</ymax></bndbox></object><object><name>clothing</name><object_id>3634777</object_id><difficult>0</difficult><bndbox><xmin>200</xmin><ymin>314</ymin><xmax>448</xmax><ymax>489</ymax></bndbox><attribute>white</attribute></object><object><name>tub</name><object_id>1541131</object_id><difficult>0</difficult><bndbox><xmin>69</xmin><ymin>212</ymin><xmax>734</xmax><ymax>486</ymax></bndbox><attribute>blue</attribute></object><relation><subject_id>1541115</subject_id><object_id>3634777</object_id><predicate>dressed in</predicate></relation><relation><subject_id>1541115</subject_id><object_id>1541131</object_id><predicate>sitting on a</predicate></relation></annotation>