<annotation><folder>VG_100K_2</folder><filename>1048.jpg</filename><source><database>Visual Genome Version 1.2</database><image_id>1048</image_id><coco_id>None</coco_id><flickr_id>None</flickr_id></source><size><width>448</width><height>336</height><depth>3</depth></size><segmented>0</segmented><object><name>lines</name><object_id>4305188</object_id><difficult>0</difficult><bndbox><xmin>284</xmin><ymin>234</ymin><xmax>370</xmax><ymax>336</ymax></bndbox></object><object><name>pool</name><object_id>4305189</object_id><difficult>0</difficult><bndbox><xmin>33</xmin><ymin>248</ymin><xmax>430</xmax><ymax>336</ymax></bndbox></object><relation><subject_id>4305188</subject_id><object_id>4305189</object_id><predicate>at bottom of</predicate></relation><relation><subject_id>4305188</subject_id><object_id>4305189</object_id><predicate>at bottom of</predicate></relation></annotation>