<annotation><folder>VG_100K_2</folder><filename>1049.jpg</filename><source><database>Visual Genome Version 1.2</database><image_id>1049</image_id><coco_id>None</coco_id><flickr_id>None</flickr_id></source><size><width>376</width><height>376</height><depth>3</depth></size><segmented>0</segmented><object><name>chair</name><object_id>4305240</object_id><difficult>0</difficult><bndbox><xmin>261</xmin><ymin>220</ymin><xmax>273</xmax><ymax>226</ymax></bndbox><attribute>wooden</attribute></object><object><name>bar</name><object_id>4305241</object_id><difficult>0</difficult><bndbox><xmin>33</xmin><ymin>294</ymin><xmax>282</xmax><ymax>336</ymax></bndbox></object><object><name>bar</name><object_id>4305242</object_id><difficult>0</difficult><bndbox><xmin>48</xmin><ymin>190</ymin><xmax>353</xmax><ymax>376</ymax></bndbox></object><object><name>chair</name><object_id>4305243</object_id><difficult>0</difficult><bndbox><xmin>280</xmin><ymin>215</ymin><xmax>290</xmax><ymax>229</ymax></bndbox><attribute>wooden</attribute></object><object><name>picture</name><object_id>4305262</object_id><difficult>0</difficult><bndbox><xmin>93</xmin><ymin>91</ymin><xmax>140</xmax><ymax>183</ymax></bndbox></object><object><name>wall</name><object_id>4305263</object_id><difficult>0</difficult><bndbox><xmin>81</xmin><ymin>116</ymin><xmax>99</xmax><ymax>175</ymax></bndbox></object><object><name>woman</name><object_id>4524652</object_id><difficult>0</difficult><bndbox><xmin>302</xmin><ymin>164</ymin><xmax>330</xmax><ymax>222</ymax></bndbox></object><object><name>bar</name><object_id>4524653</object_id><difficult>0</difficult><bndbox><xmin>13</xmin><ymin>211</ymin><xmax>363</xmax><ymax>356</ymax></bndbox></object><object><name>women</name><object_id>4524666</object_id><difficult>0</difficult><bndbox><xmin>305</xmin><ymin>167</ymin><xmax>357</xmax><ymax>225</ymax></bndbox></object><object><name>bar</name><object_id>4524667</object_id><difficult>0</difficult><bndbox><xmin>5</xmin><ymin>206</ymin><xmax>357</xmax><ymax>374</ymax></bndbox></object><object><name>man</name><object_id>4524671</object_id><difficult>0</difficult><bndbox><xmin>222</xmin><ymin>172</ymin><xmax>247</xmax><ymax>205</ymax></bndbox></object><object><name>woman</name><object_id>4524672</object_id><difficult>0</difficult><bndbox><xmin>202</xmin><ymin>175</ymin><xmax>225</xmax><ymax>214</ymax></bndbox></object><object><name>woman</name><object_id>4524673</object_id><difficult>0</difficult><bndbox><xmin>255</xmin><ymin>173</ymin><xmax>277</xmax><ymax>209</ymax></bndbox></object><object><name>table</name><object_id>4524674</object_id><difficult>0</difficult><bndbox><xmin>214</xmin><ymin>199</ymin><xmax>259</xmax><ymax>220</ymax></bndbox></object><object><name>light fixture</name><object_id>4524684</object_id><difficult>0</difficult><bndbox><xmin>172</xmin><ymin>10</ymin><xmax>213</xmax><ymax>38</ymax></bndbox></object><object><name>ceiling</name><object_id>4524685</object_id><difficult>0</difficult><bndbox><xmin>163</xmin><ymin>1</ymin><xmax>360</xmax><ymax>86</ymax></bndbox></object><object><name>light</name><object_id>4524688</object_id><difficult>0</difficult><bndbox><xmin>322</xmin><ymin>4</ymin><xmax>360</xmax><ymax>51</ymax></bndbox></object><object><name>ceiling</name><object_id>4524689</object_id><difficult>0</difficult><bndbox><xmin>142</xmin><ymin>5</ymin><xmax>363</xmax><ymax>103</ymax></bndbox></object><relation><subject_id>4305240</subject_id><object_id>4305241</object_id><predicate>sitting on a</predicate></relation><relation><subject_id>4305243</subject_id><object_id>4305242</object_id><predicate>sitting on a</predicate></relation><relation><subject_id>4305262</subject_id><object_id>4305263</object_id><predicate>hanging on a</predicate></relation><relation><subject_id>4524652</subject_id><object_id>4524653</object_id><predicate>sitting on a</predicate></relation><relation><subject_id>4524666</subject_id><object_id>4524667</object_id><predicate>sitting on a</predicate></relation><relation><subject_id>4524671</subject_id><object_id>4524674</object_id><predicate>sitting on a</predicate></relation><relation><subject_id>4524672</subject_id><object_id>4524674</object_id><predicate>sitting on a</predicate></relation><relation><subject_id>4524673</subject_id><object_id>4524674</object_id><predicate>sitting on a</predicate></relation><relation><subject_id>4524684</subject_id><object_id>4524685</object_id><predicate>hanging on a</predicate></relation><relation><subject_id>4524688</subject_id><object_id>4524689</object_id><predicate>hanging on a</predicate></relation></annotation>