<annotation><folder>VG_100K_2</folder><filename>105.jpg</filename><source><database>Visual Genome Version 1.2</database><image_id>105</image_id><coco_id>None</coco_id><flickr_id>None</flickr_id></source><size><width>800</width><height>600</height><depth>3</depth></size><segmented>0</segmented><object><name>street</name><object_id>1025912</object_id><difficult>0</difficult><bndbox><xmin>8</xmin><ymin>212</ymin><xmax>461</xmax><ymax>596</ymax></bndbox></object><object><name>car</name><object_id>1025911</object_id><difficult>0</difficult><bndbox><xmin>319</xmin><ymin>159</ymin><xmax>511</xmax><ymax>309</ymax></bndbox><attribute>empty</attribute></object><object><name>car</name><object_id>1025914</object_id><difficult>0</difficult><bndbox><xmin>118</xmin><ymin>154</ymin><xmax>196</xmax><ymax>234</ymax></bndbox></object><object><name>car</name><object_id>1025915</object_id><difficult>0</difficult><bndbox><xmin>187</xmin><ymin>154</ymin><xmax>264</xmax><ymax>227</ymax></bndbox></object><object><name>car</name><object_id>1025913</object_id><difficult>0</difficult><bndbox><xmin>9</xmin><ymin>154</ymin><xmax>96</xmax><ymax>252</ymax></bndbox></object><object><name>car</name><object_id>1025916</object_id><difficult>0</difficult><bndbox><xmin>239</xmin><ymin>156</ymin><xmax>293</xmax><ymax>219</ymax></bndbox></object><object><name>sidewalk</name><object_id>1062320</object_id><difficult>0</difficult><bndbox><xmin>283</xmin><ymin>329</ymin><xmax>687</xmax><ymax>599</ymax></bndbox><attribute>gray</attribute></object><object><name>man</name><object_id>1062319</object_id><difficult>0</difficult><bndbox><xmin>536</xmin><ymin>141</ymin><xmax>660</xmax><ymax>469</ymax></bndbox></object><object><name>lines</name><object_id>1062328</object_id><difficult>0</difficult><bndbox><xmin>67</xmin><ymin>243</ymin><xmax>299</xmax><ymax>303</ymax></bndbox></object><object><name>road</name><object_id>1062331</object_id><difficult>0</difficult><bndbox><xmin>70</xmin><ymin>243</ymin><xmax>327</xmax><ymax>371</ymax></bndbox></object><object><name>blue</name><object_id>1062333</object_id><difficult>0</difficult><bndbox><xmin>536</xmin><ymin>175</ymin><xmax>650</xmax><ymax>445</ymax></bndbox></object><relation><subject_id>1025915</subject_id><object_id>1025912</object_id><predicate>top of</predicate></relation><relation><subject_id>1025914</subject_id><object_id>1025912</object_id><predicate>top of</predicate></relation><relation><subject_id>1025913</subject_id><object_id>1025912</object_id><predicate>top of</predicate></relation><relation><subject_id>1025911</subject_id><object_id>1025912</object_id><predicate>top of</predicate></relation><relation><subject_id>1025916</subject_id><object_id>1025912</object_id><predicate>top of</predicate></relation><relation><subject_id>1062319</subject_id><object_id>1062320</object_id><predicate>walking towards</predicate></relation><relation><subject_id>1025914</subject_id><object_id>1025912</object_id><predicate>top of</predicate></relation><relation><subject_id>1025913</subject_id><object_id>1025912</object_id><predicate>top of</predicate></relation><relation><subject_id>1025911</subject_id><object_id>1025912</object_id><predicate>top of</predicate></relation><relation><subject_id>1025916</subject_id><object_id>1025912</object_id><predicate>top of</predicate></relation><relation><subject_id>1025915</subject_id><object_id>1025912</object_id><predicate>top of</predicate></relation><relation><subject_id>1062319</subject_id><object_id>1062320</object_id><predicate>walking towards</predicate></relation><relation><subject_id>1062328</subject_id><object_id>1025912</object_id><predicate>painted</predicate></relation><relation><subject_id>1025914</subject_id><object_id>1062331</object_id><predicate>on other side of</predicate></relation><relation><subject_id>1062319</subject_id><object_id>1062333</object_id><predicate>dressed in</predicate></relation><relation><subject_id>1025911</subject_id><object_id>1025912</object_id><predicate>top of</predicate></relation><relation><subject_id>1025916</subject_id><object_id>1025912</object_id><predicate>top of</predicate></relation><relation><subject_id>1025915</subject_id><object_id>1025912</object_id><predicate>top of</predicate></relation><relation><subject_id>1025914</subject_id><object_id>1025912</object_id><predicate>top of</predicate></relation><relation><subject_id>1025913</subject_id><object_id>1025912</object_id><predicate>top of</predicate></relation></annotation>