<annotation><folder>VG_100K_2</folder><filename>1050.jpg</filename><source><database>Visual Genome Version 1.2</database><image_id>1050</image_id><coco_id>None</coco_id><flickr_id>None</flickr_id></source><size><width>768</width><height>512</height><depth>3</depth></size><segmented>0</segmented><object><name>lights</name><object_id>3568384</object_id><difficult>0</difficult><bndbox><xmin>109</xmin><ymin>6</ymin><xmax>325</xmax><ymax>70</ymax></bndbox></object><object><name>mirror</name><object_id>3568385</object_id><difficult>0</difficult><bndbox><xmin>150</xmin><ymin>9</ymin><xmax>760</xmax><ymax>113</ymax></bndbox></object><relation><subject_id>3568384</subject_id><object_id>3568385</object_id><predicate>reflected on</predicate></relation></annotation>