<annotation><folder>VG_100K_2</folder><filename>1053.jpg</filename><source><database>Visual Genome Version 1.2</database><image_id>1053</image_id><coco_id>None</coco_id><flickr_id>None</flickr_id></source><size><width>350</width><height>300</height><depth>3</depth></size><segmented>0</segmented><object><name>lake</name><object_id>1031027</object_id><difficult>0</difficult><bndbox><xmin>2</xmin><ymin>131</ymin><xmax>346</xmax><ymax>222</ymax></bndbox><attribute>blue</attribute></object><object><name>table</name><object_id>1031029</object_id><difficult>0</difficult><bndbox><xmin>125</xmin><ymin>175</ymin><xmax>213</xmax><ymax>275</ymax></bndbox></object><relation><subject_id>1031029</subject_id><object_id>1031027</object_id><predicate>overlooking</predicate></relation></annotation>