<annotation><folder>VG_100K_2</folder><filename>1055.jpg</filename><source><database>Visual Genome Version 1.2</database><image_id>1055</image_id><coco_id>None</coco_id><flickr_id>None</flickr_id></source><size><width>316</width><height>237</height><depth>3</depth></size><segmented>0</segmented><object><name>mirror</name><object_id>1031055</object_id><difficult>0</difficult><bndbox><xmin>0</xmin><ymin>75</ymin><xmax>235</xmax><ymax>231</ymax></bndbox><attribute>large</attribute><attribute>reflecting</attribute></object><object><name>wall</name><object_id>1031057</object_id><difficult>0</difficult><bndbox><xmin>1</xmin><ymin>0</ymin><xmax>288</xmax><ymax>212</ymax></bndbox><attribute>white</attribute></object><relation><subject_id>1031055</subject_id><object_id>1031057</object_id><predicate>hanging on a</predicate></relation></annotation>