<annotation><folder>VG_100K_2</folder><filename>1056.jpg</filename><source><database>Visual Genome Version 1.2</database><image_id>1056</image_id><coco_id>None</coco_id><flickr_id>None</flickr_id></source><size><width>720</width><height>532</height><depth>3</depth></size><segmented>0</segmented><object><name>light</name><object_id>1031073</object_id><difficult>0</difficult><bndbox><xmin>79</xmin><ymin>275</ymin><xmax>668</xmax><ymax>409</ymax></bndbox></object><object><name>ground</name><object_id>1031074</object_id><difficult>0</difficult><bndbox><xmin>79</xmin><ymin>223</ymin><xmax>717</xmax><ymax>530</ymax></bndbox></object><relation><subject_id>1031073</subject_id><object_id>1031074</object_id><predicate>hitting</predicate></relation></annotation>