<annotation><folder>VG_100K_2</folder><filename>1057.jpg</filename><source><database>Visual Genome Version 1.2</database><image_id>1057</image_id><coco_id>None</coco_id><flickr_id>None</flickr_id></source><size><width>800</width><height>600</height><depth>3</depth></size><segmented>0</segmented><object><name>towel</name><object_id>3634813</object_id><difficult>0</difficult><bndbox><xmin>645</xmin><ymin>2</ymin><xmax>757</xmax><ymax>339</ymax></bndbox><attribute>cream colored</attribute><attribute>yellow</attribute></object><object><name>building</name><object_id>1541155</object_id><difficult>0</difficult><bndbox><xmin>0</xmin><ymin>3</ymin><xmax>129</xmax><ymax>598</ymax></bndbox></object><object><name>wall</name><object_id>3634799</object_id><difficult>0</difficult><bndbox><xmin>0</xmin><ymin>0</ymin><xmax>128</xmax><ymax>599</ymax></bndbox></object><object><name>bottle</name><object_id>1626738</object_id><difficult>0</difficult><bndbox><xmin>428</xmin><ymin>383</ymin><xmax>465</xmax><ymax>459</ymax></bndbox></object><object><name>bottle</name><object_id>1626737</object_id><difficult>0</difficult><bndbox><xmin>274</xmin><ymin>388</ymin><xmax>315</xmax><ymax>460</ymax></bndbox></object><object><name>sink</name><object_id>1541165</object_id><difficult>0</difficult><bndbox><xmin>225</xmin><ymin>432</ymin><xmax>487</xmax><ymax>557</ymax></bndbox><attribute>white</attribute><attribute>porcelain</attribute></object><object><name>rack</name><object_id>1626745</object_id><difficult>0</difficult><bndbox><xmin>650</xmin><ymin>5</ymin><xmax>741</xmax><ymax>56</ymax></bndbox></object><relation><subject_id>3634799</subject_id><object_id>1541155</object_id><predicate>on other side of</predicate></relation><relation><subject_id>1626738</subject_id><object_id>1541165</object_id><predicate>sitting on a</predicate></relation><relation><subject_id>1626737</subject_id><object_id>1541165</object_id><predicate>sitting on a</predicate></relation><relation><subject_id>3634813</subject_id><object_id>1626745</object_id><predicate>hanging on a</predicate></relation></annotation>