<annotation><folder>VG_100K_2</folder><filename>1058.jpg</filename><source><database>Visual Genome Version 1.2</database><image_id>1058</image_id><coco_id>None</coco_id><flickr_id>None</flickr_id></source><size><width>674</width><height>547</height><depth>3</depth></size><segmented>0</segmented><object><name>wall</name><object_id>1638369</object_id><difficult>0</difficult><bndbox><xmin>10</xmin><ymin>142</ymin><xmax>249</xmax><ymax>323</ymax></bndbox></object><object><name>picture</name><object_id>1638368</object_id><difficult>0</difficult><bndbox><xmin>51</xmin><ymin>182</ymin><xmax>109</xmax><ymax>251</ymax></bndbox></object><object><name>wall</name><object_id>1638371</object_id><difficult>0</difficult><bndbox><xmin>2</xmin><ymin>145</ymin><xmax>259</xmax><ymax>332</ymax></bndbox></object><object><name>picture</name><object_id>1638370</object_id><difficult>0</difficult><bndbox><xmin>119</xmin><ymin>203</ymin><xmax>162</xmax><ymax>247</ymax></bndbox></object><relation><subject_id>1638368</subject_id><object_id>1638369</object_id><predicate>hanging on a</predicate></relation><relation><subject_id>1638370</subject_id><object_id>1638371</object_id><predicate>hanging on a</predicate></relation></annotation>