<annotation><folder>VG_100K_2</folder><filename>1059.jpg</filename><source><database>Visual Genome Version 1.2</database><image_id>1059</image_id><coco_id>None</coco_id><flickr_id>None</flickr_id></source><size><width>800</width><height>533</height><depth>3</depth></size><segmented>0</segmented><object><name>lamp</name><object_id>1638374</object_id><difficult>0</difficult><bndbox><xmin>447</xmin><ymin>241</ymin><xmax>513</xmax><ymax>323</ymax></bndbox></object><object><name>table</name><object_id>1638393</object_id><difficult>0</difficult><bndbox><xmin>446</xmin><ymin>316</ymin><xmax>513</xmax><ymax>345</ymax></bndbox></object><object><name>tree</name><object_id>1638396</object_id><difficult>0</difficult><bndbox><xmin>1</xmin><ymin>75</ymin><xmax>257</xmax><ymax>398</ymax></bndbox></object><object><name>leaf</name><object_id>1638394</object_id><difficult>0</difficult><bndbox><xmin>71</xmin><ymin>309</ymin><xmax>84</xmax><ymax>325</ymax></bndbox><attribute>green</attribute></object><object><name>leaf</name><object_id>1638397</object_id><difficult>0</difficult><bndbox><xmin>94</xmin><ymin>310</ymin><xmax>107</xmax><ymax>326</ymax></bndbox><attribute>green</attribute></object><relation><subject_id>1638374</subject_id><object_id>1638393</object_id><predicate>top of</predicate></relation><relation><subject_id>1638394</subject_id><object_id>1638396</object_id><predicate>hanging on a</predicate></relation><relation><subject_id>1638397</subject_id><object_id>1638396</object_id><predicate>hanging on a</predicate></relation></annotation>