<annotation><folder>VG_100K_2</folder><filename>1060.jpg</filename><source><database>Visual Genome Version 1.2</database><image_id>1060</image_id><coco_id>None</coco_id><flickr_id>None</flickr_id></source><size><width>622</width><height>558</height><depth>3</depth></size><segmented>0</segmented><object><name>door</name><object_id>1066125</object_id><difficult>0</difficult><bndbox><xmin>197</xmin><ymin>178</ymin><xmax>266</xmax><ymax>278</ymax></bndbox></object><object><name>curtain</name><object_id>1066137</object_id><difficult>0</difficult><bndbox><xmin>237</xmin><ymin>146</ymin><xmax>275</xmax><ymax>256</ymax></bndbox><attribute>red</attribute></object><object><name>up</name><object_id>1066148</object_id><difficult>0</difficult><bndbox><xmin>219</xmin><ymin>171</ymin><xmax>272</xmax><ymax>220</ymax></bndbox></object><object><name>ceiling</name><object_id>1066150</object_id><difficult>0</difficult><bndbox><xmin>338</xmin><ymin>34</ymin><xmax>589</xmax><ymax>136</ymax></bndbox></object><object><name>brown</name><object_id>1066149</object_id><difficult>0</difficult><bndbox><xmin>292</xmin><ymin>14</ymin><xmax>415</xmax><ymax>77</ymax></bndbox></object><relation><subject_id>1066137</subject_id><object_id>1066125</object_id><predicate>hanging on a</predicate></relation><relation><subject_id>1066137</subject_id><object_id>1066148</object_id><predicate>hanging on a</predicate></relation><relation><subject_id>1066149</subject_id><object_id>1066150</object_id><predicate>painted</predicate></relation></annotation>