<annotation><folder>VG_100K_2</folder><filename>1061.jpg</filename><source><database>Visual Genome Version 1.2</database><image_id>1061</image_id><coco_id>None</coco_id><flickr_id>None</flickr_id></source><size><width>801</width><height>582</height><depth>3</depth></size><segmented>0</segmented><object><name>headboard</name><object_id>1638401</object_id><difficult>0</difficult><bndbox><xmin>46</xmin><ymin>244</ymin><xmax>311</xmax><ymax>387</ymax></bndbox></object><object><name>pillow</name><object_id>1638417</object_id><difficult>0</difficult><bndbox><xmin>233</xmin><ymin>276</ymin><xmax>361</xmax><ymax>367</ymax></bndbox><attribute>white</attribute></object><object><name>pillow</name><object_id>1638399</object_id><difficult>0</difficult><bndbox><xmin>207</xmin><ymin>274</ymin><xmax>276</xmax><ymax>371</ymax></bndbox><attribute>white</attribute></object><object><name>pillow</name><object_id>1638420</object_id><difficult>0</difficult><bndbox><xmin>48</xmin><ymin>262</ymin><xmax>209</xmax><ymax>390</ymax></bndbox><attribute>white</attribute></object><object><name>bed</name><object_id>1638418</object_id><difficult>0</difficult><bndbox><xmin>263</xmin><ymin>342</ymin><xmax>637</xmax><ymax>473</ymax></bndbox></object><relation><subject_id>1638417</subject_id><object_id>1638401</object_id><predicate>against</predicate></relation><relation><subject_id>1638399</subject_id><object_id>1638401</object_id><predicate>against</predicate></relation><relation><subject_id>1638420</subject_id><object_id>1638401</object_id><predicate>against</predicate></relation><relation><subject_id>1638417</subject_id><object_id>1638418</object_id><predicate>laying in</predicate></relation></annotation>