<annotation><folder>VG_100K_2</folder><filename>1062.jpg</filename><source><database>Visual Genome Version 1.2</database><image_id>1062</image_id><coco_id>None</coco_id><flickr_id>None</flickr_id></source><size><width>717</width><height>800</height><depth>3</depth></size><segmented>0</segmented><object><name>ottoman</name><object_id>1031087</object_id><difficult>0</difficult><bndbox><xmin>155</xmin><ymin>525</ymin><xmax>426</xmax><ymax>696</ymax></bndbox></object><object><name>floor</name><object_id>1031088</object_id><difficult>0</difficult><bndbox><xmin>2</xmin><ymin>470</ymin><xmax>717</xmax><ymax>799</ymax></bndbox><attribute>light brown</attribute></object><object><name>bed</name><object_id>1031089</object_id><difficult>0</difficult><bndbox><xmin>15</xmin><ymin>216</ymin><xmax>578</xmax><ymax>611</ymax></bndbox><attribute>wooden</attribute></object><object><name>nightstand</name><object_id>1031090</object_id><difficult>0</difficult><bndbox><xmin>572</xmin><ymin>374</ymin><xmax>683</xmax><ymax>512</ymax></bndbox><attribute>wooden</attribute><attribute>dark</attribute></object><object><name>lantern</name><object_id>1031091</object_id><difficult>0</difficult><bndbox><xmin>501</xmin><ymin>2</ymin><xmax>613</xmax><ymax>265</ymax></bndbox><attribute>white</attribute><attribute>hanging</attribute></object><object><name>bedroom</name><object_id>1031092</object_id><difficult>0</difficult><bndbox><xmin>0</xmin><ymin>2</ymin><xmax>716</xmax><ymax>800</ymax></bndbox></object><object><name>pillow</name><object_id>1031093</object_id><difficult>0</difficult><bndbox><xmin>312</xmin><ymin>255</ymin><xmax>425</xmax><ymax>321</ymax></bndbox><attribute>gray</attribute><attribute>grey</attribute></object><object><name>pillow</name><object_id>1031094</object_id><difficult>0</difficult><bndbox><xmin>396</xmin><ymin>234</ymin><xmax>539</xmax><ymax>327</ymax></bndbox><attribute>white</attribute><attribute>tan</attribute></object><object><name>lamp</name><object_id>1031095</object_id><difficult>0</difficult><bndbox><xmin>98</xmin><ymin>86</ymin><xmax>201</xmax><ymax>338</ymax></bndbox><attribute>tall</attribute><attribute>white</attribute><attribute>metal</attribute><attribute>on</attribute></object><object><name>plant</name><object_id>1031096</object_id><difficult>0</difficult><bndbox><xmin>535</xmin><ymin>412</ymin><xmax>707</xmax><ymax>516</ymax></bndbox></object><object><name>horse</name><object_id>1031097</object_id><difficult>0</difficult><bndbox><xmin>632</xmin><ymin>327</ymin><xmax>670</xmax><ymax>377</ymax></bndbox><attribute>small</attribute></object><object><name>clock</name><object_id>1031098</object_id><difficult>0</difficult><bndbox><xmin>619</xmin><ymin>347</ymin><xmax>641</xmax><ymax>375</ymax></bndbox><attribute>small</attribute></object><object><name>lamp</name><object_id>1031099</object_id><difficult>0</difficult><bndbox><xmin>180</xmin><ymin>333</ymin><xmax>314</xmax><ymax>533</ymax></bndbox><attribute>white</attribute></object><object><name>tray</name><object_id>1031101</object_id><difficult>0</difficult><bndbox><xmin>177</xmin><ymin>502</ymin><xmax>398</xmax><ymax>559</ymax></bndbox><attribute>wooden</attribute></object><object><name>book</name><object_id>1031100</object_id><difficult>0</difficult><bndbox><xmin>264</xmin><ymin>491</ymin><xmax>324</xmax><ymax>513</ymax></bndbox><attribute>stacked</attribute></object><object><name>plant</name><object_id>1031102</object_id><difficult>0</difficult><bndbox><xmin>260</xmin><ymin>468</ymin><xmax>406</xmax><ymax>554</ymax></bndbox></object><object><name>books</name><object_id>1031104</object_id><difficult>0</difficult><bndbox><xmin>592</xmin><ymin>370</ymin><xmax>655</xmax><ymax>392</ymax></bndbox></object><object><name>chain</name><object_id>1031106</object_id><difficult>0</difficult><bndbox><xmin>552</xmin><ymin>3</ymin><xmax>564</xmax><ymax>98</ymax></bndbox><attribute>metal</attribute></object><relation><subject_id>1031087</subject_id><object_id>1031088</object_id><predicate>top of</predicate></relation><relation><subject_id>1031091</subject_id><object_id>1031092</object_id><predicate>are inside</predicate></relation><relation><subject_id>1031093</subject_id><object_id>1031089</object_id><predicate>top of</predicate></relation><relation><subject_id>1031094</subject_id><object_id>1031089</object_id><predicate>top of</predicate></relation><relation><subject_id>1031096</subject_id><object_id>1031090</object_id><predicate>under a</predicate></relation><relation><subject_id>1031097</subject_id><object_id>1031090</object_id><predicate>top of</predicate></relation><relation><subject_id>1031093</subject_id><object_id>1031089</object_id><predicate>top of</predicate></relation><relation><subject_id>1031097</subject_id><object_id>1031090</object_id><predicate>top of</predicate></relation><relation><subject_id>1031098</subject_id><object_id>1031090</object_id><predicate>top of</predicate></relation><relation><subject_id>1031099</subject_id><object_id>1031101</object_id><predicate>top of</predicate></relation><relation><subject_id>1031101</subject_id><object_id>1031087</object_id><predicate>top of</predicate></relation><relation><subject_id>1031100</subject_id><object_id>1031101</object_id><predicate>top of</predicate></relation><relation><subject_id>1031102</subject_id><object_id>1031101</object_id><predicate>top of</predicate></relation><relation><subject_id>1031093</subject_id><object_id>1031089</object_id><predicate>top of</predicate></relation><relation><subject_id>1031094</subject_id><object_id>1031089</object_id><predicate>top of</predicate></relation><relation><subject_id>1031096</subject_id><object_id>1031088</object_id><predicate>top of</predicate></relation><relation><subject_id>1031104</subject_id><object_id>1031090</object_id><predicate>top of</predicate></relation><relation><subject_id>1031097</subject_id><object_id>1031090</object_id><predicate>top of</predicate></relation><relation><subject_id>1031099</subject_id><object_id>1031101</object_id><predicate>top of</predicate></relation><relation><subject_id>1031100</subject_id><object_id>1031101</object_id><predicate>top of</predicate></relation><relation><subject_id>1031102</subject_id><object_id>1031101</object_id><predicate>top of</predicate></relation><relation><subject_id>1031094</subject_id><object_id>1031089</object_id><predicate>top of</predicate></relation><relation><subject_id>1031097</subject_id><object_id>1031090</object_id><predicate>top of</predicate></relation><relation><subject_id>1031087</subject_id><object_id>1031088</object_id><predicate>top of</predicate></relation><relation><subject_id>1031088</subject_id><object_id>1031092</object_id><predicate>part of</predicate></relation><relation><subject_id>1031093</subject_id><object_id>1031089</object_id><predicate>top of</predicate></relation><relation><subject_id>1031095</subject_id><object_id>1031092</object_id><predicate>are inside</predicate></relation><relation><subject_id>1031090</subject_id><object_id>1031092</object_id><predicate>are inside</predicate></relation><relation><subject_id>1031101</subject_id><object_id>1031087</object_id><predicate>top of</predicate></relation><relation><subject_id>1031091</subject_id><object_id>1031092</object_id><predicate>are inside</predicate></relation><relation><subject_id>1031106</subject_id><object_id>1031091</object_id><predicate>part of</predicate></relation><relation><subject_id>1031100</subject_id><object_id>1031101</object_id><predicate>are inside</predicate></relation><relation><subject_id>1031104</subject_id><object_id>1031090</object_id><predicate>top of</predicate></relation><relation><subject_id>1031097</subject_id><object_id>1031090</object_id><predicate>top of</predicate></relation><relation><subject_id>1031099</subject_id><object_id>1031087</object_id><predicate>top of</predicate></relation><relation><subject_id>1031093</subject_id><object_id>1031089</object_id><predicate>top of</predicate></relation><relation><subject_id>1031096</subject_id><object_id>1031090</object_id><predicate>under a</predicate></relation></annotation>