<annotation><folder>VG_100K_2</folder><filename>1064.jpg</filename><source><database>Visual Genome Version 1.2</database><image_id>1064</image_id><coco_id>None</coco_id><flickr_id>None</flickr_id></source><size><width>512</width><height>471</height><depth>3</depth></size><segmented>0</segmented><object><name>lamp</name><object_id>1638425</object_id><difficult>0</difficult><bndbox><xmin>434</xmin><ymin>202</ymin><xmax>494</xmax><ymax>283</ymax></bndbox></object><object><name>phone</name><object_id>1638424</object_id><difficult>0</difficult><bndbox><xmin>442</xmin><ymin>270</ymin><xmax>493</xmax><ymax>296</ymax></bndbox></object><relation><subject_id>1638424</subject_id><object_id>1638425</object_id><predicate>beside</predicate></relation></annotation>