<annotation><folder>VG_100K_2</folder><filename>1066.jpg</filename><source><database>Visual Genome Version 1.2</database><image_id>1066</image_id><coco_id>None</coco_id><flickr_id>None</flickr_id></source><size><width>640</width><height>480</height><depth>3</depth></size><segmented>0</segmented><object><name>clock</name><object_id>1066152</object_id><difficult>0</difficult><bndbox><xmin>516</xmin><ymin>204</ymin><xmax>589</xmax><ymax>291</ymax></bndbox><attribute>square</attribute></object><object><name>wall</name><object_id>1066163</object_id><difficult>0</difficult><bndbox><xmin>427</xmin><ymin>64</ymin><xmax>638</xmax><ymax>279</ymax></bndbox></object><relation><subject_id>1066152</subject_id><object_id>1066163</object_id><predicate>leaning on</predicate></relation></annotation>