<annotation><folder>VG_100K_2</folder><filename>1069.jpg</filename><source><database>Visual Genome Version 1.2</database><image_id>1069</image_id><coco_id>None</coco_id><flickr_id>None</flickr_id></source><size><width>732</width><height>549</height><depth>3</depth></size><segmented>0</segmented><object><name>woman</name><object_id>4305384</object_id><difficult>0</difficult><bndbox><xmin>551</xmin><ymin>187</ymin><xmax>692</xmax><ymax>429</ymax></bndbox></object><object><name>table</name><object_id>4305385</object_id><difficult>0</difficult><bndbox><xmin>103</xmin><ymin>241</ymin><xmax>653</xmax><ymax>547</ymax></bndbox></object><object><name>building</name><object_id>4588010</object_id><difficult>0</difficult><bndbox><xmin>563</xmin><ymin>1</ymin><xmax>709</xmax><ymax>126</ymax></bndbox></object><object><name>window</name><object_id>4588011</object_id><difficult>0</difficult><bndbox><xmin>587</xmin><ymin>19</ymin><xmax>609</xmax><ymax>45</ymax></bndbox></object><object><name>window</name><object_id>4588012</object_id><difficult>0</difficult><bndbox><xmin>613</xmin><ymin>18</ymin><xmax>628</xmax><ymax>45</ymax></bndbox></object><object><name>window</name><object_id>4588013</object_id><difficult>0</difficult><bndbox><xmin>655</xmin><ymin>13</ymin><xmax>669</xmax><ymax>42</ymax></bndbox></object><object><name>window</name><object_id>4588014</object_id><difficult>0</difficult><bndbox><xmin>676</xmin><ymin>11</ymin><xmax>694</xmax><ymax>40</ymax></bndbox></object><object><name>window</name><object_id>4588015</object_id><difficult>0</difficult><bndbox><xmin>653</xmin><ymin>55</ymin><xmax>668</xmax><ymax>85</ymax></bndbox></object><object><name>tray</name><object_id>4305411</object_id><difficult>0</difficult><bndbox><xmin>271</xmin><ymin>255</ymin><xmax>313</xmax><ymax>296</ymax></bndbox></object><object><name>table</name><object_id>4305412</object_id><difficult>0</difficult><bndbox><xmin>130</xmin><ymin>243</ymin><xmax>682</xmax><ymax>530</ymax></bndbox><attribute>one</attribute></object><object><name>person</name><object_id>4305413</object_id><difficult>0</difficult><bndbox><xmin>512</xmin><ymin>185</ymin><xmax>595</xmax><ymax>312</ymax></bndbox><attribute>sitting</attribute></object><object><name>bench</name><object_id>4305414</object_id><difficult>0</difficult><bndbox><xmin>666</xmin><ymin>236</ymin><xmax>729</xmax><ymax>303</ymax></bndbox></object><relation><subject_id>4305384</subject_id><object_id>4305385</object_id><predicate>sitting on a</predicate></relation><relation><subject_id>4588011</subject_id><object_id>4588010</object_id><predicate>adorning</predicate></relation><relation><subject_id>4588012</subject_id><object_id>4588010</object_id><predicate>adorning</predicate></relation><relation><subject_id>4588013</subject_id><object_id>4588010</object_id><predicate>adorning</predicate></relation><relation><subject_id>4588014</subject_id><object_id>4588010</object_id><predicate>adorning</predicate></relation><relation><subject_id>4588015</subject_id><object_id>4588010</object_id><predicate>adorning</predicate></relation><relation><subject_id>4305411</subject_id><object_id>4305412</object_id><predicate>top of</predicate></relation><relation><subject_id>4305413</subject_id><object_id>4305414</object_id><predicate>sitting on a</predicate></relation></annotation>