<annotation><folder>VG_100K_2</folder><filename>107.jpg</filename><source><database>Visual Genome Version 1.2</database><image_id>107</image_id><coco_id>None</coco_id><flickr_id>None</flickr_id></source><size><width>800</width><height>600</height><depth>3</depth></size><segmented>0</segmented><object><name>carpet</name><object_id>1025923</object_id><difficult>0</difficult><bndbox><xmin>1</xmin><ymin>65</ymin><xmax>757</xmax><ymax>598</ymax></bndbox><attribute>grey</attribute></object><object><name>table</name><object_id>1025924</object_id><difficult>0</difficult><bndbox><xmin>10</xmin><ymin>212</ymin><xmax>799</xmax><ymax>413</ymax></bndbox><attribute>brown</attribute><attribute>wood</attribute></object><object><name>box</name><object_id>1025927</object_id><difficult>0</difficult><bndbox><xmin>308</xmin><ymin>412</ymin><xmax>418</xmax><ymax>466</ymax></bndbox><attribute>cardboard</attribute><attribute>open</attribute></object><object><name>pen</name><object_id>1025932</object_id><difficult>0</difficult><bndbox><xmin>697</xmin><ymin>522</ymin><xmax>706</xmax><ymax>561</ymax></bndbox></object><relation><subject_id>1025927</subject_id><object_id>1025924</object_id><predicate>under a</predicate></relation><relation><subject_id>1025932</subject_id><object_id>1025923</object_id><predicate>laying in</predicate></relation></annotation>