<annotation><folder>VG_100K_2</folder><filename>1072.jpg</filename><source><database>Visual Genome Version 1.2</database><image_id>1072</image_id><coco_id>None</coco_id><flickr_id>None</flickr_id></source><size><width>320</width><height>435</height><depth>3</depth></size><segmented>0</segmented><object><name>window</name><object_id>1638489</object_id><difficult>0</difficult><bndbox><xmin>17</xmin><ymin>0</ymin><xmax>78</xmax><ymax>19</ymax></bndbox></object><object><name>hedge</name><object_id>1638488</object_id><difficult>0</difficult><bndbox><xmin>106</xmin><ymin>32</ymin><xmax>155</xmax><ymax>53</ymax></bndbox><attribute>green</attribute></object><object><name>hedge</name><object_id>1638487</object_id><difficult>0</difficult><bndbox><xmin>44</xmin><ymin>23</ymin><xmax>90</xmax><ymax>51</ymax></bndbox><attribute>green</attribute></object><object><name>hedge</name><object_id>1638486</object_id><difficult>0</difficult><bndbox><xmin>0</xmin><ymin>26</ymin><xmax>42</xmax><ymax>52</ymax></bndbox><attribute>green</attribute></object><object><name>bike</name><object_id>3634839</object_id><difficult>0</difficult><bndbox><xmin>96</xmin><ymin>75</ymin><xmax>299</xmax><ymax>205</ymax></bndbox></object><object><name>reflector</name><object_id>1638490</object_id><difficult>0</difficult><bndbox><xmin>281</xmin><ymin>118</ymin><xmax>288</xmax><ymax>126</ymax></bndbox></object><relation><subject_id>1638488</subject_id><object_id>1638489</object_id><predicate>under a</predicate></relation><relation><subject_id>1638487</subject_id><object_id>1638489</object_id><predicate>under a</predicate></relation><relation><subject_id>1638486</subject_id><object_id>1638489</object_id><predicate>under a</predicate></relation><relation><subject_id>1638490</subject_id><object_id>3634839</object_id><predicate>on back of</predicate></relation></annotation>