<annotation><folder>VG_100K_2</folder><filename>1073.jpg</filename><source><database>Visual Genome Version 1.2</database><image_id>1073</image_id><coco_id>None</coco_id><flickr_id>None</flickr_id></source><size><width>800</width><height>600</height><depth>3</depth></size><segmented>0</segmented><object><name>lamp</name><object_id>1066176</object_id><difficult>0</difficult><bndbox><xmin>264</xmin><ymin>147</ymin><xmax>346</xmax><ymax>197</ymax></bndbox></object><object><name>ceiling</name><object_id>1066177</object_id><difficult>0</difficult><bndbox><xmin>195</xmin><ymin>1</ymin><xmax>551</xmax><ymax>36</ymax></bndbox></object><object><name>table</name><object_id>1066183</object_id><difficult>0</difficult><bndbox><xmin>177</xmin><ymin>295</ymin><xmax>800</xmax><ymax>600</ymax></bndbox><attribute>green</attribute></object><object><name>chairs</name><object_id>1066184</object_id><difficult>0</difficult><bndbox><xmin>2</xmin><ymin>322</ymin><xmax>138</xmax><ymax>598</ymax></bndbox><attribute>leather</attribute></object><object><name>lights</name><object_id>1066191</object_id><difficult>0</difficult><bndbox><xmin>265</xmin><ymin>85</ymin><xmax>727</xmax><ymax>201</ymax></bndbox><attribute>on</attribute></object><object><name>lamp</name><object_id>1066203</object_id><difficult>0</difficult><bndbox><xmin>483</xmin><ymin>86</ymin><xmax>615</xmax><ymax>172</ymax></bndbox></object><object><name>lamp</name><object_id>1066204</object_id><difficult>0</difficult><bndbox><xmin>346</xmin><ymin>131</ymin><xmax>446</xmax><ymax>190</ymax></bndbox></object><relation><subject_id>1066191</subject_id><object_id>1066177</object_id><predicate>hanging on a</predicate></relation><relation><subject_id>1066191</subject_id><object_id>1066183</object_id><predicate>hanging on a</predicate></relation><relation><subject_id>1066176</subject_id><object_id>1066177</object_id><predicate>hanging on a</predicate></relation><relation><subject_id>1066184</subject_id><object_id>1066183</object_id><predicate>on other side of</predicate></relation><relation><subject_id>1066203</subject_id><object_id>1066177</object_id><predicate>hanging on a</predicate></relation><relation><subject_id>1066204</subject_id><object_id>1066177</object_id><predicate>hanging on a</predicate></relation><relation><subject_id>1066176</subject_id><object_id>1066177</object_id><predicate>hanging on a</predicate></relation></annotation>