<annotation><folder>VG_100K_2</folder><filename>1074.jpg</filename><source><database>Visual Genome Version 1.2</database><image_id>1074</image_id><coco_id>None</coco_id><flickr_id>None</flickr_id></source><size><width>800</width><height>600</height><depth>3</depth></size><segmented>0</segmented><object><name>house</name><object_id>3634844</object_id><difficult>0</difficult><bndbox><xmin>0</xmin><ymin>48</ymin><xmax>750</xmax><ymax>536</ymax></bndbox></object><object><name>window</name><object_id>1638517</object_id><difficult>0</difficult><bndbox><xmin>560</xmin><ymin>212</ymin><xmax>643</xmax><ymax>306</ymax></bndbox></object><object><name>door</name><object_id>1638518</object_id><difficult>0</difficult><bndbox><xmin>345</xmin><ymin>395</ymin><xmax>405</xmax><ymax>510</ymax></bndbox></object><relation><subject_id>1638517</subject_id><object_id>3634844</object_id><predicate>built into</predicate></relation><relation><subject_id>1638518</subject_id><object_id>3634844</object_id><predicate>leading to</predicate></relation></annotation>