<annotation><folder>VG_100K_2</folder><filename>1075.jpg</filename><source><database>Visual Genome Version 1.2</database><image_id>1075</image_id><coco_id>None</coco_id><flickr_id>None</flickr_id></source><size><width>801</width><height>555</height><depth>3</depth></size><segmented>0</segmented><object><name>light</name><object_id>3788489</object_id><difficult>0</difficult><bndbox><xmin>630</xmin><ymin>23</ymin><xmax>653</xmax><ymax>34</ymax></bndbox></object><object><name>light</name><object_id>3788488</object_id><difficult>0</difficult><bndbox><xmin>606</xmin><ymin>48</ymin><xmax>620</xmax><ymax>58</ymax></bndbox></object><object><name>light</name><object_id>3788487</object_id><difficult>0</difficult><bndbox><xmin>293</xmin><ymin>48</ymin><xmax>304</xmax><ymax>56</ymax></bndbox></object><object><name>light</name><object_id>3788486</object_id><difficult>0</difficult><bndbox><xmin>266</xmin><ymin>24</ymin><xmax>280</xmax><ymax>35</ymax></bndbox></object><object><name>light</name><object_id>3788485</object_id><difficult>0</difficult><bndbox><xmin>339</xmin><ymin>21</ymin><xmax>362</xmax><ymax>34</ymax></bndbox></object><object><name>vent</name><object_id>3788484</object_id><difficult>0</difficult><bndbox><xmin>553</xmin><ymin>1</ymin><xmax>649</xmax><ymax>15</ymax></bndbox></object><object><name>vent</name><object_id>3788483</object_id><difficult>0</difficult><bndbox><xmin>205</xmin><ymin>2</ymin><xmax>298</xmax><ymax>15</ymax></bndbox></object><object><name>vent</name><object_id>3788482</object_id><difficult>0</difficult><bndbox><xmin>243</xmin><ymin>27</ymin><xmax>318</xmax><ymax>41</ymax></bndbox></object><object><name>ceiling</name><object_id>3788481</object_id><difficult>0</difficult><bndbox><xmin>141</xmin><ymin>2</ymin><xmax>701</xmax><ymax>66</ymax></bndbox></object><object><name>wall</name><object_id>3793228</object_id><difficult>0</difficult><bndbox><xmin>215</xmin><ymin>58</ymin><xmax>630</xmax><ymax>291</ymax></bndbox></object><object><name>screen</name><object_id>1638540</object_id><difficult>0</difficult><bndbox><xmin>330</xmin><ymin>59</ymin><xmax>524</xmax><ymax>194</ymax></bndbox></object><relation><subject_id>3788489</subject_id><object_id>3788481</object_id><predicate>built into</predicate></relation><relation><subject_id>3788488</subject_id><object_id>3788481</object_id><predicate>built into</predicate></relation><relation><subject_id>3788487</subject_id><object_id>3788481</object_id><predicate>built into</predicate></relation><relation><subject_id>3788486</subject_id><object_id>3788481</object_id><predicate>built into</predicate></relation><relation><subject_id>3788485</subject_id><object_id>3788481</object_id><predicate>built into</predicate></relation><relation><subject_id>3788484</subject_id><object_id>3788481</object_id><predicate>built into</predicate></relation><relation><subject_id>3788483</subject_id><object_id>3788481</object_id><predicate>built into</predicate></relation><relation><subject_id>3788482</subject_id><object_id>3788481</object_id><predicate>built into</predicate></relation><relation><subject_id>1638540</subject_id><object_id>3793228</object_id><predicate>hanging on a</predicate></relation></annotation>