<annotation><folder>VG_100K_2</folder><filename>1076.jpg</filename><source><database>Visual Genome Version 1.2</database><image_id>1076</image_id><coco_id>None</coco_id><flickr_id>None</flickr_id></source><size><width>504</width><height>378</height><depth>3</depth></size><segmented>0</segmented><object><name>clock</name><object_id>1031185</object_id><difficult>0</difficult><bndbox><xmin>420</xmin><ymin>39</ymin><xmax>463</xmax><ymax>78</ymax></bndbox><attribute>white</attribute><attribute>round</attribute></object><object><name>chair</name><object_id>1031189</object_id><difficult>0</difficult><bndbox><xmin>304</xmin><ymin>187</ymin><xmax>370</xmax><ymax>244</ymax></bndbox><attribute>gray</attribute></object><object><name>table</name><object_id>1031195</object_id><difficult>0</difficult><bndbox><xmin>13</xmin><ymin>205</ymin><xmax>407</xmax><ymax>376</ymax></bndbox><attribute>brown</attribute><attribute>long</attribute><attribute>gray</attribute></object><object><name>sculpture</name><object_id>1031196</object_id><difficult>0</difficult><bndbox><xmin>170</xmin><ymin>161</ymin><xmax>239</xmax><ymax>251</ymax></bndbox><attribute>brown</attribute><attribute>red</attribute></object><object><name>wall</name><object_id>1031200</object_id><difficult>0</difficult><bndbox><xmin>198</xmin><ymin>7</ymin><xmax>504</xmax><ymax>246</ymax></bndbox></object><relation><subject_id>1031196</subject_id><object_id>1031195</object_id><predicate>placed on</predicate></relation><relation><subject_id>1031185</subject_id><object_id>1031200</object_id><predicate>hanging on a</predicate></relation><relation><subject_id>1031185</subject_id><object_id>1031200</object_id><predicate>hanging on a</predicate></relation><relation><subject_id>1031189</subject_id><object_id>1031195</object_id><predicate>under a</predicate></relation></annotation>