<annotation><folder>VG_100K_2</folder><filename>1077.jpg</filename><source><database>Visual Genome Version 1.2</database><image_id>1077</image_id><coco_id>None</coco_id><flickr_id>None</flickr_id></source><size><width>400</width><height>267</height><depth>3</depth></size><segmented>0</segmented><object><name>face</name><object_id>3788492</object_id><difficult>0</difficult><bndbox><xmin>272</xmin><ymin>83</ymin><xmax>311</xmax><ymax>128</ymax></bndbox></object><object><name>woman</name><object_id>3788491</object_id><difficult>0</difficult><bndbox><xmin>251</xmin><ymin>73</ymin><xmax>358</xmax><ymax>222</ymax></bndbox></object><relation><subject_id>3788492</subject_id><object_id>3788491</object_id><predicate>belonging to</predicate></relation></annotation>