<annotation><folder>VG_100K</folder><filename>107926.jpg</filename><source><database>Visual Genome Version 1.2</database><image_id>107926</image_id><coco_id>None</coco_id><flickr_id>3304610867</flickr_id></source><size><width>1024</width><height>435</height><depth>3</depth></size><segmented>0</segmented><object><name>cow</name><object_id>4390289</object_id><difficult>0</difficult><bndbox><xmin>357</xmin><ymin>207</ymin><xmax>597</xmax><ymax>350</ymax></bndbox><attribute>tan</attribute><attribute>light brown</attribute></object><object><name>horse</name><object_id>4390278</object_id><difficult>0</difficult><bndbox><xmin>623</xmin><ymin>173</ymin><xmax>976</xmax><ymax>402</ymax></bndbox></object><object><name>cow</name><object_id>4390279</object_id><difficult>0</difficult><bndbox><xmin>29</xmin><ymin>170</ymin><xmax>1023</xmax><ymax>346</ymax></bndbox></object><object><name>cow</name><object_id>4390285</object_id><difficult>0</difficult><bndbox><xmin>57</xmin><ymin>183</ymin><xmax>241</xmax><ymax>287</ymax></bndbox><attribute>white</attribute></object><object><name>path</name><object_id>4390290</object_id><difficult>0</difficult><bndbox><xmin>11</xmin><ymin>170</ymin><xmax>562</xmax><ymax>432</ymax></bndbox></object><object><name>dog</name><object_id>4390287</object_id><difficult>0</difficult><bndbox><xmin>187</xmin><ymin>263</ymin><xmax>257</xmax><ymax>333</ymax></bndbox><attribute>small</attribute></object><object><name>cows</name><object_id>4390288</object_id><difficult>0</difficult><bndbox><xmin>29</xmin><ymin>170</ymin><xmax>1015</xmax><ymax>352</ymax></bndbox></object><object><name>cow</name><object_id>4390291</object_id><difficult>0</difficult><bndbox><xmin>240</xmin><ymin>175</ymin><xmax>362</xmax><ymax>301</ymax></bndbox><attribute>brown</attribute></object><object><name>cow</name><object_id>4390293</object_id><difficult>0</difficult><bndbox><xmin>53</xmin><ymin>184</ymin><xmax>239</xmax><ymax>280</ymax></bndbox><attribute>white</attribute></object><object><name>shed</name><object_id>4390295</object_id><difficult>0</difficult><bndbox><xmin>584</xmin><ymin>91</ymin><xmax>699</xmax><ymax>169</ymax></bndbox><attribute>wooden</attribute></object><relation><subject_id>4390278</subject_id><object_id>4390279</object_id><predicate>to a</predicate></relation><relation><subject_id>4390285</subject_id><object_id>4390290</object_id><predicate>walking towards</predicate></relation><relation><subject_id>4390287</subject_id><object_id>4390288</object_id><predicate>walking towards</predicate></relation><relation><subject_id>4390289</subject_id><object_id>4390290</object_id><predicate>walking towards</predicate></relation><relation><subject_id>4390291</subject_id><object_id>4390290</object_id><predicate>walking towards</predicate></relation><relation><subject_id>4390293</subject_id><object_id>4390290</object_id><predicate>walking towards</predicate></relation><relation><subject_id>4390295</subject_id><object_id>4390290</object_id><predicate>on other side of</predicate></relation></annotation>