<annotation><folder>VG_100K</folder><filename>107920.jpg</filename><source><database>Visual Genome Version 1.2</database><image_id>107920</image_id><coco_id>None</coco_id><flickr_id>4977320067</flickr_id></source><size><width>1024</width><height>683</height><depth>3</depth></size><segmented>0</segmented><object><name>hill</name><object_id>1565959</object_id><difficult>0</difficult><bndbox><xmin>2</xmin><ymin>34</ymin><xmax>1018</xmax><ymax>339</ymax></bndbox></object><object><name>tree</name><object_id>1565958</object_id><difficult>0</difficult><bndbox><xmin>666</xmin><ymin>202</ymin><xmax>862</xmax><ymax>370</ymax></bndbox></object><relation><subject_id>1565958</subject_id><object_id>1565959</object_id><predicate>top of</predicate></relation></annotation>