<annotation><folder>VG_100K</folder><filename>107929.jpg</filename><source><database>Visual Genome Version 1.2</database><image_id>107929</image_id><coco_id>None</coco_id><flickr_id>8546092032</flickr_id></source><size><width>612</width><height>612</height><depth>3</depth></size><segmented>0</segmented><object><name>pants</name><object_id>4390363</object_id><difficult>0</difficult><bndbox><xmin>256</xmin><ymin>337</ymin><xmax>395</xmax><ymax>591</ymax></bndbox><attribute>brown</attribute></object><object><name>a</name><object_id>4390364</object_id><difficult>0</difficult><bndbox><xmin>310</xmin><ymin>486</ymin><xmax>342</xmax><ymax>498</ymax></bndbox></object><object><name>man</name><object_id>4390391</object_id><difficult>0</difficult><bndbox><xmin>62</xmin><ymin>194</ymin><xmax>122</xmax><ymax>346</ymax></bndbox></object><object><name>girl</name><object_id>4390392</object_id><difficult>0</difficult><bndbox><xmin>54</xmin><ymin>203</ymin><xmax>94</xmax><ymax>343</ymax></bndbox></object><relation><subject_id>4390364</subject_id><object_id>4390363</object_id><predicate>brown</predicate></relation><relation><subject_id>4390364</subject_id><object_id>4390363</object_id><predicate>brown</predicate></relation><relation><subject_id>4390391</subject_id><object_id>4390392</object_id><predicate>to a</predicate></relation></annotation>