<annotation><folder>VG_100K</folder><filename>107918.jpg</filename><source><database>Visual Genome Version 1.2</database><image_id>107918</image_id><coco_id>None</coco_id><flickr_id>434559923</flickr_id></source><size><width>1024</width><height>768</height><depth>3</depth></size><segmented>0</segmented><object><name>car</name><object_id>4390144</object_id><difficult>0</difficult><bndbox><xmin>181</xmin><ymin>469</ymin><xmax>316</xmax><ymax>536</ymax></bndbox></object><object><name>road</name><object_id>4390145</object_id><difficult>0</difficult><bndbox><xmin>125</xmin><ymin>510</ymin><xmax>625</xmax><ymax>698</ymax></bndbox></object><object><name>street sign</name><object_id>4390155</object_id><difficult>0</difficult><bndbox><xmin>762</xmin><ymin>396</ymin><xmax>829</xmax><ymax>435</ymax></bndbox></object><object><name>pole</name><object_id>4390156</object_id><difficult>0</difficult><bndbox><xmin>751</xmin><ymin>264</ymin><xmax>922</xmax><ymax>571</ymax></bndbox><attribute>tall</attribute></object><object><name>suv</name><object_id>4390178</object_id><difficult>0</difficult><bndbox><xmin>160</xmin><ymin>476</ymin><xmax>281</xmax><ymax>535</ymax></bndbox><attribute>black</attribute></object><object><name>road</name><object_id>4390179</object_id><difficult>0</difficult><bndbox><xmin>147</xmin><ymin>471</ymin><xmax>582</xmax><ymax>666</ymax></bndbox></object><object><name>car</name><object_id>4390180</object_id><difficult>0</difficult><bndbox><xmin>281</xmin><ymin>465</ymin><xmax>435</xmax><ymax>548</ymax></bndbox><attribute>silver</attribute></object><object><name>road</name><object_id>4390181</object_id><difficult>0</difficult><bndbox><xmin>214</xmin><ymin>493</ymin><xmax>716</xmax><ymax>682</ymax></bndbox></object><relation><subject_id>4390144</subject_id><object_id>4390145</object_id><predicate>driving down</predicate></relation><relation><subject_id>4390155</subject_id><object_id>4390156</object_id><predicate>top of</predicate></relation><relation><subject_id>4390178</subject_id><object_id>4390179</object_id><predicate>driving down</predicate></relation><relation><subject_id>4390180</subject_id><object_id>4390181</object_id><predicate>driving down</predicate></relation></annotation>