<annotation><folder>VG_100K</folder><filename>107976.jpg</filename><source><database>Visual Genome Version 1.2</database><image_id>107976</image_id><coco_id>None</coco_id><flickr_id>4869456397</flickr_id></source><size><width>1024</width><height>662</height><depth>3</depth></size><segmented>0</segmented><object><name>umbrella</name><object_id>2559718</object_id><difficult>0</difficult><bndbox><xmin>306</xmin><ymin>143</ymin><xmax>636</xmax><ymax>273</ymax></bndbox><attribute>pink</attribute></object><object><name>woman</name><object_id>3687383</object_id><difficult>0</difficult><bndbox><xmin>414</xmin><ymin>215</ymin><xmax>538</xmax><ymax>598</ymax></bndbox></object><relation><subject_id>3687383</subject_id><object_id>2559718</object_id><predicate>under a</predicate></relation></annotation>