<annotation><folder>VG_100K</folder><filename>107989.jpg</filename><source><database>Visual Genome Version 1.2</database><image_id>107989</image_id><coco_id>None</coco_id><flickr_id>4657999166</flickr_id></source><size><width>1024</width><height>686</height><depth>3</depth></size><segmented>0</segmented><object><name>elephant</name><object_id>1566449</object_id><difficult>0</difficult><bndbox><xmin>369</xmin><ymin>27</ymin><xmax>772</xmax><ymax>675</ymax></bndbox></object><object><name>hand</name><object_id>1566441</object_id><difficult>0</difficult><bndbox><xmin>619</xmin><ymin>352</ymin><xmax>718</xmax><ymax>444</ymax></bndbox><attribute>person's</attribute></object><object><name>elephant</name><object_id>1566463</object_id><difficult>0</difficult><bndbox><xmin>361</xmin><ymin>48</ymin><xmax>1023</xmax><ymax>684</ymax></bndbox><attribute>baby</attribute></object><object><name>person</name><object_id>1566461</object_id><difficult>0</difficult><bndbox><xmin>615</xmin><ymin>1</ymin><xmax>1023</xmax><ymax>684</ymax></bndbox></object><relation><subject_id>1566441</subject_id><object_id>1566449</object_id><predicate>touching</predicate></relation><relation><subject_id>1566461</subject_id><object_id>1566463</object_id><predicate>to a</predicate></relation></annotation>