<annotation><folder>VG_100K</folder><filename>107906.jpg</filename><source><database>Visual Genome Version 1.2</database><image_id>107906</image_id><coco_id>175020</coco_id><flickr_id>7397873180</flickr_id></source><size><width>1024</width><height>768</height><depth>3</depth></size><segmented>0</segmented><object><name>buses</name><object_id>1073375</object_id><difficult>0</difficult><bndbox><xmin>305</xmin><ymin>238</ymin><xmax>979</xmax><ymax>509</ymax></bndbox><attribute>parked</attribute></object><object><name>road</name><object_id>1073376</object_id><difficult>0</difficult><bndbox><xmin>2</xmin><ymin>417</ymin><xmax>1022</xmax><ymax>762</ymax></bndbox><attribute>gray</attribute><attribute>grey</attribute></object><relation><subject_id>1073375</subject_id><object_id>1073376</object_id><predicate>alongside</predicate></relation></annotation>