<annotation><folder>VG_100K</folder><filename>107992.jpg</filename><source><database>Visual Genome Version 1.2</database><image_id>107992</image_id><coco_id>12021</coco_id><flickr_id>321785477</flickr_id></source><size><width>630</width><height>472</height><depth>3</depth></size><segmented>0</segmented><object><name>field</name><object_id>1073800</object_id><difficult>0</difficult><bndbox><xmin>0</xmin><ymin>233</ymin><xmax>630</xmax><ymax>471</ymax></bndbox><attribute>green</attribute><attribute>grassy</attribute></object><object><name>forest</name><object_id>1073805</object_id><difficult>0</difficult><bndbox><xmin>0</xmin><ymin>130</ymin><xmax>499</xmax><ymax>242</ymax></bndbox></object><relation><subject_id>1073805</subject_id><object_id>1073800</object_id><predicate>across</predicate></relation></annotation>