<annotation><folder>VG_100K</folder><filename>107995.jpg</filename><source><database>Visual Genome Version 1.2</database><image_id>107995</image_id><coco_id>None</coco_id><flickr_id>5205855118</flickr_id></source><size><width>800</width><height>600</height><depth>3</depth></size><segmented>0</segmented><object><name>elephant</name><object_id>4391100</object_id><difficult>0</difficult><bndbox><xmin>77</xmin><ymin>276</ymin><xmax>331</xmax><ymax>542</ymax></bndbox><attribute>baby</attribute></object><object><name>tail</name><object_id>4391098</object_id><difficult>0</difficult><bndbox><xmin>24</xmin><ymin>234</ymin><xmax>102</xmax><ymax>568</ymax></bndbox></object><object><name>elephant</name><object_id>4391111</object_id><difficult>0</difficult><bndbox><xmin>1</xmin><ymin>205</ymin><xmax>107</xmax><ymax>580</ymax></bndbox></object><object><name>elephant</name><object_id>4391106</object_id><difficult>0</difficult><bndbox><xmin>145</xmin><ymin>161</ymin><xmax>491</xmax><ymax>472</ymax></bndbox><attribute>adult</attribute></object><object><name>elephant</name><object_id>4391105</object_id><difficult>0</difficult><bndbox><xmin>413</xmin><ymin>32</ymin><xmax>776</xmax><ymax>558</ymax></bndbox><attribute>large</attribute><attribute>gray</attribute><attribute>adult</attribute><attribute>brown</attribute></object><object><name>right ear</name><object_id>4391107</object_id><difficult>0</difficult><bndbox><xmin>309</xmin><ymin>206</ymin><xmax>387</xmax><ymax>297</ymax></bndbox></object><object><name>grass</name><object_id>4391130</object_id><difficult>0</difficult><bndbox><xmin>2</xmin><ymin>87</ymin><xmax>774</xmax><ymax>596</ymax></bndbox><attribute>tall</attribute><attribute>green</attribute><attribute>yellow</attribute></object><object><name>elephant</name><object_id>4391126</object_id><difficult>0</difficult><bndbox><xmin>2</xmin><ymin>55</ymin><xmax>170</xmax><ymax>521</ymax></bndbox></object><object><name>family</name><object_id>4391124</object_id><difficult>0</difficult><bndbox><xmin>1</xmin><ymin>33</ymin><xmax>771</xmax><ymax>582</ymax></bndbox></object><object><name>trunk</name><object_id>4391138</object_id><difficult>0</difficult><bndbox><xmin>411</xmin><ymin>248</ymin><xmax>496</xmax><ymax>438</ymax></bndbox></object><relation><subject_id>4391098</subject_id><object_id>4391111</object_id><predicate>belonging to</predicate></relation><relation><subject_id>4391107</subject_id><object_id>4391106</object_id><predicate>belonging to</predicate></relation><relation><subject_id>4391111</subject_id><object_id>4391130</object_id><predicate>walking towards</predicate></relation><relation><subject_id>4391126</subject_id><object_id>4391130</object_id><predicate>walking towards</predicate></relation><relation><subject_id>4391100</subject_id><object_id>4391130</object_id><predicate>walking towards</predicate></relation><relation><subject_id>4391106</subject_id><object_id>4391130</object_id><predicate>walking towards</predicate></relation><relation><subject_id>4391105</subject_id><object_id>4391130</object_id><predicate>walking towards</predicate></relation><relation><subject_id>4391111</subject_id><object_id>4391124</object_id><predicate>belonging to</predicate></relation><relation><subject_id>4391126</subject_id><object_id>4391124</object_id><predicate>belonging to</predicate></relation><relation><subject_id>4391106</subject_id><object_id>4391124</object_id><predicate>belonging to</predicate></relation><relation><subject_id>4391100</subject_id><object_id>4391124</object_id><predicate>belonging to</predicate></relation><relation><subject_id>4391105</subject_id><object_id>4391124</object_id><predicate>belonging to</predicate></relation><relation><subject_id>4391138</subject_id><object_id>4391105</object_id><predicate>belonging to</predicate></relation></annotation>