<annotation><folder>VG_100K</folder><filename>107914.jpg</filename><source><database>Visual Genome Version 1.2</database><image_id>107914</image_id><coco_id>285388</coco_id><flickr_id>592250385</flickr_id></source><size><width>523</width><height>800</height><depth>3</depth></size><segmented>0</segmented><object><name>zebra</name><object_id>1073457</object_id><difficult>0</difficult><bndbox><xmin>131</xmin><ymin>321</ymin><xmax>385</xmax><ymax>528</ymax></bndbox><attribute>black</attribute></object><object><name>fur</name><object_id>1073470</object_id><difficult>0</difficult><bndbox><xmin>358</xmin><ymin>116</ymin><xmax>411</xmax><ymax>248</ymax></bndbox><attribute>black</attribute></object><relation><subject_id>1073470</subject_id><object_id>1073457</object_id><predicate>top of</predicate></relation></annotation>