<annotation><folder>VG_100K</folder><filename>107904.jpg</filename><source><database>Visual Genome Version 1.2</database><image_id>107904</image_id><coco_id>None</coco_id><flickr_id>3827337449</flickr_id></source><size><width>1024</width><height>584</height><depth>3</depth></size><segmented>0</segmented><object><name>sand</name><object_id>4104055</object_id><difficult>0</difficult><bndbox><xmin>4</xmin><ymin>269</ymin><xmax>992</xmax><ymax>578</ymax></bndbox><attribute>beige</attribute></object><object><name>horse</name><object_id>4389836</object_id><difficult>0</difficult><bndbox><xmin>264</xmin><ymin>269</ymin><xmax>362</xmax><ymax>436</ymax></bndbox><attribute>brown</attribute><attribute>running</attribute><attribute>white</attribute></object><object><name>horses</name><object_id>4154400</object_id><difficult>0</difficult><bndbox><xmin>159</xmin><ymin>225</ymin><xmax>1022</xmax><ymax>507</ymax></bndbox></object><object><name>sand</name><object_id>4154401</object_id><difficult>0</difficult><bndbox><xmin>185</xmin><ymin>396</ymin><xmax>914</xmax><ymax>559</ymax></bndbox></object><object><name>horse</name><object_id>4154744</object_id><difficult>0</difficult><bndbox><xmin>115</xmin><ymin>260</ymin><xmax>183</xmax><ymax>386</ymax></bndbox><attribute>brown</attribute></object><object><name>horse</name><object_id>4104058</object_id><difficult>0</difficult><bndbox><xmin>303</xmin><ymin>271</ymin><xmax>392</xmax><ymax>410</ymax></bndbox></object><object><name>horse</name><object_id>4111175</object_id><difficult>0</difficult><bndbox><xmin>485</xmin><ymin>244</ymin><xmax>669</xmax><ymax>432</ymax></bndbox></object><object><name>horse</name><object_id>4104060</object_id><difficult>0</difficult><bndbox><xmin>773</xmin><ymin>307</ymin><xmax>987</xmax><ymax>517</ymax></bndbox></object><object><name>horses</name><object_id>4130875</object_id><difficult>0</difficult><bndbox><xmin>110</xmin><ymin>243</ymin><xmax>992</xmax><ymax>516</ymax></bndbox><attribute>running</attribute></object><object><name>beach</name><object_id>4154688</object_id><difficult>0</difficult><bndbox><xmin>3</xmin><ymin>268</ymin><xmax>1023</xmax><ymax>575</ymax></bndbox></object><relation><subject_id>4154400</subject_id><object_id>4154401</object_id><predicate>running in</predicate></relation><relation><subject_id>4154744</subject_id><object_id>4104055</object_id><predicate>running in</predicate></relation><relation><subject_id>4389836</subject_id><object_id>4104055</object_id><predicate>running in</predicate></relation><relation><subject_id>4104058</subject_id><object_id>4104055</object_id><predicate>running in</predicate></relation><relation><subject_id>4111175</subject_id><object_id>4104055</object_id><predicate>running in</predicate></relation><relation><subject_id>4104060</subject_id><object_id>4104055</object_id><predicate>running in</predicate></relation><relation><subject_id>4130875</subject_id><object_id>4154688</object_id><predicate>running in</predicate></relation></annotation>