<annotation><folder>VG_100K</folder><filename>107936.jpg</filename><source><database>Visual Genome Version 1.2</database><image_id>107936</image_id><coco_id>None</coco_id><flickr_id>8310475803</flickr_id></source><size><width>1024</width><height>767</height><depth>3</depth></size><segmented>0</segmented><object><name>stop sign</name><object_id>4390469</object_id><difficult>0</difficult><bndbox><xmin>716</xmin><ymin>363</ymin><xmax>844</xmax><ymax>502</ymax></bndbox></object><object><name>car</name><object_id>4390470</object_id><difficult>0</difficult><bndbox><xmin>186</xmin><ymin>571</ymin><xmax>426</xmax><ymax>753</ymax></bndbox><attribute>black</attribute></object><relation><subject_id>4390470</subject_id><object_id>4390469</object_id><predicate>sitting on a</predicate></relation></annotation>