<annotation><folder>VG_100K</folder><filename>107907.jpg</filename><source><database>Visual Genome Version 1.2</database><image_id>107907</image_id><coco_id>195045</coco_id><flickr_id>111501747</flickr_id></source><size><width>1024</width><height>768</height><depth>3</depth></size><segmented>0</segmented><object><name>bench</name><object_id>1037492</object_id><difficult>0</difficult><bndbox><xmin>672</xmin><ymin>464</ymin><xmax>757</xmax><ymax>547</ymax></bndbox><attribute>metal</attribute><attribute>black</attribute></object><object><name>grass</name><object_id>1037497</object_id><difficult>0</difficult><bndbox><xmin>147</xmin><ymin>536</ymin><xmax>623</xmax><ymax>765</ymax></bndbox><attribute>green</attribute></object><object><name>ground</name><object_id>1037498</object_id><difficult>0</difficult><bndbox><xmin>578</xmin><ymin>554</ymin><xmax>813</xmax><ymax>738</ymax></bndbox></object><object><name>fence</name><object_id>1037501</object_id><difficult>0</difficult><bndbox><xmin>723</xmin><ymin>421</ymin><xmax>813</xmax><ymax>471</ymax></bndbox><attribute>metal</attribute></object><object><name>tree</name><object_id>1037502</object_id><difficult>0</difficult><bndbox><xmin>4</xmin><ymin>22</ymin><xmax>160</xmax><ymax>326</ymax></bndbox><attribute>growing</attribute><attribute>big</attribute><attribute>dead</attribute></object><relation><subject_id>1037492</subject_id><object_id>1037498</object_id><predicate>sitting on a</predicate></relation><relation><subject_id>1037501</subject_id><object_id>1037497</object_id><predicate>separating</predicate></relation><relation><subject_id>1037492</subject_id><object_id>1037502</object_id><predicate>under a</predicate></relation></annotation>