<annotation><folder>VG_100K</folder><filename>107940.jpg</filename><source><database>Visual Genome Version 1.2</database><image_id>107940</image_id><coco_id>None</coco_id><flickr_id>3627169702</flickr_id></source><size><width>1280</width><height>934</height><depth>3</depth></size><segmented>0</segmented><object><name>pad</name><object_id>4390526</object_id><difficult>0</difficult><bndbox><xmin>1</xmin><ymin>742</ymin><xmax>661</xmax><ymax>923</ymax></bndbox></object><object><name>pen</name><object_id>4390525</object_id><difficult>0</difficult><bndbox><xmin>101</xmin><ymin>798</ymin><xmax>480</xmax><ymax>916</ymax></bndbox></object><relation><subject_id>4390525</subject_id><object_id>4390526</object_id><predicate>resting on</predicate></relation></annotation>