<annotation><folder>VG_100K</folder><filename>107959.jpg</filename><source><database>Visual Genome Version 1.2</database><image_id>107959</image_id><coco_id>None</coco_id><flickr_id>5884024667</flickr_id></source><size><width>900</width><height>600</height><depth>3</depth></size><segmented>0</segmented><object><name>cow</name><object_id>4390866</object_id><difficult>0</difficult><bndbox><xmin>47</xmin><ymin>170</ymin><xmax>159</xmax><ymax>222</ymax></bndbox></object><object><name>cow</name><object_id>4390867</object_id><difficult>0</difficult><bndbox><xmin>192</xmin><ymin>144</ymin><xmax>259</xmax><ymax>198</ymax></bndbox></object><object><name>ground</name><object_id>4390868</object_id><difficult>0</difficult><bndbox><xmin>11</xmin><ymin>171</ymin><xmax>896</xmax><ymax>598</ymax></bndbox></object><object><name>hillside</name><object_id>4390895</object_id><difficult>0</difficult><bndbox><xmin>4</xmin><ymin>135</ymin><xmax>894</xmax><ymax>594</ymax></bndbox></object><object><name>cow</name><object_id>4390892</object_id><difficult>0</difficult><bndbox><xmin>50</xmin><ymin>158</ymin><xmax>156</xmax><ymax>223</ymax></bndbox></object><object><name>cow</name><object_id>4390893</object_id><difficult>0</difficult><bndbox><xmin>426</xmin><ymin>153</ymin><xmax>502</xmax><ymax>218</ymax></bndbox></object><object><name>cow</name><object_id>4390894</object_id><difficult>0</difficult><bndbox><xmin>191</xmin><ymin>139</ymin><xmax>263</xmax><ymax>202</ymax></bndbox></object><object><name>cow</name><object_id>4390896</object_id><difficult>0</difficult><bndbox><xmin>291</xmin><ymin>137</ymin><xmax>345</xmax><ymax>204</ymax></bndbox></object><relation><subject_id>4390866</subject_id><object_id>4390868</object_id><predicate>laying in</predicate></relation><relation><subject_id>4390867</subject_id><object_id>4390868</object_id><predicate>laying in</predicate></relation><relation><subject_id>4390892</subject_id><object_id>4390895</object_id><predicate>laying in</predicate></relation><relation><subject_id>4390893</subject_id><object_id>4390895</object_id><predicate>laying in</predicate></relation><relation><subject_id>4390894</subject_id><object_id>4390895</object_id><predicate>laying in</predicate></relation><relation><subject_id>4390896</subject_id><object_id>4390895</object_id><predicate>laying in</predicate></relation></annotation>