<annotation><folder>VG_100K</folder><filename>107964.jpg</filename><source><database>Visual Genome Version 1.2</database><image_id>107964</image_id><coco_id>198735</coco_id><flickr_id>8621299649</flickr_id></source><size><width>1024</width><height>768</height><depth>3</depth></size><segmented>0</segmented><object><name>men</name><object_id>1073651</object_id><difficult>0</difficult><bndbox><xmin>4</xmin><ymin>68</ymin><xmax>1020</xmax><ymax>763</ymax></bndbox><attribute>four</attribute><attribute>standing</attribute></object><object><name>jacket</name><object_id>1073653</object_id><difficult>0</difficult><bndbox><xmin>687</xmin><ymin>172</ymin><xmax>1014</xmax><ymax>573</ymax></bndbox><attribute>blue</attribute></object><object><name>net</name><object_id>1073660</object_id><difficult>0</difficult><bndbox><xmin>451</xmin><ymin>538</ymin><xmax>848</xmax><ymax>765</ymax></bndbox><attribute>white</attribute><attribute>black</attribute></object><object><name>zipper</name><object_id>1073664</object_id><difficult>0</difficult><bndbox><xmin>802</xmin><ymin>245</ymin><xmax>825</xmax><ymax>276</ymax></bndbox></object><relation><subject_id>1073664</subject_id><object_id>1073653</object_id><predicate>attached</predicate></relation><relation><subject_id>1073660</subject_id><object_id>1073651</object_id><predicate>between</predicate></relation></annotation>