<annotation><folder>VG_100K</folder><filename>107942.jpg</filename><source><database>Visual Genome Version 1.2</database><image_id>107942</image_id><coco_id>215207</coco_id><flickr_id>10211332813</flickr_id></source><size><width>612</width><height>1024</height><depth>3</depth></size><segmented>0</segmented><object><name>glass</name><object_id>1037697</object_id><difficult>0</difficult><bndbox><xmin>487</xmin><ymin>0</ymin><xmax>598</xmax><ymax>115</ymax></bndbox></object><object><name>coaster</name><object_id>1037719</object_id><difficult>0</difficult><bndbox><xmin>502</xmin><ymin>72</ymin><xmax>610</xmax><ymax>121</ymax></bndbox></object><relation><subject_id>1037719</subject_id><object_id>1037697</object_id><predicate>under a</predicate></relation></annotation>