<annotation><folder>VG_100K</folder><filename>107950.jpg</filename><source><database>Visual Genome Version 1.2</database><image_id>107950</image_id><coco_id>None</coco_id><flickr_id>3360452818</flickr_id></source><size><width>1024</width><height>768</height><depth>3</depth></size><segmented>0</segmented><object><name>person</name><object_id>3654219</object_id><difficult>0</difficult><bndbox><xmin>485</xmin><ymin>194</ymin><xmax>697</xmax><ymax>488</ymax></bndbox></object><object><name>person</name><object_id>3654220</object_id><difficult>0</difficult><bndbox><xmin>201</xmin><ymin>170</ymin><xmax>385</xmax><ymax>445</ymax></bndbox></object><object><name>computer</name><object_id>3654217</object_id><difficult>0</difficult><bndbox><xmin>554</xmin><ymin>293</ymin><xmax>836</xmax><ymax>492</ymax></bndbox></object><object><name>computer</name><object_id>3654218</object_id><difficult>0</difficult><bndbox><xmin>78</xmin><ymin>291</ymin><xmax>379</xmax><ymax>490</ymax></bndbox></object><object><name>holder</name><object_id>1566154</object_id><difficult>0</difficult><bndbox><xmin>469</xmin><ymin>350</ymin><xmax>554</xmax><ymax>514</ymax></bndbox></object><object><name>man</name><object_id>3654227</object_id><difficult>0</difficult><bndbox><xmin>201</xmin><ymin>172</ymin><xmax>389</xmax><ymax>451</ymax></bndbox></object><object><name>woman</name><object_id>3654228</object_id><difficult>0</difficult><bndbox><xmin>467</xmin><ymin>194</ymin><xmax>696</xmax><ymax>488</ymax></bndbox></object><object><name>laptop computer</name><object_id>3654229</object_id><difficult>0</difficult><bndbox><xmin>74</xmin><ymin>293</ymin><xmax>371</xmax><ymax>501</ymax></bndbox></object><object><name>laptop computer</name><object_id>3654230</object_id><difficult>0</difficult><bndbox><xmin>552</xmin><ymin>291</ymin><xmax>838</xmax><ymax>492</ymax></bndbox></object><relation><subject_id>3654219</subject_id><object_id>3654217</object_id><predicate>working on</predicate></relation><relation><subject_id>3654220</subject_id><object_id>3654218</object_id><predicate>working on</predicate></relation><relation><subject_id>1566154</subject_id><object_id>3654219</object_id><predicate>between</predicate></relation><relation><subject_id>1566154</subject_id><object_id>3654220</object_id><predicate>between</predicate></relation><relation><subject_id>3654227</subject_id><object_id>3654229</object_id><predicate>sitting on a</predicate></relation><relation><subject_id>3654228</subject_id><object_id>3654230</object_id><predicate>sitting on a</predicate></relation></annotation>