<annotation><folder>VG_100K</folder><filename>107970.jpg</filename><source><database>Visual Genome Version 1.2</database><image_id>107970</image_id><coco_id>79966</coco_id><flickr_id>8750340132</flickr_id></source><size><width>768</width><height>1024</height><depth>3</depth></size><segmented>0</segmented><object><name>dog</name><object_id>1037785</object_id><difficult>0</difficult><bndbox><xmin>264</xmin><ymin>272</ymin><xmax>545</xmax><ymax>511</ymax></bndbox><attribute>black</attribute></object><object><name>basket</name><object_id>1037786</object_id><difficult>0</difficult><bndbox><xmin>318</xmin><ymin>466</ymin><xmax>650</xmax><ymax>685</ymax></bndbox><attribute>black</attribute></object><relation><subject_id>1037785</subject_id><object_id>1037786</object_id><predicate>are inside</predicate></relation></annotation>