<annotation><folder>VG_100K</folder><filename>107924.jpg</filename><source><database>Visual Genome Version 1.2</database><image_id>107924</image_id><coco_id>3837</coco_id><flickr_id>8998531909</flickr_id></source><size><width>1024</width><height>576</height><depth>3</depth></size><segmented>0</segmented><object><name>flag</name><object_id>1073501</object_id><difficult>0</difficult><bndbox><xmin>543</xmin><ymin>261</ymin><xmax>570</xmax><ymax>303</ymax></bndbox><attribute>american</attribute></object><object><name>clouds</name><object_id>1073502</object_id><difficult>0</difficult><bndbox><xmin>7</xmin><ymin>14</ymin><xmax>1022</xmax><ymax>354</ymax></bndbox><attribute>white</attribute><attribute>overhead</attribute></object><object><name>girl</name><object_id>1073505</object_id><difficult>0</difficult><bndbox><xmin>4</xmin><ymin>364</ymin><xmax>294</xmax><ymax>451</ymax></bndbox></object><object><name>surfboard</name><object_id>1073506</object_id><difficult>0</difficult><bndbox><xmin>1</xmin><ymin>396</ymin><xmax>375</xmax><ymax>496</ymax></bndbox><attribute>blue</attribute></object><object><name>beach</name><object_id>1073512</object_id><difficult>0</difficult><bndbox><xmin>12</xmin><ymin>297</ymin><xmax>991</xmax><ymax>361</ymax></bndbox></object><object><name>water</name><object_id>1073513</object_id><difficult>0</difficult><bndbox><xmin>0</xmin><ymin>337</ymin><xmax>1023</xmax><ymax>517</ymax></bndbox></object><relation><subject_id>1073501</subject_id><object_id>1073502</object_id><predicate>flying in</predicate></relation><relation><subject_id>1073505</subject_id><object_id>1073506</object_id><predicate>laying in</predicate></relation><relation><subject_id>1073505</subject_id><object_id>1073506</object_id><predicate>laying in</predicate></relation><relation><subject_id>1073512</subject_id><object_id>1073513</object_id><predicate>at edge of</predicate></relation><relation><subject_id>1073505</subject_id><object_id>1073506</object_id><predicate>laying in</predicate></relation></annotation>