<annotation><folder>VG_100K</folder><filename>107912.jpg</filename><source><database>Visual Genome Version 1.2</database><image_id>107912</image_id><coco_id>74457</coco_id><flickr_id>6148444553</flickr_id></source><size><width>1024</width><height>583</height><depth>3</depth></size><segmented>0</segmented><object><name>man</name><object_id>1073424</object_id><difficult>0</difficult><bndbox><xmin>693</xmin><ymin>250</ymin><xmax>757</xmax><ymax>399</ymax></bndbox><attribute>standing</attribute></object><object><name>ocean</name><object_id>1073429</object_id><difficult>0</difficult><bndbox><xmin>0</xmin><ymin>251</ymin><xmax>1020</xmax><ymax>413</ymax></bndbox><attribute>blue</attribute><attribute>water</attribute><attribute>large</attribute></object><object><name>dock</name><object_id>1073431</object_id><difficult>0</difficult><bndbox><xmin>2</xmin><ymin>232</ymin><xmax>297</xmax><ymax>312</ymax></bndbox><attribute>large</attribute></object><object><name>container</name><object_id>1073433</object_id><difficult>0</difficult><bndbox><xmin>0</xmin><ymin>192</ymin><xmax>99</xmax><ymax>247</ymax></bndbox></object><relation><subject_id>1073424</subject_id><object_id>1073429</object_id><predicate>standing near</predicate></relation><relation><subject_id>1073433</subject_id><object_id>1073431</object_id><predicate>sitting on a</predicate></relation></annotation>