<annotation><folder>VG_100K</folder><filename>107985.jpg</filename><source><database>Visual Genome Version 1.2</database><image_id>107985</image_id><coco_id>None</coco_id><flickr_id>8023304129</flickr_id></source><size><width>1024</width><height>707</height><depth>3</depth></size><segmented>0</segmented><object><name>tree</name><object_id>1566357</object_id><difficult>0</difficult><bndbox><xmin>694</xmin><ymin>0</ymin><xmax>966</xmax><ymax>368</ymax></bndbox></object><object><name>grass</name><object_id>1566356</object_id><difficult>0</difficult><bndbox><xmin>781</xmin><ymin>354</ymin><xmax>927</xmax><ymax>569</ymax></bndbox><attribute>tall</attribute></object><relation><subject_id>1566356</subject_id><object_id>1566357</object_id><predicate>beside</predicate></relation></annotation>