<annotation><folder>VG_100K</folder><filename>107915.jpg</filename><source><database>Visual Genome Version 1.2</database><image_id>107915</image_id><coco_id>168593</coco_id><flickr_id>6853122211</flickr_id></source><size><width>1024</width><height>768</height><depth>3</depth></size><segmented>0</segmented><object><name>cord</name><object_id>1073487</object_id><difficult>0</difficult><bndbox><xmin>625</xmin><ymin>577</ymin><xmax>720</xmax><ymax>624</ymax></bndbox><attribute>black</attribute></object><object><name>floor</name><object_id>1073488</object_id><difficult>0</difficult><bndbox><xmin>430</xmin><ymin>592</ymin><xmax>1021</xmax><ymax>767</ymax></bndbox><attribute>concrete</attribute><attribute>bare</attribute></object><object><name>table</name><object_id>1073489</object_id><difficult>0</difficult><bndbox><xmin>990</xmin><ymin>400</ymin><xmax>1022</xmax><ymax>644</ymax></bndbox></object><object><name>cloth</name><object_id>1073490</object_id><difficult>0</difficult><bndbox><xmin>958</xmin><ymin>400</ymin><xmax>1021</xmax><ymax>494</ymax></bndbox></object><relation><subject_id>1073487</subject_id><object_id>1073488</object_id><predicate>laying in</predicate></relation><relation><subject_id>1073490</subject_id><object_id>1073489</object_id><predicate>top of</predicate></relation></annotation>