<annotation><folder>VG_100K</folder><filename>107941.jpg</filename><source><database>Visual Genome Version 1.2</database><image_id>107941</image_id><coco_id>517807</coco_id><flickr_id>6312836326</flickr_id></source><size><width>612</width><height>612</height><depth>3</depth></size><segmented>0</segmented><object><name>man</name><object_id>3654166</object_id><difficult>0</difficult><bndbox><xmin>40</xmin><ymin>27</ymin><xmax>331</xmax><ymax>538</ymax></bndbox></object><object><name>barrel</name><object_id>1566077</object_id><difficult>0</difficult><bndbox><xmin>148</xmin><ymin>278</ymin><xmax>422</xmax><ymax>446</ymax></bndbox><attribute>red</attribute></object><relation><subject_id>3654166</subject_id><object_id>1566077</object_id><predicate>sitting on a</predicate></relation></annotation>