<annotation><folder>VG_100K</folder><filename>107927.jpg</filename><source><database>Visual Genome Version 1.2</database><image_id>107927</image_id><coco_id>None</coco_id><flickr_id>3141015389</flickr_id></source><size><width>768</width><height>1024</height><depth>3</depth></size><segmented>0</segmented><object><name>man</name><object_id>4390335</object_id><difficult>0</difficult><bndbox><xmin>208</xmin><ymin>555</ymin><xmax>273</xmax><ymax>596</ymax></bndbox></object><object><name>car</name><object_id>4390336</object_id><difficult>0</difficult><bndbox><xmin>38</xmin><ymin>619</ymin><xmax>546</xmax><ymax>901</ymax></bndbox></object><relation><subject_id>4390335</subject_id><object_id>4390336</object_id><predicate>beside</predicate></relation></annotation>