<annotation><folder>VG_100K</folder><filename>107916.jpg</filename><source><database>Visual Genome Version 1.2</database><image_id>107916</image_id><coco_id>None</coco_id><flickr_id>5465451880</flickr_id></source><size><width>1024</width><height>683</height><depth>3</depth></size><segmented>0</segmented><object><name>refrigerator</name><object_id>4390044</object_id><difficult>0</difficult><bndbox><xmin>128</xmin><ymin>333</ymin><xmax>418</xmax><ymax>582</ymax></bndbox><attribute>small</attribute></object><object><name>desk</name><object_id>4390045</object_id><difficult>0</difficult><bndbox><xmin>132</xmin><ymin>191</ymin><xmax>392</xmax><ymax>254</ymax></bndbox></object><object><name>chest</name><object_id>4390074</object_id><difficult>0</difficult><bndbox><xmin>234</xmin><ymin>392</ymin><xmax>355</xmax><ymax>567</ymax></bndbox></object><object><name>table</name><object_id>4390075</object_id><difficult>0</difficult><bndbox><xmin>150</xmin><ymin>223</ymin><xmax>356</xmax><ymax>276</ymax></bndbox></object><relation><subject_id>4390044</subject_id><object_id>4390045</object_id><predicate>under a</predicate></relation><relation><subject_id>4390074</subject_id><object_id>4390075</object_id><predicate>under a</predicate></relation></annotation>