<annotation><folder>VG_100K</folder><filename>107919.jpg</filename><source><database>Visual Genome Version 1.2</database><image_id>107919</image_id><coco_id>336414</coco_id><flickr_id>8679581279</flickr_id></source><size><width>1024</width><height>683</height><depth>3</depth></size><segmented>0</segmented><object><name>man</name><object_id>1037579</object_id><difficult>0</difficult><bndbox><xmin>704</xmin><ymin>52</ymin><xmax>899</xmax><ymax>329</ymax></bndbox><attribute>driving</attribute><attribute>sitting</attribute></object><object><name>cart</name><object_id>1037588</object_id><difficult>0</difficult><bndbox><xmin>653</xmin><ymin>309</ymin><xmax>904</xmax><ymax>557</ymax></bndbox></object><relation><subject_id>1037579</subject_id><object_id>1037588</object_id><predicate>driving down</predicate></relation></annotation>