<annotation><folder>VG_100K</folder><filename>107960.jpg</filename><source><database>Visual Genome Version 1.2</database><image_id>107960</image_id><coco_id>422170</coco_id><flickr_id>6296054082</flickr_id></source><size><width>1024</width><height>877</height><depth>3</depth></size><segmented>0</segmented><object><name>woman</name><object_id>1037730</object_id><difficult>0</difficult><bndbox><xmin>188</xmin><ymin>430</ymin><xmax>468</xmax><ymax>676</ymax></bndbox></object><object><name>cellphone</name><object_id>1037731</object_id><difficult>0</difficult><bndbox><xmin>218</xmin><ymin>494</ymin><xmax>338</xmax><ymax>641</ymax></bndbox></object><object><name>lady</name><object_id>1037736</object_id><difficult>0</difficult><bndbox><xmin>389</xmin><ymin>588</ymin><xmax>622</xmax><ymax>783</ymax></bndbox></object><object><name>shadow</name><object_id>1037755</object_id><difficult>0</difficult><bndbox><xmin>451</xmin><ymin>305</ymin><xmax>596</xmax><ymax>419</ymax></bndbox></object><object><name>stairs</name><object_id>1037756</object_id><difficult>0</difficult><bndbox><xmin>505</xmin><ymin>50</ymin><xmax>607</xmax><ymax>142</ymax></bndbox></object><relation><subject_id>1037736</subject_id><object_id>1037730</object_id><predicate>beside</predicate></relation><relation><subject_id>1037730</subject_id><object_id>1037731</object_id><predicate>playing with</predicate></relation><relation><subject_id>1037755</subject_id><object_id>1037756</object_id><predicate>top of</predicate></relation></annotation>