<annotation><folder>VG_100K</folder><filename>107998.jpg</filename><source><database>Visual Genome Version 1.2</database><image_id>107998</image_id><coco_id>None</coco_id><flickr_id>327847790</flickr_id></source><size><width>1280</width><height>960</height><depth>3</depth></size><segmented>0</segmented><object><name>hot dog</name><object_id>4391150</object_id><difficult>0</difficult><bndbox><xmin>235</xmin><ymin>593</ymin><xmax>1086</xmax><ymax>849</ymax></bndbox><attribute>long</attribute></object><object><name>sauce</name><object_id>4391148</object_id><difficult>0</difficult><bndbox><xmin>244</xmin><ymin>598</ymin><xmax>951</xmax><ymax>881</ymax></bndbox></object><object><name>fork</name><object_id>4391149</object_id><difficult>0</difficult><bndbox><xmin>125</xmin><ymin>805</ymin><xmax>692</xmax><ymax>909</ymax></bndbox><attribute>white</attribute><attribute>plastic</attribute></object><object><name>label</name><object_id>4391158</object_id><difficult>0</difficult><bndbox><xmin>556</xmin><ymin>318</ymin><xmax>677</xmax><ymax>471</ymax></bndbox><attribute>blue</attribute><attribute>white</attribute></object><object><name>beer</name><object_id>4391152</object_id><difficult>0</difficult><bndbox><xmin>563</xmin><ymin>2</ymin><xmax>723</xmax><ymax>518</ymax></bndbox></object><object><name>beer</name><object_id>4391157</object_id><difficult>0</difficult><bndbox><xmin>558</xmin><ymin>172</ymin><xmax>723</xmax><ymax>514</ymax></bndbox></object><object><name>bottle</name><object_id>4391156</object_id><difficult>0</difficult><bndbox><xmin>560</xmin><ymin>2</ymin><xmax>722</xmax><ymax>514</ymax></bndbox></object><object><name>napkin</name><object_id>4391155</object_id><difficult>0</difficult><bndbox><xmin>444</xmin><ymin>430</ymin><xmax>739</xmax><ymax>567</ymax></bndbox><attribute>white</attribute></object><relation><subject_id>4391148</subject_id><object_id>4391150</object_id><predicate>top of</predicate></relation><relation><subject_id>4391149</subject_id><object_id>4391150</object_id><predicate>laying in</predicate></relation><relation><subject_id>4391158</subject_id><object_id>4391152</object_id><predicate>stuck in</predicate></relation><relation><subject_id>4391156</subject_id><object_id>4391155</object_id><predicate>top of</predicate></relation><relation><subject_id>4391156</subject_id><object_id>4391157</object_id><predicate>containing</predicate></relation><relation><subject_id>4391156</subject_id><object_id>4391157</object_id><predicate>containing</predicate></relation><relation><subject_id>4391158</subject_id><object_id>4391156</object_id><predicate>stuck in</predicate></relation></annotation>