<annotation><folder>VG_100K_2</folder><filename>1079.jpg</filename><source><database>Visual Genome Version 1.2</database><image_id>1079</image_id><coco_id>None</coco_id><flickr_id>None</flickr_id></source><size><width>600</width><height>400</height><depth>3</depth></size><segmented>0</segmented><object><name>book</name><object_id>3788497</object_id><difficult>0</difficult><bndbox><xmin>376</xmin><ymin>92</ymin><xmax>381</xmax><ymax>117</ymax></bndbox></object><object><name>book</name><object_id>3788496</object_id><difficult>0</difficult><bndbox><xmin>366</xmin><ymin>94</ymin><xmax>373</xmax><ymax>115</ymax></bndbox></object><object><name>book</name><object_id>3788495</object_id><difficult>0</difficult><bndbox><xmin>328</xmin><ymin>97</ymin><xmax>332</xmax><ymax>116</ymax></bndbox></object><object><name>book</name><object_id>3788494</object_id><difficult>0</difficult><bndbox><xmin>318</xmin><ymin>94</ymin><xmax>322</xmax><ymax>114</ymax></bndbox></object><object><name>book</name><object_id>3788493</object_id><difficult>0</difficult><bndbox><xmin>312</xmin><ymin>94</ymin><xmax>316</xmax><ymax>118</ymax></bndbox></object><object><name>shelf</name><object_id>1541206</object_id><difficult>0</difficult><bndbox><xmin>314</xmin><ymin>115</ymin><xmax>392</xmax><ymax>122</ymax></bndbox></object><object><name>books</name><object_id>1541205</object_id><difficult>0</difficult><bndbox><xmin>336</xmin><ymin>116</ymin><xmax>367</xmax><ymax>140</ymax></bndbox></object><object><name>book</name><object_id>3788502</object_id><difficult>0</difficult><bndbox><xmin>327</xmin><ymin>96</ymin><xmax>332</xmax><ymax>116</ymax></bndbox></object><object><name>book</name><object_id>3788501</object_id><difficult>0</difficult><bndbox><xmin>323</xmin><ymin>93</ymin><xmax>327</xmax><ymax>115</ymax></bndbox></object><object><name>book</name><object_id>3788500</object_id><difficult>0</difficult><bndbox><xmin>321</xmin><ymin>94</ymin><xmax>325</xmax><ymax>116</ymax></bndbox></object><object><name>book</name><object_id>3788499</object_id><difficult>0</difficult><bndbox><xmin>316</xmin><ymin>94</ymin><xmax>320</xmax><ymax>116</ymax></bndbox></object><object><name>book</name><object_id>3788498</object_id><difficult>0</difficult><bndbox><xmin>313</xmin><ymin>94</ymin><xmax>317</xmax><ymax>121</ymax></bndbox></object><object><name>shelf</name><object_id>1541207</object_id><difficult>0</difficult><bndbox><xmin>310</xmin><ymin>114</ymin><xmax>388</xmax><ymax>117</ymax></bndbox></object><object><name>book</name><object_id>3788508</object_id><difficult>0</difficult><bndbox><xmin>381</xmin><ymin>93</ymin><xmax>385</xmax><ymax>118</ymax></bndbox></object><object><name>book</name><object_id>3788507</object_id><difficult>0</difficult><bndbox><xmin>384</xmin><ymin>92</ymin><xmax>388</xmax><ymax>113</ymax></bndbox></object><object><name>book</name><object_id>3788506</object_id><difficult>0</difficult><bndbox><xmin>375</xmin><ymin>93</ymin><xmax>381</xmax><ymax>113</ymax></bndbox></object><object><name>book</name><object_id>3788505</object_id><difficult>0</difficult><bndbox><xmin>373</xmin><ymin>91</ymin><xmax>378</xmax><ymax>113</ymax></bndbox></object><object><name>book</name><object_id>3788504</object_id><difficult>0</difficult><bndbox><xmin>365</xmin><ymin>93</ymin><xmax>373</xmax><ymax>113</ymax></bndbox></object><object><name>shelf</name><object_id>3788503</object_id><difficult>0</difficult><bndbox><xmin>311</xmin><ymin>114</ymin><xmax>390</xmax><ymax>119</ymax></bndbox></object><object><name>picture</name><object_id>1541212</object_id><difficult>0</difficult><bndbox><xmin>380</xmin><ymin>43</ymin><xmax>452</xmax><ymax>91</ymax></bndbox></object><object><name>shelf</name><object_id>1541211</object_id><difficult>0</difficult><bndbox><xmin>374</xmin><ymin>86</ymin><xmax>495</xmax><ymax>96</ymax></bndbox></object><object><name>shelf</name><object_id>1541214</object_id><difficult>0</difficult><bndbox><xmin>313</xmin><ymin>90</ymin><xmax>391</xmax><ymax>120</ymax></bndbox></object><object><name>picture</name><object_id>1541213</object_id><difficult>0</difficult><bndbox><xmin>313</xmin><ymin>47</ymin><xmax>381</xmax><ymax>94</ymax></bndbox></object><object><name>picture</name><object_id>1541216</object_id><difficult>0</difficult><bndbox><xmin>246</xmin><ymin>51</ymin><xmax>312</xmax><ymax>97</ymax></bndbox></object><object><name>shelf</name><object_id>1541215</object_id><difficult>0</difficult><bndbox><xmin>235</xmin><ymin>92</ymin><xmax>316</xmax><ymax>102</ymax></bndbox></object><object><name>book</name><object_id>3788518</object_id><difficult>0</difficult><bndbox><xmin>347</xmin><ymin>140</ymin><xmax>353</xmax><ymax>160</ymax></bndbox></object><object><name>book</name><object_id>3788517</object_id><difficult>0</difficult><bndbox><xmin>401</xmin><ymin>118</ymin><xmax>408</xmax><ymax>136</ymax></bndbox></object><object><name>book</name><object_id>3788516</object_id><difficult>0</difficult><bndbox><xmin>347</xmin><ymin>117</ymin><xmax>352</xmax><ymax>138</ymax></bndbox></object><object><name>book</name><object_id>3788515</object_id><difficult>0</difficult><bndbox><xmin>415</xmin><ymin>96</ymin><xmax>419</xmax><ymax>116</ymax></bndbox></object><object><name>book</name><object_id>3788514</object_id><difficult>0</difficult><bndbox><xmin>326</xmin><ymin>96</ymin><xmax>332</xmax><ymax>116</ymax></bndbox></object><object><name>shelf</name><object_id>3788513</object_id><difficult>0</difficult><bndbox><xmin>312</xmin><ymin>161</ymin><xmax>389</xmax><ymax>166</ymax></bndbox></object><object><name>shelf</name><object_id>3788512</object_id><difficult>0</difficult><bndbox><xmin>388</xmin><ymin>137</ymin><xmax>468</xmax><ymax>141</ymax></bndbox></object><object><name>shelf</name><object_id>3788511</object_id><difficult>0</difficult><bndbox><xmin>310</xmin><ymin>136</ymin><xmax>389</xmax><ymax>143</ymax></bndbox></object><object><name>shelf</name><object_id>3788510</object_id><difficult>0</difficult><bndbox><xmin>388</xmin><ymin>112</ymin><xmax>466</xmax><ymax>117</ymax></bndbox></object><object><name>light</name><object_id>3788522</object_id><difficult>0</difficult><bndbox><xmin>397</xmin><ymin>1</ymin><xmax>415</xmax><ymax>11</ymax></bndbox></object><object><name>light</name><object_id>3788521</object_id><difficult>0</difficult><bndbox><xmin>434</xmin><ymin>1</ymin><xmax>449</xmax><ymax>19</ymax></bndbox></object><object><name>ceiling</name><object_id>3788520</object_id><difficult>0</difficult><bndbox><xmin>177</xmin><ymin>3</ymin><xmax>498</xmax><ymax>46</ymax></bndbox></object><object><name>neck</name><object_id>3788526</object_id><difficult>0</difficult><bndbox><xmin>535</xmin><ymin>164</ymin><xmax>554</xmax><ymax>176</ymax></bndbox></object><object><name>hand</name><object_id>3788525</object_id><difficult>0</difficult><bndbox><xmin>526</xmin><ymin>161</ymin><xmax>543</xmax><ymax>182</ymax></bndbox></object><object><name>man</name><object_id>1541222</object_id><difficult>0</difficult><bndbox><xmin>499</xmin><ymin>111</ymin><xmax>583</xmax><ymax>278</ymax></bndbox></object><relation><subject_id>3788497</subject_id><object_id>1541205</object_id><predicate>top of</predicate></relation><relation><subject_id>3788496</subject_id><object_id>1541205</object_id><predicate>top of</predicate></relation><relation><subject_id>3788495</subject_id><object_id>1541205</object_id><predicate>top of</predicate></relation><relation><subject_id>3788494</subject_id><object_id>1541205</object_id><predicate>top of</predicate></relation><relation><subject_id>3788493</subject_id><object_id>1541206</object_id><predicate>top of</predicate></relation><relation><subject_id>3788502</subject_id><object_id>1541207</object_id><predicate>top of</predicate></relation><relation><subject_id>3788501</subject_id><object_id>1541207</object_id><predicate>top of</predicate></relation><relation><subject_id>3788500</subject_id><object_id>1541207</object_id><predicate>top of</predicate></relation><relation><subject_id>3788499</subject_id><object_id>1541207</object_id><predicate>top of</predicate></relation><relation><subject_id>3788498</subject_id><object_id>1541207</object_id><predicate>top of</predicate></relation><relation><subject_id>3788508</subject_id><object_id>3788503</object_id><predicate>top of</predicate></relation><relation><subject_id>3788507</subject_id><object_id>3788503</object_id><predicate>top of</predicate></relation><relation><subject_id>3788506</subject_id><object_id>3788503</object_id><predicate>top of</predicate></relation><relation><subject_id>3788505</subject_id><object_id>3788503</object_id><predicate>top of</predicate></relation><relation><subject_id>3788504</subject_id><object_id>3788503</object_id><predicate>top of</predicate></relation><relation><subject_id>1541212</subject_id><object_id>1541211</object_id><predicate>top of</predicate></relation><relation><subject_id>1541213</subject_id><object_id>1541214</object_id><predicate>top of</predicate></relation><relation><subject_id>1541216</subject_id><object_id>1541215</object_id><predicate>top of</predicate></relation><relation><subject_id>3788518</subject_id><object_id>3788514</object_id><predicate>top of</predicate></relation><relation><subject_id>3788517</subject_id><object_id>3788513</object_id><predicate>top of</predicate></relation><relation><subject_id>3788516</subject_id><object_id>3788512</object_id><predicate>top of</predicate></relation><relation><subject_id>3788515</subject_id><object_id>3788511</object_id><predicate>top of</predicate></relation><relation><subject_id>3788514</subject_id><object_id>3788510</object_id><predicate>top of</predicate></relation><relation><subject_id>3788522</subject_id><object_id>3788520</object_id><predicate>hanging on a</predicate></relation><relation><subject_id>3788521</subject_id><object_id>3788520</object_id><predicate>hanging on a</predicate></relation><relation><subject_id>3788526</subject_id><object_id>1541222</object_id><predicate>belonging to</predicate></relation><relation><subject_id>3788525</subject_id><object_id>3788526</object_id><predicate>placed on</predicate></relation></annotation>