<annotation><folder>VG_100K</folder><filename>107990.jpg</filename><source><database>Visual Genome Version 1.2</database><image_id>107990</image_id><coco_id>257958</coco_id><flickr_id>3462144862</flickr_id></source><size><width>1024</width><height>768</height><depth>3</depth></size><segmented>0</segmented><object><name>giraffe</name><object_id>1073763</object_id><difficult>0</difficult><bndbox><xmin>735</xmin><ymin>251</ymin><xmax>853</xmax><ymax>678</ymax></bndbox><attribute>large</attribute><attribute>small</attribute><attribute>walking</attribute><attribute>eating</attribute><attribute>baby</attribute></object><object><name>compartment</name><object_id>1073764</object_id><difficult>0</difficult><bndbox><xmin>666</xmin><ymin>234</ymin><xmax>834</xmax><ymax>345</ymax></bndbox><attribute>metal</attribute></object><object><name>giraffe</name><object_id>1073767</object_id><difficult>0</difficult><bndbox><xmin>479</xmin><ymin>208</ymin><xmax>718</xmax><ymax>701</ymax></bndbox><attribute>small</attribute><attribute>walking</attribute></object><object><name>compartment</name><object_id>1073768</object_id><difficult>0</difficult><bndbox><xmin>428</xmin><ymin>216</ymin><xmax>677</xmax><ymax>335</ymax></bndbox></object><object><name>hay</name><object_id>1073774</object_id><difficult>0</difficult><bndbox><xmin>495</xmin><ymin>254</ymin><xmax>615</xmax><ymax>330</ymax></bndbox></object><object><name>grass</name><object_id>1073792</object_id><difficult>0</difficult><bndbox><xmin>659</xmin><ymin>651</ymin><xmax>883</xmax><ymax>690</ymax></bndbox></object><object><name>foot</name><object_id>1073793</object_id><difficult>0</difficult><bndbox><xmin>753</xmin><ymin>657</ymin><xmax>779</xmax><ymax>681</ymax></bndbox></object><relation><subject_id>1073767</subject_id><object_id>1073768</object_id><predicate>standing near</predicate></relation><relation><subject_id>1073768</subject_id><object_id>1073774</object_id><predicate>containing</predicate></relation><relation><subject_id>1073763</subject_id><object_id>1073764</object_id><predicate>eating from</predicate></relation><relation><subject_id>1073792</subject_id><object_id>1073793</object_id><predicate>under a</predicate></relation></annotation>