<annotation><folder>VG_100K</folder><filename>107910.jpg</filename><source><database>Visual Genome Version 1.2</database><image_id>107910</image_id><coco_id>331799</coco_id><flickr_id>5952045924</flickr_id></source><size><width>1024</width><height>742</height><depth>3</depth></size><segmented>0</segmented><object><name>woman</name><object_id>1037528</object_id><difficult>0</difficult><bndbox><xmin>340</xmin><ymin>2</ymin><xmax>754</xmax><ymax>633</ymax></bndbox><attribute>blonde</attribute><attribute>blond</attribute></object><object><name>bag</name><object_id>1037531</object_id><difficult>0</difficult><bndbox><xmin>246</xmin><ymin>278</ymin><xmax>443</xmax><ymax>351</ymax></bndbox><attribute>plastic</attribute></object><object><name>watermelon</name><object_id>1037530</object_id><difficult>0</difficult><bndbox><xmin>284</xmin><ymin>278</ymin><xmax>438</xmax><ymax>348</ymax></bndbox><attribute>sliced</attribute><attribute>red</attribute></object><object><name>fruit</name><object_id>1037533</object_id><difficult>0</difficult><bndbox><xmin>389</xmin><ymin>491</ymin><xmax>472</xmax><ymax>562</ymax></bndbox></object><object><name>bag</name><object_id>1037534</object_id><difficult>0</difficult><bndbox><xmin>373</xmin><ymin>445</ymin><xmax>478</xmax><ymax>583</ymax></bndbox></object><object><name>fruit</name><object_id>1037535</object_id><difficult>0</difficult><bndbox><xmin>517</xmin><ymin>655</ymin><xmax>550</xmax><ymax>694</ymax></bndbox><attribute>red</attribute></object><object><name>bag</name><object_id>1037536</object_id><difficult>0</difficult><bndbox><xmin>445</xmin><ymin>652</ymin><xmax>589</xmax><ymax>740</ymax></bndbox><attribute>clear</attribute><attribute>plastic</attribute></object><object><name>fruit</name><object_id>1037537</object_id><difficult>0</difficult><bndbox><xmin>504</xmin><ymin>669</ymin><xmax>546</xmax><ymax>710</ymax></bndbox></object><object><name>fruit</name><object_id>1037538</object_id><difficult>0</difficult><bndbox><xmin>574</xmin><ymin>638</ymin><xmax>610</xmax><ymax>703</ymax></bndbox><attribute>sliced</attribute></object><object><name>bag</name><object_id>1037539</object_id><difficult>0</difficult><bndbox><xmin>523</xmin><ymin>597</ymin><xmax>625</xmax><ymax>700</ymax></bndbox><attribute>clear</attribute><attribute>plastic</attribute></object><object><name>fruit</name><object_id>1037540</object_id><difficult>0</difficult><bndbox><xmin>555</xmin><ymin>632</ymin><xmax>578</xmax><ymax>690</ymax></bndbox><attribute>sliced</attribute></object><object><name>bananas</name><object_id>1037542</object_id><difficult>0</difficult><bndbox><xmin>862</xmin><ymin>573</ymin><xmax>1023</xmax><ymax>741</ymax></bndbox><attribute>yellow</attribute><attribute>ripe</attribute></object><object><name>bananas</name><object_id>1037543</object_id><difficult>0</difficult><bndbox><xmin>778</xmin><ymin>514</ymin><xmax>965</xmax><ymax>619</ymax></bndbox><attribute>yellow</attribute><attribute>ripe</attribute></object><object><name>box</name><object_id>1037545</object_id><difficult>0</difficult><bndbox><xmin>90</xmin><ymin>388</ymin><xmax>535</xmax><ymax>741</ymax></bndbox><attribute>yellow</attribute></object><object><name>wall</name><object_id>1037548</object_id><difficult>0</difficult><bndbox><xmin>3</xmin><ymin>0</ymin><xmax>768</xmax><ymax>422</ymax></bndbox><attribute>white</attribute></object><object><name>watermelon</name><object_id>1037549</object_id><difficult>0</difficult><bndbox><xmin>342</xmin><ymin>466</ymin><xmax>423</xmax><ymax>517</ymax></bndbox></object><object><name>watermelon</name><object_id>1037550</object_id><difficult>0</difficult><bndbox><xmin>219</xmin><ymin>492</ymin><xmax>284</xmax><ymax>531</ymax></bndbox></object><object><name>watermelon</name><object_id>1037551</object_id><difficult>0</difficult><bndbox><xmin>415</xmin><ymin>545</ymin><xmax>464</xmax><ymax>604</ymax></bndbox></object><object><name>watermelon</name><object_id>1037552</object_id><difficult>0</difficult><bndbox><xmin>337</xmin><ymin>512</ymin><xmax>373</xmax><ymax>531</ymax></bndbox></object><object><name>sign</name><object_id>1037554</object_id><difficult>0</difficult><bndbox><xmin>131</xmin><ymin>0</ymin><xmax>392</xmax><ymax>127</ymax></bndbox></object><object><name>cooler</name><object_id>1037557</object_id><difficult>0</difficult><bndbox><xmin>713</xmin><ymin>425</ymin><xmax>804</xmax><ymax>520</ymax></bndbox><attribute>white</attribute><attribute>red</attribute></object><object><name>item</name><object_id>1037558</object_id><difficult>0</difficult><bndbox><xmin>750</xmin><ymin>424</ymin><xmax>774</xmax><ymax>449</ymax></bndbox></object><object><name>item</name><object_id>1037559</object_id><difficult>0</difficult><bndbox><xmin>731</xmin><ymin>424</ymin><xmax>741</xmax><ymax>433</ymax></bndbox></object><object><name>table</name><object_id>1037567</object_id><difficult>0</difficult><bndbox><xmin>106</xmin><ymin>507</ymin><xmax>962</xmax><ymax>741</ymax></bndbox></object><relation><subject_id>1037530</subject_id><object_id>1037531</object_id><predicate>are inside</predicate></relation><relation><subject_id>1037533</subject_id><object_id>1037534</object_id><predicate>are inside</predicate></relation><relation><subject_id>1037535</subject_id><object_id>1037536</object_id><predicate>are inside</predicate></relation><relation><subject_id>1037537</subject_id><object_id>1037536</object_id><predicate>are inside</predicate></relation><relation><subject_id>1037538</subject_id><object_id>1037539</object_id><predicate>are inside</predicate></relation><relation><subject_id>1037540</subject_id><object_id>1037539</object_id><predicate>are inside</predicate></relation><relation><subject_id>1037528</subject_id><object_id>1037530</object_id><predicate>selling</predicate></relation><relation><subject_id>1037538</subject_id><object_id>1037539</object_id><predicate>are inside</predicate></relation><relation><subject_id>1037537</subject_id><object_id>1037536</object_id><predicate>are inside</predicate></relation><relation><subject_id>1037528</subject_id><object_id>1037530</object_id><predicate>selling</predicate></relation><relation><subject_id>1037533</subject_id><object_id>1037545</object_id><predicate>are inside</predicate></relation><relation><subject_id>1037549</subject_id><object_id>1037545</object_id><predicate>are inside</predicate></relation><relation><subject_id>1037550</subject_id><object_id>1037545</object_id><predicate>are inside</predicate></relation><relation><subject_id>1037551</subject_id><object_id>1037545</object_id><predicate>are inside</predicate></relation><relation><subject_id>1037552</subject_id><object_id>1037545</object_id><predicate>are inside</predicate></relation><relation><subject_id>1037538</subject_id><object_id>1037539</object_id><predicate>are inside</predicate></relation><relation><subject_id>1037540</subject_id><object_id>1037539</object_id><predicate>are inside</predicate></relation><relation><subject_id>1037558</subject_id><object_id>1037557</object_id><predicate>top of</predicate></relation><relation><subject_id>1037559</subject_id><object_id>1037557</object_id><predicate>top of</predicate></relation><relation><subject_id>1037554</subject_id><object_id>1037548</object_id><predicate>top of</predicate></relation><relation><subject_id>1037542</subject_id><object_id>1037567</object_id><predicate>top of</predicate></relation><relation><subject_id>1037543</subject_id><object_id>1037567</object_id><predicate>top of</predicate></relation><relation><subject_id>1037538</subject_id><object_id>1037539</object_id><predicate>are inside</predicate></relation><relation><subject_id>1037540</subject_id><object_id>1037539</object_id><predicate>are inside</predicate></relation><relation><subject_id>1037538</subject_id><object_id>1037539</object_id><predicate>are inside</predicate></relation><relation><subject_id>1037540</subject_id><object_id>1037539</object_id><predicate>are inside</predicate></relation><relation><subject_id>1037537</subject_id><object_id>1037536</object_id><predicate>are inside</predicate></relation></annotation>