<annotation><folder>VG_100K</folder><filename>107933.jpg</filename><source><database>Visual Genome Version 1.2</database><image_id>107933</image_id><coco_id>410707</coco_id><flickr_id>374988762</flickr_id></source><size><width>1024</width><height>768</height><depth>3</depth></size><segmented>0</segmented><object><name>tv</name><object_id>1073566</object_id><difficult>0</difficult><bndbox><xmin>220</xmin><ymin>18</ymin><xmax>734</xmax><ymax>482</ymax></bndbox><attribute>large</attribute><attribute>big</attribute></object><object><name>pictures</name><object_id>1073568</object_id><difficult>0</difficult><bndbox><xmin>282</xmin><ymin>1</ymin><xmax>642</xmax><ymax>54</ymax></bndbox></object><relation><subject_id>1073568</subject_id><object_id>1073566</object_id><predicate>top of</predicate></relation></annotation>