<annotation><folder>VG_100K</folder><filename>107984.jpg</filename><source><database>Visual Genome Version 1.2</database><image_id>107984</image_id><coco_id>456652</coco_id><flickr_id>3679553663</flickr_id></source><size><width>1024</width><height>683</height><depth>3</depth></size><segmented>0</segmented><object><name>elephant</name><object_id>3964278</object_id><difficult>0</difficult><bndbox><xmin>293</xmin><ymin>22</ymin><xmax>778</xmax><ymax>636</ymax></bndbox><attribute>standing</attribute><attribute>gray</attribute><attribute>big</attribute><attribute>grey</attribute><attribute>young</attribute><attribute>large</attribute><attribute>single</attribute><attribute>looking</attribute></object><object><name>tusk</name><object_id>4125176</object_id><difficult>0</difficult><bndbox><xmin>442</xmin><ymin>310</ymin><xmax>497</xmax><ymax>451</ymax></bndbox><attribute>white</attribute><attribute>long</attribute></object><object><name>tusk</name><object_id>4125177</object_id><difficult>0</difficult><bndbox><xmin>539</xmin><ymin>327</ymin><xmax>637</xmax><ymax>498</ymax></bndbox><attribute>white</attribute><attribute>long</attribute></object><object><name>trunk</name><object_id>4125179</object_id><difficult>0</difficult><bndbox><xmin>474</xmin><ymin>275</ymin><xmax>574</xmax><ymax>617</ymax></bndbox></object><object><name>trunk</name><object_id>4126762</object_id><difficult>0</difficult><bndbox><xmin>474</xmin><ymin>292</ymin><xmax>559</xmax><ymax>608</ymax></bndbox><attribute>long</attribute></object><object><name>tree branch</name><object_id>4126731</object_id><difficult>0</difficult><bndbox><xmin>398</xmin><ymin>521</ymin><xmax>880</xmax><ymax>589</ymax></bndbox></object><object><name>ground</name><object_id>4126837</object_id><difficult>0</difficult><bndbox><xmin>4</xmin><ymin>435</ymin><xmax>1020</xmax><ymax>675</ymax></bndbox></object><object><name>hind leg</name><object_id>4126740</object_id><difficult>0</difficult><bndbox><xmin>625</xmin><ymin>268</ymin><xmax>781</xmax><ymax>618</ymax></bndbox></object><object><name>tusk</name><object_id>4126772</object_id><difficult>0</difficult><bndbox><xmin>441</xmin><ymin>297</ymin><xmax>481</xmax><ymax>442</ymax></bndbox><attribute>white</attribute></object><object><name>tusk</name><object_id>4126773</object_id><difficult>0</difficult><bndbox><xmin>547</xmin><ymin>318</ymin><xmax>630</xmax><ymax>483</ymax></bndbox><attribute>white</attribute></object><object><name>eye</name><object_id>4126749</object_id><difficult>0</difficult><bndbox><xmin>422</xmin><ymin>173</ymin><xmax>448</xmax><ymax>199</ymax></bndbox></object><object><name>eye</name><object_id>4126750</object_id><difficult>0</difficult><bndbox><xmin>552</xmin><ymin>169</ymin><xmax>572</xmax><ymax>196</ymax></bndbox></object><object><name>foot</name><object_id>4126752</object_id><difficult>0</difficult><bndbox><xmin>549</xmin><ymin>584</ymin><xmax>651</xmax><ymax>621</ymax></bndbox></object><object><name>foot</name><object_id>4126753</object_id><difficult>0</difficult><bndbox><xmin>709</xmin><ymin>567</ymin><xmax>779</xmax><ymax>615</ymax></bndbox></object><object><name>tree</name><object_id>4126765</object_id><difficult>0</difficult><bndbox><xmin>3</xmin><ymin>3</ymin><xmax>434</xmax><ymax>598</ymax></bndbox></object><object><name>leaf</name><object_id>4126755</object_id><difficult>0</difficult><bndbox><xmin>348</xmin><ymin>122</ymin><xmax>370</xmax><ymax>140</ymax></bndbox></object><object><name>leaf</name><object_id>4126756</object_id><difficult>0</difficult><bndbox><xmin>55</xmin><ymin>61</ymin><xmax>95</xmax><ymax>92</ymax></bndbox></object><object><name>leaf</name><object_id>4126757</object_id><difficult>0</difficult><bndbox><xmin>106</xmin><ymin>44</ymin><xmax>124</xmax><ymax>70</ymax></bndbox></object><object><name>branch</name><object_id>4126758</object_id><difficult>0</difficult><bndbox><xmin>167</xmin><ymin>1</ymin><xmax>314</xmax><ymax>339</ymax></bndbox></object><object><name>branch</name><object_id>4126759</object_id><difficult>0</difficult><bndbox><xmin>106</xmin><ymin>122</ymin><xmax>312</xmax><ymax>213</ymax></bndbox></object><object><name>head</name><object_id>4126763</object_id><difficult>0</difficult><bndbox><xmin>389</xmin><ymin>35</ymin><xmax>573</xmax><ymax>297</ymax></bndbox></object><object><name>field</name><object_id>4126815</object_id><difficult>0</difficult><bndbox><xmin>8</xmin><ymin>451</ymin><xmax>1022</xmax><ymax>680</ymax></bndbox></object><object><name>stump</name><object_id>4126814</object_id><difficult>0</difficult><bndbox><xmin>146</xmin><ymin>529</ymin><xmax>317</xmax><ymax>679</ymax></bndbox><attribute>small</attribute></object><object><name>branch</name><object_id>4126836</object_id><difficult>0</difficult><bndbox><xmin>550</xmin><ymin>534</ymin><xmax>875</xmax><ymax>558</ymax></bndbox><attribute>tree</attribute></object><relation><subject_id>4125176</subject_id><object_id>4125179</object_id><predicate>on other side of</predicate></relation><relation><subject_id>4125177</subject_id><object_id>4125179</object_id><predicate>on other side of</predicate></relation><relation><subject_id>4126762</subject_id><object_id>3964278</object_id><predicate>belonging to</predicate></relation><relation><subject_id>4126731</subject_id><object_id>4126837</object_id><predicate>laying in</predicate></relation><relation><subject_id>4126740</subject_id><object_id>3964278</object_id><predicate>belonging to</predicate></relation><relation><subject_id>4126772</subject_id><object_id>3964278</object_id><predicate>belonging to</predicate></relation><relation><subject_id>4126773</subject_id><object_id>3964278</object_id><predicate>belonging to</predicate></relation><relation><subject_id>4126762</subject_id><object_id>3964278</object_id><predicate>belonging to</predicate></relation><relation><subject_id>4126749</subject_id><object_id>3964278</object_id><predicate>belonging to</predicate></relation><relation><subject_id>4126750</subject_id><object_id>3964278</object_id><predicate>belonging to</predicate></relation><relation><subject_id>4126752</subject_id><object_id>3964278</object_id><predicate>belonging to</predicate></relation><relation><subject_id>4126753</subject_id><object_id>3964278</object_id><predicate>belonging to</predicate></relation><relation><subject_id>4126755</subject_id><object_id>4126765</object_id><predicate>attached</predicate></relation><relation><subject_id>4126756</subject_id><object_id>4126765</object_id><predicate>attached</predicate></relation><relation><subject_id>4126757</subject_id><object_id>4126765</object_id><predicate>attached</predicate></relation><relation><subject_id>4126758</subject_id><object_id>4126765</object_id><predicate>attached</predicate></relation><relation><subject_id>4126759</subject_id><object_id>4126765</object_id><predicate>attached</predicate></relation><relation><subject_id>4126762</subject_id><object_id>3964278</object_id><predicate>belonging to</predicate></relation><relation><subject_id>4126763</subject_id><object_id>3964278</object_id><predicate>belonging to</predicate></relation><relation><subject_id>4126772</subject_id><object_id>3964278</object_id><predicate>belonging to</predicate></relation><relation><subject_id>4126773</subject_id><object_id>3964278</object_id><predicate>belonging to</predicate></relation><relation><subject_id>4126814</subject_id><object_id>4126815</object_id><predicate>at edge of</predicate></relation><relation><subject_id>4126836</subject_id><object_id>4126837</object_id><predicate>laying in</predicate></relation></annotation>