<annotation><folder>VG_100K</folder><filename>107917.jpg</filename><source><database>Visual Genome Version 1.2</database><image_id>107917</image_id><coco_id>None</coco_id><flickr_id>5161073556</flickr_id></source><size><width>1024</width><height>768</height><depth>3</depth></size><segmented>0</segmented><object><name>street sign</name><object_id>4390113</object_id><difficult>0</difficult><bndbox><xmin>371</xmin><ymin>290</ymin><xmax>549</xmax><ymax>608</ymax></bndbox></object><object><name>stop light</name><object_id>4390114</object_id><difficult>0</difficult><bndbox><xmin>464</xmin><ymin>41</ymin><xmax>717</xmax><ymax>312</ymax></bndbox></object><object><name>wall</name><object_id>4390129</object_id><difficult>0</difficult><bndbox><xmin>8</xmin><ymin>502</ymin><xmax>143</xmax><ymax>732</ymax></bndbox></object><object><name>building</name><object_id>4390130</object_id><difficult>0</difficult><bndbox><xmin>15</xmin><ymin>387</ymin><xmax>688</xmax><ymax>764</ymax></bndbox></object><relation><subject_id>4390113</subject_id><object_id>4390114</object_id><predicate>under a</predicate></relation><relation><subject_id>4390129</subject_id><object_id>4390130</object_id><predicate>on other side of</predicate></relation></annotation>