<annotation><folder>VG_100K</folder><filename>107966.jpg</filename><source><database>Visual Genome Version 1.2</database><image_id>107966</image_id><coco_id>19028</coco_id><flickr_id>6872898747</flickr_id></source><size><width>685</width><height>1024</height><depth>3</depth></size><segmented>0</segmented><object><name>towel</name><object_id>1073677</object_id><difficult>0</difficult><bndbox><xmin>4</xmin><ymin>747</ymin><xmax>128</xmax><ymax>1017</ymax></bndbox><attribute>blue</attribute></object><object><name>handle</name><object_id>1073691</object_id><difficult>0</difficult><bndbox><xmin>4</xmin><ymin>709</ymin><xmax>63</xmax><ymax>885</ymax></bndbox></object><relation><subject_id>1073677</subject_id><object_id>1073691</object_id><predicate>hanging on a</predicate></relation></annotation>