<annotation><folder>VG_100K</folder><filename>107947.jpg</filename><source><database>Visual Genome Version 1.2</database><image_id>107947</image_id><coco_id>440508</coco_id><flickr_id>9779255862</flickr_id></source><size><width>1024</width><height>678</height><depth>3</depth></size><segmented>0</segmented><object><name>trees</name><object_id>1073591</object_id><difficult>0</difficult><bndbox><xmin>68</xmin><ymin>261</ymin><xmax>298</xmax><ymax>439</ymax></bndbox><attribute>green</attribute><attribute>here</attribute></object><object><name>train</name><object_id>1073592</object_id><difficult>0</difficult><bndbox><xmin>294</xmin><ymin>350</ymin><xmax>673</xmax><ymax>608</ymax></bndbox><attribute>metal</attribute><attribute>here</attribute><attribute>long</attribute></object><object><name>tracks</name><object_id>1073593</object_id><difficult>0</difficult><bndbox><xmin>503</xmin><ymin>560</ymin><xmax>593</xmax><ymax>619</ymax></bndbox><attribute>dark</attribute><attribute>curved</attribute><attribute>here</attribute><attribute>wet</attribute></object><object><name>leaves</name><object_id>1073601</object_id><difficult>0</difficult><bndbox><xmin>136</xmin><ymin>109</ymin><xmax>169</xmax><ymax>195</ymax></bndbox><attribute>green</attribute><attribute>dead</attribute><attribute>yellow</attribute></object><object><name>steps</name><object_id>1073607</object_id><difficult>0</difficult><bndbox><xmin>598</xmin><ymin>452</ymin><xmax>632</xmax><ymax>488</ymax></bndbox></object><object><name>rocks</name><object_id>1073609</object_id><difficult>0</difficult><bndbox><xmin>521</xmin><ymin>561</ymin><xmax>564</xmax><ymax>594</ymax></bndbox></object><object><name>engine</name><object_id>1073610</object_id><difficult>0</difficult><bndbox><xmin>492</xmin><ymin>441</ymin><xmax>563</xmax><ymax>561</ymax></bndbox></object><relation><subject_id>1073592</subject_id><object_id>1073593</object_id><predicate>top of</predicate></relation><relation><subject_id>1073601</subject_id><object_id>1073591</object_id><predicate>attached</predicate></relation><relation><subject_id>1073592</subject_id><object_id>1073593</object_id><predicate>top of</predicate></relation><relation><subject_id>1073607</subject_id><object_id>1073592</object_id><predicate>leading to</predicate></relation><relation><subject_id>1073591</subject_id><object_id>1073593</object_id><predicate>on other side of</predicate></relation><relation><subject_id>1073609</subject_id><object_id>1073593</object_id><predicate>beside</predicate></relation><relation><subject_id>1073610</subject_id><object_id>1073592</object_id><predicate>attached</predicate></relation></annotation>