<annotation><folder>VG_100K</folder><filename>107911.jpg</filename><source><database>Visual Genome Version 1.2</database><image_id>107911</image_id><coco_id>None</coco_id><flickr_id>4699072930</flickr_id></source><size><width>1024</width><height>683</height><depth>3</depth></size><segmented>0</segmented><object><name>wall</name><object_id>4118616</object_id><difficult>0</difficult><bndbox><xmin>336</xmin><ymin>387</ymin><xmax>393</xmax><ymax>424</ymax></bndbox></object><object><name>building</name><object_id>4118617</object_id><difficult>0</difficult><bndbox><xmin>305</xmin><ymin>325</ymin><xmax>349</xmax><ymax>410</ymax></bndbox></object><relation><subject_id>4118616</subject_id><object_id>4118617</object_id><predicate>attached</predicate></relation></annotation>