<annotation><folder>VG_100K</folder><filename>107975.jpg</filename><source><database>Visual Genome Version 1.2</database><image_id>107975</image_id><coco_id>182933</coco_id><flickr_id>324885996</flickr_id></source><size><width>1280</width><height>960</height><depth>3</depth></size><segmented>0</segmented><object><name>cat</name><object_id>1037878</object_id><difficult>0</difficult><bndbox><xmin>432</xmin><ymin>179</ymin><xmax>1052</xmax><ymax>562</ymax></bndbox><attribute>orange</attribute><attribute>resting</attribute><attribute>black</attribute><attribute>brown</attribute><attribute>sitting</attribute></object><object><name>shoulder</name><object_id>1037881</object_id><difficult>0</difficult><bndbox><xmin>516</xmin><ymin>410</ymin><xmax>1056</xmax><ymax>642</ymax></bndbox></object><object><name>mirror</name><object_id>1037885</object_id><difficult>0</difficult><bndbox><xmin>574</xmin><ymin>3</ymin><xmax>1113</xmax><ymax>312</ymax></bndbox><attribute>hanging</attribute></object><object><name>wall</name><object_id>1037890</object_id><difficult>0</difficult><bndbox><xmin>338</xmin><ymin>6</ymin><xmax>1276</xmax><ymax>509</ymax></bndbox></object><relation><subject_id>1037878</subject_id><object_id>1037881</object_id><predicate>top of</predicate></relation><relation><subject_id>1037885</subject_id><object_id>1037890</object_id><predicate>mounted on</predicate></relation></annotation>