<annotation><folder>VG_100K</folder><filename>107986.jpg</filename><source><database>Visual Genome Version 1.2</database><image_id>107986</image_id><coco_id>440284</coco_id><flickr_id>2208778744</flickr_id></source><size><width>1024</width><height>768</height><depth>3</depth></size><segmented>0</segmented><object><name>tree</name><object_id>1073748</object_id><difficult>0</difficult><bndbox><xmin>884</xmin><ymin>1</ymin><xmax>977</xmax><ymax>201</ymax></bndbox></object><object><name>shrubbery</name><object_id>1073749</object_id><difficult>0</difficult><bndbox><xmin>608</xmin><ymin>103</ymin><xmax>1024</xmax><ymax>434</ymax></bndbox><attribute>green</attribute></object><relation><subject_id>1073748</subject_id><object_id>1073749</object_id><predicate>surrounded by</predicate></relation></annotation>