<annotation><folder>VG_100K</folder><filename>107973.jpg</filename><source><database>Visual Genome Version 1.2</database><image_id>107973</image_id><coco_id>None</coco_id><flickr_id>8668121514</flickr_id></source><size><width>1024</width><height>686</height><depth>3</depth></size><segmented>0</segmented><object><name>window</name><object_id>1037852</object_id><difficult>0</difficult><bndbox><xmin>810</xmin><ymin>318</ymin><xmax>824</xmax><ymax>332</ymax></bndbox></object><object><name>building</name><object_id>1037853</object_id><difficult>0</difficult><bndbox><xmin>758</xmin><ymin>272</ymin><xmax>838</xmax><ymax>361</ymax></bndbox></object><object><name>window</name><object_id>1037854</object_id><difficult>0</difficult><bndbox><xmin>789</xmin><ymin>295</ymin><xmax>806</xmax><ymax>310</ymax></bndbox></object><object><name>spire</name><object_id>1037872</object_id><difficult>0</difficult><bndbox><xmin>522</xmin><ymin>213</ymin><xmax>537</xmax><ymax>261</ymax></bndbox></object><object><name>building</name><object_id>1037873</object_id><difficult>0</difficult><bndbox><xmin>488</xmin><ymin>259</ymin><xmax>614</xmax><ymax>333</ymax></bndbox></object><relation><subject_id>1037852</subject_id><object_id>1037853</object_id><predicate>on other side of</predicate></relation><relation><subject_id>1037854</subject_id><object_id>1037853</object_id><predicate>on other side of</predicate></relation><relation><subject_id>1037872</subject_id><object_id>1037873</object_id><predicate>top of</predicate></relation></annotation>