<annotation><folder>VG_100K</folder><filename>107913.jpg</filename><source><database>Visual Genome Version 1.2</database><image_id>107913</image_id><coco_id>None</coco_id><flickr_id>8439347080</flickr_id></source><size><width>612</width><height>612</height><depth>3</depth></size><segmented>0</segmented><object><name>dish</name><object_id>4389965</object_id><difficult>0</difficult><bndbox><xmin>57</xmin><ymin>299</ymin><xmax>608</xmax><ymax>607</ymax></bndbox><attribute>oval</attribute><attribute>white</attribute></object><object><name>plate</name><object_id>4389961</object_id><difficult>0</difficult><bndbox><xmin>6</xmin><ymin>52</ymin><xmax>607</xmax><ymax>609</ymax></bndbox><attribute>large</attribute><attribute>white</attribute></object><object><name>lettuce</name><object_id>4389970</object_id><difficult>0</difficult><bndbox><xmin>20</xmin><ymin>95</ymin><xmax>343</xmax><ymax>387</ymax></bndbox><attribute>green</attribute></object><relation><subject_id>4389965</subject_id><object_id>4389961</object_id><predicate>top of</predicate></relation><relation><subject_id>4389970</subject_id><object_id>4389961</object_id><predicate>top of</predicate></relation></annotation>