<annotation><folder>VG_100K</folder><filename>107931.jpg</filename><source><database>Visual Genome Version 1.2</database><image_id>107931</image_id><coco_id>571499</coco_id><flickr_id>5161016911</flickr_id></source><size><width>858</width><height>590</height><depth>3</depth></size><segmented>0</segmented><object><name>umbrella</name><object_id>1037657</object_id><difficult>0</difficult><bndbox><xmin>362</xmin><ymin>161</ymin><xmax>857</xmax><ymax>588</ymax></bndbox><attribute>large</attribute><attribute>wrinkled</attribute><attribute>open</attribute><attribute>red</attribute></object><object><name>person</name><object_id>1037658</object_id><difficult>0</difficult><bndbox><xmin>376</xmin><ymin>347</ymin><xmax>768</xmax><ymax>589</ymax></bndbox><attribute>leaning</attribute></object><object><name>building</name><object_id>1037663</object_id><difficult>0</difficult><bndbox><xmin>0</xmin><ymin>107</ymin><xmax>361</xmax><ymax>588</ymax></bndbox><attribute>tan</attribute><attribute>distant</attribute><attribute>dirty</attribute></object><object><name>vegetation</name><object_id>1037665</object_id><difficult>0</difficult><bndbox><xmin>1</xmin><ymin>321</ymin><xmax>443</xmax><ymax>589</ymax></bndbox><attribute>distant</attribute><attribute>green</attribute><attribute>patch</attribute></object><object><name>wall</name><object_id>1037666</object_id><difficult>0</difficult><bndbox><xmin>22</xmin><ymin>347</ymin><xmax>454</xmax><ymax>589</ymax></bndbox><attribute>concrete</attribute><attribute>cement</attribute></object><object><name>pattern</name><object_id>1037670</object_id><difficult>0</difficult><bndbox><xmin>1</xmin><ymin>214</ymin><xmax>331</xmax><ymax>331</ymax></bndbox></object><relation><subject_id>1037658</subject_id><object_id>1037657</object_id><predicate>beneath</predicate></relation><relation><subject_id>1037665</subject_id><object_id>1037666</object_id><predicate>against</predicate></relation><relation><subject_id>1037658</subject_id><object_id>1037657</object_id><predicate>under a</predicate></relation><relation><subject_id>1037658</subject_id><object_id>1037657</object_id><predicate>beneath</predicate></relation><relation><subject_id>1037670</subject_id><object_id>1037663</object_id><predicate>beside</predicate></relation><relation><subject_id>1037658</subject_id><object_id>1037657</object_id><predicate>under a</predicate></relation></annotation>