<annotation><folder>VG_100K</folder><filename>107974.jpg</filename><source><database>Visual Genome Version 1.2</database><image_id>107974</image_id><coco_id>None</coco_id><flickr_id>6498587575</flickr_id></source><size><width>768</width><height>432</height><depth>3</depth></size><segmented>0</segmented><object><name>grassy area</name><object_id>1566234</object_id><difficult>0</difficult><bndbox><xmin>293</xmin><ymin>367</ymin><xmax>522</xmax><ymax>429</ymax></bndbox><attribute>grassy</attribute></object><object><name>giraffes</name><object_id>3654274</object_id><difficult>0</difficult><bndbox><xmin>314</xmin><ymin>104</ymin><xmax>503</xmax><ymax>418</ymax></bndbox></object><object><name>grassy area</name><object_id>1566235</object_id><difficult>0</difficult><bndbox><xmin>298</xmin><ymin>363</ymin><xmax>500</xmax><ymax>429</ymax></bndbox><attribute>grassy</attribute></object><object><name>shadows</name><object_id>1566240</object_id><difficult>0</difficult><bndbox><xmin>506</xmin><ymin>358</ymin><xmax>622</xmax><ymax>424</ymax></bndbox></object><object><name>ground</name><object_id>3654277</object_id><difficult>0</difficult><bndbox><xmin>2</xmin><ymin>65</ymin><xmax>764</xmax><ymax>428</ymax></bndbox></object><object><name>shadows</name><object_id>1566241</object_id><difficult>0</difficult><bndbox><xmin>644</xmin><ymin>375</ymin><xmax>765</xmax><ymax>429</ymax></bndbox></object><object><name>grass</name><object_id>1566261</object_id><difficult>0</difficult><bndbox><xmin>1</xmin><ymin>118</ymin><xmax>765</xmax><ymax>424</ymax></bndbox></object><relation><subject_id>1566234</subject_id><object_id>3654274</object_id><predicate>under a</predicate></relation><relation><subject_id>1566235</subject_id><object_id>3654274</object_id><predicate>under a</predicate></relation><relation><subject_id>1566240</subject_id><object_id>3654277</object_id><predicate>across</predicate></relation><relation><subject_id>1566241</subject_id><object_id>1566261</object_id><predicate>across</predicate></relation></annotation>