<annotation><folder>VG_100K</folder><filename>107952.jpg</filename><source><database>Visual Genome Version 1.2</database><image_id>107952</image_id><coco_id>None</coco_id><flickr_id>5941494725</flickr_id></source><size><width>1024</width><height>683</height><depth>3</depth></size><segmented>0</segmented><object><name>wall</name><object_id>1566193</object_id><difficult>0</difficult><bndbox><xmin>344</xmin><ymin>226</ymin><xmax>453</xmax><ymax>429</ymax></bndbox></object><object><name>person</name><object_id>1566192</object_id><difficult>0</difficult><bndbox><xmin>231</xmin><ymin>155</ymin><xmax>333</xmax><ymax>430</ymax></bndbox><attribute>standing up</attribute></object><relation><subject_id>1566192</subject_id><object_id>1566193</object_id><predicate>against</predicate></relation></annotation>