<annotation><folder>VG_100K</folder><filename>107934.jpg</filename><source><database>Visual Genome Version 1.2</database><image_id>107934</image_id><coco_id>557543</coco_id><flickr_id>277947910</flickr_id></source><size><width>800</width><height>533</height><depth>3</depth></size><segmented>0</segmented><object><name>dog</name><object_id>3966172</object_id><difficult>0</difficult><bndbox><xmin>28</xmin><ymin>82</ymin><xmax>551</xmax><ymax>483</ymax></bndbox><attribute>brown</attribute><attribute>black</attribute><attribute>female</attribute><attribute>white</attribute><attribute>tan</attribute><attribute>black and white</attribute></object><object><name>dog</name><object_id>4125323</object_id><difficult>0</difficult><bndbox><xmin>100</xmin><ymin>164</ymin><xmax>537</xmax><ymax>382</ymax></bndbox></object><object><name>cat</name><object_id>4125324</object_id><difficult>0</difficult><bndbox><xmin>302</xmin><ymin>72</ymin><xmax>656</xmax><ymax>378</ymax></bndbox></object><object><name>rope</name><object_id>3966179</object_id><difficult>0</difficult><bndbox><xmin>451</xmin><ymin>0</ymin><xmax>480</xmax><ymax>122</ymax></bndbox><attribute>blue</attribute></object><object><name>leash</name><object_id>3966228</object_id><difficult>0</difficult><bndbox><xmin>442</xmin><ymin>0</ymin><xmax>499</xmax><ymax>122</ymax></bndbox><attribute>blue</attribute></object><relation><subject_id>4125323</subject_id><object_id>4125324</object_id><predicate>standing with</predicate></relation><relation><subject_id>3966179</subject_id><object_id>3966172</object_id><predicate>tied around</predicate></relation><relation><subject_id>3966228</subject_id><object_id>3966172</object_id><predicate>attached</predicate></relation></annotation>