<annotation><folder>VG_100K_2</folder><filename>108.jpg</filename><source><database>Visual Genome Version 1.2</database><image_id>108</image_id><coco_id>None</coco_id><flickr_id>None</flickr_id></source><size><width>800</width><height>600</height><depth>3</depth></size><segmented>0</segmented><object><name>street</name><object_id>1534825</object_id><difficult>0</difficult><bndbox><xmin>5</xmin><ymin>332</ymin><xmax>799</xmax><ymax>598</ymax></bndbox></object><object><name>person</name><object_id>1534824</object_id><difficult>0</difficult><bndbox><xmin>38</xmin><ymin>300</ymin><xmax>65</xmax><ymax>348</ymax></bndbox></object><relation><subject_id>1534824</subject_id><object_id>1534825</object_id><predicate>across</predicate></relation></annotation>