<annotation><folder>VG_100K_2</folder><filename>1081.jpg</filename><source><database>Visual Genome Version 1.2</database><image_id>1081</image_id><coco_id>None</coco_id><flickr_id>None</flickr_id></source><size><width>800</width><height>600</height><depth>3</depth></size><segmented>0</segmented><object><name>wall</name><object_id>1031207</object_id><difficult>0</difficult><bndbox><xmin>76</xmin><ymin>5</ymin><xmax>791</xmax><ymax>600</ymax></bndbox></object><object><name>case</name><object_id>1031212</object_id><difficult>0</difficult><bndbox><xmin>124</xmin><ymin>133</ymin><xmax>254</xmax><ymax>467</ymax></bndbox><attribute>glass</attribute><attribute>attached</attribute></object><relation><subject_id>1031212</subject_id><object_id>1031207</object_id><predicate>against</predicate></relation></annotation>