<annotation><folder>VG_100K_2</folder><filename>1082.jpg</filename><source><database>Visual Genome Version 1.2</database><image_id>1082</image_id><coco_id>None</coco_id><flickr_id>None</flickr_id></source><size><width>600</width><height>402</height><depth>3</depth></size><segmented>0</segmented><object><name>basket</name><object_id>1066208</object_id><difficult>0</difficult><bndbox><xmin>170</xmin><ymin>326</ymin><xmax>273</xmax><ymax>400</ymax></bndbox><attribute>brown</attribute></object><object><name>shoes</name><object_id>1066209</object_id><difficult>0</difficult><bndbox><xmin>180</xmin><ymin>257</ymin><xmax>369</xmax><ymax>338</ymax></bndbox></object><relation><subject_id>1066208</subject_id><object_id>1066209</object_id><predicate>standing with</predicate></relation></annotation>