<annotation><folder>VG_100K_2</folder><filename>1083.jpg</filename><source><database>Visual Genome Version 1.2</database><image_id>1083</image_id><coco_id>None</coco_id><flickr_id>None</flickr_id></source><size><width>550</width><height>412</height><depth>3</depth></size><segmented>0</segmented><object><name>house</name><object_id>3793230</object_id><difficult>0</difficult><bndbox><xmin>2</xmin><ymin>2</ymin><xmax>533</xmax><ymax>409</ymax></bndbox></object><object><name>window</name><object_id>1626770</object_id><difficult>0</difficult><bndbox><xmin>222</xmin><ymin>19</ymin><xmax>311</xmax><ymax>283</ymax></bndbox></object><object><name>window</name><object_id>1626780</object_id><difficult>0</difficult><bndbox><xmin>327</xmin><ymin>5</ymin><xmax>433</xmax><ymax>265</ymax></bndbox></object><object><name>window</name><object_id>1626750</object_id><difficult>0</difficult><bndbox><xmin>442</xmin><ymin>0</ymin><xmax>519</xmax><ymax>340</ymax></bndbox></object><object><name>window</name><object_id>1626751</object_id><difficult>0</difficult><bndbox><xmin>51</xmin><ymin>57</ymin><xmax>130</xmax><ymax>234</ymax></bndbox></object><relation><subject_id>1626770</subject_id><object_id>3793230</object_id><predicate>adorning</predicate></relation><relation><subject_id>1626780</subject_id><object_id>3793230</object_id><predicate>adorning</predicate></relation><relation><subject_id>1626750</subject_id><object_id>3793230</object_id><predicate>adorning</predicate></relation><relation><subject_id>1626751</subject_id><object_id>3793230</object_id><predicate>adorning</predicate></relation></annotation>