<annotation><folder>VG_100K_2</folder><filename>1085.jpg</filename><source><database>Visual Genome Version 1.2</database><image_id>1085</image_id><coco_id>None</coco_id><flickr_id>None</flickr_id></source><size><width>350</width><height>317</height><depth>3</depth></size><segmented>0</segmented><object><name>ball</name><object_id>1626819</object_id><difficult>0</difficult><bndbox><xmin>121</xmin><ymin>180</ymin><xmax>185</xmax><ymax>237</ymax></bndbox></object><object><name>light</name><object_id>1626818</object_id><difficult>0</difficult><bndbox><xmin>143</xmin><ymin>182</ymin><xmax>161</xmax><ymax>203</ymax></bndbox></object><object><name>ball</name><object_id>1626824</object_id><difficult>0</difficult><bndbox><xmin>152</xmin><ymin>253</ymin><xmax>250</xmax><ymax>315</ymax></bndbox><attribute>red</attribute></object><object><name>ball</name><object_id>1626823</object_id><difficult>0</difficult><bndbox><xmin>118</xmin><ymin>183</ymin><xmax>185</xmax><ymax>236</ymax></bndbox><attribute>red</attribute></object><object><name>ball</name><object_id>1626822</object_id><difficult>0</difficult><bndbox><xmin>132</xmin><ymin>212</ymin><xmax>207</xmax><ymax>283</ymax></bndbox><attribute>blue</attribute></object><relation><subject_id>1626818</subject_id><object_id>1626819</object_id><predicate>reflecting off</predicate></relation><relation><subject_id>1626822</subject_id><object_id>1626824</object_id><predicate>between</predicate></relation><relation><subject_id>1626822</subject_id><object_id>1626823</object_id><predicate>between</predicate></relation></annotation>