<annotation><folder>VG_100K_2</folder><filename>1087.jpg</filename><source><database>Visual Genome Version 1.2</database><image_id>1087</image_id><coco_id>None</coco_id><flickr_id>None</flickr_id></source><size><width>587</width><height>360</height><depth>3</depth></size><segmented>0</segmented><object><name>table</name><object_id>1638597</object_id><difficult>0</difficult><bndbox><xmin>149</xmin><ymin>271</ymin><xmax>213</xmax><ymax>321</ymax></bndbox></object><object><name>man</name><object_id>1638596</object_id><difficult>0</difficult><bndbox><xmin>133</xmin><ymin>249</ymin><xmax>201</xmax><ymax>346</ymax></bndbox></object><object><name>people</name><object_id>2934292</object_id><difficult>0</difficult><bndbox><xmin>409</xmin><ymin>216</ymin><xmax>469</xmax><ymax>356</ymax></bndbox></object><object><name>mat</name><object_id>2934293</object_id><difficult>0</difficult><bndbox><xmin>98</xmin><ymin>124</ymin><xmax>575</xmax><ymax>272</ymax></bndbox></object><relation><subject_id>1638596</subject_id><object_id>1638597</object_id><predicate>sitting on a</predicate></relation><relation><subject_id>2934292</subject_id><object_id>2934293</object_id><predicate>leaning on</predicate></relation></annotation>