<annotation><folder>VG_100K_2</folder><filename>1089.jpg</filename><source><database>Visual Genome Version 1.2</database><image_id>1089</image_id><coco_id>None</coco_id><flickr_id>None</flickr_id></source><size><width>800</width><height>600</height><depth>3</depth></size><segmented>0</segmented><object><name>buses</name><object_id>1638604</object_id><difficult>0</difficult><bndbox><xmin>0</xmin><ymin>282</ymin><xmax>796</xmax><ymax>523</ymax></bndbox></object><object><name>fence</name><object_id>1638636</object_id><difficult>0</difficult><bndbox><xmin>4</xmin><ymin>370</ymin><xmax>798</xmax><ymax>536</ymax></bndbox><attribute>metal</attribute><attribute>silver</attribute></object><object><name>bus</name><object_id>1638612</object_id><difficult>0</difficult><bndbox><xmin>190</xmin><ymin>285</ymin><xmax>406</xmax><ymax>515</ymax></bndbox><attribute>parked</attribute></object><object><name>lights</name><object_id>1638646</object_id><difficult>0</difficult><bndbox><xmin>208</xmin><ymin>304</ymin><xmax>251</xmax><ymax>331</ymax></bndbox></object><relation><subject_id>1638636</subject_id><object_id>1638604</object_id><predicate>surrounding</predicate></relation><relation><subject_id>1638646</subject_id><object_id>1638612</object_id><predicate>on back of</predicate></relation></annotation>