<annotation><folder>VG_100K_2</folder><filename>1090.jpg</filename><source><database>Visual Genome Version 1.2</database><image_id>1090</image_id><coco_id>None</coco_id><flickr_id>None</flickr_id></source><size><width>600</width><height>450</height><depth>3</depth></size><segmented>0</segmented><object><name>bus</name><object_id>1066215</object_id><difficult>0</difficult><bndbox><xmin>139</xmin><ymin>57</ymin><xmax>340</xmax><ymax>177</ymax></bndbox><attribute>big</attribute><attribute>white</attribute><attribute>off</attribute><attribute>parked</attribute><attribute>wide</attribute></object><object><name>man</name><object_id>1066217</object_id><difficult>0</difficult><bndbox><xmin>378</xmin><ymin>141</ymin><xmax>410</xmax><ymax>173</ymax></bndbox><attribute>standing</attribute><attribute>tall</attribute><attribute>walking</attribute><attribute>black</attribute></object><object><name>street</name><object_id>1066219</object_id><difficult>0</difficult><bndbox><xmin>1</xmin><ymin>2</ymin><xmax>593</xmax><ymax>448</ymax></bndbox><attribute>dark grey</attribute><attribute>black</attribute><attribute>grey</attribute><attribute>silver</attribute><attribute>wet</attribute></object><relation><subject_id>1066217</subject_id><object_id>1066215</object_id><predicate>beside</predicate></relation><relation><subject_id>1066215</subject_id><object_id>1066219</object_id><predicate>top of</predicate></relation><relation><subject_id>1066215</subject_id><object_id>1066219</object_id><predicate>top of</predicate></relation><relation><subject_id>1066217</subject_id><object_id>1066215</object_id><predicate>walking towards</predicate></relation></annotation>