<annotation><folder>VG_100K_2</folder><filename>1091.jpg</filename><source><database>Visual Genome Version 1.2</database><image_id>1091</image_id><coco_id>None</coco_id><flickr_id>None</flickr_id></source><size><width>533</width><height>400</height><depth>3</depth></size><segmented>0</segmented><object><name>bus</name><object_id>3788553</object_id><difficult>0</difficult><bndbox><xmin>18</xmin><ymin>73</ymin><xmax>531</xmax><ymax>390</ymax></bndbox></object><object><name>people</name><object_id>3788552</object_id><difficult>0</difficult><bndbox><xmin>41</xmin><ymin>162</ymin><xmax>198</xmax><ymax>396</ymax></bndbox></object><object><name>people</name><object_id>3788551</object_id><difficult>0</difficult><bndbox><xmin>193</xmin><ymin>142</ymin><xmax>525</xmax><ymax>397</ymax></bndbox></object><object><name>people</name><object_id>3788550</object_id><difficult>0</difficult><bndbox><xmin>299</xmin><ymin>113</ymin><xmax>389</xmax><ymax>182</ymax></bndbox></object><object><name>windshield</name><object_id>1638694</object_id><difficult>0</difficult><bndbox><xmin>194</xmin><ymin>54</ymin><xmax>531</xmax><ymax>120</ymax></bndbox></object><object><name>mirror</name><object_id>1638693</object_id><difficult>0</difficult><bndbox><xmin>310</xmin><ymin>59</ymin><xmax>370</xmax><ymax>82</ymax></bndbox></object><relation><subject_id>3788552</subject_id><object_id>3788553</object_id><predicate>sitting on a</predicate></relation><relation><subject_id>3788551</subject_id><object_id>3788553</object_id><predicate>sitting on a</predicate></relation><relation><subject_id>3788550</subject_id><object_id>3788553</object_id><predicate>sitting on a</predicate></relation><relation><subject_id>1638693</subject_id><object_id>1638694</object_id><predicate>attached</predicate></relation></annotation>