<annotation><folder>VG_100K_2</folder><filename>1092.jpg</filename><source><database>Visual Genome Version 1.2</database><image_id>1092</image_id><coco_id>None</coco_id><flickr_id>None</flickr_id></source><size><width>640</width><height>427</height><depth>3</depth></size><segmented>0</segmented><object><name>guy</name><object_id>1541276</object_id><difficult>0</difficult><bndbox><xmin>376</xmin><ymin>171</ymin><xmax>431</xmax><ymax>218</ymax></bndbox></object><object><name>seat</name><object_id>1541275</object_id><difficult>0</difficult><bndbox><xmin>372</xmin><ymin>215</ymin><xmax>432</xmax><ymax>306</ymax></bndbox></object><object><name>seat</name><object_id>1541280</object_id><difficult>0</difficult><bndbox><xmin>139</xmin><ymin>227</ymin><xmax>237</xmax><ymax>411</ymax></bndbox></object><object><name>guy</name><object_id>1541277</object_id><difficult>0</difficult><bndbox><xmin>132</xmin><ymin>132</ymin><xmax>217</xmax><ymax>248</ymax></bndbox></object><relation><subject_id>1541276</subject_id><object_id>1541275</object_id><predicate>sitting on a</predicate></relation><relation><subject_id>1541277</subject_id><object_id>1541280</object_id><predicate>sitting on a</predicate></relation></annotation>