<annotation><folder>VG_100K_2</folder><filename>1093.jpg</filename><source><database>Visual Genome Version 1.2</database><image_id>1093</image_id><coco_id>None</coco_id><flickr_id>None</flickr_id></source><size><width>800</width><height>536</height><depth>3</depth></size><segmented>0</segmented><object><name>people</name><object_id>1626832</object_id><difficult>0</difficult><bndbox><xmin>364</xmin><ymin>173</ymin><xmax>542</xmax><ymax>359</ymax></bndbox></object><object><name>bus</name><object_id>3568637</object_id><difficult>0</difficult><bndbox><xmin>146</xmin><ymin>149</ymin><xmax>506</xmax><ymax>413</ymax></bndbox></object><relation><subject_id>1626832</subject_id><object_id>3568637</object_id><predicate>entering</predicate></relation></annotation>