<annotation><folder>VG_100K_2</folder><filename>1095.jpg</filename><source><database>Visual Genome Version 1.2</database><image_id>1095</image_id><coco_id>None</coco_id><flickr_id>None</flickr_id></source><size><width>800</width><height>600</height><depth>3</depth></size><segmented>0</segmented><object><name>candy</name><object_id>1066267</object_id><difficult>0</difficult><bndbox><xmin>62</xmin><ymin>137</ymin><xmax>111</xmax><ymax>204</ymax></bndbox><attribute>displayed</attribute></object><object><name>shelves</name><object_id>1066268</object_id><difficult>0</difficult><bndbox><xmin>9</xmin><ymin>21</ymin><xmax>782</xmax><ymax>598</ymax></bndbox><attribute>yellow</attribute></object><object><name>box</name><object_id>1066278</object_id><difficult>0</difficult><bndbox><xmin>150</xmin><ymin>145</ymin><xmax>222</xmax><ymax>209</ymax></bndbox><attribute>red</attribute></object><relation><subject_id>1066267</subject_id><object_id>1066268</object_id><predicate>top of</predicate></relation><relation><subject_id>1066278</subject_id><object_id>1066268</object_id><predicate>top of</predicate></relation></annotation>