<annotation><folder>VG_100K_2</folder><filename>1098.jpg</filename><source><database>Visual Genome Version 1.2</database><image_id>1098</image_id><coco_id>None</coco_id><flickr_id>None</flickr_id></source><size><width>690</width><height>463</height><depth>3</depth></size><segmented>0</segmented><object><name>lamp</name><object_id>4524844</object_id><difficult>0</difficult><bndbox><xmin>10</xmin><ymin>48</ymin><xmax>111</xmax><ymax>391</ymax></bndbox></object><object><name>dresser</name><object_id>4524845</object_id><difficult>0</difficult><bndbox><xmin>18</xmin><ymin>268</ymin><xmax>176</xmax><ymax>456</ymax></bndbox></object><object><name>blanket</name><object_id>4524846</object_id><difficult>0</difficult><bndbox><xmin>329</xmin><ymin>268</ymin><xmax>423</xmax><ymax>364</ymax></bndbox><attribute>white</attribute></object><object><name>bed</name><object_id>4524847</object_id><difficult>0</difficult><bndbox><xmin>284</xmin><ymin>178</ymin><xmax>577</xmax><ymax>425</ymax></bndbox></object><object><name>picture</name><object_id>4524850</object_id><difficult>0</difficult><bndbox><xmin>494</xmin><ymin>102</ymin><xmax>614</xmax><ymax>198</ymax></bndbox></object><object><name>wall</name><object_id>4524851</object_id><difficult>0</difficult><bndbox><xmin>460</xmin><ymin>61</ymin><xmax>680</xmax><ymax>286</ymax></bndbox></object><object><name>curtains</name><object_id>4524853</object_id><difficult>0</difficult><bndbox><xmin>163</xmin><ymin>60</ymin><xmax>357</xmax><ymax>135</ymax></bndbox></object><object><name>window</name><object_id>4524854</object_id><difficult>0</difficult><bndbox><xmin>171</xmin><ymin>86</ymin><xmax>351</xmax><ymax>275</ymax></bndbox></object><relation><subject_id>4524844</subject_id><object_id>4524845</object_id><predicate>top of</predicate></relation><relation><subject_id>4524846</subject_id><object_id>4524847</object_id><predicate>top of</predicate></relation><relation><subject_id>4524850</subject_id><object_id>4524851</object_id><predicate>hanging on a</predicate></relation><relation><subject_id>4524853</subject_id><object_id>4524854</object_id><predicate>hanging on a</predicate></relation></annotation>