<annotation><folder>VG_100K_2</folder><filename>1099.jpg</filename><source><database>Visual Genome Version 1.2</database><image_id>1099</image_id><coco_id>None</coco_id><flickr_id>None</flickr_id></source><size><width>690</width><height>459</height><depth>3</depth></size><segmented>0</segmented><object><name>circles</name><object_id>4524894</object_id><difficult>0</difficult><bndbox><xmin>517</xmin><ymin>28</ymin><xmax>688</xmax><ymax>167</ymax></bndbox></object><object><name>wall</name><object_id>4524895</object_id><difficult>0</difficult><bndbox><xmin>436</xmin><ymin>4</ymin><xmax>689</xmax><ymax>192</ymax></bndbox></object><relation><subject_id>4524894</subject_id><object_id>4524895</object_id><predicate>painted</predicate></relation></annotation>