<annotation><folder>VG_100K</folder><filename>11.jpg</filename><source><database>Visual Genome Version 1.2</database><image_id>11</image_id><coco_id>None</coco_id><flickr_id>None</flickr_id></source><size><width>800</width><height>600</height><depth>3</depth></size><segmented>0</segmented><object><name>desk</name><object_id>1060643</object_id><difficult>0</difficult><bndbox><xmin>17</xmin><ymin>154</ymin><xmax>605</xmax><ymax>263</ymax></bndbox></object><object><name>box</name><object_id>1060619</object_id><difficult>0</difficult><bndbox><xmin>10</xmin><ymin>285</ymin><xmax>174</xmax><ymax>418</ymax></bndbox><attribute>brown</attribute><attribute>cardboard</attribute></object><relation><subject_id>1060619</subject_id><object_id>1060643</object_id><predicate>under a</predicate></relation><relation><subject_id>1060619</subject_id><object_id>1060643</object_id><predicate>under a</predicate></relation><relation><subject_id>1060619</subject_id><object_id>1060643</object_id><predicate>under a</predicate></relation></annotation>