<annotation><folder>VG_100K_2</folder><filename>1101.jpg</filename><source><database>Visual Genome Version 1.2</database><image_id>1101</image_id><coco_id>None</coco_id><flickr_id>None</flickr_id></source><size><width>640</width><height>512</height><depth>3</depth></size><segmented>0</segmented><object><name>hair</name><object_id>1626852</object_id><difficult>0</difficult><bndbox><xmin>265</xmin><ymin>317</ymin><xmax>369</xmax><ymax>414</ymax></bndbox></object><object><name>head</name><object_id>3568718</object_id><difficult>0</difficult><bndbox><xmin>271</xmin><ymin>321</ymin><xmax>395</xmax><ymax>452</ymax></bndbox></object><relation><subject_id>1626852</subject_id><object_id>3568718</object_id><predicate>top of</predicate></relation></annotation>