<annotation><folder>VG_100K_2</folder><filename>1105.jpg</filename><source><database>Visual Genome Version 1.2</database><image_id>1105</image_id><coco_id>None</coco_id><flickr_id>None</flickr_id></source><size><width>800</width><height>545</height><depth>3</depth></size><segmented>0</segmented><object><name>corner</name><object_id>1541332</object_id><difficult>0</difficult><bndbox><xmin>6</xmin><ymin>22</ymin><xmax>38</xmax><ymax>540</ymax></bndbox></object><object><name>trash can</name><object_id>1541331</object_id><difficult>0</difficult><bndbox><xmin>19</xmin><ymin>465</ymin><xmax>51</xmax><ymax>514</ymax></bndbox><attribute>black</attribute></object><relation><subject_id>1541331</subject_id><object_id>1541332</object_id><predicate>sitting on a</predicate></relation></annotation>