<annotation><folder>VG_100K_2</folder><filename>1106.jpg</filename><source><database>Visual Genome Version 1.2</database><image_id>1106</image_id><coco_id>None</coco_id><flickr_id>None</flickr_id></source><size><width>800</width><height>601</height><depth>3</depth></size><segmented>0</segmented><object><name>table</name><object_id>3788565</object_id><difficult>0</difficult><bndbox><xmin>423</xmin><ymin>356</ymin><xmax>776</xmax><ymax>396</ymax></bndbox></object><object><name>chair</name><object_id>1031250</object_id><difficult>0</difficult><bndbox><xmin>398</xmin><ymin>380</ymin><xmax>530</xmax><ymax>572</ymax></bndbox><attribute>metal</attribute><attribute>row</attribute><attribute>black</attribute><attribute>plastic</attribute></object><object><name>cart</name><object_id>3788568</object_id><difficult>0</difficult><bndbox><xmin>676</xmin><ymin>229</ymin><xmax>761</xmax><ymax>290</ymax></bndbox></object><object><name>television</name><object_id>1031251</object_id><difficult>0</difficult><bndbox><xmin>679</xmin><ymin>166</ymin><xmax>745</xmax><ymax>232</ymax></bndbox><attribute>old</attribute><attribute>black</attribute></object><object><name>wall</name><object_id>3788569</object_id><difficult>0</difficult><bndbox><xmin>5</xmin><ymin>80</ymin><xmax>294</xmax><ymax>274</ymax></bndbox></object><object><name>screen</name><object_id>1031252</object_id><difficult>0</difficult><bndbox><xmin>362</xmin><ymin>111</ymin><xmax>591</xmax><ymax>288</ymax></bndbox><attribute>white</attribute></object><object><name>light fixture</name><object_id>3788570</object_id><difficult>0</difficult><bndbox><xmin>312</xmin><ymin>27</ymin><xmax>429</xmax><ymax>72</ymax></bndbox></object><object><name>ceiling</name><object_id>1031253</object_id><difficult>0</difficult><bndbox><xmin>3</xmin><ymin>5</ymin><xmax>798</xmax><ymax>113</ymax></bndbox><attribute>beige</attribute></object><object><name>light fixture</name><object_id>3788572</object_id><difficult>0</difficult><bndbox><xmin>0</xmin><ymin>5</ymin><xmax>98</xmax><ymax>45</ymax></bndbox></object><object><name>room</name><object_id>3788573</object_id><difficult>0</difficult><bndbox><xmin>1</xmin><ymin>1</ymin><xmax>753</xmax><ymax>593</ymax></bndbox></object><object><name>table</name><object_id>1031254</object_id><difficult>0</difficult><bndbox><xmin>1</xmin><ymin>338</ymin><xmax>319</xmax><ymax>511</ymax></bndbox><attribute>brown</attribute></object><object><name>light fixture</name><object_id>3788574</object_id><difficult>0</difficult><bndbox><xmin>311</xmin><ymin>29</ymin><xmax>433</xmax><ymax>75</ymax></bndbox></object><object><name>desk</name><object_id>1031255</object_id><difficult>0</difficult><bndbox><xmin>2</xmin><ymin>342</ymin><xmax>319</xmax><ymax>511</ymax></bndbox><attribute>light brown</attribute><attribute>rectangle</attribute></object><object><name>stand</name><object_id>1031257</object_id><difficult>0</difficult><bndbox><xmin>679</xmin><ymin>229</ymin><xmax>754</xmax><ymax>296</ymax></bndbox><attribute>black</attribute></object><object><name>light fixture</name><object_id>3788579</object_id><difficult>0</difficult><bndbox><xmin>583</xmin><ymin>66</ymin><xmax>639</xmax><ymax>105</ymax></bndbox></object><object><name>leg</name><object_id>3788580</object_id><difficult>0</difficult><bndbox><xmin>394</xmin><ymin>466</ymin><xmax>420</xmax><ymax>569</ymax></bndbox><attribute>metal</attribute></object><object><name>tv</name><object_id>3788582</object_id><difficult>0</difficult><bndbox><xmin>677</xmin><ymin>162</ymin><xmax>743</xmax><ymax>233</ymax></bndbox></object><object><name>floor</name><object_id>3788583</object_id><difficult>0</difficult><bndbox><xmin>186</xmin><ymin>541</ymin><xmax>389</xmax><ymax>599</ymax></bndbox></object><object><name>wall</name><object_id>1031259</object_id><difficult>0</difficult><bndbox><xmin>4</xmin><ymin>75</ymin><xmax>799</xmax><ymax>385</ymax></bndbox><attribute>white</attribute></object><relation><subject_id>1031250</subject_id><object_id>3788565</object_id><predicate>against</predicate></relation><relation><subject_id>1031250</subject_id><object_id>3788565</object_id><predicate>against</predicate></relation><relation><subject_id>1031250</subject_id><object_id>3788565</object_id><predicate>against</predicate></relation><relation><subject_id>1031251</subject_id><object_id>3788568</object_id><predicate>top of</predicate></relation><relation><subject_id>1031252</subject_id><object_id>3788569</object_id><predicate>mounted on</predicate></relation><relation><subject_id>3788570</subject_id><object_id>1031253</object_id><predicate>mounted on</predicate></relation><relation><subject_id>3788570</subject_id><object_id>1031253</object_id><predicate>mounted on</predicate></relation><relation><subject_id>3788572</subject_id><object_id>1031253</object_id><predicate>mounted on</predicate></relation><relation><subject_id>3788574</subject_id><object_id>1031253</object_id><predicate>mounted on</predicate></relation><relation><subject_id>1031250</subject_id><object_id>3788573</object_id><predicate>sitting on a</predicate></relation><relation><subject_id>1031255</subject_id><object_id>3788573</object_id><predicate>are inside</predicate></relation><relation><subject_id>1031257</subject_id><object_id>3788573</object_id><predicate>sitting on a</predicate></relation><relation><subject_id>3788579</subject_id><object_id>1031253</object_id><predicate>mounted on</predicate></relation><relation><subject_id>3788580</subject_id><object_id>1031250</object_id><predicate>attached</predicate></relation><relation><subject_id>3788582</subject_id><object_id>1031257</object_id><predicate>displayed on</predicate></relation><relation><subject_id>3788582</subject_id><object_id>1031257</object_id><predicate>top of</predicate></relation><relation><subject_id>1031250</subject_id><object_id>3788583</object_id><predicate>top of</predicate></relation><relation><subject_id>1031250</subject_id><object_id>3788583</object_id><predicate>sitting on a</predicate></relation><relation><subject_id>1031259</subject_id><object_id>3788573</object_id><predicate>are inside</predicate></relation><relation><subject_id>1031251</subject_id><object_id>1031257</object_id><predicate>top of</predicate></relation><relation><subject_id>1031254</subject_id><object_id>3788573</object_id><predicate>are inside</predicate></relation></annotation>