<annotation><folder>VG_100K_2</folder><filename>1107.jpg</filename><source><database>Visual Genome Version 1.2</database><image_id>1107</image_id><coco_id>None</coco_id><flickr_id>None</flickr_id></source><size><width>800</width><height>627</height><depth>3</depth></size><segmented>0</segmented><object><name>shelf</name><object_id>1541343</object_id><difficult>0</difficult><bndbox><xmin>176</xmin><ymin>97</ymin><xmax>621</xmax><ymax>111</ymax></bndbox></object><object><name>pillows</name><object_id>1541342</object_id><difficult>0</difficult><bndbox><xmin>400</xmin><ymin>38</ymin><xmax>547</xmax><ymax>112</ymax></bndbox><attribute>white</attribute></object><relation><subject_id>1541342</subject_id><object_id>1541343</object_id><predicate>top of</predicate></relation></annotation>