<annotation><folder>VG_100K_2</folder><filename>1108.jpg</filename><source><database>Visual Genome Version 1.2</database><image_id>1108</image_id><coco_id>None</coco_id><flickr_id>None</flickr_id></source><size><width>800</width><height>533</height><depth>3</depth></size><segmented>0</segmented><object><name>computer</name><object_id>1066296</object_id><difficult>0</difficult><bndbox><xmin>228</xmin><ymin>152</ymin><xmax>346</xmax><ymax>282</ymax></bndbox><attribute>large</attribute><attribute>white</attribute><attribute>black</attribute></object><object><name>desk</name><object_id>1066299</object_id><difficult>0</difficult><bndbox><xmin>208</xmin><ymin>243</ymin><xmax>596</xmax><ymax>322</ymax></bndbox><attribute>white</attribute></object><object><name>keyboard</name><object_id>1066302</object_id><difficult>0</difficult><bndbox><xmin>220</xmin><ymin>271</ymin><xmax>329</xmax><ymax>303</ymax></bndbox><attribute>white</attribute></object><relation><subject_id>1066302</subject_id><object_id>1066299</object_id><predicate>sitting on a</predicate></relation><relation><subject_id>1066299</subject_id><object_id>1066296</object_id><predicate>under a</predicate></relation></annotation>