<annotation><folder>VG_100K_2</folder><filename>1110.jpg</filename><source><database>Visual Genome Version 1.2</database><image_id>1110</image_id><coco_id>None</coco_id><flickr_id>None</flickr_id></source><size><width>800</width><height>600</height><depth>3</depth></size><segmented>0</segmented><object><name>table</name><object_id>1066310</object_id><difficult>0</difficult><bndbox><xmin>0</xmin><ymin>262</ymin><xmax>459</xmax><ymax>395</ymax></bndbox></object><object><name>computer</name><object_id>1066309</object_id><difficult>0</difficult><bndbox><xmin>263</xmin><ymin>219</ymin><xmax>341</xmax><ymax>304</ymax></bndbox><attribute>black</attribute></object><object><name>monitor</name><object_id>1066312</object_id><difficult>0</difficult><bndbox><xmin>195</xmin><ymin>231</ymin><xmax>263</xmax><ymax>309</ymax></bndbox><attribute>black</attribute><attribute>silver</attribute></object><object><name>outlet</name><object_id>1066314</object_id><difficult>0</difficult><bndbox><xmin>407</xmin><ymin>221</ymin><xmax>439</xmax><ymax>248</ymax></bndbox><attribute>electrical</attribute></object><object><name>wall</name><object_id>1066313</object_id><difficult>0</difficult><bndbox><xmin>394</xmin><ymin>0</ymin><xmax>470</xmax><ymax>368</ymax></bndbox></object><object><name>paper</name><object_id>1066322</object_id><difficult>0</difficult><bndbox><xmin>111</xmin><ymin>214</ymin><xmax>169</xmax><ymax>233</ymax></bndbox></object><object><name>computer</name><object_id>1066323</object_id><difficult>0</difficult><bndbox><xmin>106</xmin><ymin>232</ymin><xmax>197</xmax><ymax>332</ymax></bndbox></object><relation><subject_id>1066309</subject_id><object_id>1066310</object_id><predicate>top of</predicate></relation><relation><subject_id>1066309</subject_id><object_id>1066310</object_id><predicate>top of</predicate></relation><relation><subject_id>1066312</subject_id><object_id>1066310</object_id><predicate>top of</predicate></relation><relation><subject_id>1066314</subject_id><object_id>1066313</object_id><predicate>hanging on a</predicate></relation><relation><subject_id>1066309</subject_id><object_id>1066310</object_id><predicate>top of</predicate></relation><relation><subject_id>1066322</subject_id><object_id>1066323</object_id><predicate>top of</predicate></relation></annotation>