<annotation><folder>VG_100K_2</folder><filename>1112.jpg</filename><source><database>Visual Genome Version 1.2</database><image_id>1112</image_id><coco_id>None</coco_id><flickr_id>None</flickr_id></source><size><width>624</width><height>497</height><depth>3</depth></size><segmented>0</segmented><object><name>ceiling</name><object_id>1626910</object_id><difficult>0</difficult><bndbox><xmin>0</xmin><ymin>0</ymin><xmax>622</xmax><ymax>198</ymax></bndbox><attribute>brown</attribute></object><object><name>speaker</name><object_id>1626908</object_id><difficult>0</difficult><bndbox><xmin>402</xmin><ymin>72</ymin><xmax>443</xmax><ymax>145</ymax></bndbox></object><relation><subject_id>1626908</subject_id><object_id>1626910</object_id><predicate>hanging on a</predicate></relation></annotation>