<annotation><folder>VG_100K_2</folder><filename>1114.jpg</filename><source><database>Visual Genome Version 1.2</database><image_id>1114</image_id><coco_id>None</coco_id><flickr_id>None</flickr_id></source><size><width>480</width><height>385</height><depth>3</depth></size><segmented>0</segmented><object><name>building</name><object_id>3569131</object_id><difficult>0</difficult><bndbox><xmin>90</xmin><ymin>5</ymin><xmax>479</xmax><ymax>360</ymax></bndbox><attribute>brick</attribute></object><object><name>bush</name><object_id>1638841</object_id><difficult>0</difficult><bndbox><xmin>99</xmin><ymin>320</ymin><xmax>124</xmax><ymax>350</ymax></bndbox></object><relation><subject_id>1638841</subject_id><object_id>3569131</object_id><predicate>beside</predicate></relation></annotation>