<annotation><folder>VG_100K_2</folder><filename>1115.jpg</filename><source><database>Visual Genome Version 1.2</database><image_id>1115</image_id><coco_id>None</coco_id><flickr_id>None</flickr_id></source><size><width>800</width><height>532</height><depth>3</depth></size><segmented>0</segmented><object><name>cows</name><object_id>1066325</object_id><difficult>0</difficult><bndbox><xmin>327</xmin><ymin>430</ymin><xmax>543</xmax><ymax>505</ymax></bndbox><attribute>close</attribute><attribute>laying</attribute><attribute>sitting</attribute></object><object><name>grass</name><object_id>1066326</object_id><difficult>0</difficult><bndbox><xmin>77</xmin><ymin>441</ymin><xmax>186</xmax><ymax>523</ymax></bndbox><attribute>smooth</attribute><attribute>green</attribute></object><object><name>grass</name><object_id>3788608</object_id><difficult>0</difficult><bndbox><xmin>4</xmin><ymin>344</ymin><xmax>773</xmax><ymax>528</ymax></bndbox></object><relation><subject_id>1066325</subject_id><object_id>1066326</object_id><predicate>top of</predicate></relation><relation><subject_id>1066325</subject_id><object_id>3788608</object_id><predicate>sitting on a</predicate></relation><relation><subject_id>1066325</subject_id><object_id>3788608</object_id><predicate>sitting on a</predicate></relation></annotation>