<annotation><folder>VG_100K_2</folder><filename>1116.jpg</filename><source><database>Visual Genome Version 1.2</database><image_id>1116</image_id><coco_id>None</coco_id><flickr_id>None</flickr_id></source><size><width>542</width><height>801</height><depth>3</depth></size><segmented>0</segmented><object><name>man</name><object_id>1066333</object_id><difficult>0</difficult><bndbox><xmin>287</xmin><ymin>287</ymin><xmax>400</xmax><ymax>332</ymax></bndbox></object><object><name>snow</name><object_id>1066334</object_id><difficult>0</difficult><bndbox><xmin>361</xmin><ymin>323</ymin><xmax>535</xmax><ymax>494</ymax></bndbox></object><relation><subject_id>1066333</subject_id><object_id>1066334</object_id><predicate>laying in</predicate></relation><relation><subject_id>1066333</subject_id><object_id>1066334</object_id><predicate>laying in</predicate></relation></annotation>