<annotation><folder>VG_100K_2</folder><filename>1118.jpg</filename><source><database>Visual Genome Version 1.2</database><image_id>1118</image_id><coco_id>None</coco_id><flickr_id>None</flickr_id></source><size><width>500</width><height>375</height><depth>3</depth></size><segmented>0</segmented><object><name>fridge</name><object_id>4306290</object_id><difficult>0</difficult><bndbox><xmin>152</xmin><ymin>24</ymin><xmax>337</xmax><ymax>354</ymax></bndbox></object><object><name>drink</name><object_id>4306291</object_id><difficult>0</difficult><bndbox><xmin>230</xmin><ymin>198</ymin><xmax>243</xmax><ymax>238</ymax></bndbox></object><object><name>drink</name><object_id>4306292</object_id><difficult>0</difficult><bndbox><xmin>206</xmin><ymin>71</ymin><xmax>218</xmax><ymax>103</ymax></bndbox></object><object><name>drink</name><object_id>4306293</object_id><difficult>0</difficult><bndbox><xmin>269</xmin><ymin>94</ymin><xmax>281</xmax><ymax>127</ymax></bndbox></object><object><name>drink</name><object_id>4306294</object_id><difficult>0</difficult><bndbox><xmin>197</xmin><ymin>153</ymin><xmax>211</xmax><ymax>190</ymax></bndbox></object><object><name>drink</name><object_id>4306295</object_id><difficult>0</difficult><bndbox><xmin>285</xmin><ymin>131</ymin><xmax>298</xmax><ymax>166</ymax></bndbox></object><object><name>bottle</name><object_id>4306300</object_id><difficult>0</difficult><bndbox><xmin>205</xmin><ymin>119</ymin><xmax>217</xmax><ymax>150</ymax></bndbox><attribute>plastic</attribute></object><object><name>bottle</name><object_id>4306301</object_id><difficult>0</difficult><bndbox><xmin>216</xmin><ymin>118</ymin><xmax>228</xmax><ymax>150</ymax></bndbox><attribute>plastic</attribute></object><object><name>bottle</name><object_id>4306302</object_id><difficult>0</difficult><bndbox><xmin>225</xmin><ymin>118</ymin><xmax>240</xmax><ymax>150</ymax></bndbox><attribute>plastic</attribute></object><object><name>bottle</name><object_id>4306303</object_id><difficult>0</difficult><bndbox><xmin>236</xmin><ymin>119</ymin><xmax>250</xmax><ymax>155</ymax></bndbox><attribute>plastic</attribute></object><object><name>juice</name><object_id>4306304</object_id><difficult>0</difficult><bndbox><xmin>203</xmin><ymin>121</ymin><xmax>218</xmax><ymax>148</ymax></bndbox><attribute>orange</attribute></object><object><name>juice</name><object_id>4306305</object_id><difficult>0</difficult><bndbox><xmin>215</xmin><ymin>122</ymin><xmax>228</xmax><ymax>151</ymax></bndbox><attribute>orange</attribute></object><object><name>juice</name><object_id>4306306</object_id><difficult>0</difficult><bndbox><xmin>227</xmin><ymin>124</ymin><xmax>241</xmax><ymax>149</ymax></bndbox><attribute>orange</attribute></object><object><name>juice</name><object_id>4306307</object_id><difficult>0</difficult><bndbox><xmin>236</xmin><ymin>123</ymin><xmax>250</xmax><ymax>151</ymax></bndbox><attribute>orange</attribute></object><object><name>bag</name><object_id>4306314</object_id><difficult>0</difficult><bndbox><xmin>392</xmin><ymin>64</ymin><xmax>443</xmax><ymax>158</ymax></bndbox></object><object><name>pepper</name><object_id>4306316</object_id><difficult>0</difficult><bndbox><xmin>407</xmin><ymin>132</ymin><xmax>437</xmax><ymax>142</ymax></bndbox></object><relation><subject_id>4306291</subject_id><object_id>4306290</object_id><predicate>are inside</predicate></relation><relation><subject_id>4306292</subject_id><object_id>4306290</object_id><predicate>are inside</predicate></relation><relation><subject_id>4306293</subject_id><object_id>4306290</object_id><predicate>are inside</predicate></relation><relation><subject_id>4306294</subject_id><object_id>4306290</object_id><predicate>are inside</predicate></relation><relation><subject_id>4306295</subject_id><object_id>4306290</object_id><predicate>are inside</predicate></relation><relation><subject_id>4306300</subject_id><object_id>4306304</object_id><predicate>containing</predicate></relation><relation><subject_id>4306301</subject_id><object_id>4306305</object_id><predicate>containing</predicate></relation><relation><subject_id>4306302</subject_id><object_id>4306306</object_id><predicate>containing</predicate></relation><relation><subject_id>4306303</subject_id><object_id>4306307</object_id><predicate>containing</predicate></relation><relation><subject_id>4306316</subject_id><object_id>4306314</object_id><predicate>printed on</predicate></relation></annotation>