<annotation><folder>VG_100K_2</folder><filename>1119.jpg</filename><source><database>Visual Genome Version 1.2</database><image_id>1119</image_id><coco_id>None</coco_id><flickr_id>None</flickr_id></source><size><width>500</width><height>335</height><depth>3</depth></size><segmented>0</segmented><object><name>man</name><object_id>1541409</object_id><difficult>0</difficult><bndbox><xmin>0</xmin><ymin>25</ymin><xmax>95</xmax><ymax>145</ymax></bndbox></object><object><name>counter</name><object_id>1541410</object_id><difficult>0</difficult><bndbox><xmin>107</xmin><ymin>247</ymin><xmax>304</xmax><ymax>334</ymax></bndbox><attribute>green</attribute></object><relation><subject_id>1541409</subject_id><object_id>1541410</object_id><predicate>leaning on</predicate></relation></annotation>