<annotation><folder>VG_100K_2</folder><filename>1122.jpg</filename><source><database>Visual Genome Version 1.2</database><image_id>1122</image_id><coco_id>None</coco_id><flickr_id>None</flickr_id></source><size><width>256</width><height>256</height><depth>3</depth></size><segmented>0</segmented><object><name>table</name><object_id>1627002</object_id><difficult>0</difficult><bndbox><xmin>79</xmin><ymin>112</ymin><xmax>227</xmax><ymax>236</ymax></bndbox><attribute>wooden</attribute></object><object><name>candle</name><object_id>1627001</object_id><difficult>0</difficult><bndbox><xmin>159</xmin><ymin>81</ymin><xmax>163</xmax><ymax>103</ymax></bndbox></object><object><name>table</name><object_id>1627005</object_id><difficult>0</difficult><bndbox><xmin>78</xmin><ymin>112</ymin><xmax>229</xmax><ymax>242</ymax></bndbox><attribute>round</attribute></object><object><name>chair</name><object_id>1627006</object_id><difficult>0</difficult><bndbox><xmin>53</xmin><ymin>119</ymin><xmax>146</xmax><ymax>255</ymax></bndbox><attribute>brown</attribute></object><object><name>candle</name><object_id>1627032</object_id><difficult>0</difficult><bndbox><xmin>117</xmin><ymin>69</ymin><xmax>126</xmax><ymax>120</ymax></bndbox></object><object><name>candle</name><object_id>1627035</object_id><difficult>0</difficult><bndbox><xmin>142</xmin><ymin>78</ymin><xmax>152</xmax><ymax>125</ymax></bndbox></object><object><name>rug</name><object_id>1627037</object_id><difficult>0</difficult><bndbox><xmin>0</xmin><ymin>153</ymin><xmax>255</xmax><ymax>255</ymax></bndbox></object><object><name>chair</name><object_id>1627036</object_id><difficult>0</difficult><bndbox><xmin>165</xmin><ymin>114</ymin><xmax>254</xmax><ymax>246</ymax></bndbox><attribute>wooden</attribute></object><relation><subject_id>1627001</subject_id><object_id>1627002</object_id><predicate>top of</predicate></relation><relation><subject_id>1627006</subject_id><object_id>1627005</object_id><predicate>on end of</predicate></relation><relation><subject_id>1627032</subject_id><object_id>1627005</object_id><predicate>sitting on a</predicate></relation><relation><subject_id>1627035</subject_id><object_id>1627005</object_id><predicate>sitting on a</predicate></relation><relation><subject_id>1627036</subject_id><object_id>1627037</object_id><predicate>touching</predicate></relation></annotation>