<annotation><folder>VG_100K_2</folder><filename>1129.jpg</filename><source><database>Visual Genome Version 1.2</database><image_id>1129</image_id><coco_id>None</coco_id><flickr_id>None</flickr_id></source><size><width>640</width><height>480</height><depth>3</depth></size><segmented>0</segmented><object><name>field</name><object_id>1031273</object_id><difficult>0</difficult><bndbox><xmin>195</xmin><ymin>217</ymin><xmax>386</xmax><ymax>243</ymax></bndbox></object><object><name>tree</name><object_id>1031283</object_id><difficult>0</difficult><bndbox><xmin>310</xmin><ymin>36</ymin><xmax>415</xmax><ymax>222</ymax></bndbox></object><relation><subject_id>1031283</subject_id><object_id>1031273</object_id><predicate>bordering</predicate></relation></annotation>