<annotation><folder>VG_100K_2</folder><filename>1130.jpg</filename><source><database>Visual Genome Version 1.2</database><image_id>1130</image_id><coco_id>None</coco_id><flickr_id>None</flickr_id></source><size><width>500</width><height>375</height><depth>3</depth></size><segmented>0</segmented><object><name>tomatoes</name><object_id>1031291</object_id><difficult>0</difficult><bndbox><xmin>70</xmin><ymin>220</ymin><xmax>200</xmax><ymax>281</ymax></bndbox><attribute>small</attribute></object><object><name>table</name><object_id>1031292</object_id><difficult>0</difficult><bndbox><xmin>5</xmin><ymin>184</ymin><xmax>122</xmax><ymax>225</ymax></bndbox></object><object><name>cloth</name><object_id>1031317</object_id><difficult>0</difficult><bndbox><xmin>15</xmin><ymin>223</ymin><xmax>247</xmax><ymax>282</ymax></bndbox><attribute>green</attribute></object><relation><subject_id>1031291</subject_id><object_id>1031292</object_id><predicate>top of</predicate></relation><relation><subject_id>1031317</subject_id><object_id>1031291</object_id><predicate>under a</predicate></relation><relation><subject_id>1031291</subject_id><object_id>1031292</object_id><predicate>laying in</predicate></relation><relation><subject_id>1031291</subject_id><object_id>1031292</object_id><predicate>laying in</predicate></relation><relation><subject_id>1031291</subject_id><object_id>1031292</object_id><predicate>laying in</predicate></relation></annotation>