<annotation><folder>VG_100K_2</folder><filename>114.jpg</filename><source><database>Visual Genome Version 1.2</database><image_id>114</image_id><coco_id>None</coco_id><flickr_id>None</flickr_id></source><size><width>256</width><height>256</height><depth>3</depth></size><segmented>0</segmented><object><name>woman</name><object_id>1025949</object_id><difficult>0</difficult><bndbox><xmin>2</xmin><ymin>43</ymin><xmax>119</xmax><ymax>256</ymax></bndbox><attribute>blonde</attribute></object><object><name>man</name><object_id>1025950</object_id><difficult>0</difficult><bndbox><xmin>53</xmin><ymin>9</ymin><xmax>255</xmax><ymax>256</ymax></bndbox></object><object><name>hand</name><object_id>1025960</object_id><difficult>0</difficult><bndbox><xmin>38</xmin><ymin>176</ymin><xmax>69</xmax><ymax>210</ymax></bndbox></object><object><name>pocket</name><object_id>1025963</object_id><difficult>0</difficult><bndbox><xmin>45</xmin><ymin>190</ymin><xmax>67</xmax><ymax>213</ymax></bndbox></object><relation><subject_id>1025950</subject_id><object_id>1025949</object_id><predicate>talking on</predicate></relation><relation><subject_id>1025960</subject_id><object_id>1025963</object_id><predicate>are inside</predicate></relation><relation><subject_id>1025950</subject_id><object_id>1025949</object_id><predicate>talking on</predicate></relation></annotation>