<annotation><folder>VG_100K_2</folder><filename>1140.jpg</filename><source><database>Visual Genome Version 1.2</database><image_id>1140</image_id><coco_id>None</coco_id><flickr_id>None</flickr_id></source><size><width>640</width><height>480</height><depth>3</depth></size><segmented>0</segmented><object><name>ceiling</name><object_id>1627057</object_id><difficult>0</difficult><bndbox><xmin>2</xmin><ymin>2</ymin><xmax>638</xmax><ymax>136</ymax></bndbox><attribute>white</attribute></object><object><name>sign</name><object_id>1627056</object_id><difficult>0</difficult><bndbox><xmin>47</xmin><ymin>116</ymin><xmax>81</xmax><ymax>125</ymax></bndbox><attribute>blue</attribute><attribute>white</attribute></object><object><name>man</name><object_id>1627119</object_id><difficult>0</difficult><bndbox><xmin>208</xmin><ymin>225</ymin><xmax>262</xmax><ymax>287</ymax></bndbox></object><object><name>woman</name><object_id>1627120</object_id><difficult>0</difficult><bndbox><xmin>218</xmin><ymin>217</ymin><xmax>260</xmax><ymax>255</ymax></bndbox></object><object><name>table</name><object_id>3635019</object_id><difficult>0</difficult><bndbox><xmin>66</xmin><ymin>262</ymin><xmax>406</xmax><ymax>365</ymax></bndbox></object><relation><subject_id>1627056</subject_id><object_id>1627057</object_id><predicate>hanging on a</predicate></relation><relation><subject_id>1627120</subject_id><object_id>3635019</object_id><predicate>sitting on a</predicate></relation><relation><subject_id>1627119</subject_id><object_id>3635019</object_id><predicate>sitting on a</predicate></relation></annotation>