<annotation><folder>VG_100K_2</folder><filename>1141.jpg</filename><source><database>Visual Genome Version 1.2</database><image_id>1141</image_id><coco_id>None</coco_id><flickr_id>None</flickr_id></source><size><width>800</width><height>534</height><depth>3</depth></size><segmented>0</segmented><object><name>fountain</name><object_id>1731430</object_id><difficult>0</difficult><bndbox><xmin>479</xmin><ymin>206</ymin><xmax>673</xmax><ymax>249</ymax></bndbox></object><object><name>garden</name><object_id>1731431</object_id><difficult>0</difficult><bndbox><xmin>289</xmin><ymin>158</ymin><xmax>780</xmax><ymax>336</ymax></bndbox></object><relation><subject_id>1731430</subject_id><object_id>1731431</object_id><predicate>in middle of</predicate></relation></annotation>