<annotation><folder>VG_100K_2</folder><filename>1142.jpg</filename><source><database>Visual Genome Version 1.2</database><image_id>1142</image_id><coco_id>None</coco_id><flickr_id>None</flickr_id></source><size><width>640</width><height>427</height><depth>3</depth></size><segmented>0</segmented><object><name>ceiling</name><object_id>1541439</object_id><difficult>0</difficult><bndbox><xmin>164</xmin><ymin>7</ymin><xmax>538</xmax><ymax>152</ymax></bndbox></object><object><name>pot</name><object_id>3569007</object_id><difficult>0</difficult><bndbox><xmin>171</xmin><ymin>71</ymin><xmax>240</xmax><ymax>136</ymax></bndbox></object><object><name>pot</name><object_id>3569008</object_id><difficult>0</difficult><bndbox><xmin>208</xmin><ymin>124</ymin><xmax>272</xmax><ymax>163</ymax></bndbox></object><object><name>pot</name><object_id>3569009</object_id><difficult>0</difficult><bndbox><xmin>234</xmin><ymin>67</ymin><xmax>296</xmax><ymax>136</ymax></bndbox></object><object><name>pot</name><object_id>3569010</object_id><difficult>0</difficult><bndbox><xmin>270</xmin><ymin>64</ymin><xmax>327</xmax><ymax>140</ymax></bndbox></object><object><name>pot</name><object_id>3569011</object_id><difficult>0</difficult><bndbox><xmin>315</xmin><ymin>104</ymin><xmax>370</xmax><ymax>157</ymax></bndbox></object><object><name>kitchen</name><object_id>1541443</object_id><difficult>0</difficult><bndbox><xmin>33</xmin><ymin>41</ymin><xmax>634</xmax><ymax>374</ymax></bndbox></object><object><name>window</name><object_id>3569013</object_id><difficult>0</difficult><bndbox><xmin>0</xmin><ymin>160</ymin><xmax>36</xmax><ymax>226</ymax></bndbox></object><object><name>window</name><object_id>3569014</object_id><difficult>0</difficult><bndbox><xmin>54</xmin><ymin>169</ymin><xmax>112</xmax><ymax>233</ymax></bndbox></object><object><name>window</name><object_id>3569015</object_id><difficult>0</difficult><bndbox><xmin>131</xmin><ymin>188</ymin><xmax>170</xmax><ymax>234</ymax></bndbox></object><object><name>window</name><object_id>3569016</object_id><difficult>0</difficult><bndbox><xmin>484</xmin><ymin>196</ymin><xmax>525</xmax><ymax>248</ymax></bndbox></object><object><name>ceiling</name><object_id>1541446</object_id><difficult>0</difficult><bndbox><xmin>480</xmin><ymin>47</ymin><xmax>618</xmax><ymax>139</ymax></bndbox></object><object><name>light</name><object_id>1541445</object_id><difficult>0</difficult><bndbox><xmin>528</xmin><ymin>63</ymin><xmax>563</xmax><ymax>106</ymax></bndbox></object><object><name>table</name><object_id>1541448</object_id><difficult>0</difficult><bndbox><xmin>40</xmin><ymin>250</ymin><xmax>478</xmax><ymax>422</ymax></bndbox><attribute>metal</attribute></object><object><name>leg</name><object_id>3569017</object_id><difficult>0</difficult><bndbox><xmin>345</xmin><ymin>282</ymin><xmax>368</xmax><ymax>425</ymax></bndbox></object><object><name>leg</name><object_id>3569018</object_id><difficult>0</difficult><bndbox><xmin>235</xmin><ymin>374</ymin><xmax>265</xmax><ymax>422</ymax></bndbox></object><object><name>leg</name><object_id>3569019</object_id><difficult>0</difficult><bndbox><xmin>28</xmin><ymin>366</ymin><xmax>47</xmax><ymax>425</ymax></bndbox></object><object><name>ceiling</name><object_id>1541450</object_id><difficult>0</difficult><bndbox><xmin>231</xmin><ymin>31</ymin><xmax>628</xmax><ymax>143</ymax></bndbox></object><object><name>pot</name><object_id>1541449</object_id><difficult>0</difficult><bndbox><xmin>231</xmin><ymin>71</ymin><xmax>297</xmax><ymax>139</ymax></bndbox></object><object><name>ceiling</name><object_id>1541452</object_id><difficult>0</difficult><bndbox><xmin>75</xmin><ymin>15</ymin><xmax>584</xmax><ymax>163</ymax></bndbox></object><object><name>pot</name><object_id>1541451</object_id><difficult>0</difficult><bndbox><xmin>311</xmin><ymin>114</ymin><xmax>379</xmax><ymax>163</ymax></bndbox></object><object><name>ceiling</name><object_id>1541454</object_id><difficult>0</difficult><bndbox><xmin>62</xmin><ymin>9</ymin><xmax>565</xmax><ymax>147</ymax></bndbox></object><object><name>pot</name><object_id>1541453</object_id><difficult>0</difficult><bndbox><xmin>260</xmin><ymin>133</ymin><xmax>305</xmax><ymax>162</ymax></bndbox></object><object><name>ceiling</name><object_id>1541456</object_id><difficult>0</difficult><bndbox><xmin>129</xmin><ymin>31</ymin><xmax>597</xmax><ymax>138</ymax></bndbox></object><object><name>pot</name><object_id>1541455</object_id><difficult>0</difficult><bndbox><xmin>262</xmin><ymin>88</ymin><xmax>326</xmax><ymax>146</ymax></bndbox></object><object><name>ceiling</name><object_id>1541458</object_id><difficult>0</difficult><bndbox><xmin>26</xmin><ymin>43</ymin><xmax>627</xmax><ymax>168</ymax></bndbox></object><object><name>pot</name><object_id>1541457</object_id><difficult>0</difficult><bndbox><xmin>330</xmin><ymin>124</ymin><xmax>379</xmax><ymax>178</ymax></bndbox></object><object><name>ceiling</name><object_id>1541460</object_id><difficult>0</difficult><bndbox><xmin>119</xmin><ymin>39</ymin><xmax>636</xmax><ymax>146</ymax></bndbox></object><object><name>pot</name><object_id>1541459</object_id><difficult>0</difficult><bndbox><xmin>314</xmin><ymin>116</ymin><xmax>371</xmax><ymax>182</ymax></bndbox></object><object><name>counter</name><object_id>1541462</object_id><difficult>0</difficult><bndbox><xmin>126</xmin><ymin>211</ymin><xmax>324</xmax><ymax>304</ymax></bndbox></object><object><name>pot</name><object_id>1541461</object_id><difficult>0</difficult><bndbox><xmin>251</xmin><ymin>211</ymin><xmax>324</xmax><ymax>253</ymax></bndbox></object><object><name>counter</name><object_id>1541464</object_id><difficult>0</difficult><bndbox><xmin>259</xmin><ymin>249</ymin><xmax>416</xmax><ymax>301</ymax></bndbox></object><object><name>pot</name><object_id>1541463</object_id><difficult>0</difficult><bndbox><xmin>379</xmin><ymin>249</ymin><xmax>416</xmax><ymax>268</ymax></bndbox></object><object><name>counter</name><object_id>1541466</object_id><difficult>0</difficult><bndbox><xmin>265</xmin><ymin>248</ymin><xmax>440</xmax><ymax>291</ymax></bndbox></object><object><name>pot</name><object_id>1541465</object_id><difficult>0</difficult><bndbox><xmin>407</xmin><ymin>248</ymin><xmax>439</xmax><ymax>268</ymax></bndbox></object><object><name>ceiling</name><object_id>1541468</object_id><difficult>0</difficult><bndbox><xmin>419</xmin><ymin>25</ymin><xmax>617</xmax><ymax>124</ymax></bndbox></object><object><name>light</name><object_id>1541467</object_id><difficult>0</difficult><bndbox><xmin>593</xmin><ymin>84</ymin><xmax>617</xmax><ymax>125</ymax></bndbox><attribute>red</attribute></object><object><name>counter</name><object_id>1541470</object_id><difficult>0</difficult><bndbox><xmin>15</xmin><ymin>254</ymin><xmax>475</xmax><ymax>330</ymax></bndbox></object><object><name>pipes</name><object_id>1541469</object_id><difficult>0</difficult><bndbox><xmin>74</xmin><ymin>364</ymin><xmax>225</xmax><ymax>423</ymax></bndbox></object><relation><subject_id>3569007</subject_id><object_id>1541439</object_id><predicate>hanging on a</predicate></relation><relation><subject_id>3569008</subject_id><object_id>1541439</object_id><predicate>hanging on a</predicate></relation><relation><subject_id>3569009</subject_id><object_id>1541439</object_id><predicate>hanging on a</predicate></relation><relation><subject_id>3569010</subject_id><object_id>1541439</object_id><predicate>hanging on a</predicate></relation><relation><subject_id>3569011</subject_id><object_id>1541439</object_id><predicate>hanging on a</predicate></relation><relation><subject_id>3569013</subject_id><object_id>1541443</object_id><predicate>are inside</predicate></relation><relation><subject_id>3569014</subject_id><object_id>1541443</object_id><predicate>are inside</predicate></relation><relation><subject_id>3569015</subject_id><object_id>1541443</object_id><predicate>are inside</predicate></relation><relation><subject_id>3569016</subject_id><object_id>1541443</object_id><predicate>are inside</predicate></relation><relation><subject_id>1541445</subject_id><object_id>1541446</object_id><predicate>attached</predicate></relation><relation><subject_id>3569017</subject_id><object_id>1541448</object_id><predicate>part of</predicate></relation><relation><subject_id>3569018</subject_id><object_id>1541448</object_id><predicate>part of</predicate></relation><relation><subject_id>3569019</subject_id><object_id>1541448</object_id><predicate>part of</predicate></relation><relation><subject_id>1541449</subject_id><object_id>1541450</object_id><predicate>hanging on a</predicate></relation><relation><subject_id>1541451</subject_id><object_id>1541452</object_id><predicate>hanging on a</predicate></relation><relation><subject_id>1541453</subject_id><object_id>1541454</object_id><predicate>hanging on a</predicate></relation><relation><subject_id>1541455</subject_id><object_id>1541456</object_id><predicate>hanging on a</predicate></relation><relation><subject_id>1541457</subject_id><object_id>1541458</object_id><predicate>hanging on a</predicate></relation><relation><subject_id>1541459</subject_id><object_id>1541460</object_id><predicate>hanging on a</predicate></relation><relation><subject_id>1541461</subject_id><object_id>1541462</object_id><predicate>top of</predicate></relation><relation><subject_id>1541463</subject_id><object_id>1541464</object_id><predicate>top of</predicate></relation><relation><subject_id>1541465</subject_id><object_id>1541466</object_id><predicate>top of</predicate></relation><relation><subject_id>1541467</subject_id><object_id>1541468</object_id><predicate>hanging on a</predicate></relation><relation><subject_id>1541469</subject_id><object_id>1541470</object_id><predicate>under a</predicate></relation></annotation>