<annotation><folder>VG_100K_2</folder><filename>1143.jpg</filename><source><database>Visual Genome Version 1.2</database><image_id>1143</image_id><coco_id>None</coco_id><flickr_id>None</flickr_id></source><size><width>675</width><height>450</height><depth>3</depth></size><segmented>0</segmented><object><name>chair</name><object_id>1031355</object_id><difficult>0</difficult><bndbox><xmin>200</xmin><ymin>153</ymin><xmax>260</xmax><ymax>222</ymax></bndbox><attribute>red</attribute></object><object><name>pillow</name><object_id>1031356</object_id><difficult>0</difficult><bndbox><xmin>228</xmin><ymin>163</ymin><xmax>250</xmax><ymax>189</ymax></bndbox><attribute>blue</attribute></object><object><name>tin</name><object_id>1031360</object_id><difficult>0</difficult><bndbox><xmin>50</xmin><ymin>210</ymin><xmax>89</xmax><ymax>256</ymax></bndbox></object><object><name>bar</name><object_id>1031362</object_id><difficult>0</difficult><bndbox><xmin>0</xmin><ymin>183</ymin><xmax>159</xmax><ymax>449</ymax></bndbox></object><object><name>ceiling</name><object_id>1031363</object_id><difficult>0</difficult><bndbox><xmin>0</xmin><ymin>0</ymin><xmax>673</xmax><ymax>25</ymax></bndbox></object><object><name>flowers</name><object_id>1031373</object_id><difficult>0</difficult><bndbox><xmin>3</xmin><ymin>115</ymin><xmax>55</xmax><ymax>157</ymax></bndbox></object><object><name>vase</name><object_id>1031374</object_id><difficult>0</difficult><bndbox><xmin>14</xmin><ymin>155</ymin><xmax>30</xmax><ymax>194</ymax></bndbox></object><object><name>light</name><object_id>1031375</object_id><difficult>0</difficult><bndbox><xmin>2</xmin><ymin>17</ymin><xmax>19</xmax><ymax>92</ymax></bndbox></object><object><name>light</name><object_id>1031383</object_id><difficult>0</difficult><bndbox><xmin>42</xmin><ymin>8</ymin><xmax>59</xmax><ymax>92</ymax></bndbox></object><object><name>light</name><object_id>1031387</object_id><difficult>0</difficult><bndbox><xmin>64</xmin><ymin>3</ymin><xmax>79</xmax><ymax>88</ymax></bndbox></object><relation><subject_id>1031360</subject_id><object_id>1031362</object_id><predicate>top of</predicate></relation><relation><subject_id>1031373</subject_id><object_id>1031374</object_id><predicate>are inside</predicate></relation><relation><subject_id>1031375</subject_id><object_id>1031363</object_id><predicate>hanging on a</predicate></relation><relation><subject_id>1031356</subject_id><object_id>1031355</object_id><predicate>top of</predicate></relation><relation><subject_id>1031383</subject_id><object_id>1031363</object_id><predicate>hanging on a</predicate></relation><relation><subject_id>1031387</subject_id><object_id>1031363</object_id><predicate>hanging on a</predicate></relation></annotation>