<annotation><folder>VG_100K_2</folder><filename>1144.jpg</filename><source><database>Visual Genome Version 1.2</database><image_id>1144</image_id><coco_id>None</coco_id><flickr_id>None</flickr_id></source><size><width>480</width><height>360</height><depth>3</depth></size><segmented>0</segmented><object><name>table</name><object_id>1541505</object_id><difficult>0</difficult><bndbox><xmin>152</xmin><ymin>245</ymin><xmax>418</xmax><ymax>351</ymax></bndbox></object><object><name>net</name><object_id>1541504</object_id><difficult>0</difficult><bndbox><xmin>152</xmin><ymin>245</ymin><xmax>418</xmax><ymax>284</ymax></bndbox></object><relation><subject_id>1541504</subject_id><object_id>1541505</object_id><predicate>across</predicate></relation></annotation>