<annotation><folder>VG_100K_2</folder><filename>1145.jpg</filename><source><database>Visual Genome Version 1.2</database><image_id>1145</image_id><coco_id>None</coco_id><flickr_id>None</flickr_id></source><size><width>700</width><height>525</height><depth>3</depth></size><segmented>0</segmented><object><name>clock</name><object_id>1066354</object_id><difficult>0</difficult><bndbox><xmin>327</xmin><ymin>132</ymin><xmax>359</xmax><ymax>164</ymax></bndbox></object><object><name>wheel</name><object_id>1066365</object_id><difficult>0</difficult><bndbox><xmin>276</xmin><ymin>454</ymin><xmax>305</xmax><ymax>472</ymax></bndbox></object><object><name>cart</name><object_id>1066366</object_id><difficult>0</difficult><bndbox><xmin>264</xmin><ymin>295</ymin><xmax>334</xmax><ymax>443</ymax></bndbox></object><object><name>sign</name><object_id>1066374</object_id><difficult>0</difficult><bndbox><xmin>158</xmin><ymin>76</ymin><xmax>222</xmax><ymax>111</ymax></bndbox></object><relation><subject_id>1066365</subject_id><object_id>1066366</object_id><predicate>under a</predicate></relation><relation><subject_id>1066354</subject_id><object_id>1066374</object_id><predicate>under a</predicate></relation></annotation>