<annotation><folder>VG_100K_2</folder><filename>1148.jpg</filename><source><database>Visual Genome Version 1.2</database><image_id>1148</image_id><coco_id>None</coco_id><flickr_id>None</flickr_id></source><size><width>800</width><height>600</height><depth>3</depth></size><segmented>0</segmented><object><name>sign</name><object_id>1639066</object_id><difficult>0</difficult><bndbox><xmin>437</xmin><ymin>16</ymin><xmax>627</xmax><ymax>208</ymax></bndbox><attribute>yellow</attribute></object><object><name>store</name><object_id>3635052</object_id><difficult>0</difficult><bndbox><xmin>0</xmin><ymin>2</ymin><xmax>800</xmax><ymax>595</ymax></bndbox></object><relation><subject_id>1639066</subject_id><object_id>3635052</object_id><predicate>hanging on a</predicate></relation></annotation>