<annotation><folder>VG_100K_2</folder><filename>115.jpg</filename><source><database>Visual Genome Version 1.2</database><image_id>115</image_id><coco_id>None</coco_id><flickr_id>None</flickr_id></source><size><width>256</width><height>256</height><depth>3</depth></size><segmented>0</segmented><object><name>couch</name><object_id>1025967</object_id><difficult>0</difficult><bndbox><xmin>1</xmin><ymin>93</ymin><xmax>256</xmax><ymax>168</ymax></bndbox><attribute>leather</attribute><attribute>brown</attribute></object><object><name>man</name><object_id>1025966</object_id><difficult>0</difficult><bndbox><xmin>1</xmin><ymin>26</ymin><xmax>121</xmax><ymax>221</ymax></bndbox></object><object><name>woman</name><object_id>1025968</object_id><difficult>0</difficult><bndbox><xmin>134</xmin><ymin>15</ymin><xmax>208</xmax><ymax>170</ymax></bndbox></object><object><name>wall</name><object_id>1025978</object_id><difficult>0</difficult><bndbox><xmin>157</xmin><ymin>1</ymin><xmax>239</xmax><ymax>96</ymax></bndbox></object><object><name>painting</name><object_id>1025977</object_id><difficult>0</difficult><bndbox><xmin>26</xmin><ymin>1</ymin><xmax>159</xmax><ymax>56</ymax></bndbox></object><object><name>handbag</name><object_id>1025981</object_id><difficult>0</difficult><bndbox><xmin>215</xmin><ymin>79</ymin><xmax>256</xmax><ymax>149</ymax></bndbox><attribute>brown</attribute></object><object><name>people</name><object_id>1025989</object_id><difficult>0</difficult><bndbox><xmin>0</xmin><ymin>16</ymin><xmax>208</xmax><ymax>226</ymax></bndbox></object><relation><subject_id>1025966</subject_id><object_id>1025967</object_id><predicate>sitting on a</predicate></relation><relation><subject_id>1025968</subject_id><object_id>1025967</object_id><predicate>sitting on a</predicate></relation><relation><subject_id>1025966</subject_id><object_id>1025967</object_id><predicate>sitting on a</predicate></relation><relation><subject_id>1025968</subject_id><object_id>1025967</object_id><predicate>sitting on a</predicate></relation><relation><subject_id>1025977</subject_id><object_id>1025978</object_id><predicate>hanging on a</predicate></relation><relation><subject_id>1025981</subject_id><object_id>1025967</object_id><predicate>sitting on a</predicate></relation><relation><subject_id>1025966</subject_id><object_id>1025967</object_id><predicate>sitting on a</predicate></relation><relation><subject_id>1025968</subject_id><object_id>1025967</object_id><predicate>sitting on a</predicate></relation><relation><subject_id>1025966</subject_id><object_id>1025967</object_id><predicate>sitting on a</predicate></relation><relation><subject_id>1025989</subject_id><object_id>1025967</object_id><predicate>sitting on a</predicate></relation><relation><subject_id>1025968</subject_id><object_id>1025967</object_id><predicate>sitting on a</predicate></relation><relation><subject_id>1025966</subject_id><object_id>1025967</object_id><predicate>sitting on a</predicate></relation><relation><subject_id>1025981</subject_id><object_id>1025967</object_id><predicate>sitting on a</predicate></relation></annotation>