<annotation><folder>VG_100K_2</folder><filename>1150.jpg</filename><source><database>Visual Genome Version 1.2</database><image_id>1150</image_id><coco_id>None</coco_id><flickr_id>None</flickr_id></source><size><width>640</width><height>480</height><depth>3</depth></size><segmented>0</segmented><object><name>picture</name><object_id>4306756</object_id><difficult>0</difficult><bndbox><xmin>24</xmin><ymin>84</ymin><xmax>122</xmax><ymax>187</ymax></bndbox><attribute>one</attribute></object><object><name>wall</name><object_id>4306757</object_id><difficult>0</difficult><bndbox><xmin>10</xmin><ymin>43</ymin><xmax>375</xmax><ymax>376</ymax></bndbox><attribute>one</attribute></object><object><name>pot</name><object_id>4525090</object_id><difficult>0</difficult><bndbox><xmin>353</xmin><ymin>265</ymin><xmax>418</xmax><ymax>349</ymax></bndbox><attribute>white</attribute></object><object><name>tree</name><object_id>4525091</object_id><difficult>0</difficult><bndbox><xmin>332</xmin><ymin>123</ymin><xmax>501</xmax><ymax>403</ymax></bndbox><attribute>green</attribute></object><relation><subject_id>4306756</subject_id><object_id>4306757</object_id><predicate>hanging on a</predicate></relation><relation><subject_id>4525090</subject_id><object_id>4525091</object_id><predicate>under a</predicate></relation></annotation>