<annotation><folder>VG_100K_2</folder><filename>1153.jpg</filename><source><database>Visual Genome Version 1.2</database><image_id>1153</image_id><coco_id>None</coco_id><flickr_id>None</flickr_id></source><size><width>640</width><height>480</height><depth>3</depth></size><segmented>0</segmented><object><name>pillar</name><object_id>1541640</object_id><difficult>0</difficult><bndbox><xmin>148</xmin><ymin>240</ymin><xmax>169</xmax><ymax>327</ymax></bndbox></object><object><name>pillar</name><object_id>1541639</object_id><difficult>0</difficult><bndbox><xmin>127</xmin><ymin>240</ymin><xmax>151</xmax><ymax>327</ymax></bndbox></object><object><name>deck</name><object_id>1541638</object_id><difficult>0</difficult><bndbox><xmin>111</xmin><ymin>189</ymin><xmax>216</xmax><ymax>242</ymax></bndbox></object><relation><subject_id>1541640</subject_id><object_id>1541638</object_id><predicate>supporting</predicate></relation><relation><subject_id>1541639</subject_id><object_id>1541638</object_id><predicate>supporting</predicate></relation></annotation>