<annotation><folder>VG_100K_2</folder><filename>1154.jpg</filename><source><database>Visual Genome Version 1.2</database><image_id>1154</image_id><coco_id>None</coco_id><flickr_id>None</flickr_id></source><size><width>484</width><height>371</height><depth>3</depth></size><segmented>0</segmented><object><name>boy</name><object_id>1066387</object_id><difficult>0</difficult><bndbox><xmin>438</xmin><ymin>285</ymin><xmax>475</xmax><ymax>370</ymax></bndbox><attribute>small</attribute></object><object><name>girl</name><object_id>1066390</object_id><difficult>0</difficult><bndbox><xmin>39</xmin><ymin>116</ymin><xmax>66</xmax><ymax>211</ymax></bndbox><attribute>standing</attribute></object><relation><subject_id>1066390</subject_id><object_id>1066387</object_id><predicate>touching</predicate></relation></annotation>