<annotation><folder>VG_100K_2</folder><filename>1155.jpg</filename><source><database>Visual Genome Version 1.2</database><image_id>1155</image_id><coco_id>None</coco_id><flickr_id>None</flickr_id></source><size><width>631</width><height>400</height><depth>3</depth></size><segmented>0</segmented><object><name>table</name><object_id>1541669</object_id><difficult>0</difficult><bndbox><xmin>95</xmin><ymin>258</ymin><xmax>627</xmax><ymax>356</ymax></bndbox></object><object><name>man</name><object_id>1541667</object_id><difficult>0</difficult><bndbox><xmin>421</xmin><ymin>134</ymin><xmax>562</xmax><ymax>250</ymax></bndbox></object><relation><subject_id>1541667</subject_id><object_id>1541669</object_id><predicate>laying in</predicate></relation></annotation>