<annotation><folder>VG_100K_2</folder><filename>1156.jpg</filename><source><database>Visual Genome Version 1.2</database><image_id>1156</image_id><coco_id>None</coco_id><flickr_id>None</flickr_id></source><size><width>256</width><height>256</height><depth>3</depth></size><segmented>0</segmented><object><name>bed</name><object_id>1066403</object_id><difficult>0</difficult><bndbox><xmin>51</xmin><ymin>85</ymin><xmax>228</xmax><ymax>144</ymax></bndbox><attribute>small</attribute><attribute>white</attribute><attribute>little</attribute><attribute>long</attribute></object><object><name>chair</name><object_id>1066405</object_id><difficult>0</difficult><bndbox><xmin>104</xmin><ymin>62</ymin><xmax>139</xmax><ymax>105</ymax></bndbox><attribute>large</attribute><attribute>brown</attribute><attribute>light</attribute><attribute>yellow</attribute><attribute>tall</attribute></object><object><name>curtains</name><object_id>1066408</object_id><difficult>0</difficult><bndbox><xmin>20</xmin><ymin>1</ymin><xmax>133</xmax><ymax>94</ymax></bndbox><attribute>white</attribute><attribute>red</attribute></object><object><name>flowers</name><object_id>1066410</object_id><difficult>0</difficult><bndbox><xmin>86</xmin><ymin>86</ymin><xmax>102</xmax><ymax>97</ymax></bndbox><attribute>green</attribute></object><relation><subject_id>1066405</subject_id><object_id>1066403</object_id><predicate>beside</predicate></relation><relation><subject_id>1066403</subject_id><object_id>1066405</object_id><predicate>beside</predicate></relation><relation><subject_id>1066403</subject_id><object_id>1066408</object_id><predicate>beside</predicate></relation><relation><subject_id>1066410</subject_id><object_id>1066408</object_id><predicate>beside</predicate></relation></annotation>