<annotation><folder>VG_100K_2</folder><filename>1158.jpg</filename><source><database>Visual Genome Version 1.2</database><image_id>1158</image_id><coco_id>None</coco_id><flickr_id>None</flickr_id></source><size><width>800</width><height>514</height><depth>3</depth></size><segmented>0</segmented><object><name>couple</name><object_id>1541698</object_id><difficult>0</difficult><bndbox><xmin>137</xmin><ymin>305</ymin><xmax>204</xmax><ymax>388</ymax></bndbox></object><object><name>base</name><object_id>3569096</object_id><difficult>0</difficult><bndbox><xmin>109</xmin><ymin>312</ymin><xmax>546</xmax><ymax>416</ymax></bndbox></object><object><name>person</name><object_id>3569097</object_id><difficult>0</difficult><bndbox><xmin>311</xmin><ymin>260</ymin><xmax>353</xmax><ymax>335</ymax></bndbox></object><object><name>person</name><object_id>3569098</object_id><difficult>0</difficult><bndbox><xmin>144</xmin><ymin>310</ymin><xmax>203</xmax><ymax>385</ymax></bndbox></object><object><name>person</name><object_id>3569099</object_id><difficult>0</difficult><bndbox><xmin>195</xmin><ymin>324</ymin><xmax>295</xmax><ymax>392</ymax></bndbox></object><object><name>base</name><object_id>3569100</object_id><difficult>0</difficult><bndbox><xmin>77</xmin><ymin>309</ymin><xmax>561</xmax><ymax>406</ymax></bndbox></object><object><name>water</name><object_id>1541708</object_id><difficult>0</difficult><bndbox><xmin>11</xmin><ymin>373</ymin><xmax>577</xmax><ymax>511</ymax></bndbox></object><object><name>girl</name><object_id>3635119</object_id><difficult>0</difficult><bndbox><xmin>218</xmin><ymin>322</ymin><xmax>306</xmax><ymax>387</ymax></bndbox></object><object><name>girl</name><object_id>3635120</object_id><difficult>0</difficult><bndbox><xmin>131</xmin><ymin>307</ymin><xmax>213</xmax><ymax>392</ymax></bndbox></object><relation><subject_id>1541698</subject_id><object_id>3569096</object_id><predicate>sitting on a</predicate></relation><relation><subject_id>3569097</subject_id><object_id>3569100</object_id><predicate>sitting on a</predicate></relation><relation><subject_id>3569098</subject_id><object_id>3569100</object_id><predicate>sitting on a</predicate></relation><relation><subject_id>3569099</subject_id><object_id>3569100</object_id><predicate>sitting on a</predicate></relation><relation><subject_id>3635119</subject_id><object_id>1541708</object_id><predicate>sitting on a</predicate></relation><relation><subject_id>3635120</subject_id><object_id>1541708</object_id><predicate>sitting on a</predicate></relation></annotation>