<annotation><folder>VG_100K</folder><filename>1159761.jpg</filename><source><database>Visual Genome Version 1.2</database><image_id>1159761</image_id><coco_id>246066</coco_id><flickr_id>9151609224</flickr_id></source><size><width>1024</width><height>735</height><depth>3</depth></size><segmented>0</segmented><object><name>bench</name><object_id>1597393</object_id><difficult>0</difficult><bndbox><xmin>342</xmin><ymin>340</ymin><xmax>909</xmax><ymax>645</ymax></bndbox><attribute>wooden</attribute><attribute>brown</attribute></object><object><name>woman</name><object_id>1597392</object_id><difficult>0</difficult><bndbox><xmin>514</xmin><ymin>142</ymin><xmax>818</xmax><ymax>648</ymax></bndbox></object><relation><subject_id>1597392</subject_id><object_id>1597393</object_id><predicate>sitting on a</predicate></relation></annotation>