<annotation><folder>VG_100K</folder><filename>1159516.jpg</filename><source><database>Visual Genome Version 1.2</database><image_id>1159516</image_id><coco_id>None</coco_id><flickr_id>10294731884</flickr_id></source><size><width>640</width><height>640</height><depth>3</depth></size><segmented>0</segmented><object><name>lettering</name><object_id>1594480</object_id><difficult>0</difficult><bndbox><xmin>278</xmin><ymin>527</ymin><xmax>320</xmax><ymax>541</ymax></bndbox></object><object><name>awning</name><object_id>1594479</object_id><difficult>0</difficult><bndbox><xmin>268</xmin><ymin>525</ymin><xmax>324</xmax><ymax>551</ymax></bndbox></object><relation><subject_id>1594480</subject_id><object_id>1594479</object_id><predicate>attached</predicate></relation></annotation>