<annotation><folder>VG_100K</folder><filename>1159998.jpg</filename><source><database>Visual Genome Version 1.2</database><image_id>1159998</image_id><coco_id>2154</coco_id><flickr_id>5579483902</flickr_id></source><size><width>1024</width><height>768</height><depth>3</depth></size><segmented>0</segmented><object><name>line</name><object_id>1704718</object_id><difficult>0</difficult><bndbox><xmin>247</xmin><ymin>346</ymin><xmax>685</xmax><ymax>471</ymax></bndbox><attribute>white</attribute></object><object><name>road</name><object_id>1704719</object_id><difficult>0</difficult><bndbox><xmin>89</xmin><ymin>290</ymin><xmax>659</xmax><ymax>518</ymax></bndbox><attribute>gray</attribute><attribute>paved</attribute></object><relation><subject_id>1704718</subject_id><object_id>1704719</object_id><predicate>painted</predicate></relation></annotation>