<annotation><folder>VG_100K</folder><filename>1159620.jpg</filename><source><database>Visual Genome Version 1.2</database><image_id>1159620</image_id><coco_id>470099</coco_id><flickr_id>16444142</flickr_id></source><size><width>500</width><height>966</height><depth>3</depth></size><segmented>0</segmented><object><name>television</name><object_id>4162281</object_id><difficult>0</difficult><bndbox><xmin>47</xmin><ymin>120</ymin><xmax>481</xmax><ymax>505</ymax></bndbox></object><object><name>speaker</name><object_id>4071875</object_id><difficult>0</difficult><bndbox><xmin>153</xmin><ymin>52</ymin><xmax>359</xmax><ymax>152</ymax></bndbox></object><relation><subject_id>4071875</subject_id><object_id>4162281</object_id><predicate>top of</predicate></relation></annotation>