<annotation><folder>VG_100K_2</folder><filename>1159.jpg</filename><source><database>Visual Genome Version 1.2</database><image_id>1159</image_id><coco_id>None</coco_id><flickr_id>None</flickr_id></source><size><width>286</width><height>442</height><depth>3</depth></size><segmented>0</segmented><object><name>man</name><object_id>1031395</object_id><difficult>0</difficult><bndbox><xmin>44</xmin><ymin>283</ymin><xmax>123</xmax><ymax>402</ymax></bndbox><attribute>sitting</attribute></object><object><name>water</name><object_id>1031396</object_id><difficult>0</difficult><bndbox><xmin>22</xmin><ymin>203</ymin><xmax>284</xmax><ymax>442</ymax></bndbox><attribute>green</attribute></object><object><name>woman</name><object_id>1031397</object_id><difficult>0</difficult><bndbox><xmin>92</xmin><ymin>246</ymin><xmax>141</xmax><ymax>266</ymax></bndbox><attribute>sitting</attribute></object><object><name>rock</name><object_id>1031415</object_id><difficult>0</difficult><bndbox><xmin>2</xmin><ymin>334</ymin><xmax>137</xmax><ymax>441</ymax></bndbox></object><relation><subject_id>1031395</subject_id><object_id>1031415</object_id><predicate>sitting on a</predicate></relation><relation><subject_id>1031397</subject_id><object_id>1031396</object_id><predicate>sitting on a</predicate></relation></annotation>