<annotation><folder>VG_100K</folder><filename>1159473.jpg</filename><source><database>Visual Genome Version 1.2</database><image_id>1159473</image_id><coco_id>None</coco_id><flickr_id>4723888023</flickr_id></source><size><width>1024</width><height>717</height><depth>3</depth></size><segmented>0</segmented><object><name>woman</name><object_id>1593918</object_id><difficult>0</difficult><bndbox><xmin>181</xmin><ymin>324</ymin><xmax>295</xmax><ymax>527</ymax></bndbox></object><object><name>floor</name><object_id>3703640</object_id><difficult>0</difficult><bndbox><xmin>9</xmin><ymin>487</ymin><xmax>952</xmax><ymax>714</ymax></bndbox></object><relation><subject_id>1593918</subject_id><object_id>3703640</object_id><predicate>sitting on a</predicate></relation></annotation>