<annotation><folder>VG_100K</folder><filename>1159698.jpg</filename><source><database>Visual Genome Version 1.2</database><image_id>1159698</image_id><coco_id>100563</coco_id><flickr_id>6040061976</flickr_id></source><size><width>1024</width><height>678</height><depth>3</depth></size><segmented>0</segmented><object><name>window</name><object_id>4169227</object_id><difficult>0</difficult><bndbox><xmin>42</xmin><ymin>134</ymin><xmax>60</xmax><ymax>143</ymax></bndbox></object><object><name>building</name><object_id>4169228</object_id><difficult>0</difficult><bndbox><xmin>3</xmin><ymin>115</ymin><xmax>237</xmax><ymax>191</ymax></bndbox></object><relation><subject_id>4169227</subject_id><object_id>4169228</object_id><predicate>adorning</predicate></relation></annotation>