<annotation><folder>VG_100K</folder><filename>1159298.jpg</filename><source><database>Visual Genome Version 1.2</database><image_id>1159298</image_id><coco_id>261298</coco_id><flickr_id>7145576305</flickr_id></source><size><width>612</width><height>612</height><depth>3</depth></size><segmented>0</segmented><object><name>wall</name><object_id>1591209</object_id><difficult>0</difficult><bndbox><xmin>580</xmin><ymin>140</ymin><xmax>604</xmax><ymax>163</ymax></bndbox></object><object><name>pot</name><object_id>1591208</object_id><difficult>0</difficult><bndbox><xmin>560</xmin><ymin>163</ymin><xmax>589</xmax><ymax>235</ymax></bndbox></object><object><name>pan</name><object_id>1591219</object_id><difficult>0</difficult><bndbox><xmin>422</xmin><ymin>290</ymin><xmax>479</xmax><ymax>313</ymax></bndbox><attribute>silver</attribute></object><object><name>table</name><object_id>1591218</object_id><difficult>0</difficult><bndbox><xmin>162</xmin><ymin>280</ymin><xmax>503</xmax><ymax>319</ymax></bndbox></object><object><name>wall</name><object_id>1591224</object_id><difficult>0</difficult><bndbox><xmin>142</xmin><ymin>20</ymin><xmax>585</xmax><ymax>297</ymax></bndbox></object><object><name>bowl</name><object_id>1591223</object_id><difficult>0</difficult><bndbox><xmin>502</xmin><ymin>149</ymin><xmax>523</xmax><ymax>176</ymax></bndbox><attribute>hanging</attribute></object><object><name>bowl</name><object_id>1591222</object_id><difficult>0</difficult><bndbox><xmin>524</xmin><ymin>149</ymin><xmax>557</xmax><ymax>184</ymax></bndbox><attribute>hanging</attribute></object><object><name>pot</name><object_id>1591221</object_id><difficult>0</difficult><bndbox><xmin>556</xmin><ymin>148</ymin><xmax>584</xmax><ymax>217</ymax></bndbox><attribute>hanging</attribute></object><object><name>pan</name><object_id>1591220</object_id><difficult>0</difficult><bndbox><xmin>471</xmin><ymin>157</ymin><xmax>491</xmax><ymax>218</ymax></bndbox><attribute>hanging</attribute></object><object><name>building</name><object_id>3796915</object_id><difficult>0</difficult><bndbox><xmin>4</xmin><ymin>1</ymin><xmax>605</xmax><ymax>438</ymax></bndbox></object><object><name>wall</name><object_id>1591242</object_id><difficult>0</difficult><bndbox><xmin>142</xmin><ymin>15</ymin><xmax>531</xmax><ymax>282</ymax></bndbox></object><relation><subject_id>1591208</subject_id><object_id>1591209</object_id><predicate>hanging on a</predicate></relation><relation><subject_id>1591219</subject_id><object_id>1591218</object_id><predicate>sitting on a</predicate></relation><relation><subject_id>1591223</subject_id><object_id>1591224</object_id><predicate>hanging on a</predicate></relation><relation><subject_id>1591222</subject_id><object_id>1591224</object_id><predicate>hanging on a</predicate></relation><relation><subject_id>1591221</subject_id><object_id>1591224</object_id><predicate>hanging on a</predicate></relation><relation><subject_id>1591220</subject_id><object_id>1591224</object_id><predicate>hanging on a</predicate></relation><relation><subject_id>1591242</subject_id><object_id>3796915</object_id><predicate>on other side of</predicate></relation></annotation>