<annotation><folder>VG_100K</folder><filename>1159520.jpg</filename><source><database>Visual Genome Version 1.2</database><image_id>1159520</image_id><coco_id>199117</coco_id><flickr_id>6695220099</flickr_id></source><size><width>1024</width><height>575</height><depth>3</depth></size><segmented>0</segmented><object><name>beard</name><object_id>1594623</object_id><difficult>0</difficult><bndbox><xmin>438</xmin><ymin>384</ymin><xmax>458</xmax><ymax>398</ymax></bndbox><attribute>gray</attribute></object><object><name>man</name><object_id>1594622</object_id><difficult>0</difficult><bndbox><xmin>374</xmin><ymin>332</ymin><xmax>520</xmax><ymax>554</ymax></bndbox></object><relation><subject_id>1594622</subject_id><object_id>1594623</object_id><predicate>standing with</predicate></relation></annotation>