<annotation><folder>VG_100K</folder><filename>1159324.jpg</filename><source><database>Visual Genome Version 1.2</database><image_id>1159324</image_id><coco_id>457162</coco_id><flickr_id>3117561833</flickr_id></source><size><width>1024</width><height>681</height><depth>3</depth></size><segmented>0</segmented><object><name>building</name><object_id>4092056</object_id><difficult>0</difficult><bndbox><xmin>9</xmin><ymin>12</ymin><xmax>1021</xmax><ymax>667</ymax></bndbox></object><object><name>wall</name><object_id>4092055</object_id><difficult>0</difficult><bndbox><xmin>240</xmin><ymin>19</ymin><xmax>448</xmax><ymax>126</ymax></bndbox></object><relation><subject_id>4092055</subject_id><object_id>4092056</object_id><predicate>on other side of</predicate></relation></annotation>