<annotation><folder>VG_100K</folder><filename>1159677.jpg</filename><source><database>Visual Genome Version 1.2</database><image_id>1159677</image_id><coco_id>179025</coco_id><flickr_id>4679659935</flickr_id></source><size><width>1024</width><height>967</height><depth>3</depth></size><segmented>0</segmented><object><name>can</name><object_id>4104568</object_id><difficult>0</difficult><bndbox><xmin>569</xmin><ymin>750</ymin><xmax>658</xmax><ymax>900</ymax></bndbox></object><object><name>bag</name><object_id>4104567</object_id><difficult>0</difficult><bndbox><xmin>582</xmin><ymin>767</ymin><xmax>652</xmax><ymax>817</ymax></bndbox></object><relation><subject_id>4104567</subject_id><object_id>4104568</object_id><predicate>are inside</predicate></relation></annotation>