<annotation><folder>VG_100K</folder><filename>1159791.jpg</filename><source><database>Visual Genome Version 1.2</database><image_id>1159791</image_id><coco_id>141501</coco_id><flickr_id>8375182044</flickr_id></source><size><width>1024</width><height>763</height><depth>3</depth></size><segmented>0</segmented><object><name>sign</name><object_id>4177472</object_id><difficult>0</difficult><bndbox><xmin>822</xmin><ymin>489</ymin><xmax>946</xmax><ymax>637</ymax></bndbox><attribute>white</attribute></object><object><name>emblem</name><object_id>4177473</object_id><difficult>0</difficult><bndbox><xmin>839</xmin><ymin>497</ymin><xmax>915</xmax><ymax>586</ymax></bndbox><attribute>blue</attribute><attribute>yellow</attribute></object><object><name>word</name><object_id>4177498</object_id><difficult>0</difficult><bndbox><xmin>757</xmin><ymin>240</ymin><xmax>879</xmax><ymax>292</ymax></bndbox></object><object><name>sign</name><object_id>4177499</object_id><difficult>0</difficult><bndbox><xmin>748</xmin><ymin>225</ymin><xmax>891</xmax><ymax>394</ymax></bndbox></object><relation><subject_id>4177473</subject_id><object_id>4177472</object_id><predicate>printed on</predicate></relation><relation><subject_id>4177498</subject_id><object_id>4177499</object_id><predicate>printed on</predicate></relation></annotation>