<annotation><folder>VG_100K</folder><filename>1159683.jpg</filename><source><database>Visual Genome Version 1.2</database><image_id>1159683</image_id><coco_id>411674</coco_id><flickr_id>8684808811</flickr_id></source><size><width>1024</width><height>768</height><depth>3</depth></size><segmented>0</segmented><object><name>building</name><object_id>1596459</object_id><difficult>0</difficult><bndbox><xmin>631</xmin><ymin>11</ymin><xmax>1011</xmax><ymax>472</ymax></bndbox></object><object><name>wall</name><object_id>1596460</object_id><difficult>0</difficult><bndbox><xmin>766</xmin><ymin>20</ymin><xmax>1011</xmax><ymax>471</ymax></bndbox></object><relation><subject_id>1596460</subject_id><object_id>1596459</object_id><predicate>on other side of</predicate></relation></annotation>