<annotation><folder>VG_100K</folder><filename>1159636.jpg</filename><source><database>Visual Genome Version 1.2</database><image_id>1159636</image_id><coco_id>None</coco_id><flickr_id>8640413289</flickr_id></source><size><width>1024</width><height>683</height><depth>3</depth></size><segmented>0</segmented><object><name>wall</name><object_id>4163947</object_id><difficult>0</difficult><bndbox><xmin>0</xmin><ymin>1</ymin><xmax>1024</xmax><ymax>453</ymax></bndbox></object><object><name>pot</name><object_id>4163936</object_id><difficult>0</difficult><bndbox><xmin>627</xmin><ymin>158</ymin><xmax>660</xmax><ymax>223</ymax></bndbox></object><object><name>pot</name><object_id>4163937</object_id><difficult>0</difficult><bndbox><xmin>588</xmin><ymin>162</ymin><xmax>625</xmax><ymax>223</ymax></bndbox></object><object><name>pot</name><object_id>4163938</object_id><difficult>0</difficult><bndbox><xmin>566</xmin><ymin>145</ymin><xmax>593</xmax><ymax>219</ymax></bndbox></object><object><name>pot</name><object_id>4163939</object_id><difficult>0</difficult><bndbox><xmin>153</xmin><ymin>117</ymin><xmax>214</xmax><ymax>217</ymax></bndbox></object><object><name>pot</name><object_id>4163944</object_id><difficult>0</difficult><bndbox><xmin>132</xmin><ymin>0</ymin><xmax>193</xmax><ymax>83</ymax></bndbox></object><object><name>pot</name><object_id>4163954</object_id><difficult>0</difficult><bndbox><xmin>0</xmin><ymin>0</ymin><xmax>37</xmax><ymax>87</ymax></bndbox></object><object><name>pot</name><object_id>4163943</object_id><difficult>0</difficult><bndbox><xmin>58</xmin><ymin>0</ymin><xmax>113</xmax><ymax>83</ymax></bndbox></object><object><name>pot</name><object_id>4163945</object_id><difficult>0</difficult><bndbox><xmin>205</xmin><ymin>18</ymin><xmax>255</xmax><ymax>85</ymax></bndbox></object><object><name>pot</name><object_id>4163946</object_id><difficult>0</difficult><bndbox><xmin>264</xmin><ymin>24</ymin><xmax>310</xmax><ymax>94</ymax></bndbox></object><object><name>pot</name><object_id>4163948</object_id><difficult>0</difficult><bndbox><xmin>533</xmin><ymin>158</ymin><xmax>572</xmax><ymax>217</ymax></bndbox></object><object><name>pot</name><object_id>4163949</object_id><difficult>0</difficult><bndbox><xmin>566</xmin><ymin>147</ymin><xmax>608</xmax><ymax>223</ymax></bndbox></object><object><name>pot</name><object_id>4163950</object_id><difficult>0</difficult><bndbox><xmin>592</xmin><ymin>162</ymin><xmax>625</xmax><ymax>223</ymax></bndbox></object><object><name>pot</name><object_id>4163951</object_id><difficult>0</difficult><bndbox><xmin>622</xmin><ymin>162</ymin><xmax>664</xmax><ymax>225</ymax></bndbox></object><object><name>pot</name><object_id>4163952</object_id><difficult>0</difficult><bndbox><xmin>276</xmin><ymin>29</ymin><xmax>311</xmax><ymax>88</ymax></bndbox></object><object><name>pot</name><object_id>4163955</object_id><difficult>0</difficult><bndbox><xmin>54</xmin><ymin>1</ymin><xmax>104</xmax><ymax>73</ymax></bndbox></object><object><name>pot</name><object_id>4163956</object_id><difficult>0</difficult><bndbox><xmin>272</xmin><ymin>24</ymin><xmax>314</xmax><ymax>85</ymax></bndbox></object><object><name>pot</name><object_id>4163957</object_id><difficult>0</difficult><bndbox><xmin>155</xmin><ymin>113</ymin><xmax>216</xmax><ymax>222</ymax></bndbox></object><object><name>pot</name><object_id>4163969</object_id><difficult>0</difficult><bndbox><xmin>620</xmin><ymin>158</ymin><xmax>664</xmax><ymax>225</ymax></bndbox></object><object><name>pot</name><object_id>4163970</object_id><difficult>0</difficult><bndbox><xmin>581</xmin><ymin>156</ymin><xmax>625</xmax><ymax>223</ymax></bndbox></object><object><name>pot</name><object_id>4163971</object_id><difficult>0</difficult><bndbox><xmin>559</xmin><ymin>162</ymin><xmax>598</xmax><ymax>219</ymax></bndbox></object><object><name>pot</name><object_id>4163972</object_id><difficult>0</difficult><bndbox><xmin>415</xmin><ymin>180</ymin><xmax>470</xmax><ymax>284</ymax></bndbox></object><object><name>pot</name><object_id>4163973</object_id><difficult>0</difficult><bndbox><xmin>276</xmin><ymin>29</ymin><xmax>320</xmax><ymax>88</ymax></bndbox></object><relation><subject_id>4163936</subject_id><object_id>4163947</object_id><predicate>hanging on a</predicate></relation><relation><subject_id>4163937</subject_id><object_id>4163947</object_id><predicate>hanging on a</predicate></relation><relation><subject_id>4163938</subject_id><object_id>4163947</object_id><predicate>hanging on a</predicate></relation><relation><subject_id>4163939</subject_id><object_id>4163947</object_id><predicate>hanging on a</predicate></relation><relation><subject_id>4163944</subject_id><object_id>4163947</object_id><predicate>hanging on a</predicate></relation><relation><subject_id>4163954</subject_id><object_id>4163947</object_id><predicate>hanging on a</predicate></relation><relation><subject_id>4163943</subject_id><object_id>4163947</object_id><predicate>hanging on a</predicate></relation><relation><subject_id>4163944</subject_id><object_id>4163947</object_id><predicate>hanging on a</predicate></relation><relation><subject_id>4163945</subject_id><object_id>4163947</object_id><predicate>hanging on a</predicate></relation><relation><subject_id>4163946</subject_id><object_id>4163947</object_id><predicate>hanging on a</predicate></relation><relation><subject_id>4163948</subject_id><object_id>4163947</object_id><predicate>hanging on a</predicate></relation><relation><subject_id>4163949</subject_id><object_id>4163947</object_id><predicate>hanging on a</predicate></relation><relation><subject_id>4163950</subject_id><object_id>4163947</object_id><predicate>hanging on a</predicate></relation><relation><subject_id>4163951</subject_id><object_id>4163947</object_id><predicate>hanging on a</predicate></relation><relation><subject_id>4163952</subject_id><object_id>4163947</object_id><predicate>hanging on a</predicate></relation><relation><subject_id>4163954</subject_id><object_id>4163947</object_id><predicate>hanging on a</predicate></relation><relation><subject_id>4163955</subject_id><object_id>4163947</object_id><predicate>hanging on a</predicate></relation><relation><subject_id>4163956</subject_id><object_id>4163947</object_id><predicate>hanging on a</predicate></relation><relation><subject_id>4163957</subject_id><object_id>4163947</object_id><predicate>hanging on a</predicate></relation><relation><subject_id>4163969</subject_id><object_id>4163947</object_id><predicate>hanging on a</predicate></relation><relation><subject_id>4163970</subject_id><object_id>4163947</object_id><predicate>hanging on a</predicate></relation><relation><subject_id>4163971</subject_id><object_id>4163947</object_id><predicate>hanging on a</predicate></relation><relation><subject_id>4163972</subject_id><object_id>4163947</object_id><predicate>hanging on a</predicate></relation><relation><subject_id>4163973</subject_id><object_id>4163947</object_id><predicate>hanging on a</predicate></relation></annotation>