<annotation><folder>VG_100K</folder><filename>1159947.jpg</filename><source><database>Visual Genome Version 1.2</database><image_id>1159947</image_id><coco_id>253903</coco_id><flickr_id>8232247212</flickr_id></source><size><width>1024</width><height>680</height><depth>3</depth></size><segmented>0</segmented><object><name>steps</name><object_id>4264979</object_id><difficult>0</difficult><bndbox><xmin>654</xmin><ymin>251</ymin><xmax>693</xmax><ymax>340</ymax></bndbox></object><object><name>building</name><object_id>4264980</object_id><difficult>0</difficult><bndbox><xmin>622</xmin><ymin>217</ymin><xmax>763</xmax><ymax>345</ymax></bndbox></object><relation><subject_id>4264979</subject_id><object_id>4264980</object_id><predicate>on other side of</predicate></relation></annotation>