<annotation><folder>VG_100K</folder><filename>1159922.jpg</filename><source><database>Visual Genome Version 1.2</database><image_id>1159922</image_id><coco_id>498786</coco_id><flickr_id>6643755885</flickr_id></source><size><width>768</width><height>1024</height><depth>3</depth></size><segmented>0</segmented><object><name>wall</name><object_id>4248483</object_id><difficult>0</difficult><bndbox><xmin>437</xmin><ymin>14</ymin><xmax>766</xmax><ymax>184</ymax></bndbox></object><object><name>bananas</name><object_id>4248482</object_id><difficult>0</difficult><bndbox><xmin>658</xmin><ymin>9</ymin><xmax>761</xmax><ymax>95</ymax></bndbox></object><object><name>cloth</name><object_id>4193315</object_id><difficult>0</difficult><bndbox><xmin>21</xmin><ymin>458</ymin><xmax>125</xmax><ymax>478</ymax></bndbox><attribute>white</attribute></object><object><name>shelf</name><object_id>4193316</object_id><difficult>0</difficult><bndbox><xmin>0</xmin><ymin>437</ymin><xmax>178</xmax><ymax>511</ymax></bndbox></object><object><name>figurine</name><object_id>4193327</object_id><difficult>0</difficult><bndbox><xmin>485</xmin><ymin>424</ymin><xmax>642</xmax><ymax>653</ymax></bndbox><attribute>stuffed</attribute></object><object><name>fixture</name><object_id>4193328</object_id><difficult>0</difficult><bndbox><xmin>555</xmin><ymin>276</ymin><xmax>615</xmax><ymax>675</ymax></bndbox></object><relation><subject_id>4248482</subject_id><object_id>4248483</object_id><predicate>drawn on</predicate></relation><relation><subject_id>4193315</subject_id><object_id>4193316</object_id><predicate>line</predicate></relation><relation><subject_id>4193327</subject_id><object_id>4193328</object_id><predicate>hanging on a</predicate></relation></annotation>