<annotation><folder>VG_100K</folder><filename>1159328.jpg</filename><source><database>Visual Genome Version 1.2</database><image_id>1159328</image_id><coco_id>None</coco_id><flickr_id>8320731149</flickr_id></source><size><width>680</width><height>1024</height><depth>3</depth></size><segmented>0</segmented><object><name>street</name><object_id>4069404</object_id><difficult>0</difficult><bndbox><xmin>413</xmin><ymin>803</ymin><xmax>504</xmax><ymax>847</ymax></bndbox></object><object><name>woman</name><object_id>4069403</object_id><difficult>0</difficult><bndbox><xmin>424</xmin><ymin>741</ymin><xmax>452</xmax><ymax>816</ymax></bndbox></object><object><name>man</name><object_id>4069402</object_id><difficult>0</difficult><bndbox><xmin>448</xmin><ymin>738</ymin><xmax>477</xmax><ymax>815</ymax></bndbox></object><object><name>building</name><object_id>4069413</object_id><difficult>0</difficult><bndbox><xmin>265</xmin><ymin>215</ymin><xmax>389</xmax><ymax>589</ymax></bndbox></object><object><name>steeple</name><object_id>4069412</object_id><difficult>0</difficult><bndbox><xmin>287</xmin><ymin>19</ymin><xmax>377</xmax><ymax>218</ymax></bndbox><attribute>silver</attribute><attribute>gold</attribute></object><object><name>building</name><object_id>4069420</object_id><difficult>0</difficult><bndbox><xmin>32</xmin><ymin>435</ymin><xmax>129</xmax><ymax>697</ymax></bndbox></object><object><name>sign</name><object_id>4069419</object_id><difficult>0</difficult><bndbox><xmin>126</xmin><ymin>474</ymin><xmax>164</xmax><ymax>611</ymax></bndbox></object><object><name>sign</name><object_id>4069422</object_id><difficult>0</difficult><bndbox><xmin>540</xmin><ymin>577</ymin><xmax>605</xmax><ymax>631</ymax></bndbox><attribute>small</attribute></object><object><name>building</name><object_id>4069421</object_id><difficult>0</difficult><bndbox><xmin>563</xmin><ymin>427</ymin><xmax>659</xmax><ymax>765</ymax></bndbox></object><object><name>building</name><object_id>4069424</object_id><difficult>0</difficult><bndbox><xmin>446</xmin><ymin>302</ymin><xmax>582</xmax><ymax>659</ymax></bndbox></object><object><name>sign</name><object_id>4069423</object_id><difficult>0</difficult><bndbox><xmin>439</xmin><ymin>587</ymin><xmax>489</xmax><ymax>642</ymax></bndbox></object><object><name>cross</name><object_id>4580279</object_id><difficult>0</difficult><bndbox><xmin>303</xmin><ymin>20</ymin><xmax>357</xmax><ymax>94</ymax></bndbox><attribute>grey</attribute></object><object><name>building</name><object_id>4580280</object_id><difficult>0</difficult><bndbox><xmin>263</xmin><ymin>15</ymin><xmax>406</xmax><ymax>746</ymax></bndbox></object><relation><subject_id>4069403</subject_id><object_id>4069404</object_id><predicate>walking towards</predicate></relation><relation><subject_id>4069402</subject_id><object_id>4069404</object_id><predicate>walking towards</predicate></relation><relation><subject_id>4069412</subject_id><object_id>4069413</object_id><predicate>top of</predicate></relation><relation><subject_id>4069419</subject_id><object_id>4069420</object_id><predicate>attached</predicate></relation><relation><subject_id>4069422</subject_id><object_id>4069421</object_id><predicate>attached</predicate></relation><relation><subject_id>4069423</subject_id><object_id>4069424</object_id><predicate>attached</predicate></relation><relation><subject_id>4580279</subject_id><object_id>4580280</object_id><predicate>top of</predicate></relation></annotation>