<annotation><folder>VG_100K</folder><filename>1159287.jpg</filename><source><database>Visual Genome Version 1.2</database><image_id>1159287</image_id><coco_id>None</coco_id><flickr_id>9546659710</flickr_id></source><size><width>1024</width><height>348</height><depth>3</depth></size><segmented>0</segmented><object><name>water</name><object_id>4067147</object_id><difficult>0</difficult><bndbox><xmin>0</xmin><ymin>188</ymin><xmax>1022</xmax><ymax>342</ymax></bndbox></object><object><name>lights</name><object_id>4067146</object_id><difficult>0</difficult><bndbox><xmin>38</xmin><ymin>206</ymin><xmax>160</xmax><ymax>233</ymax></bndbox></object><object><name>building</name><object_id>4067176</object_id><difficult>0</difficult><bndbox><xmin>95</xmin><ymin>98</ymin><xmax>130</xmax><ymax>124</ymax></bndbox></object><object><name>crane</name><object_id>4067175</object_id><difficult>0</difficult><bndbox><xmin>62</xmin><ymin>89</ymin><xmax>80</xmax><ymax>115</ymax></bndbox></object><object><name>building</name><object_id>4579505</object_id><difficult>0</difficult><bndbox><xmin>553</xmin><ymin>122</ymin><xmax>746</xmax><ymax>202</ymax></bndbox></object><object><name>wall</name><object_id>4579506</object_id><difficult>0</difficult><bndbox><xmin>552</xmin><ymin>178</ymin><xmax>749</xmax><ymax>202</ymax></bndbox></object><object><name>building</name><object_id>4579507</object_id><difficult>0</difficult><bndbox><xmin>120</xmin><ymin>136</ymin><xmax>159</xmax><ymax>184</ymax></bndbox></object><object><name>wall</name><object_id>4579508</object_id><difficult>0</difficult><bndbox><xmin>125</xmin><ymin>139</ymin><xmax>152</xmax><ymax>168</ymax></bndbox></object><object><name>building</name><object_id>4579509</object_id><difficult>0</difficult><bndbox><xmin>682</xmin><ymin>106</ymin><xmax>724</xmax><ymax>150</ymax></bndbox></object><object><name>wall</name><object_id>4579510</object_id><difficult>0</difficult><bndbox><xmin>697</xmin><ymin>106</ymin><xmax>713</xmax><ymax>152</ymax></bndbox></object><relation><subject_id>4067146</subject_id><object_id>4067147</object_id><predicate>reflected on</predicate></relation><relation><subject_id>4067175</subject_id><object_id>4067176</object_id><predicate>working on</predicate></relation><relation><subject_id>4579506</subject_id><object_id>4579505</object_id><predicate>on other side of</predicate></relation><relation><subject_id>4579508</subject_id><object_id>4579507</object_id><predicate>on other side of</predicate></relation><relation><subject_id>4579510</subject_id><object_id>4579509</object_id><predicate>on other side of</predicate></relation></annotation>