<annotation><folder>VG_100K</folder><filename>1159714.jpg</filename><source><database>Visual Genome Version 1.2</database><image_id>1159714</image_id><coco_id>None</coco_id><flickr_id>8438876622</flickr_id></source><size><width>1024</width><height>768</height><depth>3</depth></size><segmented>0</segmented><object><name>building</name><object_id>1596826</object_id><difficult>0</difficult><bndbox><xmin>675</xmin><ymin>11</ymin><xmax>701</xmax><ymax>113</ymax></bndbox></object><object><name>window</name><object_id>1596825</object_id><difficult>0</difficult><bndbox><xmin>675</xmin><ymin>11</ymin><xmax>701</xmax><ymax>113</ymax></bndbox></object><object><name>window</name><object_id>1596828</object_id><difficult>0</difficult><bndbox><xmin>697</xmin><ymin>33</ymin><xmax>780</xmax><ymax>135</ymax></bndbox></object><object><name>building</name><object_id>1596827</object_id><difficult>0</difficult><bndbox><xmin>697</xmin><ymin>33</ymin><xmax>780</xmax><ymax>135</ymax></bndbox></object><object><name>window</name><object_id>1596840</object_id><difficult>0</difficult><bndbox><xmin>137</xmin><ymin>263</ymin><xmax>182</xmax><ymax>514</ymax></bndbox><attribute>tall</attribute></object><object><name>building</name><object_id>1596839</object_id><difficult>0</difficult><bndbox><xmin>137</xmin><ymin>263</ymin><xmax>182</xmax><ymax>514</ymax></bndbox></object><relation><subject_id>1596826</subject_id><object_id>1596825</object_id><predicate>containing</predicate></relation><relation><subject_id>1596827</subject_id><object_id>1596828</object_id><predicate>containing</predicate></relation><relation><subject_id>1596840</subject_id><object_id>1596839</object_id><predicate>are inside</predicate></relation></annotation>