<annotation><folder>VG_100K</folder><filename>1159779.jpg</filename><source><database>Visual Genome Version 1.2</database><image_id>1159779</image_id><coco_id>14472</coco_id><flickr_id>2946311692</flickr_id></source><size><width>683</width><height>1024</height><depth>3</depth></size><segmented>0</segmented><object><name>people</name><object_id>4176869</object_id><difficult>0</difficult><bndbox><xmin>443</xmin><ymin>327</ymin><xmax>546</xmax><ymax>684</ymax></bndbox></object><object><name>people</name><object_id>4176870</object_id><difficult>0</difficult><bndbox><xmin>335</xmin><ymin>352</ymin><xmax>431</xmax><ymax>669</ymax></bndbox></object><object><name>umbrella</name><object_id>4176871</object_id><difficult>0</difficult><bndbox><xmin>345</xmin><ymin>264</ymin><xmax>549</xmax><ymax>326</ymax></bndbox></object><object><name>man</name><object_id>4176951</object_id><difficult>0</difficult><bndbox><xmin>425</xmin><ymin>323</ymin><xmax>555</xmax><ymax>681</ymax></bndbox></object><object><name>woman</name><object_id>4176959</object_id><difficult>0</difficult><bndbox><xmin>341</xmin><ymin>355</ymin><xmax>439</xmax><ymax>665</ymax></bndbox></object><object><name>pavement</name><object_id>4176956</object_id><difficult>0</difficult><bndbox><xmin>2</xmin><ymin>436</ymin><xmax>682</xmax><ymax>1022</ymax></bndbox></object><relation><subject_id>4176869</subject_id><object_id>4176871</object_id><predicate>under a</predicate></relation><relation><subject_id>4176870</subject_id><object_id>4176871</object_id><predicate>under a</predicate></relation><relation><subject_id>4176959</subject_id><object_id>4176956</object_id><predicate>walking towards</predicate></relation><relation><subject_id>4176951</subject_id><object_id>4176956</object_id><predicate>walking towards</predicate></relation></annotation>