<annotation><folder>VG_100K</folder><filename>1159470.jpg</filename><source><database>Visual Genome Version 1.2</database><image_id>1159470</image_id><coco_id>565211</coco_id><flickr_id>3123594491</flickr_id></source><size><width>1024</width><height>768</height><depth>3</depth></size><segmented>0</segmented><object><name>wall</name><object_id>1593826</object_id><difficult>0</difficult><bndbox><xmin>373</xmin><ymin>52</ymin><xmax>465</xmax><ymax>166</ymax></bndbox></object><object><name>building</name><object_id>3703605</object_id><difficult>0</difficult><bndbox><xmin>1</xmin><ymin>5</ymin><xmax>1021</xmax><ymax>766</ymax></bndbox></object><relation><subject_id>1593826</subject_id><object_id>3703605</object_id><predicate>on other side of</predicate></relation></annotation>