<annotation><folder>VG_100K</folder><filename>1159585.jpg</filename><source><database>Visual Genome Version 1.2</database><image_id>1159585</image_id><coco_id>None</coco_id><flickr_id>2771321302</flickr_id></source><size><width>1024</width><height>759</height><depth>3</depth></size><segmented>0</segmented><object><name>man</name><object_id>1077219</object_id><difficult>0</difficult><bndbox><xmin>914</xmin><ymin>24</ymin><xmax>1007</xmax><ymax>226</ymax></bndbox><attribute>sitting</attribute></object><object><name>wall</name><object_id>1077221</object_id><difficult>0</difficult><bndbox><xmin>277</xmin><ymin>150</ymin><xmax>1020</xmax><ymax>226</ymax></bndbox><attribute>concrete</attribute><attribute>short</attribute></object><object><name>man</name><object_id>1077222</object_id><difficult>0</difficult><bndbox><xmin>747</xmin><ymin>50</ymin><xmax>836</xmax><ymax>234</ymax></bndbox><attribute>sitting</attribute></object><object><name>woman</name><object_id>1077225</object_id><difficult>0</difficult><bndbox><xmin>474</xmin><ymin>17</ymin><xmax>544</xmax><ymax>224</ymax></bndbox><attribute>sitting</attribute></object><object><name>man</name><object_id>1077227</object_id><difficult>0</difficult><bndbox><xmin>405</xmin><ymin>33</ymin><xmax>477</xmax><ymax>221</ymax></bndbox><attribute>sitting</attribute></object><relation><subject_id>1077219</subject_id><object_id>1077221</object_id><predicate>sitting on a</predicate></relation><relation><subject_id>1077222</subject_id><object_id>1077221</object_id><predicate>sitting on a</predicate></relation><relation><subject_id>1077225</subject_id><object_id>1077221</object_id><predicate>sitting on a</predicate></relation><relation><subject_id>1077219</subject_id><object_id>1077221</object_id><predicate>sitting on a</predicate></relation><relation><subject_id>1077222</subject_id><object_id>1077221</object_id><predicate>sitting on a</predicate></relation><relation><subject_id>1077219</subject_id><object_id>1077221</object_id><predicate>sitting on a</predicate></relation><relation><subject_id>1077222</subject_id><object_id>1077221</object_id><predicate>sitting on a</predicate></relation><relation><subject_id>1077227</subject_id><object_id>1077221</object_id><predicate>sitting on a</predicate></relation></annotation>