<annotation><folder>VG_100K</folder><filename>1159673.jpg</filename><source><database>Visual Genome Version 1.2</database><image_id>1159673</image_id><coco_id>None</coco_id><flickr_id>4959237285</flickr_id></source><size><width>1024</width><height>819</height><depth>3</depth></size><segmented>0</segmented><object><name>seat</name><object_id>1596322</object_id><difficult>0</difficult><bndbox><xmin>327</xmin><ymin>319</ymin><xmax>802</xmax><ymax>811</ymax></bndbox><attribute>blue</attribute></object><object><name>person</name><object_id>1596323</object_id><difficult>0</difficult><bndbox><xmin>299</xmin><ymin>269</ymin><xmax>537</xmax><ymax>672</ymax></bndbox></object><relation><subject_id>1596323</subject_id><object_id>1596322</object_id><predicate>sitting on a</predicate></relation></annotation>