<annotation><folder>VG_100K</folder><filename>1159430.jpg</filename><source><database>Visual Genome Version 1.2</database><image_id>1159430</image_id><coco_id>None</coco_id><flickr_id>10180021573</flickr_id></source><size><width>1024</width><height>683</height><depth>3</depth></size><segmented>0</segmented><object><name>glass</name><object_id>1593302</object_id><difficult>0</difficult><bndbox><xmin>187</xmin><ymin>388</ymin><xmax>225</xmax><ymax>468</ymax></bndbox></object><object><name>counter</name><object_id>3603295</object_id><difficult>0</difficult><bndbox><xmin>69</xmin><ymin>403</ymin><xmax>564</xmax><ymax>566</ymax></bndbox></object><relation><subject_id>1593302</subject_id><object_id>3603295</object_id><predicate>sitting on a</predicate></relation></annotation>