<annotation><folder>VG_100K</folder><filename>1159928.jpg</filename><source><database>Visual Genome Version 1.2</database><image_id>1159928</image_id><coco_id>None</coco_id><flickr_id>8182858038</flickr_id></source><size><width>1024</width><height>683</height><depth>3</depth></size><segmented>0</segmented><object><name>bus</name><object_id>1599216</object_id><difficult>0</difficult><bndbox><xmin>495</xmin><ymin>232</ymin><xmax>957</xmax><ymax>514</ymax></bndbox></object><object><name>bus</name><object_id>1599196</object_id><difficult>0</difficult><bndbox><xmin>88</xmin><ymin>264</ymin><xmax>496</xmax><ymax>512</ymax></bndbox><attribute>white</attribute><attribute>red</attribute></object><object><name>concrete</name><object_id>1599198</object_id><difficult>0</difficult><bndbox><xmin>3</xmin><ymin>440</ymin><xmax>1022</xmax><ymax>672</ymax></bndbox><attribute>gray</attribute></object><object><name>building</name><object_id>1599199</object_id><difficult>0</difficult><bndbox><xmin>8</xmin><ymin>127</ymin><xmax>234</xmax><ymax>418</ymax></bndbox><attribute>brown</attribute></object><relation><subject_id>1599216</subject_id><object_id>1599198</object_id><predicate>top of</predicate></relation><relation><subject_id>1599196</subject_id><object_id>1599198</object_id><predicate>top of</predicate></relation><relation><subject_id>1599199</subject_id><object_id>1599196</object_id><predicate>on back of</predicate></relation></annotation>