<annotation><folder>VG_100K</folder><filename>1159439.jpg</filename><source><database>Visual Genome Version 1.2</database><image_id>1159439</image_id><coco_id>320643</coco_id><flickr_id>507902681</flickr_id></source><size><width>768</width><height>1024</height><depth>3</depth></size><segmented>0</segmented><object><name>stone wall</name><object_id>4075117</object_id><difficult>0</difficult><bndbox><xmin>488</xmin><ymin>470</ymin><xmax>589</xmax><ymax>645</ymax></bndbox></object><object><name>clock</name><object_id>4075116</object_id><difficult>0</difficult><bndbox><xmin>522</xmin><ymin>505</ymin><xmax>558</xmax><ymax>544</ymax></bndbox></object><relation><subject_id>4075116</subject_id><object_id>4075117</object_id><predicate>built into</predicate></relation></annotation>