<annotation><folder>VG_100K</folder><filename>1159794.jpg</filename><source><database>Visual Genome Version 1.2</database><image_id>1159794</image_id><coco_id>None</coco_id><flickr_id>9221153250</flickr_id></source><size><width>612</width><height>612</height><depth>3</depth></size><segmented>0</segmented><object><name>bowl</name><object_id>4177633</object_id><difficult>0</difficult><bndbox><xmin>382</xmin><ymin>397</ymin><xmax>550</xmax><ymax>517</ymax></bndbox><attribute>clear</attribute></object><object><name>salad</name><object_id>4177634</object_id><difficult>0</difficult><bndbox><xmin>453</xmin><ymin>422</ymin><xmax>501</xmax><ymax>450</ymax></bndbox><attribute>green</attribute></object><object><name>napkin</name><object_id>4193146</object_id><difficult>0</difficult><bndbox><xmin>553</xmin><ymin>464</ymin><xmax>610</xmax><ymax>577</ymax></bndbox></object><object><name>plate</name><object_id>4193147</object_id><difficult>0</difficult><bndbox><xmin>543</xmin><ymin>499</ymin><xmax>610</xmax><ymax>592</ymax></bndbox></object><object><name>pasta</name><object_id>4177659</object_id><difficult>0</difficult><bndbox><xmin>340</xmin><ymin>527</ymin><xmax>366</xmax><ymax>539</ymax></bndbox></object><object><name>sauce</name><object_id>4177660</object_id><difficult>0</difficult><bndbox><xmin>276</xmin><ymin>497</ymin><xmax>326</xmax><ymax>521</ymax></bndbox><attribute>red</attribute></object><relation><subject_id>4177634</subject_id><object_id>4177633</object_id><predicate>are inside</predicate></relation><relation><subject_id>4193146</subject_id><object_id>4193147</object_id><predicate>top of</predicate></relation><relation><subject_id>4177659</subject_id><object_id>4177660</object_id><predicate>under a</predicate></relation></annotation>