<annotation><folder>VG_100K</folder><filename>1159606.jpg</filename><source><database>Visual Genome Version 1.2</database><image_id>1159606</image_id><coco_id>115005</coco_id><flickr_id>3341666439</flickr_id></source><size><width>1024</width><height>768</height><depth>3</depth></size><segmented>0</segmented><object><name>wall</name><object_id>4069448</object_id><difficult>0</difficult><bndbox><xmin>10</xmin><ymin>9</ymin><xmax>717</xmax><ymax>347</ymax></bndbox></object><object><name>bicycle</name><object_id>4069447</object_id><difficult>0</difficult><bndbox><xmin>122</xmin><ymin>16</ymin><xmax>524</xmax><ymax>246</ymax></bndbox></object><relation><subject_id>4069447</subject_id><object_id>4069448</object_id><predicate>resting on</predicate></relation></annotation>