<annotation><folder>VG_100K</folder><filename>1159711.jpg</filename><source><database>Visual Genome Version 1.2</database><image_id>1159711</image_id><coco_id>None</coco_id><flickr_id>5422092171</flickr_id></source><size><width>1024</width><height>680</height><depth>3</depth></size><segmented>0</segmented><object><name>towel</name><object_id>3285307</object_id><difficult>0</difficult><bndbox><xmin>632</xmin><ymin>521</ymin><xmax>759</xmax><ymax>614</ymax></bndbox><attribute>white</attribute></object><object><name>bathtub</name><object_id>3285308</object_id><difficult>0</difficult><bndbox><xmin>535</xmin><ymin>363</ymin><xmax>1019</xmax><ymax>648</ymax></bndbox></object><object><name>towel</name><object_id>3213742</object_id><difficult>0</difficult><bndbox><xmin>651</xmin><ymin>460</ymin><xmax>829</xmax><ymax>673</ymax></bndbox><attribute>hanging</attribute></object><object><name>tub</name><object_id>3213743</object_id><difficult>0</difficult><bndbox><xmin>261</xmin><ymin>414</ymin><xmax>552</xmax><ymax>655</ymax></bndbox></object><relation><subject_id>3285307</subject_id><object_id>3285308</object_id><predicate>draped over</predicate></relation><relation><subject_id>3213742</subject_id><object_id>3213743</object_id><predicate>hanging on a</predicate></relation></annotation>