<annotation><folder>VG_100K</folder><filename>1159452.jpg</filename><source><database>Visual Genome Version 1.2</database><image_id>1159452</image_id><coco_id>420791</coco_id><flickr_id>9527663616</flickr_id></source><size><width>1024</width><height>684</height><depth>3</depth></size><segmented>0</segmented><object><name>frame</name><object_id>3790160</object_id><difficult>0</difficult><bndbox><xmin>765</xmin><ymin>11</ymin><xmax>917</xmax><ymax>141</ymax></bndbox></object><object><name>pole</name><object_id>1593674</object_id><difficult>0</difficult><bndbox><xmin>797</xmin><ymin>11</ymin><xmax>903</xmax><ymax>116</ymax></bndbox></object><relation><subject_id>3790160</subject_id><object_id>1593674</object_id><predicate>top of</predicate></relation></annotation>