<annotation><folder>VG_100K</folder><filename>1159258.jpg</filename><source><database>Visual Genome Version 1.2</database><image_id>1159258</image_id><coco_id>None</coco_id><flickr_id>2227367994</flickr_id></source><size><width>1024</width><height>576</height><depth>3</depth></size><segmented>0</segmented><object><name>mouse</name><object_id>4579047</object_id><difficult>0</difficult><bndbox><xmin>616</xmin><ymin>405</ymin><xmax>690</xmax><ymax>468</ymax></bndbox></object><object><name>monitor</name><object_id>4579048</object_id><difficult>0</difficult><bndbox><xmin>561</xmin><ymin>152</ymin><xmax>894</xmax><ymax>420</ymax></bndbox></object><relation><subject_id>4579047</subject_id><object_id>4579048</object_id><predicate>under a</predicate></relation></annotation>