<annotation><folder>VG_100K</folder><filename>1159517.jpg</filename><source><database>Visual Genome Version 1.2</database><image_id>1159517</image_id><coco_id>None</coco_id><flickr_id>2650164083</flickr_id></source><size><width>1024</width><height>464</height><depth>3</depth></size><segmented>0</segmented><object><name>man</name><object_id>1594507</object_id><difficult>0</difficult><bndbox><xmin>106</xmin><ymin>25</ymin><xmax>221</xmax><ymax>253</ymax></bndbox></object><object><name>horse</name><object_id>1594508</object_id><difficult>0</difficult><bndbox><xmin>39</xmin><ymin>101</ymin><xmax>321</xmax><ymax>333</ymax></bndbox><attribute>large</attribute><attribute>brown</attribute></object><relation><subject_id>1594507</subject_id><object_id>1594508</object_id><predicate>sitting on a</predicate></relation></annotation>