<annotation><folder>VG_100K</folder><filename>1159721.jpg</filename><source><database>Visual Genome Version 1.2</database><image_id>1159721</image_id><coco_id>None</coco_id><flickr_id>5471365300</flickr_id></source><size><width>765</width><height>1024</height><depth>3</depth></size><segmented>0</segmented><object><name>pot</name><object_id>4160860</object_id><difficult>0</difficult><bndbox><xmin>99</xmin><ymin>304</ymin><xmax>373</xmax><ymax>370</ymax></bndbox></object><object><name>pot</name><object_id>4160861</object_id><difficult>0</difficult><bndbox><xmin>89</xmin><ymin>368</ymin><xmax>294</xmax><ymax>489</ymax></bndbox></object><relation><subject_id>4160860</subject_id><object_id>4160861</object_id><predicate>are inside</predicate></relation></annotation>