<annotation><folder>VG_100K</folder><filename>1159833.jpg</filename><source><database>Visual Genome Version 1.2</database><image_id>1159833</image_id><coco_id>None</coco_id><flickr_id>7040353469</flickr_id></source><size><width>768</width><height>1024</height><depth>3</depth></size><segmented>0</segmented><object><name>clothing</name><object_id>1598101</object_id><difficult>0</difficult><bndbox><xmin>440</xmin><ymin>288</ymin><xmax>696</xmax><ymax>865</ymax></bndbox><attribute>red</attribute></object><object><name>woman</name><object_id>1598100</object_id><difficult>0</difficult><bndbox><xmin>440</xmin><ymin>288</ymin><xmax>696</xmax><ymax>865</ymax></bndbox></object><object><name>sunlight</name><object_id>1598123</object_id><difficult>0</difficult><bndbox><xmin>238</xmin><ymin>178</ymin><xmax>333</xmax><ymax>228</ymax></bndbox></object><object><name>goggles</name><object_id>1598122</object_id><difficult>0</difficult><bndbox><xmin>238</xmin><ymin>178</ymin><xmax>333</xmax><ymax>228</ymax></bndbox></object><relation><subject_id>1598100</subject_id><object_id>1598101</object_id><predicate>dressed in</predicate></relation><relation><subject_id>1598123</subject_id><object_id>1598122</object_id><predicate>reflecting off</predicate></relation></annotation>