<annotation><folder>VG_100K</folder><filename>1159290.jpg</filename><source><database>Visual Genome Version 1.2</database><image_id>1159290</image_id><coco_id>None</coco_id><flickr_id>2645623759</flickr_id></source><size><width>800</width><height>531</height><depth>3</depth></size><segmented>0</segmented><object><name>bananas</name><object_id>4579624</object_id><difficult>0</difficult><bndbox><xmin>68</xmin><ymin>149</ymin><xmax>398</xmax><ymax>215</ymax></bndbox><attribute>yellow</attribute></object><object><name>ceiling</name><object_id>4579625</object_id><difficult>0</difficult><bndbox><xmin>10</xmin><ymin>8</ymin><xmax>452</xmax><ymax>181</ymax></bndbox></object><relation><subject_id>4579624</subject_id><object_id>4579625</object_id><predicate>hanging on a</predicate></relation></annotation>