<annotation><folder>VG_100K</folder><filename>1159915.jpg</filename><source><database>Visual Genome Version 1.2</database><image_id>1159915</image_id><coco_id>None</coco_id><flickr_id>4018027151</flickr_id></source><size><width>1024</width><height>678</height><depth>3</depth></size><segmented>0</segmented><object><name>people</name><object_id>3705752</object_id><difficult>0</difficult><bndbox><xmin>206</xmin><ymin>202</ymin><xmax>293</xmax><ymax>259</ymax></bndbox></object><object><name>chairs</name><object_id>3705753</object_id><difficult>0</difficult><bndbox><xmin>174</xmin><ymin>199</ymin><xmax>222</xmax><ymax>252</ymax></bndbox></object><object><name>airplane</name><object_id>3705754</object_id><difficult>0</difficult><bndbox><xmin>23</xmin><ymin>159</ymin><xmax>153</xmax><ymax>274</ymax></bndbox></object><object><name>mountain</name><object_id>1599102</object_id><difficult>0</difficult><bndbox><xmin>436</xmin><ymin>13</ymin><xmax>899</xmax><ymax>125</ymax></bndbox></object><object><name>trees</name><object_id>3705759</object_id><difficult>0</difficult><bndbox><xmin>569</xmin><ymin>99</ymin><xmax>824</xmax><ymax>143</ymax></bndbox></object><object><name>chair</name><object_id>1599109</object_id><difficult>0</difficult><bndbox><xmin>62</xmin><ymin>225</ymin><xmax>100</xmax><ymax>276</ymax></bndbox></object><object><name>plane</name><object_id>3705768</object_id><difficult>0</difficult><bndbox><xmin>33</xmin><ymin>142</ymin><xmax>208</xmax><ymax>222</ymax></bndbox><attribute>small</attribute></object><relation><subject_id>3705752</subject_id><object_id>3705753</object_id><predicate>sitting on a</predicate></relation><relation><subject_id>3705753</subject_id><object_id>3705754</object_id><predicate>under a</predicate></relation><relation><subject_id>1599102</subject_id><object_id>3705759</object_id><predicate>beyond</predicate></relation><relation><subject_id>1599109</subject_id><object_id>3705768</object_id><predicate>beneath</predicate></relation></annotation>