<annotation><folder>VG_100K</folder><filename>1159990.jpg</filename><source><database>Visual Genome Version 1.2</database><image_id>1159990</image_id><coco_id>403657</coco_id><flickr_id>8191984745</flickr_id></source><size><width>1024</width><height>768</height><depth>3</depth></size><segmented>0</segmented><object><name>street</name><object_id>1599959</object_id><difficult>0</difficult><bndbox><xmin>0</xmin><ymin>537</ymin><xmax>1016</xmax><ymax>766</ymax></bndbox></object><object><name>tree</name><object_id>1599958</object_id><difficult>0</difficult><bndbox><xmin>917</xmin><ymin>496</ymin><xmax>1022</xmax><ymax>594</ymax></bndbox></object><relation><subject_id>1599958</subject_id><object_id>1599959</object_id><predicate>down</predicate></relation></annotation>