<annotation><folder>VG_100K</folder><filename>1159390.jpg</filename><source><database>Visual Genome Version 1.2</database><image_id>1159390</image_id><coco_id>None</coco_id><flickr_id>9456571860</flickr_id></source><size><width>1024</width><height>512</height><depth>3</depth></size><segmented>0</segmented><object><name>train</name><object_id>4006303</object_id><difficult>0</difficult><bndbox><xmin>100</xmin><ymin>210</ymin><xmax>783</xmax><ymax>418</ymax></bndbox><attribute>white</attribute></object><object><name>door</name><object_id>4581433</object_id><difficult>0</difficult><bndbox><xmin>395</xmin><ymin>264</ymin><xmax>450</xmax><ymax>364</ymax></bndbox></object><object><name>text</name><object_id>4581435</object_id><difficult>0</difficult><bndbox><xmin>802</xmin><ymin>109</ymin><xmax>945</xmax><ymax>185</ymax></bndbox></object><object><name>sign</name><object_id>4581436</object_id><difficult>0</difficult><bndbox><xmin>797</xmin><ymin>96</ymin><xmax>981</xmax><ymax>196</ymax></bndbox><attribute>orange</attribute></object><object><name>gravel</name><object_id>4581437</object_id><difficult>0</difficult><bndbox><xmin>218</xmin><ymin>286</ymin><xmax>860</xmax><ymax>507</ymax></bndbox></object><object><name>track</name><object_id>4581438</object_id><difficult>0</difficult><bndbox><xmin>48</xmin><ymin>290</ymin><xmax>854</xmax><ymax>509</ymax></bndbox></object><object><name>pole</name><object_id>4581441</object_id><difficult>0</difficult><bndbox><xmin>817</xmin><ymin>188</ymin><xmax>841</xmax><ymax>422</ymax></bndbox><attribute>white</attribute><attribute>black</attribute></object><object><name>pole</name><object_id>4581442</object_id><difficult>0</difficult><bndbox><xmin>916</xmin><ymin>188</ymin><xmax>940</xmax><ymax>398</ymax></bndbox><attribute>white</attribute><attribute>black</attribute></object><object><name>sky</name><object_id>4581443</object_id><difficult>0</difficult><bndbox><xmin>2</xmin><ymin>3</ymin><xmax>990</xmax><ymax>269</ymax></bndbox><attribute>light blue</attribute><attribute>clear</attribute></object><object><name>cloud</name><object_id>4581444</object_id><difficult>0</difficult><bndbox><xmin>689</xmin><ymin>5</ymin><xmax>992</xmax><ymax>85</ymax></bndbox><attribute>white</attribute></object><object><name>cloud</name><object_id>4581445</object_id><difficult>0</difficult><bndbox><xmin>6</xmin><ymin>5</ymin><xmax>687</xmax><ymax>90</ymax></bndbox><attribute>white</attribute></object><object><name>cloud</name><object_id>4581446</object_id><difficult>0</difficult><bndbox><xmin>4</xmin><ymin>44</ymin><xmax>767</xmax><ymax>174</ymax></bndbox><attribute>white</attribute></object><object><name>cloud</name><object_id>4581447</object_id><difficult>0</difficult><bndbox><xmin>4</xmin><ymin>107</ymin><xmax>988</xmax><ymax>261</ymax></bndbox><attribute>white</attribute></object><object><name>wire</name><object_id>4581450</object_id><difficult>0</difficult><bndbox><xmin>536</xmin><ymin>1</ymin><xmax>833</xmax><ymax>211</ymax></bndbox><attribute>electric</attribute></object><object><name>wire</name><object_id>4581451</object_id><difficult>0</difficult><bndbox><xmin>156</xmin><ymin>1</ymin><xmax>811</xmax><ymax>241</ymax></bndbox><attribute>electric</attribute></object><object><name>wire</name><object_id>4581452</object_id><difficult>0</difficult><bndbox><xmin>2</xmin><ymin>40</ymin><xmax>808</xmax><ymax>252</ymax></bndbox><attribute>electric</attribute></object><object><name>wire</name><object_id>4581453</object_id><difficult>0</difficult><bndbox><xmin>0</xmin><ymin>61</ymin><xmax>806</xmax><ymax>254</ymax></bndbox><attribute>electric</attribute></object><object><name>wire</name><object_id>4581454</object_id><difficult>0</difficult><bndbox><xmin>2</xmin><ymin>104</ymin><xmax>635</xmax><ymax>217</ymax></bndbox><attribute>electric</attribute></object><object><name>logo</name><object_id>4006305</object_id><difficult>0</difficult><bndbox><xmin>230</xmin><ymin>292</ymin><xmax>276</xmax><ymax>353</ymax></bndbox></object><object><name>train</name><object_id>4147624</object_id><difficult>0</difficult><bndbox><xmin>108</xmin><ymin>200</ymin><xmax>837</xmax><ymax>419</ymax></bndbox><attribute>white</attribute></object><object><name>window</name><object_id>4147622</object_id><difficult>0</difficult><bndbox><xmin>306</xmin><ymin>274</ymin><xmax>367</xmax><ymax>344</ymax></bndbox></object><object><name>train</name><object_id>4147623</object_id><difficult>0</difficult><bndbox><xmin>75</xmin><ymin>194</ymin><xmax>843</xmax><ymax>396</ymax></bndbox></object><object><name>window</name><object_id>4147625</object_id><difficult>0</difficult><bndbox><xmin>352</xmin><ymin>274</ymin><xmax>405</xmax><ymax>331</ymax></bndbox></object><object><name>window</name><object_id>4259922</object_id><difficult>0</difficult><bndbox><xmin>362</xmin><ymin>287</ymin><xmax>391</xmax><ymax>331</ymax></bndbox></object><object><name>window</name><object_id>4259975</object_id><difficult>0</difficult><bndbox><xmin>502</xmin><ymin>281</ymin><xmax>524</xmax><ymax>318</ymax></bndbox></object><relation><subject_id>4581433</subject_id><object_id>4006303</object_id><predicate>leading to</predicate></relation><relation><subject_id>4581435</subject_id><object_id>4581436</object_id><predicate>printed on</predicate></relation><relation><subject_id>4581437</subject_id><object_id>4581438</object_id><predicate>laying in</predicate></relation><relation><subject_id>4581436</subject_id><object_id>4581441</object_id><predicate>mounted on</predicate></relation><relation><subject_id>4581436</subject_id><object_id>4581442</object_id><predicate>mounted on</predicate></relation><relation><subject_id>4581444</subject_id><object_id>4581443</object_id><predicate>hanging on a</predicate></relation><relation><subject_id>4581445</subject_id><object_id>4581443</object_id><predicate>hanging on a</predicate></relation><relation><subject_id>4581446</subject_id><object_id>4581443</object_id><predicate>hanging on a</predicate></relation><relation><subject_id>4581447</subject_id><object_id>4581443</object_id><predicate>hanging on a</predicate></relation><relation><subject_id>4581450</subject_id><object_id>4006303</object_id><predicate>hanging on a</predicate></relation><relation><subject_id>4581451</subject_id><object_id>4006303</object_id><predicate>hanging on a</predicate></relation><relation><subject_id>4581452</subject_id><object_id>4006303</object_id><predicate>hanging on a</predicate></relation><relation><subject_id>4581453</subject_id><object_id>4006303</object_id><predicate>hanging on a</predicate></relation><relation><subject_id>4581454</subject_id><object_id>4006303</object_id><predicate>hanging on a</predicate></relation><relation><subject_id>4006305</subject_id><object_id>4006303</object_id><predicate>painted</predicate></relation><relation><subject_id>4147622</subject_id><object_id>4147623</object_id><predicate>on other side of</predicate></relation><relation><subject_id>4147625</subject_id><object_id>4147624</object_id><predicate>on other side of</predicate></relation><relation><subject_id>4259922</subject_id><object_id>4006303</object_id><predicate>on other side of</predicate></relation><relation><subject_id>4259975</subject_id><object_id>4006303</object_id><predicate>built into</predicate></relation></annotation>