<annotation><folder>VG_100K</folder><filename>1159602.jpg</filename><source><database>Visual Genome Version 1.2</database><image_id>1159602</image_id><coco_id>133087</coco_id><flickr_id>7400954768</flickr_id></source><size><width>800</width><height>536</height><depth>3</depth></size><segmented>0</segmented><object><name>pole</name><object_id>4430253</object_id><difficult>0</difficult><bndbox><xmin>569</xmin><ymin>47</ymin><xmax>621</xmax><ymax>454</ymax></bndbox></object><object><name>fence</name><object_id>4430254</object_id><difficult>0</difficult><bndbox><xmin>519</xmin><ymin>306</ymin><xmax>798</xmax><ymax>466</ymax></bndbox></object><object><name>fence</name><object_id>4430261</object_id><difficult>0</difficult><bndbox><xmin>516</xmin><ymin>323</ymin><xmax>798</xmax><ymax>468</ymax></bndbox></object><object><name>light pole</name><object_id>4430262</object_id><difficult>0</difficult><bndbox><xmin>563</xmin><ymin>38</ymin><xmax>629</xmax><ymax>445</ymax></bndbox></object><object><name>tree</name><object_id>4430263</object_id><difficult>0</difficult><bndbox><xmin>7</xmin><ymin>29</ymin><xmax>178</xmax><ymax>386</ymax></bndbox></object><object><name>street</name><object_id>4430264</object_id><difficult>0</difficult><bndbox><xmin>39</xmin><ymin>306</ymin><xmax>798</xmax><ymax>442</ymax></bndbox></object><relation><subject_id>4430253</subject_id><object_id>4430254</object_id><predicate>beside</predicate></relation><relation><subject_id>4430261</subject_id><object_id>4430262</object_id><predicate>beside</predicate></relation><relation><subject_id>4430263</subject_id><object_id>4430264</object_id><predicate>beside</predicate></relation></annotation>