<annotation><folder>VG_100K</folder><filename>1159697.jpg</filename><source><database>Visual Genome Version 1.2</database><image_id>1159697</image_id><coco_id>None</coco_id><flickr_id>6318833559</flickr_id></source><size><width>1024</width><height>467</height><depth>3</depth></size><segmented>0</segmented><object><name>curb</name><object_id>1596600</object_id><difficult>0</difficult><bndbox><xmin>2</xmin><ymin>348</ymin><xmax>69</xmax><ymax>405</ymax></bndbox></object><object><name>street</name><object_id>3605365</object_id><difficult>0</difficult><bndbox><xmin>3</xmin><ymin>354</ymin><xmax>109</xmax><ymax>450</ymax></bndbox></object><relation><subject_id>1596600</subject_id><object_id>3605365</object_id><predicate>beside</predicate></relation></annotation>