<annotation><folder>VG_100K</folder><filename>1159989.jpg</filename><source><database>Visual Genome Version 1.2</database><image_id>1159989</image_id><coco_id>69214</coco_id><flickr_id>4740057591</flickr_id></source><size><width>1024</width><height>575</height><depth>3</depth></size><segmented>0</segmented><object><name>sheet</name><object_id>4203022</object_id><difficult>0</difficult><bndbox><xmin>91</xmin><ymin>363</ymin><xmax>414</xmax><ymax>487</ymax></bndbox><attribute>blue</attribute></object><object><name>comforter</name><object_id>4203023</object_id><difficult>0</difficult><bndbox><xmin>0</xmin><ymin>264</ymin><xmax>444</xmax><ymax>452</ymax></bndbox><attribute>gold</attribute></object><relation><subject_id>4203022</subject_id><object_id>4203023</object_id><predicate>under a</predicate></relation></annotation>