<annotation><folder>VG_100K</folder><filename>1159573.jpg</filename><source><database>Visual Genome Version 1.2</database><image_id>1159573</image_id><coco_id>536368</coco_id><flickr_id>9439835154</flickr_id></source><size><width>1024</width><height>683</height><depth>3</depth></size><segmented>0</segmented><object><name>hill</name><object_id>1595306</object_id><difficult>0</difficult><bndbox><xmin>2</xmin><ymin>56</ymin><xmax>1023</xmax><ymax>146</ymax></bndbox></object><object><name>trees</name><object_id>1595305</object_id><difficult>0</difficult><bndbox><xmin>440</xmin><ymin>59</ymin><xmax>483</xmax><ymax>105</ymax></bndbox><attribute>full</attribute><attribute>green</attribute></object><object><name>tree</name><object_id>1595308</object_id><difficult>0</difficult><bndbox><xmin>399</xmin><ymin>57</ymin><xmax>431</xmax><ymax>99</ymax></bndbox><attribute>full</attribute><attribute>green</attribute></object><object><name>hill</name><object_id>1595307</object_id><difficult>0</difficult><bndbox><xmin>1</xmin><ymin>56</ymin><xmax>1023</xmax><ymax>161</ymax></bndbox></object><relation><subject_id>1595305</subject_id><object_id>1595306</object_id><predicate>sitting on a</predicate></relation><relation><subject_id>1595308</subject_id><object_id>1595307</object_id><predicate>sitting on a</predicate></relation></annotation>