<annotation><folder>VG_100K</folder><filename>1159392.jpg</filename><source><database>Visual Genome Version 1.2</database><image_id>1159392</image_id><coco_id>215569</coco_id><flickr_id>3682459597</flickr_id></source><size><width>1024</width><height>768</height><depth>3</depth></size><segmented>0</segmented><object><name>man</name><object_id>4581534</object_id><difficult>0</difficult><bndbox><xmin>539</xmin><ymin>287</ymin><xmax>639</xmax><ymax>454</ymax></bndbox></object><object><name>woman</name><object_id>4581535</object_id><difficult>0</difficult><bndbox><xmin>440</xmin><ymin>294</ymin><xmax>583</xmax><ymax>491</ymax></bndbox></object><object><name>woman</name><object_id>4581536</object_id><difficult>0</difficult><bndbox><xmin>269</xmin><ymin>274</ymin><xmax>397</xmax><ymax>579</ymax></bndbox></object><object><name>woman</name><object_id>4581537</object_id><difficult>0</difficult><bndbox><xmin>434</xmin><ymin>279</ymin><xmax>612</xmax><ymax>517</ymax></bndbox></object><object><name>glass</name><object_id>4581538</object_id><difficult>0</difficult><bndbox><xmin>513</xmin><ymin>490</ymin><xmax>576</xmax><ymax>625</ymax></bndbox><attribute>wine</attribute></object><object><name>table</name><object_id>4581539</object_id><difficult>0</difficult><bndbox><xmin>336</xmin><ymin>460</ymin><xmax>833</xmax><ymax>752</ymax></bndbox></object><object><name>table</name><object_id>4581540</object_id><difficult>0</difficult><bndbox><xmin>315</xmin><ymin>475</ymin><xmax>849</xmax><ymax>748</ymax></bndbox></object><object><name>glass</name><object_id>4581541</object_id><difficult>0</difficult><bndbox><xmin>565</xmin><ymin>505</ymin><xmax>633</xmax><ymax>633</ymax></bndbox><attribute>wine</attribute></object><relation><subject_id>4581534</subject_id><object_id>4581535</object_id><predicate>sitting on a</predicate></relation><relation><subject_id>4581536</subject_id><object_id>4581537</object_id><predicate>sitting on a</predicate></relation><relation><subject_id>4581538</subject_id><object_id>4581539</object_id><predicate>sitting on a</predicate></relation><relation><subject_id>4581541</subject_id><object_id>4581540</object_id><predicate>sitting on a</predicate></relation></annotation>