<annotation><folder>VG_100K</folder><filename>1159664.jpg</filename><source><database>Visual Genome Version 1.2</database><image_id>1159664</image_id><coco_id>None</coco_id><flickr_id>8464469950</flickr_id></source><size><width>1024</width><height>768</height><depth>3</depth></size><segmented>0</segmented><object><name>lines</name><object_id>4166917</object_id><difficult>0</difficult><bndbox><xmin>1</xmin><ymin>518</ymin><xmax>1023</xmax><ymax>767</ymax></bndbox></object><object><name>runway</name><object_id>4166918</object_id><difficult>0</difficult><bndbox><xmin>4</xmin><ymin>425</ymin><xmax>1022</xmax><ymax>763</ymax></bndbox></object><relation><subject_id>4166917</subject_id><object_id>4166918</object_id><predicate>painted</predicate></relation></annotation>