<annotation><folder>VG_100K</folder><filename>1159996.jpg</filename><source><database>Visual Genome Version 1.2</database><image_id>1159996</image_id><coco_id>335216</coco_id><flickr_id>3163440231</flickr_id></source><size><width>1280</width><height>960</height><depth>3</depth></size><segmented>0</segmented><object><name>building</name><object_id>3210608</object_id><difficult>0</difficult><bndbox><xmin>16</xmin><ymin>234</ymin><xmax>886</xmax><ymax>736</ymax></bndbox></object><object><name>wall</name><object_id>3706179</object_id><difficult>0</difficult><bndbox><xmin>46</xmin><ymin>546</ymin><xmax>211</xmax><ymax>648</ymax></bndbox></object><relation><subject_id>3706179</subject_id><object_id>3210608</object_id><predicate>on other side of</predicate></relation></annotation>