<annotation><folder>VG_100K</folder><filename>1159728.jpg</filename><source><database>Visual Genome Version 1.2</database><image_id>1159728</image_id><coco_id>482597</coco_id><flickr_id>3636753154</flickr_id></source><size><width>685</width><height>1024</height><depth>3</depth></size><segmented>0</segmented><object><name>road</name><object_id>1596907</object_id><difficult>0</difficult><bndbox><xmin>84</xmin><ymin>231</ymin><xmax>548</xmax><ymax>885</ymax></bndbox></object><object><name>tree</name><object_id>1596904</object_id><difficult>0</difficult><bndbox><xmin>84</xmin><ymin>26</ymin><xmax>413</xmax><ymax>415</ymax></bndbox></object><object><name>wall</name><object_id>1596908</object_id><difficult>0</difficult><bndbox><xmin>333</xmin><ymin>219</ymin><xmax>411</xmax><ymax>336</ymax></bndbox></object><object><name>building</name><object_id>3704796</object_id><difficult>0</difficult><bndbox><xmin>306</xmin><ymin>231</ymin><xmax>447</xmax><ymax>341</ymax></bndbox></object><relation><subject_id>1596904</subject_id><object_id>1596907</object_id><predicate>line</predicate></relation><relation><subject_id>1596904</subject_id><object_id>1596907</object_id><predicate>line</predicate></relation><relation><subject_id>1596904</subject_id><object_id>1596907</object_id><predicate>line</predicate></relation><relation><subject_id>1596908</subject_id><object_id>3704796</object_id><predicate>on other side of</predicate></relation></annotation>