<annotation><folder>VG_100K</folder><filename>1159300.jpg</filename><source><database>Visual Genome Version 1.2</database><image_id>1159300</image_id><coco_id>401862</coco_id><flickr_id>8698627837</flickr_id></source><size><width>1024</width><height>768</height><depth>3</depth></size><segmented>0</segmented><object><name>building</name><object_id>1591292</object_id><difficult>0</difficult><bndbox><xmin>902</xmin><ymin>269</ymin><xmax>1020</xmax><ymax>400</ymax></bndbox></object><object><name>wall</name><object_id>1591291</object_id><difficult>0</difficult><bndbox><xmin>912</xmin><ymin>300</ymin><xmax>1020</xmax><ymax>386</ymax></bndbox></object><relation><subject_id>1591291</subject_id><object_id>1591292</object_id><predicate>on other side of</predicate></relation></annotation>