<annotation><folder>VG_100K</folder><filename>1159679.jpg</filename><source><database>Visual Genome Version 1.2</database><image_id>1159679</image_id><coco_id>None</coco_id><flickr_id>383923578</flickr_id></source><size><width>446</width><height>600</height><depth>3</depth></size><segmented>0</segmented><object><name>sidewalk</name><object_id>3797121</object_id><difficult>0</difficult><bndbox><xmin>170</xmin><ymin>466</ymin><xmax>427</xmax><ymax>595</ymax></bndbox></object><object><name>man</name><object_id>1596404</object_id><difficult>0</difficult><bndbox><xmin>182</xmin><ymin>406</ymin><xmax>234</xmax><ymax>534</ymax></bndbox></object><relation><subject_id>1596404</subject_id><object_id>3797121</object_id><predicate>walking towards</predicate></relation></annotation>