<annotation><folder>VG_100K</folder><filename>1159668.jpg</filename><source><database>Visual Genome Version 1.2</database><image_id>1159668</image_id><coco_id>None</coco_id><flickr_id>4056740432</flickr_id></source><size><width>1024</width><height>768</height><depth>3</depth></size><segmented>0</segmented><object><name>beach</name><object_id>4167014</object_id><difficult>0</difficult><bndbox><xmin>3</xmin><ymin>491</ymin><xmax>969</xmax><ymax>764</ymax></bndbox></object><object><name>man</name><object_id>4167015</object_id><difficult>0</difficult><bndbox><xmin>646</xmin><ymin>606</ymin><xmax>672</xmax><ymax>639</ymax></bndbox></object><object><name>buildings</name><object_id>4167152</object_id><difficult>0</difficult><bndbox><xmin>76</xmin><ymin>428</ymin><xmax>980</xmax><ymax>508</ymax></bndbox></object><object><name>water</name><object_id>4167153</object_id><difficult>0</difficult><bndbox><xmin>448</xmin><ymin>512</ymin><xmax>963</xmax><ymax>530</ymax></bndbox><attribute>blue</attribute></object><relation><subject_id>4167015</subject_id><object_id>4167014</object_id><predicate>sitting on a</predicate></relation><relation><subject_id>4167152</subject_id><object_id>4167153</object_id><predicate>overlooking</predicate></relation></annotation>