<annotation><folder>VG_100K</folder><filename>1159804.jpg</filename><source><database>Visual Genome Version 1.2</database><image_id>1159804</image_id><coco_id>None</coco_id><flickr_id>4549943969</flickr_id></source><size><width>1024</width><height>681</height><depth>3</depth></size><segmented>0</segmented><object><name>curtain</name><object_id>4172071</object_id><difficult>0</difficult><bndbox><xmin>112</xmin><ymin>85</ymin><xmax>285</xmax><ymax>273</ymax></bndbox></object><object><name>rod</name><object_id>4172072</object_id><difficult>0</difficult><bndbox><xmin>105</xmin><ymin>61</ymin><xmax>315</xmax><ymax>144</ymax></bndbox></object><object><name>male</name><object_id>4172116</object_id><difficult>0</difficult><bndbox><xmin>204</xmin><ymin>389</ymin><xmax>393</xmax><ymax>500</ymax></bndbox></object><object><name>female</name><object_id>4172117</object_id><difficult>0</difficult><bndbox><xmin>282</xmin><ymin>463</ymin><xmax>499</xmax><ymax>630</ymax></bndbox></object><object><name>couch</name><object_id>4172118</object_id><difficult>0</difficult><bndbox><xmin>139</xmin><ymin>327</ymin><xmax>516</xmax><ymax>645</ymax></bndbox></object><object><name>sofa</name><object_id>4177945</object_id><difficult>0</difficult><bndbox><xmin>622</xmin><ymin>290</ymin><xmax>864</xmax><ymax>625</ymax></bndbox></object><object><name>person</name><object_id>4177946</object_id><difficult>0</difficult><bndbox><xmin>635</xmin><ymin>284</ymin><xmax>847</xmax><ymax>529</ymax></bndbox></object><relation><subject_id>4172071</subject_id><object_id>4172072</object_id><predicate>hanging on a</predicate></relation><relation><subject_id>4172116</subject_id><object_id>4172118</object_id><predicate>sitting on a</predicate></relation><relation><subject_id>4172117</subject_id><object_id>4172118</object_id><predicate>sitting on a</predicate></relation><relation><subject_id>4177946</subject_id><object_id>4177945</object_id><predicate>sitting on a</predicate></relation></annotation>