<annotation><folder>VG_100K</folder><filename>1159512.jpg</filename><source><database>Visual Genome Version 1.2</database><image_id>1159512</image_id><coco_id>None</coco_id><flickr_id>8819913836</flickr_id></source><size><width>1024</width><height>684</height><depth>3</depth></size><segmented>0</segmented><object><name>window</name><object_id>4155154</object_id><difficult>0</difficult><bndbox><xmin>832</xmin><ymin>227</ymin><xmax>856</xmax><ymax>269</ymax></bndbox><attribute>glass</attribute></object><object><name>train</name><object_id>4155155</object_id><difficult>0</difficult><bndbox><xmin>647</xmin><ymin>160</ymin><xmax>993</xmax><ymax>398</ymax></bndbox></object><relation><subject_id>4155154</subject_id><object_id>4155155</object_id><predicate>built into</predicate></relation></annotation>