<annotation><folder>VG_100K</folder><filename>1159282.jpg</filename><source><database>Visual Genome Version 1.2</database><image_id>1159282</image_id><coco_id>186145</coco_id><flickr_id>7783698364</flickr_id></source><size><width>1024</width><height>683</height><depth>3</depth></size><segmented>0</segmented><object><name>cabinets</name><object_id>4684377</object_id><difficult>0</difficult><bndbox><xmin>354</xmin><ymin>409</ymin><xmax>596</xmax><ymax>595</ymax></bndbox></object><object><name>sink</name><object_id>4684378</object_id><difficult>0</difficult><bndbox><xmin>425</xmin><ymin>366</ymin><xmax>607</xmax><ymax>403</ymax></bndbox></object><relation><subject_id>4684377</subject_id><object_id>4684378</object_id><predicate>under a</predicate></relation></annotation>