<annotation><folder>VG_100K</folder><filename>1159499.jpg</filename><source><database>Visual Genome Version 1.2</database><image_id>1159499</image_id><coco_id>None</coco_id><flickr_id>10123415313</flickr_id></source><size><width>1024</width><height>768</height><depth>3</depth></size><segmented>0</segmented><object><name>building</name><object_id>1594289</object_id><difficult>0</difficult><bndbox><xmin>369</xmin><ymin>76</ymin><xmax>575</xmax><ymax>222</ymax></bndbox></object><object><name>wall</name><object_id>1594290</object_id><difficult>0</difficult><bndbox><xmin>369</xmin><ymin>76</ymin><xmax>575</xmax><ymax>222</ymax></bndbox></object><relation><subject_id>1594290</subject_id><object_id>1594289</object_id><predicate>on other side of</predicate></relation></annotation>