<annotation><folder>VG_100K</folder><filename>1159969.jpg</filename><source><database>Visual Genome Version 1.2</database><image_id>1159969</image_id><coco_id>346997</coco_id><flickr_id>5744483171</flickr_id></source><size><width>1024</width><height>765</height><depth>3</depth></size><segmented>0</segmented><object><name>man</name><object_id>4268519</object_id><difficult>0</difficult><bndbox><xmin>309</xmin><ymin>264</ymin><xmax>588</xmax><ymax>716</ymax></bndbox></object><object><name>guitar</name><object_id>4202769</object_id><difficult>0</difficult><bndbox><xmin>287</xmin><ymin>389</ymin><xmax>640</xmax><ymax>612</ymax></bndbox></object><object><name>hand</name><object_id>4268596</object_id><difficult>0</difficult><bndbox><xmin>338</xmin><ymin>447</ymin><xmax>401</xmax><ymax>517</ymax></bndbox></object><object><name>guitar</name><object_id>4268597</object_id><difficult>0</difficult><bndbox><xmin>260</xmin><ymin>358</ymin><xmax>632</xmax><ymax>614</ymax></bndbox></object><relation><subject_id>4268519</subject_id><object_id>4202769</object_id><predicate>playing with</predicate></relation><relation><subject_id>4268596</subject_id><object_id>4268597</object_id><predicate>resting on</predicate></relation></annotation>