<annotation><folder>VG_100K</folder><filename>1159857.jpg</filename><source><database>Visual Genome Version 1.2</database><image_id>1159857</image_id><coco_id>None</coco_id><flickr_id>275375865</flickr_id></source><size><width>1024</width><height>768</height><depth>3</depth></size><segmented>0</segmented><object><name>desk</name><object_id>1598323</object_id><difficult>0</difficult><bndbox><xmin>90</xmin><ymin>458</ymin><xmax>395</xmax><ymax>627</ymax></bndbox></object><object><name>chair</name><object_id>1598322</object_id><difficult>0</difficult><bndbox><xmin>90</xmin><ymin>542</ymin><xmax>309</xmax><ymax>720</ymax></bndbox></object><object><name>ceiling</name><object_id>1598333</object_id><difficult>0</difficult><bndbox><xmin>76</xmin><ymin>17</ymin><xmax>282</xmax><ymax>150</ymax></bndbox></object><object><name>light</name><object_id>1598332</object_id><difficult>0</difficult><bndbox><xmin>52</xmin><ymin>115</ymin><xmax>157</xmax><ymax>217</ymax></bndbox></object><relation><subject_id>1598322</subject_id><object_id>1598323</object_id><predicate>against</predicate></relation><relation><subject_id>1598332</subject_id><object_id>1598333</object_id><predicate>hanging on a</predicate></relation></annotation>