<annotation><folder>VG_100K</folder><filename>1159548.jpg</filename><source><database>Visual Genome Version 1.2</database><image_id>1159548</image_id><coco_id>None</coco_id><flickr_id>9155420776</flickr_id></source><size><width>1024</width><height>637</height><depth>3</depth></size><segmented>0</segmented><object><name>chair</name><object_id>1594949</object_id><difficult>0</difficult><bndbox><xmin>548</xmin><ymin>583</ymin><xmax>705</xmax><ymax>631</ymax></bndbox></object><object><name>bar</name><object_id>3704079</object_id><difficult>0</difficult><bndbox><xmin>21</xmin><ymin>386</ymin><xmax>1020</xmax><ymax>540</ymax></bndbox></object><object><name>chair</name><object_id>3704080</object_id><difficult>0</difficult><bndbox><xmin>831</xmin><ymin>591</ymin><xmax>1002</xmax><ymax>631</ymax></bndbox></object><object><name>chair</name><object_id>3704081</object_id><difficult>0</difficult><bndbox><xmin>297</xmin><ymin>578</ymin><xmax>453</xmax><ymax>631</ymax></bndbox></object><object><name>chair</name><object_id>3704082</object_id><difficult>0</difficult><bndbox><xmin>51</xmin><ymin>561</ymin><xmax>207</xmax><ymax>631</ymax></bndbox></object><object><name>bar</name><object_id>3797026</object_id><difficult>0</difficult><bndbox><xmin>118</xmin><ymin>343</ymin><xmax>966</xmax><ymax>564</ymax></bndbox></object><object><name>chair</name><object_id>1594950</object_id><difficult>0</difficult><bndbox><xmin>829</xmin><ymin>598</ymin><xmax>1004</xmax><ymax>634</ymax></bndbox></object><object><name>ceiling</name><object_id>3797030</object_id><difficult>0</difficult><bndbox><xmin>237</xmin><ymin>3</ymin><xmax>547</xmax><ymax>38</ymax></bndbox></object><object><name>light</name><object_id>3797029</object_id><difficult>0</difficult><bndbox><xmin>555</xmin><ymin>42</ymin><xmax>752</xmax><ymax>138</ymax></bndbox></object><object><name>light</name><object_id>3797028</object_id><difficult>0</difficult><bndbox><xmin>159</xmin><ymin>68</ymin><xmax>376</xmax><ymax>164</ymax></bndbox></object><relation><subject_id>1594949</subject_id><object_id>3704079</object_id><predicate>under a</predicate></relation><relation><subject_id>3704080</subject_id><object_id>3704079</object_id><predicate>under a</predicate></relation><relation><subject_id>3704081</subject_id><object_id>3704079</object_id><predicate>under a</predicate></relation><relation><subject_id>3704082</subject_id><object_id>3704079</object_id><predicate>under a</predicate></relation><relation><subject_id>1594950</subject_id><object_id>3797026</object_id><predicate>under a</predicate></relation><relation><subject_id>3797029</subject_id><object_id>3797030</object_id><predicate>hanging on a</predicate></relation><relation><subject_id>3797028</subject_id><object_id>3797030</object_id><predicate>hanging on a</predicate></relation></annotation>