<annotation><folder>VG_100K</folder><filename>1159297.jpg</filename><source><database>Visual Genome Version 1.2</database><image_id>1159297</image_id><coco_id>579659</coco_id><flickr_id>7960131502</flickr_id></source><size><width>1024</width><height>683</height><depth>3</depth></size><segmented>0</segmented><object><name>ceiling</name><object_id>1591164</object_id><difficult>0</difficult><bndbox><xmin>326</xmin><ymin>24</ymin><xmax>462</xmax><ymax>186</ymax></bndbox></object><object><name>lights</name><object_id>1591163</object_id><difficult>0</difficult><bndbox><xmin>646</xmin><ymin>154</ymin><xmax>703</xmax><ymax>213</ymax></bndbox></object><object><name>lights</name><object_id>1591162</object_id><difficult>0</difficult><bndbox><xmin>87</xmin><ymin>87</ymin><xmax>158</xmax><ymax>198</ymax></bndbox></object><object><name>lights</name><object_id>1591161</object_id><difficult>0</difficult><bndbox><xmin>473</xmin><ymin>10</ymin><xmax>573</xmax><ymax>156</ymax></bndbox></object><object><name>picture</name><object_id>1591185</object_id><difficult>0</difficult><bndbox><xmin>665</xmin><ymin>238</ymin><xmax>688</xmax><ymax>268</ymax></bndbox></object><object><name>wall</name><object_id>1591184</object_id><difficult>0</difficult><bndbox><xmin>664</xmin><ymin>220</ymin><xmax>699</xmax><ymax>243</ymax></bndbox></object><object><name>wall</name><object_id>1591183</object_id><difficult>0</difficult><bndbox><xmin>738</xmin><ymin>293</ymin><xmax>806</xmax><ymax>352</ymax></bndbox></object><object><name>picture</name><object_id>1591182</object_id><difficult>0</difficult><bndbox><xmin>722</xmin><ymin>242</ymin><xmax>792</xmax><ymax>310</ymax></bndbox></object><relation><subject_id>1591163</subject_id><object_id>1591164</object_id><predicate>hanging on a</predicate></relation><relation><subject_id>1591162</subject_id><object_id>1591164</object_id><predicate>hanging on a</predicate></relation><relation><subject_id>1591161</subject_id><object_id>1591164</object_id><predicate>hanging on a</predicate></relation><relation><subject_id>1591185</subject_id><object_id>1591184</object_id><predicate>hanging on a</predicate></relation><relation><subject_id>1591182</subject_id><object_id>1591183</object_id><predicate>hanging on a</predicate></relation></annotation>