<annotation><folder>VG_100K</folder><filename>1159974.jpg</filename><source><database>Visual Genome Version 1.2</database><image_id>1159974</image_id><coco_id>401977</coco_id><flickr_id>4527308553</flickr_id></source><size><width>1024</width><height>768</height><depth>3</depth></size><segmented>0</segmented><object><name>person</name><object_id>4203672</object_id><difficult>0</difficult><bndbox><xmin>793</xmin><ymin>554</ymin><xmax>893</xmax><ymax>691</ymax></bndbox></object><object><name>sidewalk</name><object_id>4203673</object_id><difficult>0</difficult><bndbox><xmin>745</xmin><ymin>575</ymin><xmax>972</xmax><ymax>759</ymax></bndbox></object><object><name>person</name><object_id>4203681</object_id><difficult>0</difficult><bndbox><xmin>736</xmin><ymin>537</ymin><xmax>845</xmax><ymax>762</ymax></bndbox></object><object><name>sidewalk</name><object_id>4203682</object_id><difficult>0</difficult><bndbox><xmin>630</xmin><ymin>676</ymin><xmax>849</xmax><ymax>763</ymax></bndbox></object><object><name>person</name><object_id>4203685</object_id><difficult>0</difficult><bndbox><xmin>939</xmin><ymin>544</ymin><xmax>989</xmax><ymax>614</ymax></bndbox></object><object><name>sidewalk</name><object_id>4203686</object_id><difficult>0</difficult><bndbox><xmin>689</xmin><ymin>555</ymin><xmax>992</xmax><ymax>754</ymax></bndbox></object><object><name>sidewalk</name><object_id>4203687</object_id><difficult>0</difficult><bndbox><xmin>687</xmin><ymin>563</ymin><xmax>1022</xmax><ymax>747</ymax></bndbox></object><object><name>person</name><object_id>4203688</object_id><difficult>0</difficult><bndbox><xmin>803</xmin><ymin>557</ymin><xmax>916</xmax><ymax>720</ymax></bndbox></object><relation><subject_id>4203672</subject_id><object_id>4203673</object_id><predicate>walking towards</predicate></relation><relation><subject_id>4203681</subject_id><object_id>4203682</object_id><predicate>walking towards</predicate></relation><relation><subject_id>4203685</subject_id><object_id>4203686</object_id><predicate>walking towards</predicate></relation><relation><subject_id>4203688</subject_id><object_id>4203687</object_id><predicate>walking towards</predicate></relation></annotation>