<annotation><folder>VG_100K</folder><filename>1159487.jpg</filename><source><database>Visual Genome Version 1.2</database><image_id>1159487</image_id><coco_id>217636</coco_id><flickr_id>6316932524</flickr_id></source><size><width>1024</width><height>680</height><depth>3</depth></size><segmented>0</segmented><object><name>tree</name><object_id>1594052</object_id><difficult>0</difficult><bndbox><xmin>36</xmin><ymin>1</ymin><xmax>626</xmax><ymax>511</ymax></bndbox></object><object><name>bike</name><object_id>1594051</object_id><difficult>0</difficult><bndbox><xmin>337</xmin><ymin>460</ymin><xmax>448</xmax><ymax>538</ymax></bndbox></object><object><name>bike</name><object_id>1594050</object_id><difficult>0</difficult><bndbox><xmin>296</xmin><ymin>447</ymin><xmax>411</xmax><ymax>525</ymax></bndbox></object><relation><subject_id>1594051</subject_id><object_id>1594052</object_id><predicate>under a</predicate></relation><relation><subject_id>1594050</subject_id><object_id>1594052</object_id><predicate>under a</predicate></relation></annotation>