<annotation><folder>VG_100K</folder><filename>1159383.jpg</filename><source><database>Visual Genome Version 1.2</database><image_id>1159383</image_id><coco_id>None</coco_id><flickr_id>8202503478</flickr_id></source><size><width>1024</width><height>683</height><depth>3</depth></size><segmented>0</segmented><object><name>building</name><object_id>4581225</object_id><difficult>0</difficult><bndbox><xmin>4</xmin><ymin>11</ymin><xmax>692</xmax><ymax>480</ymax></bndbox></object><object><name>wall</name><object_id>4581232</object_id><difficult>0</difficult><bndbox><xmin>4</xmin><ymin>281</ymin><xmax>400</xmax><ymax>547</ymax></bndbox></object><object><name>building</name><object_id>4581233</object_id><difficult>0</difficult><bndbox><xmin>7</xmin><ymin>0</ymin><xmax>736</xmax><ymax>512</ymax></bndbox></object><object><name>building</name><object_id>4581234</object_id><difficult>0</difficult><bndbox><xmin>11</xmin><ymin>11</ymin><xmax>744</xmax><ymax>465</ymax></bndbox></object><object><name>wall</name><object_id>4581235</object_id><difficult>0</difficult><bndbox><xmin>4</xmin><ymin>296</ymin><xmax>430</xmax><ymax>588</ymax></bndbox></object><object><name>arrow</name><object_id>4147438</object_id><difficult>0</difficult><bndbox><xmin>91</xmin><ymin>379</ymin><xmax>118</xmax><ymax>401</ymax></bndbox><attribute>white</attribute></object><object><name>street sign</name><object_id>4147439</object_id><difficult>0</difficult><bndbox><xmin>89</xmin><ymin>377</ymin><xmax>122</xmax><ymax>401</ymax></bndbox></object><object><name>panel</name><object_id>4147457</object_id><difficult>0</difficult><bndbox><xmin>495</xmin><ymin>182</ymin><xmax>534</xmax><ymax>245</ymax></bndbox></object><object><name>panel</name><object_id>4147460</object_id><difficult>0</difficult><bndbox><xmin>532</xmin><ymin>193</ymin><xmax>565</xmax><ymax>254</ymax></bndbox></object><object><name>panel</name><object_id>4147461</object_id><difficult>0</difficult><bndbox><xmin>526</xmin><ymin>132</ymin><xmax>563</xmax><ymax>197</ymax></bndbox></object><object><name>panel</name><object_id>4147464</object_id><difficult>0</difficult><bndbox><xmin>495</xmin><ymin>111</ymin><xmax>532</xmax><ymax>181</ymax></bndbox></object><object><name>panel</name><object_id>4147465</object_id><difficult>0</difficult><bndbox><xmin>493</xmin><ymin>53</ymin><xmax>530</xmax><ymax>121</ymax></bndbox></object><relation><subject_id>4581232</subject_id><object_id>4581233</object_id><predicate>on other side of</predicate></relation><relation><subject_id>4581235</subject_id><object_id>4581234</object_id><predicate>on other side of</predicate></relation><relation><subject_id>4147438</subject_id><object_id>4147439</object_id><predicate>painted</predicate></relation><relation><subject_id>4147457</subject_id><object_id>4581225</object_id><predicate>adorning</predicate></relation><relation><subject_id>4147460</subject_id><object_id>4581225</object_id><predicate>adorning</predicate></relation><relation><subject_id>4147461</subject_id><object_id>4581225</object_id><predicate>adorning</predicate></relation><relation><subject_id>4147464</subject_id><object_id>4581225</object_id><predicate>adorning</predicate></relation><relation><subject_id>4147465</subject_id><object_id>4581225</object_id><predicate>adorning</predicate></relation></annotation>