<annotation><folder>VG_100K</folder><filename>1159863.jpg</filename><source><database>Visual Genome Version 1.2</database><image_id>1159863</image_id><coco_id>350003</coco_id><flickr_id>7858130416</flickr_id></source><size><width>1024</width><height>768</height><depth>3</depth></size><segmented>0</segmented><object><name>person</name><object_id>2346297</object_id><difficult>0</difficult><bndbox><xmin>844</xmin><ymin>412</ymin><xmax>898</xmax><ymax>489</ymax></bndbox></object><object><name>street</name><object_id>2346298</object_id><difficult>0</difficult><bndbox><xmin>670</xmin><ymin>522</ymin><xmax>832</xmax><ymax>622</ymax></bndbox></object><relation><subject_id>2346297</subject_id><object_id>2346298</object_id><predicate>walking towards</predicate></relation></annotation>