<annotation><folder>VG_100K</folder><filename>1159469.jpg</filename><source><database>Visual Genome Version 1.2</database><image_id>1159469</image_id><coco_id>150646</coco_id><flickr_id>7369137456</flickr_id></source><size><width>750</width><height>500</height><depth>3</depth></size><segmented>0</segmented><object><name>wall</name><object_id>1593824</object_id><difficult>0</difficult><bndbox><xmin>177</xmin><ymin>9</ymin><xmax>366</xmax><ymax>94</ymax></bndbox></object><object><name>building</name><object_id>3703604</object_id><difficult>0</difficult><bndbox><xmin>4</xmin><ymin>0</ymin><xmax>748</xmax><ymax>496</ymax></bndbox></object><relation><subject_id>1593824</subject_id><object_id>3703604</object_id><predicate>on other side of</predicate></relation></annotation>