<annotation><folder>VG_100K</folder><filename>1159667.jpg</filename><source><database>Visual Genome Version 1.2</database><image_id>1159667</image_id><coco_id>264322</coco_id><flickr_id>3371382214</flickr_id></source><size><width>1024</width><height>683</height><depth>3</depth></size><segmented>0</segmented><object><name>menu</name><object_id>1596265</object_id><difficult>0</difficult><bndbox><xmin>462</xmin><ymin>1</ymin><xmax>713</xmax><ymax>104</ymax></bndbox></object><object><name>wall</name><object_id>3704575</object_id><difficult>0</difficult><bndbox><xmin>646</xmin><ymin>102</ymin><xmax>787</xmax><ymax>176</ymax></bndbox></object><object><name>pizza</name><object_id>1596253</object_id><difficult>0</difficult><bndbox><xmin>541</xmin><ymin>324</ymin><xmax>677</xmax><ymax>363</ymax></bndbox></object><object><name>counter</name><object_id>3704576</object_id><difficult>0</difficult><bndbox><xmin>685</xmin><ymin>321</ymin><xmax>759</xmax><ymax>382</ymax></bndbox></object><relation><subject_id>1596265</subject_id><object_id>3704575</object_id><predicate>hanging on a</predicate></relation><relation><subject_id>1596253</subject_id><object_id>3704576</object_id><predicate>sitting on a</predicate></relation></annotation>