<annotation><folder>VG_100K</folder><filename>1159338.jpg</filename><source><database>Visual Genome Version 1.2</database><image_id>1159338</image_id><coco_id>None</coco_id><flickr_id>268647508</flickr_id></source><size><width>1024</width><height>768</height><depth>3</depth></size><segmented>0</segmented><object><name>wall</name><object_id>1591928</object_id><difficult>0</difficult><bndbox><xmin>371</xmin><ymin>624</ymin><xmax>457</xmax><ymax>735</ymax></bndbox></object><object><name>building</name><object_id>3703081</object_id><difficult>0</difficult><bndbox><xmin>881</xmin><ymin>107</ymin><xmax>994</xmax><ymax>470</ymax></bndbox></object><object><name>shelf</name><object_id>1591942</object_id><difficult>0</difficult><bndbox><xmin>242</xmin><ymin>170</ymin><xmax>359</xmax><ymax>292</ymax></bndbox></object><object><name>bear</name><object_id>1591941</object_id><difficult>0</difficult><bndbox><xmin>242</xmin><ymin>170</ymin><xmax>359</xmax><ymax>292</ymax></bndbox><attribute>beige</attribute></object><relation><subject_id>1591928</subject_id><object_id>3703081</object_id><predicate>on other side of</predicate></relation><relation><subject_id>1591941</subject_id><object_id>1591942</object_id><predicate>sitting on a</predicate></relation></annotation>