<annotation><folder>VG_100K</folder><filename>1159654.jpg</filename><source><database>Visual Genome Version 1.2</database><image_id>1159654</image_id><coco_id>494869</coco_id><flickr_id>8713396144</flickr_id></source><size><width>683</width><height>1024</height><depth>3</depth></size><segmented>0</segmented><object><name>dog</name><object_id>1595904</object_id><difficult>0</difficult><bndbox><xmin>0</xmin><ymin>671</ymin><xmax>273</xmax><ymax>1015</ymax></bndbox></object><object><name>kitchen</name><object_id>3704520</object_id><difficult>0</difficult><bndbox><xmin>9</xmin><ymin>7</ymin><xmax>680</xmax><ymax>1020</ymax></bndbox></object><relation><subject_id>1595904</subject_id><object_id>3704520</object_id><predicate>laying in</predicate></relation></annotation>