<annotation><folder>VG_100K</folder><filename>1159823.jpg</filename><source><database>Visual Genome Version 1.2</database><image_id>1159823</image_id><coco_id>372558</coco_id><flickr_id>2796987959</flickr_id></source><size><width>1024</width><height>642</height><depth>3</depth></size><segmented>0</segmented><object><name>ocean</name><object_id>1598033</object_id><difficult>0</difficult><bndbox><xmin>1</xmin><ymin>435</ymin><xmax>537</xmax><ymax>556</ymax></bndbox></object><object><name>pier</name><object_id>3705297</object_id><difficult>0</difficult><bndbox><xmin>7</xmin><ymin>509</ymin><xmax>1016</xmax><ymax>639</ymax></bndbox></object><relation><subject_id>3705297</subject_id><object_id>1598033</object_id><predicate>leading to</predicate></relation></annotation>