<annotation><folder>VG_100K</folder><filename>1159733.jpg</filename><source><database>Visual Genome Version 1.2</database><image_id>1159733</image_id><coco_id>None</coco_id><flickr_id>6992077968</flickr_id></source><size><width>1024</width><height>688</height><depth>3</depth></size><segmented>0</segmented><object><name>building</name><object_id>1596990</object_id><difficult>0</difficult><bndbox><xmin>215</xmin><ymin>66</ymin><xmax>650</xmax><ymax>537</ymax></bndbox><attribute>brown</attribute></object><object><name>tower</name><object_id>1596989</object_id><difficult>0</difficult><bndbox><xmin>467</xmin><ymin>66</ymin><xmax>597</xmax><ymax>202</ymax></bndbox><attribute>dark blue</attribute></object><relation><subject_id>1596989</subject_id><object_id>1596990</object_id><predicate>top of</predicate></relation></annotation>