<annotation><folder>VG_100K</folder><filename>1159815.jpg</filename><source><database>Visual Genome Version 1.2</database><image_id>1159815</image_id><coco_id>486717</coco_id><flickr_id>8646018805</flickr_id></source><size><width>1024</width><height>635</height><depth>3</depth></size><segmented>0</segmented><object><name>batter</name><object_id>1039917</object_id><difficult>0</difficult><bndbox><xmin>156</xmin><ymin>143</ymin><xmax>497</xmax><ymax>532</ymax></bndbox><attribute>swinging</attribute></object><object><name>bat</name><object_id>1039918</object_id><difficult>0</difficult><bndbox><xmin>346</xmin><ymin>69</ymin><xmax>438</xmax><ymax>196</ymax></bndbox><attribute>black</attribute></object><relation><subject_id>1039917</subject_id><object_id>1039918</object_id><predicate>swinging</predicate></relation></annotation>