<annotation><folder>VG_100K</folder><filename>1159651.jpg</filename><source><database>Visual Genome Version 1.2</database><image_id>1159651</image_id><coco_id>None</coco_id><flickr_id>230006143</flickr_id></source><size><width>1280</width><height>853</height><depth>3</depth></size><segmented>0</segmented><object><name>bus</name><object_id>1595866</object_id><difficult>0</difficult><bndbox><xmin>8</xmin><ymin>493</ymin><xmax>234</xmax><ymax>633</ymax></bndbox><attribute>passenger</attribute></object><object><name>light</name><object_id>3605032</object_id><difficult>0</difficult><bndbox><xmin>304</xmin><ymin>518</ymin><xmax>336</xmax><ymax>559</ymax></bndbox><attribute>red</attribute></object><object><name>bus</name><object_id>1595886</object_id><difficult>0</difficult><bndbox><xmin>32</xmin><ymin>496</ymin><xmax>214</xmax><ymax>603</ymax></bndbox></object><object><name>bridge</name><object_id>3704502</object_id><difficult>0</difficult><bndbox><xmin>101</xmin><ymin>261</ymin><xmax>457</xmax><ymax>435</ymax></bndbox></object><relation><subject_id>1595866</subject_id><object_id>3605032</object_id><predicate>stopped at</predicate></relation><relation><subject_id>1595886</subject_id><object_id>3704502</object_id><predicate>under a</predicate></relation></annotation>