<annotation><folder>VG_100K</folder><filename>1159462.jpg</filename><source><database>Visual Genome Version 1.2</database><image_id>1159462</image_id><coco_id>47654</coco_id><flickr_id>6284525689</flickr_id></source><size><width>700</width><height>1024</height><depth>3</depth></size><segmented>0</segmented><object><name>man</name><object_id>1593720</object_id><difficult>0</difficult><bndbox><xmin>3</xmin><ymin>4</ymin><xmax>459</xmax><ymax>844</ymax></bndbox></object><object><name>girls</name><object_id>3603527</object_id><difficult>0</difficult><bndbox><xmin>7</xmin><ymin>238</ymin><xmax>693</xmax><ymax>1019</ymax></bndbox><attribute>little</attribute></object><relation><subject_id>1593720</subject_id><object_id>3603527</object_id><predicate>standing with</predicate></relation></annotation>