<annotation><folder>VG_100K</folder><filename>1159604.jpg</filename><source><database>Visual Genome Version 1.2</database><image_id>1159604</image_id><coco_id>None</coco_id><flickr_id>7025623879</flickr_id></source><size><width>683</width><height>1024</height><depth>3</depth></size><segmented>0</segmented><object><name>clock</name><object_id>2365687</object_id><difficult>0</difficult><bndbox><xmin>231</xmin><ymin>208</ymin><xmax>354</xmax><ymax>332</ymax></bndbox><attribute>round</attribute></object><object><name>flower</name><object_id>2365683</object_id><difficult>0</difficult><bndbox><xmin>241</xmin><ymin>205</ymin><xmax>250</xmax><ymax>223</ymax></bndbox></object><relation><subject_id>2365683</subject_id><object_id>2365687</object_id><predicate>bordering</predicate></relation></annotation>