<annotation><folder>VG_100K</folder><filename>1159401.jpg</filename><source><database>Visual Genome Version 1.2</database><image_id>1159401</image_id><coco_id>None</coco_id><flickr_id>2543275863</flickr_id></source><size><width>1024</width><height>731</height><depth>3</depth></size><segmented>0</segmented><object><name>building</name><object_id>4072956</object_id><difficult>0</difficult><bndbox><xmin>1</xmin><ymin>0</ymin><xmax>1019</xmax><ymax>441</ymax></bndbox><attribute>white</attribute></object><object><name>window</name><object_id>4072954</object_id><difficult>0</difficult><bndbox><xmin>519</xmin><ymin>135</ymin><xmax>572</xmax><ymax>246</ymax></bndbox></object><object><name>building</name><object_id>4072966</object_id><difficult>0</difficult><bndbox><xmin>0</xmin><ymin>42</ymin><xmax>962</xmax><ymax>460</ymax></bndbox></object><object><name>wall</name><object_id>4072965</object_id><difficult>0</difficult><bndbox><xmin>268</xmin><ymin>109</ymin><xmax>798</xmax><ymax>205</ymax></bndbox></object><relation><subject_id>4072954</subject_id><object_id>4072956</object_id><predicate>on other side of</predicate></relation><relation><subject_id>4072965</subject_id><object_id>4072966</object_id><predicate>on other side of</predicate></relation></annotation>