<annotation><folder>VG_100K</folder><filename>1159385.jpg</filename><source><database>Visual Genome Version 1.2</database><image_id>1159385</image_id><coco_id>None</coco_id><flickr_id>8088160845</flickr_id></source><size><width>1024</width><height>768</height><depth>3</depth></size><segmented>0</segmented><object><name>ceiling</name><object_id>1592409</object_id><difficult>0</difficult><bndbox><xmin>45</xmin><ymin>3</ymin><xmax>751</xmax><ymax>29</ymax></bndbox></object><object><name>light</name><object_id>1592440</object_id><difficult>0</difficult><bndbox><xmin>324</xmin><ymin>56</ymin><xmax>452</xmax><ymax>187</ymax></bndbox><attribute>white</attribute></object><relation><subject_id>1592440</subject_id><object_id>1592409</object_id><predicate>hanging on a</predicate></relation></annotation>