<annotation><folder>VG_100K</folder><filename>1159449.jpg</filename><source><database>Visual Genome Version 1.2</database><image_id>1159449</image_id><coco_id>402615</coco_id><flickr_id>8740791736</flickr_id></source><size><width>1024</width><height>683</height><depth>3</depth></size><segmented>0</segmented><object><name>ball</name><object_id>1593604</object_id><difficult>0</difficult><bndbox><xmin>313</xmin><ymin>228</ymin><xmax>332</xmax><ymax>254</ymax></bndbox><attribute>white</attribute></object><object><name>player</name><object_id>3703519</object_id><difficult>0</difficult><bndbox><xmin>277</xmin><ymin>239</ymin><xmax>336</xmax><ymax>298</ymax></bndbox><attribute>blue</attribute></object><relation><subject_id>3703519</subject_id><object_id>1593604</object_id><predicate>served on</predicate></relation></annotation>