<annotation><folder>VG_100K</folder><filename>1159442.jpg</filename><source><database>Visual Genome Version 1.2</database><image_id>1159442</image_id><coco_id>None</coco_id><flickr_id>7939710016</flickr_id></source><size><width>1024</width><height>768</height><depth>3</depth></size><segmented>0</segmented><object><name>bus</name><object_id>4075171</object_id><difficult>0</difficult><bndbox><xmin>226</xmin><ymin>202</ymin><xmax>844</xmax><ymax>552</ymax></bndbox></object><object><name>circle</name><object_id>4075172</object_id><difficult>0</difficult><bndbox><xmin>405</xmin><ymin>385</ymin><xmax>431</xmax><ymax>407</ymax></bndbox><attribute>big</attribute><attribute>green</attribute></object><relation><subject_id>4075172</subject_id><object_id>4075171</object_id><predicate>on back of</predicate></relation></annotation>