<annotation><folder>VG_100K</folder><filename>1159729.jpg</filename><source><database>Visual Genome Version 1.2</database><image_id>1159729</image_id><coco_id>203843</coco_id><flickr_id>7967836786</flickr_id></source><size><width>1024</width><height>685</height><depth>3</depth></size><segmented>0</segmented><object><name>ceiling</name><object_id>4106064</object_id><difficult>0</difficult><bndbox><xmin>0</xmin><ymin>7</ymin><xmax>1016</xmax><ymax>191</ymax></bndbox></object><object><name>light</name><object_id>4106063</object_id><difficult>0</difficult><bndbox><xmin>353</xmin><ymin>128</ymin><xmax>371</xmax><ymax>150</ymax></bndbox></object><object><name>dishwasher</name><object_id>4160358</object_id><difficult>0</difficult><bndbox><xmin>436</xmin><ymin>445</ymin><xmax>510</xmax><ymax>551</ymax></bndbox><attribute>black</attribute></object><object><name>counter</name><object_id>4160359</object_id><difficult>0</difficult><bndbox><xmin>426</xmin><ymin>429</ymin><xmax>440</xmax><ymax>538</ymax></bndbox></object><object><name>light</name><object_id>4009581</object_id><difficult>0</difficult><bndbox><xmin>539</xmin><ymin>6</ymin><xmax>667</xmax><ymax>46</ymax></bndbox></object><object><name>ceiling</name><object_id>4009582</object_id><difficult>0</difficult><bndbox><xmin>7</xmin><ymin>2</ymin><xmax>891</xmax><ymax>197</ymax></bndbox></object><object><name>cabinets</name><object_id>4160682</object_id><difficult>0</difficult><bndbox><xmin>288</xmin><ymin>474</ymin><xmax>446</xmax><ymax>680</ymax></bndbox></object><object><name>sink</name><object_id>4160683</object_id><difficult>0</difficult><bndbox><xmin>191</xmin><ymin>443</ymin><xmax>420</xmax><ymax>547</ymax></bndbox></object><relation><subject_id>4106063</subject_id><object_id>4106064</object_id><predicate>hanging on a</predicate></relation><relation><subject_id>4160358</subject_id><object_id>4160359</object_id><predicate>under a</predicate></relation><relation><subject_id>4009581</subject_id><object_id>4009582</object_id><predicate>hanging on a</predicate></relation><relation><subject_id>4160682</subject_id><object_id>4160683</object_id><predicate>under a</predicate></relation></annotation>