<annotation><folder>VG_100K</folder><filename>1159523.jpg</filename><source><database>Visual Genome Version 1.2</database><image_id>1159523</image_id><coco_id>248488</coco_id><flickr_id>3028845125</flickr_id></source><size><width>1024</width><height>768</height><depth>3</depth></size><segmented>0</segmented><object><name>front</name><object_id>4124351</object_id><difficult>0</difficult><bndbox><xmin>204</xmin><ymin>597</ymin><xmax>257</xmax><ymax>649</ymax></bndbox></object><object><name>bus</name><object_id>4124352</object_id><difficult>0</difficult><bndbox><xmin>197</xmin><ymin>528</ymin><xmax>284</xmax><ymax>650</ymax></bndbox></object><relation><subject_id>4124351</subject_id><object_id>4124352</object_id><predicate>belonging to</predicate></relation></annotation>