<annotation><folder>VG_100K</folder><filename>1159798.jpg</filename><source><database>Visual Genome Version 1.2</database><image_id>1159798</image_id><coco_id>495786</coco_id><flickr_id>2271010703</flickr_id></source><size><width>683</width><height>1024</height><depth>3</depth></size><segmented>0</segmented><object><name>horse</name><object_id>1597787</object_id><difficult>0</difficult><bndbox><xmin>157</xmin><ymin>606</ymin><xmax>317</xmax><ymax>937</ymax></bndbox></object><object><name>cart</name><object_id>3705203</object_id><difficult>0</difficult><bndbox><xmin>40</xmin><ymin>654</ymin><xmax>195</xmax><ymax>872</ymax></bndbox></object><relation><subject_id>3705203</subject_id><object_id>1597787</object_id><predicate>attached</predicate></relation></annotation>