<annotation><folder>VG_100K</folder><filename>1159982.jpg</filename><source><database>Visual Genome Version 1.2</database><image_id>1159982</image_id><coco_id>240449</coco_id><flickr_id>4195477494</flickr_id></source><size><width>1024</width><height>768</height><depth>3</depth></size><segmented>0</segmented><object><name>man</name><object_id>3312241</object_id><difficult>0</difficult><bndbox><xmin>456</xmin><ymin>240</ymin><xmax>660</xmax><ymax>569</ymax></bndbox></object><object><name>snow</name><object_id>3312242</object_id><difficult>0</difficult><bndbox><xmin>33</xmin><ymin>463</ymin><xmax>973</xmax><ymax>730</ymax></bndbox><attribute>white</attribute></object><relation><subject_id>3312241</subject_id><object_id>3312242</object_id><predicate>skiing down</predicate></relation></annotation>