<annotation><folder>VG_100K</folder><filename>1159327.jpg</filename><source><database>Visual Genome Version 1.2</database><image_id>1159327</image_id><coco_id>163457</coco_id><flickr_id>8980767753</flickr_id></source><size><width>1024</width><height>768</height><depth>3</depth></size><segmented>0</segmented><object><name>line</name><object_id>4580208</object_id><difficult>0</difficult><bndbox><xmin>860</xmin><ymin>642</ymin><xmax>949</xmax><ymax>660</ymax></bndbox><attribute>yellow</attribute><attribute>faded</attribute></object><object><name>street</name><object_id>4580209</object_id><difficult>0</difficult><bndbox><xmin>777</xmin><ymin>668</ymin><xmax>933</xmax><ymax>749</ymax></bndbox></object><object><name>truck</name><object_id>4580210</object_id><difficult>0</difficult><bndbox><xmin>65</xmin><ymin>292</ymin><xmax>789</xmax><ymax>686</ymax></bndbox></object><object><name>shadow</name><object_id>4580211</object_id><difficult>0</difficult><bndbox><xmin>577</xmin><ymin>673</ymin><xmax>683</xmax><ymax>717</ymax></bndbox></object><relation><subject_id>4580208</subject_id><object_id>4580209</object_id><predicate>painted</predicate></relation><relation><subject_id>4580211</subject_id><object_id>4580210</object_id><predicate>beneath</predicate></relation></annotation>