<annotation><folder>VG_100K</folder><filename>1159556.jpg</filename><source><database>Visual Genome Version 1.2</database><image_id>1159556</image_id><coco_id>None</coco_id><flickr_id>5269983327</flickr_id></source><size><width>1024</width><height>681</height><depth>3</depth></size><segmented>0</segmented><object><name>ceiling</name><object_id>1595069</object_id><difficult>0</difficult><bndbox><xmin>319</xmin><ymin>85</ymin><xmax>1018</xmax><ymax>251</ymax></bndbox></object><object><name>plane</name><object_id>1595068</object_id><difficult>0</difficult><bndbox><xmin>663</xmin><ymin>85</ymin><xmax>1018</xmax><ymax>251</ymax></bndbox><attribute>grey</attribute></object><relation><subject_id>1595068</subject_id><object_id>1595069</object_id><predicate>hanging on a</predicate></relation></annotation>