<annotation><folder>VG_100K</folder><filename>1159742.jpg</filename><source><database>Visual Genome Version 1.2</database><image_id>1159742</image_id><coco_id>242458</coco_id><flickr_id>1928888381</flickr_id></source><size><width>768</width><height>1024</height><depth>3</depth></size><segmented>0</segmented><object><name>wall</name><object_id>3704884</object_id><difficult>0</difficult><bndbox><xmin>273</xmin><ymin>792</ymin><xmax>312</xmax><ymax>980</ymax></bndbox></object><object><name>building</name><object_id>3704885</object_id><difficult>0</difficult><bndbox><xmin>233</xmin><ymin>21</ymin><xmax>316</xmax><ymax>984</ymax></bndbox></object><relation><subject_id>3704884</subject_id><object_id>3704885</object_id><predicate>on other side of</predicate></relation></annotation>