<annotation><folder>VG_100K</folder><filename>1159277.jpg</filename><source><database>Visual Genome Version 1.2</database><image_id>1159277</image_id><coco_id>None</coco_id><flickr_id>4161616703</flickr_id></source><size><width>1024</width><height>576</height><depth>3</depth></size><segmented>0</segmented><object><name>divider</name><object_id>1590914</object_id><difficult>0</difficult><bndbox><xmin>838</xmin><ymin>283</ymin><xmax>944</xmax><ymax>543</ymax></bndbox></object><object><name>urinal</name><object_id>1590912</object_id><difficult>0</difficult><bndbox><xmin>902</xmin><ymin>357</ymin><xmax>953</xmax><ymax>573</ymax></bndbox><attribute>white</attribute></object><relation><subject_id>1590912</subject_id><object_id>1590914</object_id><predicate>between</predicate></relation></annotation>