<annotation><folder>VG_100K</folder><filename>1159736.jpg</filename><source><database>Visual Genome Version 1.2</database><image_id>1159736</image_id><coco_id>215222</coco_id><flickr_id>130362108</flickr_id></source><size><width>1024</width><height>768</height><depth>3</depth></size><segmented>0</segmented><object><name>field</name><object_id>1596992</object_id><difficult>0</difficult><bndbox><xmin>3</xmin><ymin>286</ymin><xmax>1022</xmax><ymax>765</ymax></bndbox></object><object><name>boy</name><object_id>1596991</object_id><difficult>0</difficult><bndbox><xmin>321</xmin><ymin>286</ymin><xmax>895</xmax><ymax>765</ymax></bndbox></object><relation><subject_id>1596991</subject_id><object_id>1596992</object_id><predicate>sitting on a</predicate></relation></annotation>