<annotation><folder>VG_100K</folder><filename>1159524.jpg</filename><source><database>Visual Genome Version 1.2</database><image_id>1159524</image_id><coco_id>None</coco_id><flickr_id>6824982351</flickr_id></source><size><width>1024</width><height>1024</height><depth>3</depth></size><segmented>0</segmented><object><name>person</name><object_id>4124875</object_id><difficult>0</difficult><bndbox><xmin>610</xmin><ymin>327</ymin><xmax>865</xmax><ymax>865</ymax></bndbox></object><object><name>ice</name><object_id>4124876</object_id><difficult>0</difficult><bndbox><xmin>7</xmin><ymin>770</ymin><xmax>1021</xmax><ymax>1023</ymax></bndbox></object><relation><subject_id>4124875</subject_id><object_id>4124876</object_id><predicate>walking towards</predicate></relation></annotation>