<annotation><folder>VG_100K</folder><filename>1159751.jpg</filename><source><database>Visual Genome Version 1.2</database><image_id>1159751</image_id><coco_id>None</coco_id><flickr_id>9224127581</flickr_id></source><size><width>1024</width><height>519</height><depth>3</depth></size><segmented>0</segmented><object><name>street</name><object_id>1597229</object_id><difficult>0</difficult><bndbox><xmin>548</xmin><ymin>24</ymin><xmax>1021</xmax><ymax>516</ymax></bndbox><attribute>busy</attribute></object><object><name>suv</name><object_id>1597219</object_id><difficult>0</difficult><bndbox><xmin>775</xmin><ymin>313</ymin><xmax>892</xmax><ymax>440</ymax></bndbox></object><object><name>street</name><object_id>1597225</object_id><difficult>0</difficult><bndbox><xmin>5</xmin><ymin>268</ymin><xmax>1021</xmax><ymax>363</ymax></bndbox></object><object><name>man</name><object_id>1597223</object_id><difficult>0</difficult><bndbox><xmin>235</xmin><ymin>323</ymin><xmax>274</xmax><ymax>396</ymax></bndbox></object><object><name>bus</name><object_id>1597228</object_id><difficult>0</difficult><bndbox><xmin>863</xmin><ymin>56</ymin><xmax>994</xmax><ymax>181</ymax></bndbox><attribute>double decker</attribute></object><object><name>street</name><object_id>1597231</object_id><difficult>0</difficult><bndbox><xmin>4</xmin><ymin>285</ymin><xmax>1016</xmax><ymax>369</ymax></bndbox></object><object><name>arrow</name><object_id>1597230</object_id><difficult>0</difficult><bndbox><xmin>473</xmin><ymin>299</ymin><xmax>606</xmax><ymax>320</ymax></bndbox><attribute>white</attribute></object><object><name>street</name><object_id>1597236</object_id><difficult>0</difficult><bndbox><xmin>0</xmin><ymin>34</ymin><xmax>1019</xmax><ymax>513</ymax></bndbox></object><object><name>car</name><object_id>1597232</object_id><difficult>0</difficult><bndbox><xmin>746</xmin><ymin>182</ymin><xmax>811</xmax><ymax>241</ymax></bndbox><attribute>silver</attribute></object><object><name>traffic light</name><object_id>1597234</object_id><difficult>0</difficult><bndbox><xmin>812</xmin><ymin>81</ymin><xmax>833</xmax><ymax>135</ymax></bndbox></object><object><name>intersection</name><object_id>3705009</object_id><difficult>0</difficult><bndbox><xmin>301</xmin><ymin>170</ymin><xmax>971</xmax><ymax>454</ymax></bndbox></object><relation><subject_id>1597219</subject_id><object_id>1597229</object_id><predicate>driving down</predicate></relation><relation><subject_id>1597223</subject_id><object_id>1597225</object_id><predicate>walking towards</predicate></relation><relation><subject_id>1597228</subject_id><object_id>1597229</object_id><predicate>driving down</predicate></relation><relation><subject_id>1597230</subject_id><object_id>1597231</object_id><predicate>painted</predicate></relation><relation><subject_id>1597232</subject_id><object_id>1597236</object_id><predicate>driving down</predicate></relation><relation><subject_id>1597234</subject_id><object_id>3705009</object_id><predicate>in middle of</predicate></relation></annotation>