<annotation><folder>VG_100K</folder><filename>1159260.jpg</filename><source><database>Visual Genome Version 1.2</database><image_id>1159260</image_id><coco_id>None</coco_id><flickr_id>4696377861</flickr_id></source><size><width>1024</width><height>681</height><depth>3</depth></size><segmented>0</segmented><object><name>person</name><object_id>1590509</object_id><difficult>0</difficult><bndbox><xmin>69</xmin><ymin>152</ymin><xmax>484</xmax><ymax>659</ymax></bndbox></object><object><name>bench</name><object_id>1590512</object_id><difficult>0</difficult><bndbox><xmin>0</xmin><ymin>387</ymin><xmax>339</xmax><ymax>651</ymax></bndbox></object><object><name>person</name><object_id>1590515</object_id><difficult>0</difficult><bndbox><xmin>378</xmin><ymin>304</ymin><xmax>587</xmax><ymax>456</ymax></bndbox></object><object><name>bench</name><object_id>1590514</object_id><difficult>0</difficult><bndbox><xmin>0</xmin><ymin>379</ymin><xmax>307</xmax><ymax>637</ymax></bndbox></object><object><name>bench</name><object_id>1590513</object_id><difficult>0</difficult><bndbox><xmin>391</xmin><ymin>446</ymin><xmax>535</xmax><ymax>536</ymax></bndbox></object><object><name>person</name><object_id>1590525</object_id><difficult>0</difficult><bndbox><xmin>27</xmin><ymin>137</ymin><xmax>500</xmax><ymax>672</ymax></bndbox></object><object><name>person</name><object_id>1590534</object_id><difficult>0</difficult><bndbox><xmin>365</xmin><ymin>316</ymin><xmax>568</xmax><ymax>463</ymax></bndbox></object><object><name>person</name><object_id>1590533</object_id><difficult>0</difficult><bndbox><xmin>33</xmin><ymin>128</ymin><xmax>480</xmax><ymax>648</ymax></bndbox></object><object><name>person</name><object_id>1590532</object_id><difficult>0</difficult><bndbox><xmin>189</xmin><ymin>223</ymin><xmax>358</xmax><ymax>369</ymax></bndbox></object><relation><subject_id>1590509</subject_id><object_id>1590512</object_id><predicate>sitting on a</predicate></relation><relation><subject_id>1590515</subject_id><object_id>1590514</object_id><predicate>sitting on a</predicate></relation><relation><subject_id>1590525</subject_id><object_id>1590513</object_id><predicate>sitting on a</predicate></relation><relation><subject_id>1590534</subject_id><object_id>1590533</object_id><predicate>leaning on</predicate></relation><relation><subject_id>1590534</subject_id><object_id>1590532</object_id><predicate>leaning on</predicate></relation></annotation>