<annotation><folder>VG_100K</folder><filename>1159283.jpg</filename><source><database>Visual Genome Version 1.2</database><image_id>1159283</image_id><coco_id>None</coco_id><flickr_id>3697387320</flickr_id></source><size><width>1024</width><height>607</height><depth>3</depth></size><segmented>0</segmented><object><name>street</name><object_id>4066715</object_id><difficult>0</difficult><bndbox><xmin>7</xmin><ymin>485</ymin><xmax>371</xmax><ymax>600</ymax></bndbox></object><object><name>bus</name><object_id>4066728</object_id><difficult>0</difficult><bndbox><xmin>92</xmin><ymin>292</ymin><xmax>300</xmax><ymax>545</ymax></bndbox><attribute>red</attribute></object><object><name>road</name><object_id>4066739</object_id><difficult>0</difficult><bndbox><xmin>10</xmin><ymin>478</ymin><xmax>423</xmax><ymax>604</ymax></bndbox></object><object><name>number</name><object_id>4066743</object_id><difficult>0</difficult><bndbox><xmin>174</xmin><ymin>318</ymin><xmax>229</xmax><ymax>347</ymax></bndbox></object><relation><subject_id>4066728</subject_id><object_id>4066715</object_id><predicate>driving down</predicate></relation><relation><subject_id>4066728</subject_id><object_id>4066739</object_id><predicate>driving down</predicate></relation><relation><subject_id>4066743</subject_id><object_id>4066728</object_id><predicate>on back of</predicate></relation></annotation>