<annotation><folder>VG_100K</folder><filename>1159374.jpg</filename><source><database>Visual Genome Version 1.2</database><image_id>1159374</image_id><coco_id>480939</coco_id><flickr_id>9661679965</flickr_id></source><size><width>1024</width><height>682</height><depth>3</depth></size><segmented>0</segmented><object><name>man</name><object_id>1592269</object_id><difficult>0</difficult><bndbox><xmin>562</xmin><ymin>59</ymin><xmax>838</xmax><ymax>568</ymax></bndbox></object><object><name>bench</name><object_id>3703193</object_id><difficult>0</difficult><bndbox><xmin>297</xmin><ymin>94</ymin><xmax>989</xmax><ymax>617</ymax></bndbox></object><object><name>girl</name><object_id>1592272</object_id><difficult>0</difficult><bndbox><xmin>24</xmin><ymin>191</ymin><xmax>557</xmax><ymax>427</ymax></bndbox></object><object><name>bench</name><object_id>3703195</object_id><difficult>0</difficult><bndbox><xmin>12</xmin><ymin>120</ymin><xmax>715</xmax><ymax>533</ymax></bndbox></object><relation><subject_id>1592269</subject_id><object_id>3703193</object_id><predicate>sitting on a</predicate></relation><relation><subject_id>1592272</subject_id><object_id>3703195</object_id><predicate>laying in</predicate></relation></annotation>