<annotation><folder>VG_100K</folder><filename>1159851.jpg</filename><source><database>Visual Genome Version 1.2</database><image_id>1159851</image_id><coco_id>519529</coco_id><flickr_id>8317721089</flickr_id></source><size><width>1024</width><height>575</height><depth>3</depth></size><segmented>0</segmented><object><name>cabinet</name><object_id>3797191</object_id><difficult>0</difficult><bndbox><xmin>388</xmin><ymin>3</ymin><xmax>888</xmax><ymax>516</ymax></bndbox></object><object><name>cup</name><object_id>1598175</object_id><difficult>0</difficult><bndbox><xmin>435</xmin><ymin>151</ymin><xmax>462</xmax><ymax>194</ymax></bndbox></object><object><name>cup</name><object_id>1598176</object_id><difficult>0</difficult><bndbox><xmin>438</xmin><ymin>158</ymin><xmax>474</xmax><ymax>190</ymax></bndbox></object><object><name>cup</name><object_id>1598178</object_id><difficult>0</difficult><bndbox><xmin>548</xmin><ymin>163</ymin><xmax>572</xmax><ymax>201</ymax></bndbox></object><object><name>cabinets</name><object_id>3705407</object_id><difficult>0</difficult><bndbox><xmin>421</xmin><ymin>27</ymin><xmax>860</xmax><ymax>306</ymax></bndbox></object><object><name>cup</name><object_id>1598179</object_id><difficult>0</difficult><bndbox><xmin>577</xmin><ymin>160</ymin><xmax>607</xmax><ymax>212</ymax></bndbox></object><object><name>cabinets</name><object_id>3705408</object_id><difficult>0</difficult><bndbox><xmin>408</xmin><ymin>47</ymin><xmax>573</xmax><ymax>281</ymax></bndbox></object><object><name>cup</name><object_id>1598180</object_id><difficult>0</difficult><bndbox><xmin>694</xmin><ymin>174</ymin><xmax>724</xmax><ymax>216</ymax></bndbox></object><object><name>cabinets</name><object_id>3705409</object_id><difficult>0</difficult><bndbox><xmin>542</xmin><ymin>103</ymin><xmax>640</xmax><ymax>237</ymax></bndbox></object><object><name>cup</name><object_id>1598181</object_id><difficult>0</difficult><bndbox><xmin>643</xmin><ymin>171</ymin><xmax>678</xmax><ymax>219</ymax></bndbox></object><object><name>cabinet</name><object_id>3705410</object_id><difficult>0</difficult><bndbox><xmin>542</xmin><ymin>66</ymin><xmax>620</xmax><ymax>263</ymax></bndbox></object><object><name>cup</name><object_id>1598182</object_id><difficult>0</difficult><bndbox><xmin>789</xmin><ymin>185</ymin><xmax>815</xmax><ymax>211</ymax></bndbox></object><object><name>cabinet</name><object_id>3705411</object_id><difficult>0</difficult><bndbox><xmin>441</xmin><ymin>66</ymin><xmax>664</xmax><ymax>291</ymax></bndbox></object><object><name>cup</name><object_id>1598183</object_id><difficult>0</difficult><bndbox><xmin>759</xmin><ymin>177</ymin><xmax>783</xmax><ymax>213</ymax></bndbox></object><object><name>cabinet</name><object_id>3705412</object_id><difficult>0</difficult><bndbox><xmin>635</xmin><ymin>47</ymin><xmax>850</xmax><ymax>253</ymax></bndbox></object><relation><subject_id>1598175</subject_id><object_id>3797191</object_id><predicate>hanging on a</predicate></relation><relation><subject_id>1598176</subject_id><object_id>3797191</object_id><predicate>hanging on a</predicate></relation><relation><subject_id>1598178</subject_id><object_id>3705407</object_id><predicate>hanging on a</predicate></relation><relation><subject_id>1598179</subject_id><object_id>3705408</object_id><predicate>hanging on a</predicate></relation><relation><subject_id>1598180</subject_id><object_id>3705409</object_id><predicate>hanging on a</predicate></relation><relation><subject_id>1598181</subject_id><object_id>3705410</object_id><predicate>hanging on a</predicate></relation><relation><subject_id>1598182</subject_id><object_id>3705411</object_id><predicate>hanging on a</predicate></relation><relation><subject_id>1598183</subject_id><object_id>3705412</object_id><predicate>hanging on a</predicate></relation></annotation>