<annotation><folder>VG_100K</folder><filename>1159441.jpg</filename><source><database>Visual Genome Version 1.2</database><image_id>1159441</image_id><coco_id>522461</coco_id><flickr_id>2310150864</flickr_id></source><size><width>500</width><height>500</height><depth>3</depth></size><segmented>0</segmented><object><name>snow</name><object_id>3796994</object_id><difficult>0</difficult><bndbox><xmin>0</xmin><ymin>124</ymin><xmax>497</xmax><ymax>497</ymax></bndbox></object><object><name>woman</name><object_id>1593540</object_id><difficult>0</difficult><bndbox><xmin>107</xmin><ymin>223</ymin><xmax>387</xmax><ymax>472</ymax></bndbox></object><object><name>snowboard</name><object_id>1593555</object_id><difficult>0</difficult><bndbox><xmin>274</xmin><ymin>345</ymin><xmax>411</xmax><ymax>480</ymax></bndbox><attribute>black</attribute></object><object><name>lettering</name><object_id>3577520</object_id><difficult>0</difficult><bndbox><xmin>302</xmin><ymin>366</ymin><xmax>409</xmax><ymax>475</ymax></bndbox><attribute>green</attribute></object><relation><subject_id>1593540</subject_id><object_id>3796994</object_id><predicate>sitting on a</predicate></relation><relation><subject_id>3577520</subject_id><object_id>1593555</object_id><predicate>at bottom of</predicate></relation></annotation>