<annotation><folder>VG_100K</folder><filename>1159662.jpg</filename><source><database>Visual Genome Version 1.2</database><image_id>1159662</image_id><coco_id>None</coco_id><flickr_id>8093944998</flickr_id></source><size><width>1024</width><height>683</height><depth>3</depth></size><segmented>0</segmented><object><name>fence</name><object_id>1596164</object_id><difficult>0</difficult><bndbox><xmin>0</xmin><ymin>553</ymin><xmax>1024</xmax><ymax>677</ymax></bndbox></object><object><name>runway</name><object_id>3704557</object_id><difficult>0</difficult><bndbox><xmin>9</xmin><ymin>448</ymin><xmax>1014</xmax><ymax>529</ymax></bndbox></object><relation><subject_id>1596164</subject_id><object_id>3704557</object_id><predicate>line</predicate></relation></annotation>