<annotation><folder>VG_100K</folder><filename>1159821.jpg</filename><source><database>Visual Genome Version 1.2</database><image_id>1159821</image_id><coco_id>None</coco_id><flickr_id>3400146001</flickr_id></source><size><width>768</width><height>1024</height><depth>3</depth></size><segmented>0</segmented><object><name>tub</name><object_id>1597979</object_id><difficult>0</difficult><bndbox><xmin>326</xmin><ymin>630</ymin><xmax>691</xmax><ymax>936</ymax></bndbox></object><object><name>towel</name><object_id>1597978</object_id><difficult>0</difficult><bndbox><xmin>407</xmin><ymin>704</ymin><xmax>551</xmax><ymax>848</ymax></bndbox></object><relation><subject_id>1597978</subject_id><object_id>1597979</object_id><predicate>on other side of</predicate></relation></annotation>