<annotation><folder>VG_100K</folder><filename>1159682.jpg</filename><source><database>Visual Genome Version 1.2</database><image_id>1159682</image_id><coco_id>None</coco_id><flickr_id>3071211638</flickr_id></source><size><width>1024</width><height>683</height><depth>3</depth></size><segmented>0</segmented><object><name>court</name><object_id>1596437</object_id><difficult>0</difficult><bndbox><xmin>11</xmin><ymin>253</ymin><xmax>1021</xmax><ymax>669</ymax></bndbox><attribute>blue</attribute><attribute>tennis</attribute></object><object><name>chair</name><object_id>1596420</object_id><difficult>0</difficult><bndbox><xmin>8</xmin><ymin>531</ymin><xmax>62</xmax><ymax>618</ymax></bndbox></object><object><name>man</name><object_id>1596418</object_id><difficult>0</difficult><bndbox><xmin>27</xmin><ymin>499</ymin><xmax>126</xmax><ymax>637</ymax></bndbox></object><object><name>lines</name><object_id>1596424</object_id><difficult>0</difficult><bndbox><xmin>394</xmin><ymin>464</ymin><xmax>791</xmax><ymax>674</ymax></bndbox><attribute>white</attribute></object><object><name>chair</name><object_id>1596445</object_id><difficult>0</difficult><bndbox><xmin>13</xmin><ymin>517</ymin><xmax>70</xmax><ymax>619</ymax></bndbox></object><object><name>man</name><object_id>1596444</object_id><difficult>0</difficult><bndbox><xmin>21</xmin><ymin>496</ymin><xmax>75</xmax><ymax>583</ymax></bndbox></object><object><name>man</name><object_id>3605270</object_id><difficult>0</difficult><bndbox><xmin>30</xmin><ymin>500</ymin><xmax>72</xmax><ymax>561</ymax></bndbox></object><object><name>chair</name><object_id>3605271</object_id><difficult>0</difficult><bndbox><xmin>23</xmin><ymin>536</ymin><xmax>60</xmax><ymax>617</ymax></bndbox></object><relation><subject_id>1596418</subject_id><object_id>1596420</object_id><predicate>sitting on a</predicate></relation><relation><subject_id>1596424</subject_id><object_id>1596437</object_id><predicate>painted</predicate></relation><relation><subject_id>1596444</subject_id><object_id>1596445</object_id><predicate>sitting on a</predicate></relation><relation><subject_id>3605270</subject_id><object_id>3605271</object_id><predicate>sitting on a</predicate></relation></annotation>