<annotation><folder>VG_100K</folder><filename>1159365.jpg</filename><source><database>Visual Genome Version 1.2</database><image_id>1159365</image_id><coco_id>45026</coco_id><flickr_id>8153712679</flickr_id></source><size><width>1024</width><height>768</height><depth>3</depth></size><segmented>0</segmented><object><name>window</name><object_id>1077145</object_id><difficult>0</difficult><bndbox><xmin>147</xmin><ymin>158</ymin><xmax>195</xmax><ymax>237</ymax></bndbox></object><object><name>building</name><object_id>1077146</object_id><difficult>0</difficult><bndbox><xmin>7</xmin><ymin>93</ymin><xmax>224</xmax><ymax>371</ymax></bndbox></object><object><name>cars</name><object_id>1077155</object_id><difficult>0</difficult><bndbox><xmin>553</xmin><ymin>447</ymin><xmax>724</xmax><ymax>517</ymax></bndbox></object><object><name>light</name><object_id>1077156</object_id><difficult>0</difficult><bndbox><xmin>686</xmin><ymin>373</ymin><xmax>718</xmax><ymax>404</ymax></bndbox></object><relation><subject_id>1077145</subject_id><object_id>1077146</object_id><predicate>are inside</predicate></relation><relation><subject_id>1077155</subject_id><object_id>1077156</object_id><predicate>stopped at</predicate></relation></annotation>