<annotation><folder>VG_100K</folder><filename>1159540.jpg</filename><source><database>Visual Genome Version 1.2</database><image_id>1159540</image_id><coco_id>None</coco_id><flickr_id>3317392680</flickr_id></source><size><width>1024</width><height>768</height><depth>3</depth></size><segmented>0</segmented><object><name>desk</name><object_id>1594835</object_id><difficult>0</difficult><bndbox><xmin>26</xmin><ymin>610</ymin><xmax>731</xmax><ymax>766</ymax></bndbox></object><object><name>man</name><object_id>1594834</object_id><difficult>0</difficult><bndbox><xmin>80</xmin><ymin>446</ymin><xmax>356</xmax><ymax>734</ymax></bndbox></object><relation><subject_id>1594834</subject_id><object_id>1594835</object_id><predicate>sitting on a</predicate></relation></annotation>