<annotation><folder>VG_100K</folder><filename>1159426.jpg</filename><source><database>Visual Genome Version 1.2</database><image_id>1159426</image_id><coco_id>None</coco_id><flickr_id>3138283150</flickr_id></source><size><width>1024</width><height>653</height><depth>3</depth></size><segmented>0</segmented><object><name>couch</name><object_id>1593191</object_id><difficult>0</difficult><bndbox><xmin>7</xmin><ymin>162</ymin><xmax>1016</xmax><ymax>650</ymax></bndbox><attribute>cream colored</attribute></object><object><name>woman</name><object_id>1593199</object_id><difficult>0</difficult><bndbox><xmin>388</xmin><ymin>70</ymin><xmax>1021</xmax><ymax>650</ymax></bndbox></object><relation><subject_id>1593199</subject_id><object_id>1593191</object_id><predicate>sitting on a</predicate></relation></annotation>