<annotation><folder>VG_100K</folder><filename>1159408.jpg</filename><source><database>Visual Genome Version 1.2</database><image_id>1159408</image_id><coco_id>318929</coco_id><flickr_id>8719406627</flickr_id></source><size><width>1024</width><height>768</height><depth>3</depth></size><segmented>0</segmented><object><name>building</name><object_id>3796969</object_id><difficult>0</difficult><bndbox><xmin>363</xmin><ymin>1</ymin><xmax>713</xmax><ymax>304</ymax></bndbox></object><object><name>wall</name><object_id>1592877</object_id><difficult>0</difficult><bndbox><xmin>405</xmin><ymin>2</ymin><xmax>694</xmax><ymax>108</ymax></bndbox></object><relation><subject_id>1592877</subject_id><object_id>3796969</object_id><predicate>on other side of</predicate></relation></annotation>