<annotation><folder>VG_100K</folder><filename>1159853.jpg</filename><source><database>Visual Genome Version 1.2</database><image_id>1159853</image_id><coco_id>462750</coco_id><flickr_id>8594743806</flickr_id></source><size><width>1024</width><height>683</height><depth>3</depth></size><segmented>0</segmented><object><name>chair</name><object_id>1598242</object_id><difficult>0</difficult><bndbox><xmin>864</xmin><ymin>431</ymin><xmax>1021</xmax><ymax>618</ymax></bndbox></object><object><name>laptop</name><object_id>1598192</object_id><difficult>0</difficult><bndbox><xmin>936</xmin><ymin>469</ymin><xmax>1022</xmax><ymax>533</ymax></bndbox></object><object><name>bed</name><object_id>1598218</object_id><difficult>0</difficult><bndbox><xmin>149</xmin><ymin>365</ymin><xmax>914</xmax><ymax>679</ymax></bndbox></object><object><name>woman</name><object_id>1598216</object_id><difficult>0</difficult><bndbox><xmin>398</xmin><ymin>396</ymin><xmax>678</xmax><ymax>539</ymax></bndbox></object><object><name>shirt</name><object_id>1598220</object_id><difficult>0</difficult><bndbox><xmin>399</xmin><ymin>472</ymin><xmax>551</xmax><ymax>542</ymax></bndbox><attribute>striped</attribute></object><object><name>table</name><object_id>1598222</object_id><difficult>0</difficult><bndbox><xmin>174</xmin><ymin>484</ymin><xmax>307</xmax><ymax>590</ymax></bndbox></object><relation><subject_id>1598242</subject_id><object_id>1598192</object_id><predicate>beside</predicate></relation><relation><subject_id>1598216</subject_id><object_id>1598218</object_id><predicate>laying in</predicate></relation><relation><subject_id>1598220</subject_id><object_id>1598218</object_id><predicate>laying in</predicate></relation><relation><subject_id>1598222</subject_id><object_id>1598218</object_id><predicate>beside</predicate></relation></annotation>