<annotation><folder>VG_100K</folder><filename>1159708.jpg</filename><source><database>Visual Genome Version 1.2</database><image_id>1159708</image_id><coco_id>None</coco_id><flickr_id>8714856985</flickr_id></source><size><width>1024</width><height>539</height><depth>3</depth></size><segmented>0</segmented><object><name>building</name><object_id>1596736</object_id><difficult>0</difficult><bndbox><xmin>797</xmin><ymin>152</ymin><xmax>1020</xmax><ymax>277</ymax></bndbox></object><object><name>window</name><object_id>1596735</object_id><difficult>0</difficult><bndbox><xmin>242</xmin><ymin>243</ymin><xmax>296</xmax><ymax>278</ymax></bndbox></object><object><name>building</name><object_id>1596738</object_id><difficult>0</difficult><bndbox><xmin>844</xmin><ymin>152</ymin><xmax>1015</xmax><ymax>274</ymax></bndbox></object><object><name>window</name><object_id>1596737</object_id><difficult>0</difficult><bndbox><xmin>844</xmin><ymin>152</ymin><xmax>927</xmax><ymax>190</ymax></bndbox></object><relation><subject_id>1596735</subject_id><object_id>1596736</object_id><predicate>attached</predicate></relation><relation><subject_id>1596737</subject_id><object_id>1596738</object_id><predicate>attached</predicate></relation></annotation>