<annotation><folder>VG_100K</folder><filename>1159453.jpg</filename><source><database>Visual Genome Version 1.2</database><image_id>1159453</image_id><coco_id>125547</coco_id><flickr_id>9068276373</flickr_id></source><size><width>1024</width><height>576</height><depth>3</depth></size><segmented>0</segmented><object><name>bench</name><object_id>4075787</object_id><difficult>0</difficult><bndbox><xmin>931</xmin><ymin>303</ymin><xmax>975</xmax><ymax>356</ymax></bndbox></object><object><name>person</name><object_id>4075786</object_id><difficult>0</difficult><bndbox><xmin>930</xmin><ymin>256</ymin><xmax>1006</xmax><ymax>352</ymax></bndbox></object><object><name>person</name><object_id>4075788</object_id><difficult>0</difficult><bndbox><xmin>818</xmin><ymin>256</ymin><xmax>838</xmax><ymax>295</ymax></bndbox></object><object><name>bench</name><object_id>4075789</object_id><difficult>0</difficult><bndbox><xmin>781</xmin><ymin>316</ymin><xmax>834</xmax><ymax>356</ymax></bndbox></object><relation><subject_id>4075786</subject_id><object_id>4075787</object_id><predicate>sitting on a</predicate></relation><relation><subject_id>4075788</subject_id><object_id>4075789</object_id><predicate>sitting on a</predicate></relation></annotation>