<annotation><folder>VG_100K</folder><filename>1159539.jpg</filename><source><database>Visual Genome Version 1.2</database><image_id>1159539</image_id><coco_id>None</coco_id><flickr_id>6780686895</flickr_id></source><size><width>1024</width><height>678</height><depth>3</depth></size><segmented>0</segmented><object><name>wall</name><object_id>1077202</object_id><difficult>0</difficult><bndbox><xmin>8</xmin><ymin>150</ymin><xmax>993</xmax><ymax>494</ymax></bndbox><attribute>short</attribute><attribute>grey</attribute></object><object><name>bench</name><object_id>1077203</object_id><difficult>0</difficult><bndbox><xmin>234</xmin><ymin>214</ymin><xmax>722</xmax><ymax>442</ymax></bndbox><attribute>small</attribute><attribute>brown</attribute><attribute>wooden</attribute></object><relation><subject_id>1077203</subject_id><object_id>1077202</object_id><predicate>beside</predicate></relation></annotation>