<annotation><folder>VG_100K</folder><filename>1159896.jpg</filename><source><database>Visual Genome Version 1.2</database><image_id>1159896</image_id><coco_id>382316</coco_id><flickr_id>5028235992</flickr_id></source><size><width>1024</width><height>819</height><depth>3</depth></size><segmented>0</segmented><object><name>bike</name><object_id>1598688</object_id><difficult>0</difficult><bndbox><xmin>226</xmin><ymin>314</ymin><xmax>732</xmax><ymax>694</ymax></bndbox><attribute>black</attribute></object><object><name>man</name><object_id>3606386</object_id><difficult>0</difficult><bndbox><xmin>252</xmin><ymin>232</ymin><xmax>551</xmax><ymax>682</ymax></bndbox></object><relation><subject_id>3606386</subject_id><object_id>1598688</object_id><predicate>walking towards</predicate></relation></annotation>