<annotation><folder>VG_100K</folder><filename>1159637.jpg</filename><source><database>Visual Genome Version 1.2</database><image_id>1159637</image_id><coco_id>167397</coco_id><flickr_id>2791980504</flickr_id></source><size><width>1280</width><height>960</height><depth>3</depth></size><segmented>0</segmented><object><name>wall</name><object_id>4164047</object_id><difficult>0</difficult><bndbox><xmin>458</xmin><ymin>327</ymin><xmax>562</xmax><ymax>566</ymax></bndbox></object><object><name>building</name><object_id>4164048</object_id><difficult>0</difficult><bndbox><xmin>9</xmin><ymin>3</ymin><xmax>1265</xmax><ymax>957</ymax></bndbox></object><relation><subject_id>4164047</subject_id><object_id>4164048</object_id><predicate>on other side of</predicate></relation></annotation>