<annotation><folder>VG_100K</folder><filename>1159958.jpg</filename><source><database>Visual Genome Version 1.2</database><image_id>1159958</image_id><coco_id>None</coco_id><flickr_id>310515680</flickr_id></source><size><width>1024</width><height>768</height><depth>3</depth></size><segmented>0</segmented><object><name>building</name><object_id>1599668</object_id><difficult>0</difficult><bndbox><xmin>278</xmin><ymin>125</ymin><xmax>648</xmax><ymax>266</ymax></bndbox></object><object><name>wall</name><object_id>1599667</object_id><difficult>0</difficult><bndbox><xmin>278</xmin><ymin>125</ymin><xmax>596</xmax><ymax>266</ymax></bndbox></object><relation><subject_id>1599668</subject_id><object_id>1599667</object_id><predicate>on other side of</predicate></relation></annotation>