<annotation><folder>VG_100K</folder><filename>1159981.jpg</filename><source><database>Visual Genome Version 1.2</database><image_id>1159981</image_id><coco_id>None</coco_id><flickr_id>2691262906</flickr_id></source><size><width>1024</width><height>768</height><depth>3</depth></size><segmented>0</segmented><object><name>man</name><object_id>3252529</object_id><difficult>0</difficult><bndbox><xmin>449</xmin><ymin>405</ymin><xmax>568</xmax><ymax>615</ymax></bndbox></object><object><name>phone</name><object_id>3252530</object_id><difficult>0</difficult><bndbox><xmin>510</xmin><ymin>424</ymin><xmax>539</xmax><ymax>451</ymax></bndbox></object><relation><subject_id>3252529</subject_id><object_id>3252530</object_id><predicate>talking on</predicate></relation></annotation>