<annotation><folder>VG_100K</folder><filename>1159765.jpg</filename><source><database>Visual Genome Version 1.2</database><image_id>1159765</image_id><coco_id>488075</coco_id><flickr_id>191172165</flickr_id></source><size><width>1024</width><height>768</height><depth>3</depth></size><segmented>0</segmented><object><name>microwave</name><object_id>3790219</object_id><difficult>0</difficult><bndbox><xmin>567</xmin><ymin>173</ymin><xmax>691</xmax><ymax>245</ymax></bndbox></object><object><name>stove</name><object_id>1597420</object_id><difficult>0</difficult><bndbox><xmin>552</xmin><ymin>263</ymin><xmax>667</xmax><ymax>322</ymax></bndbox></object><relation><subject_id>1597420</subject_id><object_id>3790219</object_id><predicate>under a</predicate></relation></annotation>