<annotation><folder>VG_100K</folder><filename>1159988.jpg</filename><source><database>Visual Genome Version 1.2</database><image_id>1159988</image_id><coco_id>None</coco_id><flickr_id>173243671</flickr_id></source><size><width>1024</width><height>768</height><depth>3</depth></size><segmented>0</segmented><object><name>cord</name><object_id>4202889</object_id><difficult>0</difficult><bndbox><xmin>738</xmin><ymin>368</ymin><xmax>855</xmax><ymax>569</ymax></bndbox></object><object><name>desk</name><object_id>4202890</object_id><difficult>0</difficult><bndbox><xmin>686</xmin><ymin>325</ymin><xmax>1011</xmax><ymax>568</ymax></bndbox></object><relation><subject_id>4202889</subject_id><object_id>4202890</object_id><predicate>under a</predicate></relation></annotation>