<annotation><folder>VG_100K</folder><filename>1159766.jpg</filename><source><database>Visual Genome Version 1.2</database><image_id>1159766</image_id><coco_id>None</coco_id><flickr_id>4021082808</flickr_id></source><size><width>600</width><height>400</height><depth>3</depth></size><segmented>0</segmented><object><name>man</name><object_id>3605796</object_id><difficult>0</difficult><bndbox><xmin>240</xmin><ymin>176</ymin><xmax>420</xmax><ymax>376</ymax></bndbox></object><object><name>sand</name><object_id>3605782</object_id><difficult>0</difficult><bndbox><xmin>218</xmin><ymin>306</ymin><xmax>484</xmax><ymax>382</ymax></bndbox></object><object><name>bottle</name><object_id>1597435</object_id><difficult>0</difficult><bndbox><xmin>143</xmin><ymin>355</ymin><xmax>163</xmax><ymax>397</ymax></bndbox></object><object><name>sand</name><object_id>3605785</object_id><difficult>0</difficult><bndbox><xmin>106</xmin><ymin>368</ymin><xmax>210</xmax><ymax>395</ymax></bndbox></object><object><name>man</name><object_id>3605801</object_id><difficult>0</difficult><bndbox><xmin>381</xmin><ymin>75</ymin><xmax>478</xmax><ymax>126</ymax></bndbox></object><object><name>chair</name><object_id>3605802</object_id><difficult>0</difficult><bndbox><xmin>376</xmin><ymin>82</ymin><xmax>503</xmax><ymax>147</ymax></bndbox></object><relation><subject_id>3605796</subject_id><object_id>3605782</object_id><predicate>sitting on a</predicate></relation><relation><subject_id>1597435</subject_id><object_id>3605785</object_id><predicate>sitting on a</predicate></relation><relation><subject_id>3605801</subject_id><object_id>3605802</object_id><predicate>laying in</predicate></relation></annotation>