<annotation><folder>VG_100K</folder><filename>1159883.jpg</filename><source><database>Visual Genome Version 1.2</database><image_id>1159883</image_id><coco_id>None</coco_id><flickr_id>9587167369</flickr_id></source><size><width>1024</width><height>768</height><depth>3</depth></size><segmented>0</segmented><object><name>letters</name><object_id>3790250</object_id><difficult>0</difficult><bndbox><xmin>575</xmin><ymin>201</ymin><xmax>813</xmax><ymax>262</ymax></bndbox></object><object><name>bus</name><object_id>2176207</object_id><difficult>0</difficult><bndbox><xmin>77</xmin><ymin>90</ymin><xmax>902</xmax><ymax>752</ymax></bndbox></object><relation><subject_id>3790250</subject_id><object_id>2176207</object_id><predicate>top of</predicate></relation></annotation>