<annotation><folder>VG_100K</folder><filename>1159615.jpg</filename><source><database>Visual Genome Version 1.2</database><image_id>1159615</image_id><coco_id>None</coco_id><flickr_id>4222842955</flickr_id></source><size><width>1024</width><height>683</height><depth>3</depth></size><segmented>0</segmented><object><name>water</name><object_id>1595574</object_id><difficult>0</difficult><bndbox><xmin>5</xmin><ymin>398</ymin><xmax>1017</xmax><ymax>680</ymax></bndbox><attribute>calm</attribute></object><object><name>bird</name><object_id>1595572</object_id><difficult>0</difficult><bndbox><xmin>226</xmin><ymin>576</ymin><xmax>250</xmax><ymax>595</ymax></bndbox><attribute>black</attribute></object><object><name>bird</name><object_id>1595577</object_id><difficult>0</difficult><bndbox><xmin>165</xmin><ymin>646</ymin><xmax>200</xmax><ymax>669</ymax></bndbox><attribute>black</attribute></object><object><name>bird</name><object_id>1595580</object_id><difficult>0</difficult><bndbox><xmin>62</xmin><ymin>618</ymin><xmax>88</xmax><ymax>639</ymax></bndbox><attribute>black</attribute></object><object><name>water</name><object_id>1595607</object_id><difficult>0</difficult><bndbox><xmin>123</xmin><ymin>377</ymin><xmax>1016</xmax><ymax>656</ymax></bndbox></object><object><name>ducks</name><object_id>1595606</object_id><difficult>0</difficult><bndbox><xmin>123</xmin><ymin>377</ymin><xmax>1016</xmax><ymax>656</ymax></bndbox></object><relation><subject_id>1595572</subject_id><object_id>1595574</object_id><predicate>floating in</predicate></relation><relation><subject_id>1595577</subject_id><object_id>1595574</object_id><predicate>floating in</predicate></relation><relation><subject_id>1595580</subject_id><object_id>1595574</object_id><predicate>floating in</predicate></relation><relation><subject_id>1595606</subject_id><object_id>1595607</object_id><predicate>floating in</predicate></relation></annotation>