<annotation><folder>VG_100K</folder><filename>1159528.jpg</filename><source><database>Visual Genome Version 1.2</database><image_id>1159528</image_id><coco_id>43971</coco_id><flickr_id>4341514333</flickr_id></source><size><width>1024</width><height>769</height><depth>3</depth></size><segmented>0</segmented><object><name>pole</name><object_id>1594761</object_id><difficult>0</difficult><bndbox><xmin>284</xmin><ymin>1</ymin><xmax>327</xmax><ymax>495</ymax></bndbox></object><object><name>clock</name><object_id>1594774</object_id><difficult>0</difficult><bndbox><xmin>220</xmin><ymin>200</ymin><xmax>335</xmax><ymax>400</ymax></bndbox></object><relation><subject_id>1594774</subject_id><object_id>1594761</object_id><predicate>hanging on a</predicate></relation></annotation>