<annotation><folder>VG_100K</folder><filename>1159649.jpg</filename><source><database>Visual Genome Version 1.2</database><image_id>1159649</image_id><coco_id>None</coco_id><flickr_id>9868579766</flickr_id></source><size><width>1024</width><height>703</height><depth>3</depth></size><segmented>0</segmented><object><name>man</name><object_id>1595796</object_id><difficult>0</difficult><bndbox><xmin>526</xmin><ymin>464</ymin><xmax>572</xmax><ymax>537</ymax></bndbox></object><object><name>boat</name><object_id>1595827</object_id><difficult>0</difficult><bndbox><xmin>388</xmin><ymin>484</ymin><xmax>736</xmax><ymax>564</ymax></bndbox><attribute>blue</attribute><attribute>white</attribute></object><relation><subject_id>1595796</subject_id><object_id>1595827</object_id><predicate>driving down</predicate></relation></annotation>