<annotation><folder>VG_100K</folder><filename>1159273.jpg</filename><source><database>Visual Genome Version 1.2</database><image_id>1159273</image_id><coco_id>None</coco_id><flickr_id>237439113</flickr_id></source><size><width>1024</width><height>768</height><depth>3</depth></size><segmented>0</segmented><object><name>sidewalk</name><object_id>1590887</object_id><difficult>0</difficult><bndbox><xmin>19</xmin><ymin>664</ymin><xmax>586</xmax><ymax>759</ymax></bndbox></object><object><name>curb</name><object_id>3702872</object_id><difficult>0</difficult><bndbox><xmin>310</xmin><ymin>706</ymin><xmax>592</xmax><ymax>765</ymax></bndbox></object><object><name>window</name><object_id>1959392</object_id><difficult>0</difficult><bndbox><xmin>200</xmin><ymin>289</ymin><xmax>303</xmax><ymax>559</ymax></bndbox></object><object><name>tree</name><object_id>1959394</object_id><difficult>0</difficult><bndbox><xmin>434</xmin><ymin>371</ymin><xmax>552</xmax><ymax>720</ymax></bndbox></object><relation><subject_id>3702872</subject_id><object_id>1590887</object_id><predicate>at edge of</predicate></relation><relation><subject_id>1959392</subject_id><object_id>1959394</object_id><predicate>reflected on</predicate></relation></annotation>