<annotation><folder>VG_100K</folder><filename>1159872.jpg</filename><source><database>Visual Genome Version 1.2</database><image_id>1159872</image_id><coco_id>None</coco_id><flickr_id>387924004</flickr_id></source><size><width>892</width><height>648</height><depth>3</depth></size><segmented>0</segmented><object><name>snow</name><object_id>1598519</object_id><difficult>0</difficult><bndbox><xmin>2</xmin><ymin>372</ymin><xmax>890</xmax><ymax>638</ymax></bndbox><attribute>large</attribute></object><object><name>shadow</name><object_id>1598515</object_id><difficult>0</difficult><bndbox><xmin>793</xmin><ymin>499</ymin><xmax>850</xmax><ymax>544</ymax></bndbox></object><object><name>shadow</name><object_id>1598514</object_id><difficult>0</difficult><bndbox><xmin>650</xmin><ymin>511</ymin><xmax>749</xmax><ymax>565</ymax></bndbox></object><object><name>shadow</name><object_id>1598513</object_id><difficult>0</difficult><bndbox><xmin>595</xmin><ymin>487</ymin><xmax>659</xmax><ymax>521</ymax></bndbox></object><object><name>shadow</name><object_id>1598512</object_id><difficult>0</difficult><bndbox><xmin>311</xmin><ymin>509</ymin><xmax>375</xmax><ymax>534</ymax></bndbox></object><object><name>shadow</name><object_id>1598511</object_id><difficult>0</difficult><bndbox><xmin>58</xmin><ymin>562</ymin><xmax>283</xmax><ymax>629</ymax></bndbox></object><relation><subject_id>1598515</subject_id><object_id>1598519</object_id><predicate>across</predicate></relation><relation><subject_id>1598514</subject_id><object_id>1598519</object_id><predicate>across</predicate></relation><relation><subject_id>1598513</subject_id><object_id>1598519</object_id><predicate>across</predicate></relation><relation><subject_id>1598512</subject_id><object_id>1598519</object_id><predicate>across</predicate></relation><relation><subject_id>1598511</subject_id><object_id>1598519</object_id><predicate>across</predicate></relation></annotation>