<annotation><folder>VG_100K</folder><filename>1159831.jpg</filename><source><database>Visual Genome Version 1.2</database><image_id>1159831</image_id><coco_id>None</coco_id><flickr_id>7883768854</flickr_id></source><size><width>612</width><height>612</height><depth>3</depth></size><segmented>0</segmented><object><name>truck</name><object_id>4179505</object_id><difficult>0</difficult><bndbox><xmin>281</xmin><ymin>139</ymin><xmax>391</xmax><ymax>290</ymax></bndbox></object><object><name>window</name><object_id>4179506</object_id><difficult>0</difficult><bndbox><xmin>432</xmin><ymin>0</ymin><xmax>476</xmax><ymax>93</ymax></bndbox></object><relation><subject_id>4179506</subject_id><object_id>4179505</object_id><predicate>facing</predicate></relation></annotation>