<annotation><folder>VG_100K</folder><filename>1159316.jpg</filename><source><database>Visual Genome Version 1.2</database><image_id>1159316</image_id><coco_id>437660</coco_id><flickr_id>6665990339</flickr_id></source><size><width>1024</width><height>680</height><depth>3</depth></size><segmented>0</segmented><object><name>sand</name><object_id>4091499</object_id><difficult>0</difficult><bndbox><xmin>737</xmin><ymin>288</ymin><xmax>1019</xmax><ymax>675</ymax></bndbox></object><object><name>sailboat</name><object_id>4091498</object_id><difficult>0</difficult><bndbox><xmin>421</xmin><ymin>180</ymin><xmax>677</xmax><ymax>328</ymax></bndbox><attribute>white</attribute><attribute>red</attribute></object><relation><subject_id>4091498</subject_id><object_id>4091499</object_id><predicate>sitting on a</predicate></relation></annotation>