<annotation><folder>VG_100K</folder><filename>1159284.jpg</filename><source><database>Visual Genome Version 1.2</database><image_id>1159284</image_id><coco_id>42849</coco_id><flickr_id>3794893317</flickr_id></source><size><width>1024</width><height>576</height><depth>3</depth></size><segmented>0</segmented><object><name>people</name><object_id>4579471</object_id><difficult>0</difficult><bndbox><xmin>490</xmin><ymin>294</ymin><xmax>622</xmax><ymax>338</ymax></bndbox></object><object><name>field</name><object_id>4579472</object_id><difficult>0</difficult><bndbox><xmin>0</xmin><ymin>305</ymin><xmax>1018</xmax><ymax>569</ymax></bndbox></object><relation><subject_id>4579471</subject_id><object_id>4579472</object_id><predicate>walking towards</predicate></relation></annotation>