<annotation><folder>VG_100K</folder><filename>1159757.jpg</filename><source><database>Visual Genome Version 1.2</database><image_id>1159757</image_id><coco_id>None</coco_id><flickr_id>4664478129</flickr_id></source><size><width>1024</width><height>576</height><depth>3</depth></size><segmented>0</segmented><object><name>policeman</name><object_id>1597254</object_id><difficult>0</difficult><bndbox><xmin>190</xmin><ymin>176</ymin><xmax>283</xmax><ymax>439</ymax></bndbox></object><object><name>car</name><object_id>1597255</object_id><difficult>0</difficult><bndbox><xmin>278</xmin><ymin>221</ymin><xmax>577</xmax><ymax>453</ymax></bndbox></object><relation><subject_id>1597254</subject_id><object_id>1597255</object_id><predicate>beside</predicate></relation></annotation>