<annotation><folder>VG_100K</folder><filename>1159588.jpg</filename><source><database>Visual Genome Version 1.2</database><image_id>1159588</image_id><coco_id>None</coco_id><flickr_id>5333350870</flickr_id></source><size><width>800</width><height>600</height><depth>3</depth></size><segmented>0</segmented><object><name>bridge</name><object_id>1595402</object_id><difficult>0</difficult><bndbox><xmin>0</xmin><ymin>367</ymin><xmax>545</xmax><ymax>465</ymax></bndbox></object><object><name>bus</name><object_id>1595401</object_id><difficult>0</difficult><bndbox><xmin>399</xmin><ymin>454</ymin><xmax>477</xmax><ymax>524</ymax></bndbox></object><object><name>building</name><object_id>1595404</object_id><difficult>0</difficult><bndbox><xmin>388</xmin><ymin>149</ymin><xmax>572</xmax><ymax>237</ymax></bndbox></object><object><name>window</name><object_id>1595403</object_id><difficult>0</difficult><bndbox><xmin>430</xmin><ymin>176</ymin><xmax>448</xmax><ymax>192</ymax></bndbox></object><relation><subject_id>1595401</subject_id><object_id>1595402</object_id><predicate>beneath</predicate></relation><relation><subject_id>1595403</subject_id><object_id>1595404</object_id><predicate>attached</predicate></relation></annotation>