<annotation><folder>VG_100K</folder><filename>1159349.jpg</filename><source><database>Visual Genome Version 1.2</database><image_id>1159349</image_id><coco_id>None</coco_id><flickr_id>7489142786</flickr_id></source><size><width>1024</width><height>682</height><depth>3</depth></size><segmented>0</segmented><object><name>headlight</name><object_id>4146525</object_id><difficult>0</difficult><bndbox><xmin>823</xmin><ymin>631</ymin><xmax>934</xmax><ymax>677</ymax></bndbox></object><object><name>bus</name><object_id>4146526</object_id><difficult>0</difficult><bndbox><xmin>555</xmin><ymin>0</ymin><xmax>1020</xmax><ymax>677</ymax></bndbox></object><relation><subject_id>4146525</subject_id><object_id>4146526</object_id><predicate>belonging to</predicate></relation></annotation>