<annotation><folder>VG_100K</folder><filename>1159373.jpg</filename><source><database>Visual Genome Version 1.2</database><image_id>1159373</image_id><coco_id>None</coco_id><flickr_id>476150455</flickr_id></source><size><width>1024</width><height>681</height><depth>3</depth></size><segmented>0</segmented><object><name>dog</name><object_id>4071737</object_id><difficult>0</difficult><bndbox><xmin>484</xmin><ymin>258</ymin><xmax>670</xmax><ymax>483</ymax></bndbox><attribute>brown</attribute><attribute>red</attribute></object><object><name>dog</name><object_id>4071729</object_id><difficult>0</difficult><bndbox><xmin>163</xmin><ymin>282</ymin><xmax>405</xmax><ymax>661</ymax></bndbox><attribute>dark gray</attribute><attribute>black</attribute></object><object><name>chair</name><object_id>4071759</object_id><difficult>0</difficult><bndbox><xmin>383</xmin><ymin>191</ymin><xmax>762</xmax><ymax>611</ymax></bndbox><attribute>black</attribute></object><object><name>kid</name><object_id>4071747</object_id><difficult>0</difficult><bndbox><xmin>372</xmin><ymin>180</ymin><xmax>653</xmax><ymax>641</ymax></bndbox></object><object><name>dog</name><object_id>4071746</object_id><difficult>0</difficult><bndbox><xmin>165</xmin><ymin>275</ymin><xmax>377</xmax><ymax>664</ymax></bndbox><attribute>black</attribute></object><object><name>woman</name><object_id>4071762</object_id><difficult>0</difficult><bndbox><xmin>20</xmin><ymin>102</ymin><xmax>161</xmax><ymax>656</ymax></bndbox></object><object><name>lawn</name><object_id>4071760</object_id><difficult>0</difficult><bndbox><xmin>78</xmin><ymin>24</ymin><xmax>986</xmax><ymax>636</ymax></bndbox></object><object><name>girl</name><object_id>4096371</object_id><difficult>0</difficult><bndbox><xmin>376</xmin><ymin>178</ymin><xmax>670</xmax><ymax>639</ymax></bndbox></object><object><name>chair</name><object_id>4071763</object_id><difficult>0</difficult><bndbox><xmin>13</xmin><ymin>323</ymin><xmax>260</xmax><ymax>643</ymax></bndbox></object><object><name>chair</name><object_id>4071784</object_id><difficult>0</difficult><bndbox><xmin>380</xmin><ymin>174</ymin><xmax>746</xmax><ymax>632</ymax></bndbox><attribute>black</attribute></object><object><name>dog</name><object_id>4071774</object_id><difficult>0</difficult><bndbox><xmin>449</xmin><ymin>265</ymin><xmax>687</xmax><ymax>497</ymax></bndbox><attribute>brown</attribute></object><object><name>girl</name><object_id>4071764</object_id><difficult>0</difficult><bndbox><xmin>388</xmin><ymin>187</ymin><xmax>674</xmax><ymax>658</ymax></bndbox><attribute>young</attribute></object><object><name>dog</name><object_id>4581161</object_id><difficult>0</difficult><bndbox><xmin>469</xmin><ymin>264</ymin><xmax>666</xmax><ymax>487</ymax></bndbox><attribute>brown</attribute></object><object><name>leg</name><object_id>4581162</object_id><difficult>0</difficult><bndbox><xmin>538</xmin><ymin>413</ymin><xmax>591</xmax><ymax>636</ymax></bndbox></object><object><name>leg</name><object_id>4581163</object_id><difficult>0</difficult><bndbox><xmin>575</xmin><ymin>392</ymin><xmax>664</xmax><ymax>615</ymax></bndbox></object><object><name>leg</name><object_id>4581166</object_id><difficult>0</difficult><bndbox><xmin>207</xmin><ymin>472</ymin><xmax>290</xmax><ymax>671</ymax></bndbox><attribute>furry</attribute></object><object><name>dog</name><object_id>4581167</object_id><difficult>0</difficult><bndbox><xmin>160</xmin><ymin>284</ymin><xmax>389</xmax><ymax>676</ymax></bndbox></object><object><name>leg</name><object_id>4581169</object_id><difficult>0</difficult><bndbox><xmin>296</xmin><ymin>478</ymin><xmax>390</xmax><ymax>677</ymax></bndbox><attribute>furry</attribute></object><object><name>leg</name><object_id>4581170</object_id><difficult>0</difficult><bndbox><xmin>518</xmin><ymin>376</ymin><xmax>596</xmax><ymax>454</ymax></bndbox><attribute>furry</attribute></object><object><name>leg</name><object_id>4581173</object_id><difficult>0</difficult><bndbox><xmin>469</xmin><ymin>381</ymin><xmax>539</xmax><ymax>494</ymax></bndbox><attribute>furry</attribute></object><object><name>leg</name><object_id>4581174</object_id><difficult>0</difficult><bndbox><xmin>614</xmin><ymin>335</ymin><xmax>666</xmax><ymax>428</ymax></bndbox><attribute>furry</attribute></object><object><name>ear</name><object_id>4581177</object_id><difficult>0</difficult><bndbox><xmin>478</xmin><ymin>275</ymin><xmax>513</xmax><ymax>355</ymax></bndbox><attribute>furry</attribute></object><object><name>ear</name><object_id>4581178</object_id><difficult>0</difficult><bndbox><xmin>551</xmin><ymin>299</ymin><xmax>588</xmax><ymax>384</ymax></bndbox><attribute>furry</attribute></object><object><name>ear</name><object_id>4581181</object_id><difficult>0</difficult><bndbox><xmin>218</xmin><ymin>290</ymin><xmax>262</xmax><ymax>364</ymax></bndbox><attribute>furry</attribute></object><object><name>tail</name><object_id>4581182</object_id><difficult>0</difficult><bndbox><xmin>283</xmin><ymin>318</ymin><xmax>338</xmax><ymax>453</ymax></bndbox><attribute>furry</attribute></object><object><name>lap</name><object_id>4581185</object_id><difficult>0</difficult><bndbox><xmin>445</xmin><ymin>381</ymin><xmax>646</xmax><ymax>431</ymax></bndbox></object><object><name>woman</name><object_id>4581190</object_id><difficult>0</difficult><bndbox><xmin>0</xmin><ymin>104</ymin><xmax>188</xmax><ymax>675</ymax></bndbox></object><object><name>chair</name><object_id>4581191</object_id><difficult>0</difficult><bndbox><xmin>2</xmin><ymin>333</ymin><xmax>255</xmax><ymax>651</ymax></bndbox></object><object><name>tail</name><object_id>4581195</object_id><difficult>0</difficult><bndbox><xmin>287</xmin><ymin>312</ymin><xmax>340</xmax><ymax>442</ymax></bndbox><attribute>pointed</attribute></object><object><name>tongue</name><object_id>4581197</object_id><difficult>0</difficult><bndbox><xmin>514</xmin><ymin>344</ymin><xmax>549</xmax><ymax>390</ymax></bndbox></object><object><name>lap</name><object_id>4096372</object_id><difficult>0</difficult><bndbox><xmin>477</xmin><ymin>387</ymin><xmax>646</xmax><ymax>431</ymax></bndbox></object><object><name>tongue</name><object_id>4096370</object_id><difficult>0</difficult><bndbox><xmin>514</xmin><ymin>338</ymin><xmax>549</xmax><ymax>390</ymax></bndbox></object><relation><subject_id>4071747</subject_id><object_id>4071759</object_id><predicate>sitting on a</predicate></relation><relation><subject_id>4071746</subject_id><object_id>4071760</object_id><predicate>walking towards</predicate></relation><relation><subject_id>4096371</subject_id><object_id>4071759</object_id><predicate>sitting on a</predicate></relation><relation><subject_id>4071762</subject_id><object_id>4071763</object_id><predicate>sitting on a</predicate></relation><relation><subject_id>4071764</subject_id><object_id>4071774</object_id><predicate>petting</predicate></relation><relation><subject_id>4071764</subject_id><object_id>4071784</object_id><predicate>sitting on a</predicate></relation><relation><subject_id>4096371</subject_id><object_id>4071759</object_id><predicate>sitting on a</predicate></relation><relation><subject_id>4581161</subject_id><object_id>4581162</object_id><predicate>sitting on a</predicate></relation><relation><subject_id>4581161</subject_id><object_id>4581163</object_id><predicate>sitting on a</predicate></relation><relation><subject_id>4581162</subject_id><object_id>4096371</object_id><predicate>belonging to</predicate></relation><relation><subject_id>4581163</subject_id><object_id>4096371</object_id><predicate>belonging to</predicate></relation><relation><subject_id>4581166</subject_id><object_id>4581167</object_id><predicate>belonging to</predicate></relation><relation><subject_id>4581169</subject_id><object_id>4071729</object_id><predicate>belonging to</predicate></relation><relation><subject_id>4581170</subject_id><object_id>4581161</object_id><predicate>belonging to</predicate></relation><relation><subject_id>4581173</subject_id><object_id>4581161</object_id><predicate>belonging to</predicate></relation><relation><subject_id>4581174</subject_id><object_id>4581161</object_id><predicate>belonging to</predicate></relation><relation><subject_id>4581177</subject_id><object_id>4581161</object_id><predicate>belonging to</predicate></relation><relation><subject_id>4581178</subject_id><object_id>4581161</object_id><predicate>belonging to</predicate></relation><relation><subject_id>4581181</subject_id><object_id>4581167</object_id><predicate>belonging to</predicate></relation><relation><subject_id>4581182</subject_id><object_id>4071729</object_id><predicate>belonging to</predicate></relation><relation><subject_id>4581161</subject_id><object_id>4581185</object_id><predicate>sitting on a</predicate></relation><relation><subject_id>4581161</subject_id><object_id>4071747</object_id><predicate>sitting on a</predicate></relation><relation><subject_id>4581161</subject_id><object_id>4071747</object_id><predicate>sitting on a</predicate></relation><relation><subject_id>4581190</subject_id><object_id>4581191</object_id><predicate>sitting on a</predicate></relation><relation><subject_id>4581195</subject_id><object_id>4071729</object_id><predicate>belonging to</predicate></relation><relation><subject_id>4581161</subject_id><object_id>4581197</object_id><predicate>sticking out of</predicate></relation><relation><subject_id>4071737</subject_id><object_id>4096370</object_id><predicate>sticking out of</predicate></relation><relation><subject_id>4071737</subject_id><object_id>4096372</object_id><predicate>sitting on a</predicate></relation><relation><subject_id>4071737</subject_id><object_id>4096371</object_id><predicate>sitting on a</predicate></relation></annotation>