<annotation><folder>VG_100K</folder><filename>1159362.jpg</filename><source><database>Visual Genome Version 1.2</database><image_id>1159362</image_id><coco_id>None</coco_id><flickr_id>8658814418</flickr_id></source><size><width>1024</width><height>683</height><depth>3</depth></size><segmented>0</segmented><object><name>man</name><object_id>4580938</object_id><difficult>0</difficult><bndbox><xmin>819</xmin><ymin>301</ymin><xmax>856</xmax><ymax>360</ymax></bndbox></object><object><name>umbrella</name><object_id>4580939</object_id><difficult>0</difficult><bndbox><xmin>633</xmin><ymin>189</ymin><xmax>984</xmax><ymax>276</ymax></bndbox><attribute>black</attribute></object><object><name>bench</name><object_id>4095717</object_id><difficult>0</difficult><bndbox><xmin>51</xmin><ymin>345</ymin><xmax>959</xmax><ymax>605</ymax></bndbox><attribute>large</attribute><attribute>concrete</attribute></object><object><name>briefcase</name><object_id>4095716</object_id><difficult>0</difficult><bndbox><xmin>736</xmin><ymin>386</ymin><xmax>858</xmax><ymax>454</ymax></bndbox><attribute>black</attribute></object><relation><subject_id>4580938</subject_id><object_id>4580939</object_id><predicate>under a</predicate></relation><relation><subject_id>4095716</subject_id><object_id>4095717</object_id><predicate>top of</predicate></relation></annotation>