<annotation><folder>VG_100K</folder><filename>1159777.jpg</filename><source><database>Visual Genome Version 1.2</database><image_id>1159777</image_id><coco_id>46408</coco_id><flickr_id>7433166048</flickr_id></source><size><width>1024</width><height>768</height><depth>3</depth></size><segmented>0</segmented><object><name>airplane</name><object_id>3705150</object_id><difficult>0</difficult><bndbox><xmin>1</xmin><ymin>151</ymin><xmax>1015</xmax><ymax>558</ymax></bndbox></object><object><name>cart</name><object_id>3797159</object_id><difficult>0</difficult><bndbox><xmin>293</xmin><ymin>425</ymin><xmax>549</xmax><ymax>508</ymax></bndbox></object><object><name>airplane</name><object_id>3797158</object_id><difficult>0</difficult><bndbox><xmin>56</xmin><ymin>105</ymin><xmax>960</xmax><ymax>522</ymax></bndbox></object><object><name>cart</name><object_id>1597520</object_id><difficult>0</difficult><bndbox><xmin>359</xmin><ymin>333</ymin><xmax>550</xmax><ymax>423</ymax></bndbox><attribute>white</attribute></object><relation><subject_id>3797159</subject_id><object_id>3797158</object_id><predicate>under a</predicate></relation><relation><subject_id>1597520</subject_id><object_id>3705150</object_id><predicate>against</predicate></relation></annotation>