<annotation><folder>VG_100K</folder><filename>1159644.jpg</filename><source><database>Visual Genome Version 1.2</database><image_id>1159644</image_id><coco_id>None</coco_id><flickr_id>8400328659</flickr_id></source><size><width>1024</width><height>768</height><depth>3</depth></size><segmented>0</segmented><object><name>road</name><object_id>3604943</object_id><difficult>0</difficult><bndbox><xmin>10</xmin><ymin>459</ymin><xmax>1011</xmax><ymax>756</ymax></bndbox></object><object><name>line</name><object_id>1595764</object_id><difficult>0</difficult><bndbox><xmin>58</xmin><ymin>696</ymin><xmax>188</xmax><ymax>751</ymax></bndbox><attribute>white</attribute></object><object><name>lines</name><object_id>1595780</object_id><difficult>0</difficult><bndbox><xmin>65</xmin><ymin>694</ymin><xmax>218</xmax><ymax>745</ymax></bndbox><attribute>white</attribute></object><relation><subject_id>1595764</subject_id><object_id>3604943</object_id><predicate>painted</predicate></relation><relation><subject_id>1595780</subject_id><object_id>3604943</object_id><predicate>painted</predicate></relation></annotation>