<annotation><folder>VG_100K</folder><filename>1159935.jpg</filename><source><database>Visual Genome Version 1.2</database><image_id>1159935</image_id><coco_id>27037</coco_id><flickr_id>8224034613</flickr_id></source><size><width>1024</width><height>768</height><depth>3</depth></size><segmented>0</segmented><object><name>motorcycle</name><object_id>1599344</object_id><difficult>0</difficult><bndbox><xmin>115</xmin><ymin>104</ymin><xmax>1021</xmax><ymax>757</ymax></bndbox><attribute>shiny</attribute><attribute>black</attribute></object><object><name>person</name><object_id>1599332</object_id><difficult>0</difficult><bndbox><xmin>624</xmin><ymin>148</ymin><xmax>675</xmax><ymax>221</ymax></bndbox></object><relation><subject_id>1599332</subject_id><object_id>1599344</object_id><predicate>beside</predicate></relation></annotation>