<annotation><folder>VG_100K</folder><filename>1159641.jpg</filename><source><database>Visual Genome Version 1.2</database><image_id>1159641</image_id><coco_id>327575</coco_id><flickr_id>5201043184</flickr_id></source><size><width>1024</width><height>768</height><depth>3</depth></size><segmented>0</segmented><object><name>ground</name><object_id>4075584</object_id><difficult>0</difficult><bndbox><xmin>3</xmin><ymin>519</ymin><xmax>1021</xmax><ymax>764</ymax></bndbox></object><object><name>grass</name><object_id>4075583</object_id><difficult>0</difficult><bndbox><xmin>489</xmin><ymin>580</ymin><xmax>1014</xmax><ymax>695</ymax></bndbox></object><relation><subject_id>4075583</subject_id><object_id>4075584</object_id><predicate>laying in</predicate></relation></annotation>