<annotation><folder>VG_100K</folder><filename>1159897.jpg</filename><source><database>Visual Genome Version 1.2</database><image_id>1159897</image_id><coco_id>302424</coco_id><flickr_id>6086004293</flickr_id></source><size><width>1024</width><height>768</height><depth>3</depth></size><segmented>0</segmented><object><name>girl</name><object_id>1077388</object_id><difficult>0</difficult><bndbox><xmin>756</xmin><ymin>290</ymin><xmax>911</xmax><ymax>635</ymax></bndbox><attribute>blonde</attribute><attribute>young</attribute><attribute>walking</attribute></object><object><name>calf</name><object_id>1077400</object_id><difficult>0</difficult><bndbox><xmin>550</xmin><ymin>249</ymin><xmax>801</xmax><ymax>565</ymax></bndbox><attribute>small</attribute><attribute>black</attribute></object><relation><subject_id>1077388</subject_id><object_id>1077400</object_id><predicate>touching</predicate></relation></annotation>