<annotation><folder>VG_100K</folder><filename>1159259.jpg</filename><source><database>Visual Genome Version 1.2</database><image_id>1159259</image_id><coco_id>None</coco_id><flickr_id>139185650</flickr_id></source><size><width>1024</width><height>768</height><depth>3</depth></size><segmented>0</segmented><object><name>building</name><object_id>4579138</object_id><difficult>0</difficult><bndbox><xmin>35</xmin><ymin>192</ymin><xmax>368</xmax><ymax>674</ymax></bndbox></object><object><name>wall</name><object_id>4579139</object_id><difficult>0</difficult><bndbox><xmin>80</xmin><ymin>347</ymin><xmax>202</xmax><ymax>559</ymax></bndbox></object><object><name>wall</name><object_id>4579140</object_id><difficult>0</difficult><bndbox><xmin>67</xmin><ymin>306</ymin><xmax>232</xmax><ymax>616</ymax></bndbox></object><object><name>building</name><object_id>4579141</object_id><difficult>0</difficult><bndbox><xmin>11</xmin><ymin>438</ymin><xmax>461</xmax><ymax>618</ymax></bndbox></object><relation><subject_id>4579139</subject_id><object_id>4579138</object_id><predicate>on other side of</predicate></relation><relation><subject_id>4579140</subject_id><object_id>4579141</object_id><predicate>on other side of</predicate></relation></annotation>