<annotation><folder>VG_100K</folder><filename>1159984.jpg</filename><source><database>Visual Genome Version 1.2</database><image_id>1159984</image_id><coco_id>538742</coco_id><flickr_id>267185337</flickr_id></source><size><width>1024</width><height>768</height><depth>3</depth></size><segmented>0</segmented><object><name>gravel</name><object_id>1599919</object_id><difficult>0</difficult><bndbox><xmin>7</xmin><ymin>402</ymin><xmax>729</xmax><ymax>764</ymax></bndbox></object><object><name>track</name><object_id>1599920</object_id><difficult>0</difficult><bndbox><xmin>279</xmin><ymin>395</ymin><xmax>681</xmax><ymax>765</ymax></bndbox><attribute>train</attribute></object><relation><subject_id>1599919</subject_id><object_id>1599920</object_id><predicate>between</predicate></relation></annotation>