<annotation><folder>VG_100K</folder><filename>1159877.jpg</filename><source><database>Visual Genome Version 1.2</database><image_id>1159877</image_id><coco_id>None</coco_id><flickr_id>6293341167</flickr_id></source><size><width>1024</width><height>768</height><depth>3</depth></size><segmented>0</segmented><object><name>ceiling</name><object_id>1598615</object_id><difficult>0</difficult><bndbox><xmin>0</xmin><ymin>5</ymin><xmax>1015</xmax><ymax>114</ymax></bndbox></object><object><name>light</name><object_id>1598614</object_id><difficult>0</difficult><bndbox><xmin>126</xmin><ymin>184</ymin><xmax>197</xmax><ymax>236</ymax></bndbox></object><relation><subject_id>1598614</subject_id><object_id>1598615</object_id><predicate>hanging on a</predicate></relation></annotation>