<annotation><folder>VG_100K</folder><filename>1159718.jpg</filename><source><database>Visual Genome Version 1.2</database><image_id>1159718</image_id><coco_id>261805</coco_id><flickr_id>3644921090</flickr_id></source><size><width>1024</width><height>768</height><depth>3</depth></size><segmented>0</segmented><object><name>person</name><object_id>4160376</object_id><difficult>0</difficult><bndbox><xmin>372</xmin><ymin>421</ymin><xmax>561</xmax><ymax>768</ymax></bndbox></object><object><name>luggage</name><object_id>4160377</object_id><difficult>0</difficult><bndbox><xmin>437</xmin><ymin>641</ymin><xmax>595</xmax><ymax>768</ymax></bndbox></object><relation><subject_id>4160376</subject_id><object_id>4160377</object_id><predicate>walking towards</predicate></relation></annotation>