<annotation><folder>VG_100K</folder><filename>1159631.jpg</filename><source><database>Visual Genome Version 1.2</database><image_id>1159631</image_id><coco_id>None</coco_id><flickr_id>7195531926</flickr_id></source><size><width>1024</width><height>740</height><depth>3</depth></size><segmented>0</segmented><object><name>clock tower</name><object_id>4163542</object_id><difficult>0</difficult><bndbox><xmin>298</xmin><ymin>3</ymin><xmax>549</xmax><ymax>701</ymax></bndbox></object><object><name>window</name><object_id>4163540</object_id><difficult>0</difficult><bndbox><xmin>60</xmin><ymin>536</ymin><xmax>87</xmax><ymax>576</ymax></bndbox></object><object><name>window</name><object_id>4163543</object_id><difficult>0</difficult><bndbox><xmin>2</xmin><ymin>532</ymin><xmax>22</xmax><ymax>574</ymax></bndbox></object><object><name>window</name><object_id>4163544</object_id><difficult>0</difficult><bndbox><xmin>147</xmin><ymin>532</ymin><xmax>178</xmax><ymax>587</ymax></bndbox></object><object><name>window</name><object_id>4163547</object_id><difficult>0</difficult><bndbox><xmin>177</xmin><ymin>539</ymin><xmax>197</xmax><ymax>587</ymax></bndbox></object><relation><subject_id>4163540</subject_id><object_id>4163542</object_id><predicate>facing</predicate></relation><relation><subject_id>4163543</subject_id><object_id>4163542</object_id><predicate>facing</predicate></relation><relation><subject_id>4163544</subject_id><object_id>4163542</object_id><predicate>facing</predicate></relation><relation><subject_id>4163547</subject_id><object_id>4163542</object_id><predicate>facing</predicate></relation></annotation>