<annotation><folder>VG_100K</folder><filename>1159582.jpg</filename><source><database>Visual Genome Version 1.2</database><image_id>1159582</image_id><coco_id>None</coco_id><flickr_id>4662497026</flickr_id></source><size><width>1024</width><height>1024</height><depth>3</depth></size><segmented>0</segmented><object><name>batter</name><object_id>2559973</object_id><difficult>0</difficult><bndbox><xmin>381</xmin><ymin>358</ymin><xmax>596</xmax><ymax>641</ymax></bndbox></object><object><name>bat</name><object_id>2559974</object_id><difficult>0</difficult><bndbox><xmin>267</xmin><ymin>434</ymin><xmax>435</xmax><ymax>561</ymax></bndbox></object><relation><subject_id>2559973</subject_id><object_id>2559974</object_id><predicate>swinging</predicate></relation></annotation>