<annotation><folder>VG_100K</folder><filename>1159909.jpg</filename><source><database>Visual Genome Version 1.2</database><image_id>1159909</image_id><coco_id>561403</coco_id><flickr_id>8047703136</flickr_id></source><size><width>1024</width><height>768</height><depth>3</depth></size><segmented>0</segmented><object><name>laptop</name><object_id>1039962</object_id><difficult>0</difficult><bndbox><xmin>104</xmin><ymin>198</ymin><xmax>336</xmax><ymax>419</ymax></bndbox><attribute>small</attribute><attribute>here</attribute></object><object><name>desk</name><object_id>1039963</object_id><difficult>0</difficult><bndbox><xmin>103</xmin><ymin>495</ymin><xmax>177</xmax><ymax>531</ymax></bndbox><attribute>brown</attribute><attribute>beige</attribute><attribute>here</attribute></object><object><name>tablet</name><object_id>1039964</object_id><difficult>0</difficult><bndbox><xmin>621</xmin><ymin>361</ymin><xmax>772</xmax><ymax>502</ymax></bndbox><attribute>black</attribute><attribute>here</attribute></object><object><name>stand</name><object_id>1039965</object_id><difficult>0</difficult><bndbox><xmin>638</xmin><ymin>491</ymin><xmax>742</xmax><ymax>532</ymax></bndbox></object><object><name>phone</name><object_id>1039966</object_id><difficult>0</difficult><bndbox><xmin>499</xmin><ymin>459</ymin><xmax>538</xmax><ymax>497</ymax></bndbox></object><object><name>glass</name><object_id>1039967</object_id><difficult>0</difficult><bndbox><xmin>848</xmin><ymin>419</ymin><xmax>893</xmax><ymax>532</ymax></bndbox><attribute>clear</attribute></object><object><name>monitor</name><object_id>1039968</object_id><difficult>0</difficult><bndbox><xmin>305</xmin><ymin>136</ymin><xmax>649</xmax><ymax>373</ymax></bndbox><attribute>large</attribute></object><object><name>switch</name><object_id>1039969</object_id><difficult>0</difficult><bndbox><xmin>782</xmin><ymin>84</ymin><xmax>819</xmax><ymax>125</ymax></bndbox></object><object><name>wall</name><object_id>1039970</object_id><difficult>0</difficult><bndbox><xmin>419</xmin><ymin>40</ymin><xmax>643</xmax><ymax>98</ymax></bndbox><attribute>blue</attribute><attribute>red</attribute></object><object><name>jacket</name><object_id>1039971</object_id><difficult>0</difficult><bndbox><xmin>908</xmin><ymin>371</ymin><xmax>994</xmax><ymax>401</ymax></bndbox><attribute>beige</attribute></object><object><name>chair</name><object_id>1039972</object_id><difficult>0</difficult><bndbox><xmin>883</xmin><ymin>452</ymin><xmax>1015</xmax><ymax>707</ymax></bndbox><attribute>black</attribute></object><object><name>keyboard</name><object_id>1039973</object_id><difficult>0</difficult><bndbox><xmin>371</xmin><ymin>550</ymin><xmax>553</xmax><ymax>616</ymax></bndbox><attribute>white</attribute><attribute>here</attribute></object><object><name>papers</name><object_id>1039974</object_id><difficult>0</difficult><bndbox><xmin>201</xmin><ymin>453</ymin><xmax>352</xmax><ymax>535</ymax></bndbox></object><object><name>pens</name><object_id>1039975</object_id><difficult>0</difficult><bndbox><xmin>702</xmin><ymin>336</ymin><xmax>707</xmax><ymax>345</ymax></bndbox></object><object><name>container</name><object_id>1039976</object_id><difficult>0</difficult><bndbox><xmin>662</xmin><ymin>354</ymin><xmax>711</xmax><ymax>380</ymax></bndbox></object><object><name>coaster</name><object_id>1039979</object_id><difficult>0</difficult><bndbox><xmin>840</xmin><ymin>525</ymin><xmax>869</xmax><ymax>537</ymax></bndbox></object><relation><subject_id>1039962</subject_id><object_id>1039963</object_id><predicate>top of</predicate></relation><relation><subject_id>1039964</subject_id><object_id>1039965</object_id><predicate>top of</predicate></relation><relation><subject_id>1039966</subject_id><object_id>1039963</object_id><predicate>top of</predicate></relation><relation><subject_id>1039967</subject_id><object_id>1039963</object_id><predicate>top of</predicate></relation><relation><subject_id>1039968</subject_id><object_id>1039963</object_id><predicate>top of</predicate></relation><relation><subject_id>1039969</subject_id><object_id>1039970</object_id><predicate>attached</predicate></relation><relation><subject_id>1039971</subject_id><object_id>1039972</object_id><predicate>top of</predicate></relation><relation><subject_id>1039973</subject_id><object_id>1039963</object_id><predicate>top of</predicate></relation><relation><subject_id>1039974</subject_id><object_id>1039963</object_id><predicate>top of</predicate></relation><relation><subject_id>1039975</subject_id><object_id>1039976</object_id><predicate>are inside</predicate></relation><relation><subject_id>1039974</subject_id><object_id>1039963</object_id><predicate>top of</predicate></relation><relation><subject_id>1039967</subject_id><object_id>1039979</object_id><predicate>top of</predicate></relation><relation><subject_id>1039973</subject_id><object_id>1039963</object_id><predicate>top of</predicate></relation><relation><subject_id>1039964</subject_id><object_id>1039965</object_id><predicate>top of</predicate></relation><relation><subject_id>1039968</subject_id><object_id>1039963</object_id><predicate>top of</predicate></relation><relation><subject_id>1039968</subject_id><object_id>1039963</object_id><predicate>top of</predicate></relation><relation><subject_id>1039964</subject_id><object_id>1039963</object_id><predicate>top of</predicate></relation><relation><subject_id>1039962</subject_id><object_id>1039963</object_id><predicate>top of</predicate></relation><relation><subject_id>1039967</subject_id><object_id>1039979</object_id><predicate>top of</predicate></relation><relation><subject_id>1039979</subject_id><object_id>1039963</object_id><predicate>top of</predicate></relation><relation><subject_id>1039971</subject_id><object_id>1039972</object_id><predicate>hanging on a</predicate></relation><relation><subject_id>1039969</subject_id><object_id>1039970</object_id><predicate>attached</predicate></relation><relation><subject_id>1039966</subject_id><object_id>1039963</object_id><predicate>top of</predicate></relation></annotation>