<annotation><folder>VG_100K</folder><filename>1159527.jpg</filename><source><database>Visual Genome Version 1.2</database><image_id>1159527</image_id><coco_id>None</coco_id><flickr_id>3910986411</flickr_id></source><size><width>1024</width><height>768</height><depth>3</depth></size><segmented>0</segmented><object><name>light</name><object_id>1039852</object_id><difficult>0</difficult><bndbox><xmin>396</xmin><ymin>126</ymin><xmax>410</xmax><ymax>135</ymax></bndbox></object><object><name>street light</name><object_id>1039853</object_id><difficult>0</difficult><bndbox><xmin>395</xmin><ymin>122</ymin><xmax>551</xmax><ymax>439</ymax></bndbox><attribute>tall</attribute><attribute>off</attribute><attribute>silver</attribute></object><object><name>wires</name><object_id>1039858</object_id><difficult>0</difficult><bndbox><xmin>0</xmin><ymin>1</ymin><xmax>1023</xmax><ymax>347</ymax></bndbox></object><object><name>poles</name><object_id>1039871</object_id><difficult>0</difficult><bndbox><xmin>0</xmin><ymin>0</ymin><xmax>1023</xmax><ymax>443</ymax></bndbox></object><relation><subject_id>1039852</subject_id><object_id>1039853</object_id><predicate>attached</predicate></relation><relation><subject_id>1039858</subject_id><object_id>1039871</object_id><predicate>hanging on a</predicate></relation></annotation>