<annotation><folder>VG_100K</folder><filename>1159344.jpg</filename><source><database>Visual Genome Version 1.2</database><image_id>1159344</image_id><coco_id>153824</coco_id><flickr_id>78221050</flickr_id></source><size><width>1024</width><height>741</height><depth>3</depth></size><segmented>0</segmented><object><name>cat</name><object_id>4289886</object_id><difficult>0</difficult><bndbox><xmin>411</xmin><ymin>338</ymin><xmax>599</xmax><ymax>565</ymax></bndbox></object><object><name>chair</name><object_id>4289887</object_id><difficult>0</difficult><bndbox><xmin>297</xmin><ymin>253</ymin><xmax>660</xmax><ymax>567</ymax></bndbox></object><relation><subject_id>4289886</subject_id><object_id>4289887</object_id><predicate>sitting on a</predicate></relation></annotation>