<annotation><folder>VG_100K</folder><filename>1159957.jpg</filename><source><database>Visual Genome Version 1.2</database><image_id>1159957</image_id><coco_id>443635</coco_id><flickr_id>80390700</flickr_id></source><size><width>960</width><height>1280</height><depth>3</depth></size><segmented>0</segmented><object><name>ice cream</name><object_id>1599639</object_id><difficult>0</difficult><bndbox><xmin>340</xmin><ymin>802</ymin><xmax>438</xmax><ymax>935</ymax></bndbox></object><object><name>shelf</name><object_id>1599640</object_id><difficult>0</difficult><bndbox><xmin>246</xmin><ymin>906</ymin><xmax>451</xmax><ymax>964</ymax></bndbox></object><object><name>juice</name><object_id>1599644</object_id><difficult>0</difficult><bndbox><xmin>486</xmin><ymin>252</ymin><xmax>557</xmax><ymax>431</ymax></bndbox><attribute>orange</attribute></object><object><name>shelf</name><object_id>1599645</object_id><difficult>0</difficult><bndbox><xmin>486</xmin><ymin>399</ymin><xmax>779</xmax><ymax>449</ymax></bndbox></object><object><name>juice</name><object_id>1599647</object_id><difficult>0</difficult><bndbox><xmin>548</xmin><ymin>233</ymin><xmax>622</xmax><ymax>423</ymax></bndbox></object><object><name>shelf</name><object_id>1599646</object_id><difficult>0</difficult><bndbox><xmin>473</xmin><ymin>406</ymin><xmax>784</xmax><ymax>454</ymax></bndbox></object><object><name>juice</name><object_id>1599648</object_id><difficult>0</difficult><bndbox><xmin>611</xmin><ymin>252</ymin><xmax>712</xmax><ymax>433</ymax></bndbox></object><object><name>shelf</name><object_id>1599649</object_id><difficult>0</difficult><bndbox><xmin>480</xmin><ymin>417</ymin><xmax>789</xmax><ymax>441</ymax></bndbox></object><relation><subject_id>1599639</subject_id><object_id>1599640</object_id><predicate>sitting on a</predicate></relation><relation><subject_id>1599644</subject_id><object_id>1599645</object_id><predicate>sitting on a</predicate></relation><relation><subject_id>1599647</subject_id><object_id>1599646</object_id><predicate>sitting on a</predicate></relation><relation><subject_id>1599648</subject_id><object_id>1599649</object_id><predicate>sitting on a</predicate></relation></annotation>