<annotation><folder>VG_100K</folder><filename>1159850.jpg</filename><source><database>Visual Genome Version 1.2</database><image_id>1159850</image_id><coco_id>None</coco_id><flickr_id>5421623873</flickr_id></source><size><width>1024</width><height>768</height><depth>3</depth></size><segmented>0</segmented><object><name>glass</name><object_id>4177765</object_id><difficult>0</difficult><bndbox><xmin>286</xmin><ymin>325</ymin><xmax>339</xmax><ymax>432</ymax></bndbox><attribute>clear</attribute><attribute>wine</attribute></object><object><name>food</name><object_id>4177766</object_id><difficult>0</difficult><bndbox><xmin>284</xmin><ymin>330</ymin><xmax>334</xmax><ymax>376</ymax></bndbox></object><object><name>glass</name><object_id>4177768</object_id><difficult>0</difficult><bndbox><xmin>387</xmin><ymin>339</ymin><xmax>457</xmax><ymax>487</ymax></bndbox><attribute>clear</attribute><attribute>wine</attribute></object><object><name>food</name><object_id>4177769</object_id><difficult>0</difficult><bndbox><xmin>391</xmin><ymin>377</ymin><xmax>444</xmax><ymax>429</ymax></bndbox></object><object><name>glass</name><object_id>4177770</object_id><difficult>0</difficult><bndbox><xmin>491</xmin><ymin>386</ymin><xmax>561</xmax><ymax>499</ymax></bndbox><attribute>clear</attribute><attribute>wine</attribute></object><object><name>food</name><object_id>4177771</object_id><difficult>0</difficult><bndbox><xmin>493</xmin><ymin>410</ymin><xmax>563</xmax><ymax>467</ymax></bndbox></object><object><name>glass</name><object_id>4177772</object_id><difficult>0</difficult><bndbox><xmin>566</xmin><ymin>375</ymin><xmax>638</xmax><ymax>563</ymax></bndbox><attribute>clear</attribute><attribute>wine</attribute></object><object><name>food</name><object_id>4177773</object_id><difficult>0</difficult><bndbox><xmin>571</xmin><ymin>403</ymin><xmax>617</xmax><ymax>464</ymax></bndbox></object><relation><subject_id>4177765</subject_id><object_id>4177766</object_id><predicate>standing with</predicate></relation><relation><subject_id>4177768</subject_id><object_id>4177769</object_id><predicate>standing with</predicate></relation><relation><subject_id>4177770</subject_id><object_id>4177771</object_id><predicate>standing with</predicate></relation><relation><subject_id>4177772</subject_id><object_id>4177773</object_id><predicate>standing with</predicate></relation></annotation>