<annotation><folder>VG_100K</folder><filename>1159635.jpg</filename><source><database>Visual Genome Version 1.2</database><image_id>1159635</image_id><coco_id>270723</coco_id><flickr_id>10230032614</flickr_id></source><size><width>1024</width><height>575</height><depth>3</depth></size><segmented>0</segmented><object><name>building</name><object_id>3511070</object_id><difficult>0</difficult><bndbox><xmin>1</xmin><ymin>19</ymin><xmax>265</xmax><ymax>197</ymax></bndbox></object><object><name>wall</name><object_id>3511071</object_id><difficult>0</difficult><bndbox><xmin>36</xmin><ymin>22</ymin><xmax>227</xmax><ymax>182</ymax></bndbox></object><relation><subject_id>3511071</subject_id><object_id>3511070</object_id><predicate>on other side of</predicate></relation></annotation>