<annotation><folder>VG_100K</folder><filename>1159343.jpg</filename><source><database>Visual Genome Version 1.2</database><image_id>1159343</image_id><coco_id>None</coco_id><flickr_id>3225199544</flickr_id></source><size><width>732</width><height>1024</height><depth>3</depth></size><segmented>0</segmented><object><name>man</name><object_id>4070063</object_id><difficult>0</difficult><bndbox><xmin>74</xmin><ymin>113</ymin><xmax>217</xmax><ymax>675</ymax></bndbox></object><object><name>woman</name><object_id>4580547</object_id><difficult>0</difficult><bndbox><xmin>0</xmin><ymin>132</ymin><xmax>63</xmax><ymax>676</ymax></bndbox></object><relation><subject_id>4070063</subject_id><object_id>4580547</object_id><predicate>talking on</predicate></relation></annotation>