<annotation><folder>VG_100K</folder><filename>1159364.jpg</filename><source><database>Visual Genome Version 1.2</database><image_id>1159364</image_id><coco_id>None</coco_id><flickr_id>5516535415</flickr_id></source><size><width>1024</width><height>684</height><depth>3</depth></size><segmented>0</segmented><object><name>wall</name><object_id>4580983</object_id><difficult>0</difficult><bndbox><xmin>42</xmin><ymin>318</ymin><xmax>304</xmax><ymax>548</ymax></bndbox></object><object><name>building</name><object_id>4580984</object_id><difficult>0</difficult><bndbox><xmin>55</xmin><ymin>312</ymin><xmax>369</xmax><ymax>539</ymax></bndbox></object><object><name>building</name><object_id>4580985</object_id><difficult>0</difficult><bndbox><xmin>50</xmin><ymin>303</ymin><xmax>381</xmax><ymax>552</ymax></bndbox></object><object><name>wall</name><object_id>4580986</object_id><difficult>0</difficult><bndbox><xmin>57</xmin><ymin>314</ymin><xmax>276</xmax><ymax>546</ymax></bndbox></object><relation><subject_id>4580983</subject_id><object_id>4580984</object_id><predicate>on other side of</predicate></relation><relation><subject_id>4580986</subject_id><object_id>4580985</object_id><predicate>on other side of</predicate></relation></annotation>