<annotation><folder>VG_100K</folder><filename>1159995.jpg</filename><source><database>Visual Genome Version 1.2</database><image_id>1159995</image_id><coco_id>None</coco_id><flickr_id>2725539064</flickr_id></source><size><width>1024</width><height>738</height><depth>3</depth></size><segmented>0</segmented><object><name>lady</name><object_id>4276899</object_id><difficult>0</difficult><bndbox><xmin>470</xmin><ymin>346</ymin><xmax>613</xmax><ymax>731</ymax></bndbox></object><object><name>street</name><object_id>4276900</object_id><difficult>0</difficult><bndbox><xmin>3</xmin><ymin>459</ymin><xmax>1017</xmax><ymax>732</ymax></bndbox></object><object><name>bag</name><object_id>4276948</object_id><difficult>0</difficult><bndbox><xmin>234</xmin><ymin>368</ymin><xmax>314</xmax><ymax>435</ymax></bndbox></object><object><name>display</name><object_id>4276949</object_id><difficult>0</difficult><bndbox><xmin>26</xmin><ymin>269</ymin><xmax>981</xmax><ymax>503</ymax></bndbox></object><object><name>wall</name><object_id>4204125</object_id><difficult>0</difficult><bndbox><xmin>302</xmin><ymin>298</ymin><xmax>540</xmax><ymax>510</ymax></bndbox></object><object><name>building</name><object_id>4204126</object_id><difficult>0</difficult><bndbox><xmin>10</xmin><ymin>8</ymin><xmax>1022</xmax><ymax>607</ymax></bndbox></object><relation><subject_id>4276899</subject_id><object_id>4276900</object_id><predicate>walking towards</predicate></relation><relation><subject_id>4276948</subject_id><object_id>4276949</object_id><predicate>hanging on a</predicate></relation><relation><subject_id>4204125</subject_id><object_id>4204126</object_id><predicate>on other side of</predicate></relation></annotation>