<annotation><folder>VG_100K</folder><filename>1159902.jpg</filename><source><database>Visual Genome Version 1.2</database><image_id>1159902</image_id><coco_id>None</coco_id><flickr_id>9509723663</flickr_id></source><size><width>1024</width><height>686</height><depth>3</depth></size><segmented>0</segmented><object><name>people</name><object_id>4190621</object_id><difficult>0</difficult><bndbox><xmin>568</xmin><ymin>425</ymin><xmax>843</xmax><ymax>477</ymax></bndbox></object><object><name>canoe</name><object_id>4190622</object_id><difficult>0</difficult><bndbox><xmin>545</xmin><ymin>466</ymin><xmax>898</xmax><ymax>492</ymax></bndbox></object><relation><subject_id>4190621</subject_id><object_id>4190622</object_id><predicate>sitting on a</predicate></relation></annotation>