<annotation><folder>VG_100K</folder><filename>1159865.jpg</filename><source><database>Visual Genome Version 1.2</database><image_id>1159865</image_id><coco_id>None</coco_id><flickr_id>6936322480</flickr_id></source><size><width>744</width><height>1024</height><depth>3</depth></size><segmented>0</segmented><object><name>bush</name><object_id>4430424</object_id><difficult>0</difficult><bndbox><xmin>438</xmin><ymin>294</ymin><xmax>592</xmax><ymax>377</ymax></bndbox><attribute>thick</attribute></object><object><name>road</name><object_id>4430431</object_id><difficult>0</difficult><bndbox><xmin>9</xmin><ymin>411</ymin><xmax>721</xmax><ymax>1015</ymax></bndbox><attribute>gray</attribute><attribute>paved</attribute></object><object><name>valley</name><object_id>4430426</object_id><difficult>0</difficult><bndbox><xmin>258</xmin><ymin>258</ymin><xmax>425</xmax><ymax>309</ymax></bndbox></object><object><name>mountains</name><object_id>4430427</object_id><difficult>0</difficult><bndbox><xmin>17</xmin><ymin>223</ymin><xmax>514</xmax><ymax>335</ymax></bndbox></object><relation><subject_id>4430424</subject_id><object_id>4430431</object_id><predicate>on other side of</predicate></relation><relation><subject_id>4430426</subject_id><object_id>4430427</object_id><predicate>between</predicate></relation></annotation>