<annotation><folder>VG_100K</folder><filename>1159340.jpg</filename><source><database>Visual Genome Version 1.2</database><image_id>1159340</image_id><coco_id>None</coco_id><flickr_id>8659044871</flickr_id></source><size><width>1024</width><height>683</height><depth>3</depth></size><segmented>0</segmented><object><name>bench</name><object_id>4580471</object_id><difficult>0</difficult><bndbox><xmin>384</xmin><ymin>519</ymin><xmax>910</xmax><ymax>632</ymax></bndbox></object><object><name>people</name><object_id>4580472</object_id><difficult>0</difficult><bndbox><xmin>447</xmin><ymin>323</ymin><xmax>893</xmax><ymax>546</ymax></bndbox></object><relation><subject_id>4580472</subject_id><object_id>4580471</object_id><predicate>sitting on a</predicate></relation></annotation>