<annotation><folder>VG_100K</folder><filename>1159819.jpg</filename><source><database>Visual Genome Version 1.2</database><image_id>1159819</image_id><coco_id>301554</coco_id><flickr_id>6425960875</flickr_id></source><size><width>1024</width><height>768</height><depth>3</depth></size><segmented>0</segmented><object><name>woman</name><object_id>1597948</object_id><difficult>0</difficult><bndbox><xmin>95</xmin><ymin>377</ymin><xmax>260</xmax><ymax>627</ymax></bndbox></object><object><name>trunk</name><object_id>3705276</object_id><difficult>0</difficult><bndbox><xmin>157</xmin><ymin>390</ymin><xmax>393</xmax><ymax>620</ymax></bndbox></object><object><name>man</name><object_id>1597950</object_id><difficult>0</difficult><bndbox><xmin>590</xmin><ymin>61</ymin><xmax>756</xmax><ymax>258</ymax></bndbox></object><object><name>elephant</name><object_id>1597954</object_id><difficult>0</difficult><bndbox><xmin>164</xmin><ymin>211</ymin><xmax>945</xmax><ymax>718</ymax></bndbox></object><relation><subject_id>1597948</subject_id><object_id>3705276</object_id><predicate>touching</predicate></relation><relation><subject_id>1597950</subject_id><object_id>1597954</object_id><predicate>sitting on a</predicate></relation></annotation>