<annotation><folder>VG_100K</folder><filename>1159336.jpg</filename><source><database>Visual Genome Version 1.2</database><image_id>1159336</image_id><coco_id>None</coco_id><flickr_id>2725514819</flickr_id></source><size><width>887</width><height>1024</height><depth>3</depth></size><segmented>0</segmented><object><name>railing</name><object_id>1591903</object_id><difficult>0</difficult><bndbox><xmin>55</xmin><ymin>213</ymin><xmax>884</xmax><ymax>1016</ymax></bndbox></object><object><name>man</name><object_id>3703055</object_id><difficult>0</difficult><bndbox><xmin>340</xmin><ymin>95</ymin><xmax>385</xmax><ymax>165</ymax></bndbox></object><object><name>grass</name><object_id>1591904</object_id><difficult>0</difficult><bndbox><xmin>3</xmin><ymin>80</ymin><xmax>438</xmax><ymax>199</ymax></bndbox></object><object><name>people</name><object_id>3703056</object_id><difficult>0</difficult><bndbox><xmin>90</xmin><ymin>104</ymin><xmax>151</xmax><ymax>162</ymax></bndbox></object><object><name>fence</name><object_id>1591908</object_id><difficult>0</difficult><bndbox><xmin>54</xmin><ymin>112</ymin><xmax>885</xmax><ymax>211</ymax></bndbox></object><object><name>man</name><object_id>3703060</object_id><difficult>0</difficult><bndbox><xmin>450</xmin><ymin>67</ymin><xmax>508</xmax><ymax>149</ymax></bndbox></object><relation><subject_id>3703055</subject_id><object_id>1591903</object_id><predicate>sitting on a</predicate></relation><relation><subject_id>3703056</subject_id><object_id>1591904</object_id><predicate>sitting on a</predicate></relation><relation><subject_id>3703060</subject_id><object_id>1591908</object_id><predicate>leaning on</predicate></relation></annotation>