<annotation><folder>VG_100K</folder><filename>1159423.jpg</filename><source><database>Visual Genome Version 1.2</database><image_id>1159423</image_id><coco_id>None</coco_id><flickr_id>2212066876</flickr_id></source><size><width>1024</width><height>768</height><depth>3</depth></size><segmented>0</segmented><object><name>man</name><object_id>1593165</object_id><difficult>0</difficult><bndbox><xmin>939</xmin><ymin>112</ymin><xmax>1010</xmax><ymax>303</ymax></bndbox></object><object><name>motorcycle</name><object_id>1593164</object_id><difficult>0</difficult><bndbox><xmin>911</xmin><ymin>175</ymin><xmax>1010</xmax><ymax>312</ymax></bndbox><attribute>red</attribute></object><relation><subject_id>1593165</subject_id><object_id>1593164</object_id><predicate>sitting on a</predicate></relation></annotation>