<annotation><folder>VG_100K</folder><filename>1159648.jpg</filename><source><database>Visual Genome Version 1.2</database><image_id>1159648</image_id><coco_id>300198</coco_id><flickr_id>1525522431</flickr_id></source><size><width>1024</width><height>768</height><depth>3</depth></size><segmented>0</segmented><object><name>building</name><object_id>4430286</object_id><difficult>0</difficult><bndbox><xmin>4</xmin><ymin>5</ymin><xmax>1022</xmax><ymax>762</ymax></bndbox></object><object><name>sign</name><object_id>4430305</object_id><difficult>0</difficult><bndbox><xmin>481</xmin><ymin>441</ymin><xmax>674</xmax><ymax>528</ymax></bndbox></object><object><name>awning</name><object_id>4430321</object_id><difficult>0</difficult><bndbox><xmin>484</xmin><ymin>538</ymin><xmax>768</xmax><ymax>610</ymax></bndbox><attribute>cream colored</attribute></object><object><name>sign</name><object_id>4430306</object_id><difficult>0</difficult><bndbox><xmin>419</xmin><ymin>640</ymin><xmax>446</xmax><ymax>759</ymax></bndbox><attribute>yellow</attribute></object><object><name>flowers</name><object_id>4430315</object_id><difficult>0</difficult><bndbox><xmin>546</xmin><ymin>237</ymin><xmax>607</xmax><ymax>290</ymax></bndbox><attribute>potted</attribute></object><object><name>window</name><object_id>4430316</object_id><difficult>0</difficult><bndbox><xmin>527</xmin><ymin>82</ymin><xmax>614</xmax><ymax>264</ymax></bndbox></object><relation><subject_id>4430321</subject_id><object_id>4430305</object_id><predicate>under a</predicate></relation><relation><subject_id>4430306</subject_id><object_id>4430286</object_id><predicate>attached</predicate></relation><relation><subject_id>4430315</subject_id><object_id>4430316</object_id><predicate>hanging on a</predicate></relation></annotation>