<annotation><folder>VG_100K</folder><filename>1159329.jpg</filename><source><database>Visual Genome Version 1.2</database><image_id>1159329</image_id><coco_id>163047</coco_id><flickr_id>8731725741</flickr_id></source><size><width>1024</width><height>768</height><depth>3</depth></size><segmented>0</segmented><object><name>road</name><object_id>4141115</object_id><difficult>0</difficult><bndbox><xmin>2</xmin><ymin>383</ymin><xmax>992</xmax><ymax>764</ymax></bndbox><attribute>stone</attribute></object><object><name>men</name><object_id>4141116</object_id><difficult>0</difficult><bndbox><xmin>58</xmin><ymin>232</ymin><xmax>717</xmax><ymax>634</ymax></bndbox></object><object><name>person</name><object_id>4141120</object_id><difficult>0</difficult><bndbox><xmin>510</xmin><ymin>269</ymin><xmax>601</xmax><ymax>518</ymax></bndbox></object><object><name>man</name><object_id>4580306</object_id><difficult>0</difficult><bndbox><xmin>50</xmin><ymin>224</ymin><xmax>232</xmax><ymax>648</ymax></bndbox></object><object><name>road</name><object_id>4580309</object_id><difficult>0</difficult><bndbox><xmin>6</xmin><ymin>287</ymin><xmax>1022</xmax><ymax>756</ymax></bndbox></object><object><name>person</name><object_id>4580346</object_id><difficult>0</difficult><bndbox><xmin>555</xmin><ymin>251</ymin><xmax>713</xmax><ymax>636</ymax></bndbox></object><object><name>person</name><object_id>4580350</object_id><difficult>0</difficult><bndbox><xmin>233</xmin><ymin>231</ymin><xmax>359</xmax><ymax>363</ymax></bndbox></object><object><name>person</name><object_id>4580353</object_id><difficult>0</difficult><bndbox><xmin>341</xmin><ymin>251</ymin><xmax>443</xmax><ymax>385</ymax></bndbox></object><object><name>person</name><object_id>4580354</object_id><difficult>0</difficult><bndbox><xmin>516</xmin><ymin>274</ymin><xmax>599</xmax><ymax>521</ymax></bndbox></object><relation><subject_id>4141116</subject_id><object_id>4141115</object_id><predicate>walking towards</predicate></relation><relation><subject_id>4580306</subject_id><object_id>4580309</object_id><predicate>walking towards</predicate></relation><relation><subject_id>4580346</subject_id><object_id>4141115</object_id><predicate>walking towards</predicate></relation><relation><subject_id>4141120</subject_id><object_id>4141115</object_id><predicate>walking towards</predicate></relation><relation><subject_id>4580350</subject_id><object_id>4141115</object_id><predicate>walking towards</predicate></relation><relation><subject_id>4580353</subject_id><object_id>4141115</object_id><predicate>walking towards</predicate></relation><relation><subject_id>4580354</subject_id><object_id>4141115</object_id><predicate>walking towards</predicate></relation></annotation>