<annotation><folder>VG_100K</folder><filename>1159650.jpg</filename><source><database>Visual Genome Version 1.2</database><image_id>1159650</image_id><coco_id>298051</coco_id><flickr_id>5962506606</flickr_id></source><size><width>1024</width><height>683</height><depth>3</depth></size><segmented>0</segmented><object><name>stage</name><object_id>3704492</object_id><difficult>0</difficult><bndbox><xmin>298</xmin><ymin>189</ymin><xmax>718</xmax><ymax>471</ymax></bndbox><attribute>outdoor</attribute></object><object><name>band</name><object_id>1595842</object_id><difficult>0</difficult><bndbox><xmin>403</xmin><ymin>291</ymin><xmax>639</xmax><ymax>400</ymax></bndbox></object><object><name>band</name><object_id>1595860</object_id><difficult>0</difficult><bndbox><xmin>386</xmin><ymin>273</ymin><xmax>646</xmax><ymax>416</ymax></bndbox></object><relation><subject_id>1595842</subject_id><object_id>3704492</object_id><predicate>playing with</predicate></relation><relation><subject_id>1595860</subject_id><object_id>3704492</object_id><predicate>playing with</predicate></relation></annotation>