<annotation><folder>VG_100K</folder><filename>1159380.jpg</filename><source><database>Visual Genome Version 1.2</database><image_id>1159380</image_id><coco_id>358253</coco_id><flickr_id>134817164</flickr_id></source><size><width>768</width><height>1024</height><depth>3</depth></size><segmented>0</segmented><object><name>jug</name><object_id>1039845</object_id><difficult>0</difficult><bndbox><xmin>0</xmin><ymin>695</ymin><xmax>41</xmax><ymax>788</ymax></bndbox><attribute>blue</attribute></object><object><name>bed</name><object_id>1039846</object_id><difficult>0</difficult><bndbox><xmin>0</xmin><ymin>741</ymin><xmax>361</xmax><ymax>1023</ymax></bndbox></object><relation><subject_id>1039845</subject_id><object_id>1039846</object_id><predicate>top of</predicate></relation></annotation>