<annotation><folder>VG_100K</folder><filename>1159676.jpg</filename><source><database>Visual Genome Version 1.2</database><image_id>1159676</image_id><coco_id>None</coco_id><flickr_id>98752825</flickr_id></source><size><width>1024</width><height>768</height><depth>3</depth></size><segmented>0</segmented><object><name>couple</name><object_id>4155589</object_id><difficult>0</difficult><bndbox><xmin>389</xmin><ymin>46</ymin><xmax>454</xmax><ymax>159</ymax></bndbox></object><object><name>lawn</name><object_id>4155595</object_id><difficult>0</difficult><bndbox><xmin>13</xmin><ymin>89</ymin><xmax>992</xmax><ymax>736</ymax></bndbox></object><object><name>kite</name><object_id>4104546</object_id><difficult>0</difficult><bndbox><xmin>236</xmin><ymin>275</ymin><xmax>842</xmax><ymax>632</ymax></bndbox><attribute>one</attribute></object><object><name>man</name><object_id>4104545</object_id><difficult>0</difficult><bndbox><xmin>515</xmin><ymin>206</ymin><xmax>788</xmax><ymax>390</ymax></bndbox><attribute>one</attribute></object><object><name>belt</name><object_id>4104552</object_id><difficult>0</difficult><bndbox><xmin>653</xmin><ymin>219</ymin><xmax>742</xmax><ymax>325</ymax></bndbox><attribute>leather</attribute><attribute>brown</attribute><attribute>one</attribute></object><object><name>pants</name><object_id>4104551</object_id><difficult>0</difficult><bndbox><xmin>655</xmin><ymin>245</ymin><xmax>787</xmax><ymax>367</ymax></bndbox></object><relation><subject_id>4155589</subject_id><object_id>4155595</object_id><predicate>walking towards</predicate></relation><relation><subject_id>4104545</subject_id><object_id>4104546</object_id><predicate>working on</predicate></relation><relation><subject_id>4104552</subject_id><object_id>4104551</object_id><predicate>attached</predicate></relation></annotation>