<annotation><folder>VG_100K</folder><filename>1159627.jpg</filename><source><database>Visual Genome Version 1.2</database><image_id>1159627</image_id><coco_id>142826</coco_id><flickr_id>5600472556</flickr_id></source><size><width>1024</width><height>768</height><depth>3</depth></size><segmented>0</segmented><object><name>water</name><object_id>4072991</object_id><difficult>0</difficult><bndbox><xmin>2</xmin><ymin>182</ymin><xmax>990</xmax><ymax>243</ymax></bndbox></object><object><name>light</name><object_id>4072990</object_id><difficult>0</difficult><bndbox><xmin>774</xmin><ymin>202</ymin><xmax>885</xmax><ymax>226</ymax></bndbox></object><relation><subject_id>4072990</subject_id><object_id>4072991</object_id><predicate>reflected on</predicate></relation></annotation>