<annotation><folder>VG_100K</folder><filename>1159687.jpg</filename><source><database>Visual Genome Version 1.2</database><image_id>1159687</image_id><coco_id>136565</coco_id><flickr_id>3990532237</flickr_id></source><size><width>1024</width><height>685</height><depth>3</depth></size><segmented>0</segmented><object><name>man</name><object_id>1596520</object_id><difficult>0</difficult><bndbox><xmin>278</xmin><ymin>429</ymin><xmax>424</xmax><ymax>639</ymax></bndbox><attribute>walking</attribute></object><object><name>finger</name><object_id>3704648</object_id><difficult>0</difficult><bndbox><xmin>186</xmin><ymin>392</ymin><xmax>200</xmax><ymax>403</ymax></bndbox></object><object><name>sidewalk</name><object_id>1596525</object_id><difficult>0</difficult><bndbox><xmin>247</xmin><ymin>663</ymin><xmax>350</xmax><ymax>680</ymax></bndbox></object><object><name>person</name><object_id>3704651</object_id><difficult>0</difficult><bndbox><xmin>33</xmin><ymin>353</ymin><xmax>152</xmax><ymax>680</ymax></bndbox></object><object><name>person</name><object_id>1596526</object_id><difficult>0</difficult><bndbox><xmin>871</xmin><ymin>462</ymin><xmax>958</xmax><ymax>679</ymax></bndbox></object><object><name>sidewalk</name><object_id>3704652</object_id><difficult>0</difficult><bndbox><xmin>13</xmin><ymin>659</ymin><xmax>381</xmax><ymax>681</ymax></bndbox></object><relation><subject_id>1596520</subject_id><object_id>3704648</object_id><predicate>pointing</predicate></relation><relation><subject_id>3704651</subject_id><object_id>1596525</object_id><predicate>walking towards</predicate></relation><relation><subject_id>1596526</subject_id><object_id>3704652</object_id><predicate>walking towards</predicate></relation></annotation>