<annotation><folder>VG_100K</folder><filename>1159476.jpg</filename><source><database>Visual Genome Version 1.2</database><image_id>1159476</image_id><coco_id>115222</coco_id><flickr_id>3883077197</flickr_id></source><size><width>768</width><height>1024</height><depth>3</depth></size><segmented>0</segmented><object><name>building</name><object_id>4102547</object_id><difficult>0</difficult><bndbox><xmin>37</xmin><ymin>587</ymin><xmax>360</xmax><ymax>719</ymax></bndbox></object><object><name>wall</name><object_id>4102546</object_id><difficult>0</difficult><bndbox><xmin>193</xmin><ymin>600</ymin><xmax>251</xmax><ymax>627</ymax></bndbox></object><object><name>wall</name><object_id>4102549</object_id><difficult>0</difficult><bndbox><xmin>306</xmin><ymin>594</ymin><xmax>340</xmax><ymax>697</ymax></bndbox></object><object><name>building</name><object_id>4102551</object_id><difficult>0</difficult><bndbox><xmin>90</xmin><ymin>586</ymin><xmax>381</xmax><ymax>706</ymax></bndbox></object><object><name>wall</name><object_id>4102550</object_id><difficult>0</difficult><bndbox><xmin>290</xmin><ymin>596</ymin><xmax>336</xmax><ymax>664</ymax></bndbox></object><relation><subject_id>4102546</subject_id><object_id>4102547</object_id><predicate>on other side of</predicate></relation><relation><subject_id>4102549</subject_id><object_id>4102551</object_id><predicate>on other side of</predicate></relation><relation><subject_id>4102550</subject_id><object_id>4102551</object_id><predicate>on other side of</predicate></relation></annotation>