<annotation><folder>VG_100K</folder><filename>1159652.jpg</filename><source><database>Visual Genome Version 1.2</database><image_id>1159652</image_id><coco_id>None</coco_id><flickr_id>210495103</flickr_id></source><size><width>1024</width><height>768</height><depth>3</depth></size><segmented>0</segmented><object><name>vase</name><object_id>4165915</object_id><difficult>0</difficult><bndbox><xmin>268</xmin><ymin>281</ymin><xmax>292</xmax><ymax>355</ymax></bndbox></object><object><name>table</name><object_id>4165954</object_id><difficult>0</difficult><bndbox><xmin>242</xmin><ymin>348</ymin><xmax>482</xmax><ymax>647</ymax></bndbox></object><object><name>wall</name><object_id>4165932</object_id><difficult>0</difficult><bndbox><xmin>5</xmin><ymin>223</ymin><xmax>723</xmax><ymax>485</ymax></bndbox></object><object><name>booth</name><object_id>4165933</object_id><difficult>0</difficult><bndbox><xmin>3</xmin><ymin>288</ymin><xmax>567</xmax><ymax>747</ymax></bndbox></object><object><name>booth</name><object_id>4165934</object_id><difficult>0</difficult><bndbox><xmin>374</xmin><ymin>296</ymin><xmax>703</xmax><ymax>565</ymax></bndbox></object><object><name>booth</name><object_id>4165935</object_id><difficult>0</difficult><bndbox><xmin>552</xmin><ymin>294</ymin><xmax>773</xmax><ymax>489</ymax></bndbox></object><object><name>booth</name><object_id>4165936</object_id><difficult>0</difficult><bndbox><xmin>675</xmin><ymin>299</ymin><xmax>827</xmax><ymax>449</ymax></bndbox></object><object><name>salt shaker</name><object_id>4165952</object_id><difficult>0</difficult><bndbox><xmin>260</xmin><ymin>327</ymin><xmax>276</xmax><ymax>358</ymax></bndbox></object><relation><subject_id>4165915</subject_id><object_id>4165954</object_id><predicate>top of</predicate></relation><relation><subject_id>4165933</subject_id><object_id>4165932</object_id><predicate>attached</predicate></relation><relation><subject_id>4165934</subject_id><object_id>4165932</object_id><predicate>attached</predicate></relation><relation><subject_id>4165935</subject_id><object_id>4165932</object_id><predicate>attached</predicate></relation><relation><subject_id>4165936</subject_id><object_id>4165932</object_id><predicate>attached</predicate></relation><relation><subject_id>4165952</subject_id><object_id>4165954</object_id><predicate>top of</predicate></relation></annotation>