<annotation><folder>VG_100K</folder><filename>1159841.jpg</filename><source><database>Visual Genome Version 1.2</database><image_id>1159841</image_id><coco_id>None</coco_id><flickr_id>2443386375</flickr_id></source><size><width>1024</width><height>768</height><depth>3</depth></size><segmented>0</segmented><object><name>wall</name><object_id>1598152</object_id><difficult>0</difficult><bndbox><xmin>165</xmin><ymin>519</ymin><xmax>239</xmax><ymax>646</ymax></bndbox></object><object><name>building</name><object_id>3705383</object_id><difficult>0</difficult><bndbox><xmin>231</xmin><ymin>145</ymin><xmax>480</xmax><ymax>638</ymax></bndbox></object><object><name>wall</name><object_id>1598153</object_id><difficult>0</difficult><bndbox><xmin>248</xmin><ymin>328</ymin><xmax>599</xmax><ymax>661</ymax></bndbox></object><object><name>building</name><object_id>3705384</object_id><difficult>0</difficult><bndbox><xmin>257</xmin><ymin>225</ymin><xmax>476</xmax><ymax>537</ymax></bndbox></object><relation><subject_id>1598152</subject_id><object_id>3705383</object_id><predicate>on other side of</predicate></relation><relation><subject_id>1598153</subject_id><object_id>3705384</object_id><predicate>on other side of</predicate></relation></annotation>