<annotation><folder>VG_100K</folder><filename>1159900.jpg</filename><source><database>Visual Genome Version 1.2</database><image_id>1159900</image_id><coco_id>None</coco_id><flickr_id>8626467744</flickr_id></source><size><width>1024</width><height>679</height><depth>3</depth></size><segmented>0</segmented><object><name>stump</name><object_id>2389251</object_id><difficult>0</difficult><bndbox><xmin>637</xmin><ymin>397</ymin><xmax>713</xmax><ymax>474</ymax></bndbox><attribute>small</attribute></object><object><name>road</name><object_id>3705617</object_id><difficult>0</difficult><bndbox><xmin>658</xmin><ymin>468</ymin><xmax>929</xmax><ymax>672</ymax></bndbox></object><object><name>fog</name><object_id>2551826</object_id><difficult>0</difficult><bndbox><xmin>517</xmin><ymin>33</ymin><xmax>645</xmax><ymax>138</ymax></bndbox></object><object><name>mountain</name><object_id>2551827</object_id><difficult>0</difficult><bndbox><xmin>89</xmin><ymin>33</ymin><xmax>581</xmax><ymax>381</ymax></bndbox></object><relation><subject_id>2389251</subject_id><object_id>3705617</object_id><predicate>beside</predicate></relation><relation><subject_id>2551826</subject_id><object_id>2551827</object_id><predicate>on other side of</predicate></relation></annotation>