<annotation><folder>VG_100K</folder><filename>1159309.jpg</filename><source><database>Visual Genome Version 1.2</database><image_id>1159309</image_id><coco_id>443772</coco_id><flickr_id>4591949264</flickr_id></source><size><width>1024</width><height>768</height><depth>3</depth></size><segmented>0</segmented><object><name>people</name><object_id>1591547</object_id><difficult>0</difficult><bndbox><xmin>0</xmin><ymin>153</ymin><xmax>1024</xmax><ymax>765</ymax></bndbox></object><object><name>table</name><object_id>3702986</object_id><difficult>0</difficult><bndbox><xmin>211</xmin><ymin>302</ymin><xmax>832</xmax><ymax>765</ymax></bndbox></object><object><name>case</name><object_id>1591555</object_id><difficult>0</difficult><bndbox><xmin>437</xmin><ymin>604</ymin><xmax>880</xmax><ymax>766</ymax></bndbox><attribute>computer</attribute><attribute>black</attribute></object><relation><subject_id>1591547</subject_id><object_id>3702986</object_id><predicate>sitting on a</predicate></relation><relation><subject_id>1591555</subject_id><object_id>3702986</object_id><predicate>sitting on a</predicate></relation></annotation>