<annotation><folder>VG_100K</folder><filename>1159979.jpg</filename><source><database>Visual Genome Version 1.2</database><image_id>1159979</image_id><coco_id>535307</coco_id><flickr_id>7875637244</flickr_id></source><size><width>1024</width><height>1024</height><depth>3</depth></size><segmented>0</segmented><object><name>sky</name><object_id>3797348</object_id><difficult>0</difficult><bndbox><xmin>9</xmin><ymin>3</ymin><xmax>1012</xmax><ymax>699</ymax></bndbox></object><object><name>people</name><object_id>1599870</object_id><difficult>0</difficult><bndbox><xmin>113</xmin><ymin>751</ymin><xmax>227</xmax><ymax>816</ymax></bndbox></object><object><name>kite</name><object_id>1599871</object_id><difficult>0</difficult><bndbox><xmin>133</xmin><ymin>103</ymin><xmax>255</xmax><ymax>212</ymax></bndbox></object><object><name>parasail</name><object_id>1599880</object_id><difficult>0</difficult><bndbox><xmin>129</xmin><ymin>103</ymin><xmax>257</xmax><ymax>212</ymax></bndbox></object><relation><subject_id>1599870</subject_id><object_id>1599871</object_id><predicate>flying in</predicate></relation><relation><subject_id>1599880</subject_id><object_id>3797348</object_id><predicate>floating in</predicate></relation></annotation>