<annotation><folder>VG_100K</folder><filename>1159409.jpg</filename><source><database>Visual Genome Version 1.2</database><image_id>1159409</image_id><coco_id>None</coco_id><flickr_id>5994550040</flickr_id></source><size><width>1024</width><height>685</height><depth>3</depth></size><segmented>0</segmented><object><name>person</name><object_id>1592920</object_id><difficult>0</difficult><bndbox><xmin>4</xmin><ymin>295</ymin><xmax>55</xmax><ymax>507</ymax></bndbox></object><object><name>sidewalk</name><object_id>3703384</object_id><difficult>0</difficult><bndbox><xmin>22</xmin><ymin>364</ymin><xmax>399</xmax><ymax>671</ymax></bndbox></object><object><name>person</name><object_id>1592921</object_id><difficult>0</difficult><bndbox><xmin>86</xmin><ymin>339</ymin><xmax>166</xmax><ymax>545</ymax></bndbox></object><object><name>sidewalk</name><object_id>3703385</object_id><difficult>0</difficult><bndbox><xmin>2</xmin><ymin>322</ymin><xmax>392</xmax><ymax>675</ymax></bndbox></object><object><name>person</name><object_id>1592922</object_id><difficult>0</difficult><bndbox><xmin>156</xmin><ymin>312</ymin><xmax>196</xmax><ymax>410</ymax></bndbox></object><object><name>sidewalk</name><object_id>3703386</object_id><difficult>0</difficult><bndbox><xmin>0</xmin><ymin>405</ymin><xmax>405</xmax><ymax>663</ymax></bndbox></object><relation><subject_id>1592920</subject_id><object_id>3703384</object_id><predicate>walking towards</predicate></relation><relation><subject_id>1592921</subject_id><object_id>3703385</object_id><predicate>walking towards</predicate></relation><relation><subject_id>1592922</subject_id><object_id>3703386</object_id><predicate>walking towards</predicate></relation></annotation>