<annotation><folder>VG_100K</folder><filename>1159289.jpg</filename><source><database>Visual Genome Version 1.2</database><image_id>1159289</image_id><coco_id>None</coco_id><flickr_id>3387348463</flickr_id></source><size><width>800</width><height>600</height><depth>3</depth></size><segmented>0</segmented><object><name>rug</name><object_id>4579547</object_id><difficult>0</difficult><bndbox><xmin>6</xmin><ymin>477</ymin><xmax>230</xmax><ymax>590</ymax></bndbox></object><object><name>coffee table</name><object_id>4579548</object_id><difficult>0</difficult><bndbox><xmin>13</xmin><ymin>427</ymin><xmax>253</xmax><ymax>597</ymax></bndbox><attribute>dark</attribute><attribute>wooden</attribute><attribute>skinny</attribute><attribute>long</attribute></object><relation><subject_id>4579547</subject_id><object_id>4579548</object_id><predicate>beneath</predicate></relation></annotation>