<annotation><folder>VG_100K</folder><filename>1159987.jpg</filename><source><database>Visual Genome Version 1.2</database><image_id>1159987</image_id><coco_id>573841</coco_id><flickr_id>8688458183</flickr_id></source><size><width>1024</width><height>684</height><depth>3</depth></size><segmented>0</segmented><object><name>rock</name><object_id>4202785</object_id><difficult>0</difficult><bndbox><xmin>720</xmin><ymin>343</ymin><xmax>837</xmax><ymax>411</ymax></bndbox></object><object><name>snow</name><object_id>4202795</object_id><difficult>0</difficult><bndbox><xmin>0</xmin><ymin>60</ymin><xmax>1014</xmax><ymax>676</ymax></bndbox></object><relation><subject_id>4202785</subject_id><object_id>4202795</object_id><predicate>sticking out of</predicate></relation></annotation>