<annotation><folder>VG_100K</folder><filename>1159747.jpg</filename><source><database>Visual Genome Version 1.2</database><image_id>1159747</image_id><coco_id>None</coco_id><flickr_id>7423831844</flickr_id></source><size><width>1024</width><height>682</height><depth>3</depth></size><segmented>0</segmented><object><name>player</name><object_id>1597170</object_id><difficult>0</difficult><bndbox><xmin>282</xmin><ymin>207</ymin><xmax>536</xmax><ymax>568</ymax></bndbox><attribute>baseball</attribute></object><object><name>bat</name><object_id>3704986</object_id><difficult>0</difficult><bndbox><xmin>323</xmin><ymin>204</ymin><xmax>382</xmax><ymax>326</ymax></bndbox></object><relation><subject_id>1597170</subject_id><object_id>3704986</object_id><predicate>swinging</predicate></relation></annotation>