<annotation><folder>VG_100K</folder><filename>1159536.jpg</filename><source><database>Visual Genome Version 1.2</database><image_id>1159536</image_id><coco_id>None</coco_id><flickr_id>3363234499</flickr_id></source><size><width>1024</width><height>768</height><depth>3</depth></size><segmented>0</segmented><object><name>man</name><object_id>4126723</object_id><difficult>0</difficult><bndbox><xmin>567</xmin><ymin>236</ymin><xmax>637</xmax><ymax>481</ymax></bndbox></object><object><name>skateboard</name><object_id>4126724</object_id><difficult>0</difficult><bndbox><xmin>565</xmin><ymin>467</ymin><xmax>643</xmax><ymax>491</ymax></bndbox></object><relation><subject_id>4126723</subject_id><object_id>4126724</object_id><predicate>top of</predicate></relation></annotation>