<annotation><folder>VG_100K</folder><filename>1159286.jpg</filename><source><database>Visual Genome Version 1.2</database><image_id>1159286</image_id><coco_id>332296</coco_id><flickr_id>5442176663</flickr_id></source><size><width>768</width><height>1024</height><depth>3</depth></size><segmented>0</segmented><object><name>line</name><object_id>4430080</object_id><difficult>0</difficult><bndbox><xmin>445</xmin><ymin>934</ymin><xmax>767</xmax><ymax>954</ymax></bndbox><attribute>white</attribute></object><object><name>street</name><object_id>4430081</object_id><difficult>0</difficult><bndbox><xmin>488</xmin><ymin>783</ymin><xmax>663</xmax><ymax>961</ymax></bndbox></object><object><name>building</name><object_id>4579496</object_id><difficult>0</difficult><bndbox><xmin>21</xmin><ymin>83</ymin><xmax>339</xmax><ymax>852</ymax></bndbox></object><object><name>wall</name><object_id>4579497</object_id><difficult>0</difficult><bndbox><xmin>13</xmin><ymin>553</ymin><xmax>338</xmax><ymax>758</ymax></bndbox></object><relation><subject_id>4430080</subject_id><object_id>4430081</object_id><predicate>painted</predicate></relation><relation><subject_id>4579497</subject_id><object_id>4579496</object_id><predicate>on other side of</predicate></relation></annotation>