<annotation><folder>VG_100K</folder><filename>1159784.jpg</filename><source><database>Visual Genome Version 1.2</database><image_id>1159784</image_id><coco_id>393508</coco_id><flickr_id>8686946064</flickr_id></source><size><width>1024</width><height>768</height><depth>3</depth></size><segmented>0</segmented><object><name>bag</name><object_id>3797163</object_id><difficult>0</difficult><bndbox><xmin>348</xmin><ymin>494</ymin><xmax>489</xmax><ymax>728</ymax></bndbox></object><object><name>handle</name><object_id>3334209</object_id><difficult>0</difficult><bndbox><xmin>342</xmin><ymin>346</ymin><xmax>517</xmax><ymax>698</ymax></bndbox></object><object><name>box</name><object_id>3797164</object_id><difficult>0</difficult><bndbox><xmin>544</xmin><ymin>345</ymin><xmax>964</xmax><ymax>574</ymax></bndbox></object><object><name>box</name><object_id>1952633</object_id><difficult>0</difficult><bndbox><xmin>495</xmin><ymin>428</ymin><xmax>957</xmax><ymax>695</ymax></bndbox></object><relation><subject_id>3797163</subject_id><object_id>3334209</object_id><predicate>hanging on a</predicate></relation><relation><subject_id>1952633</subject_id><object_id>3797164</object_id><predicate>top of</predicate></relation></annotation>