<annotation><folder>VG_100K</folder><filename>1159741.jpg</filename><source><database>Visual Genome Version 1.2</database><image_id>1159741</image_id><coco_id>580549</coco_id><flickr_id>9426001839</flickr_id></source><size><width>1024</width><height>768</height><depth>3</depth></size><segmented>0</segmented><object><name>building</name><object_id>3704859</object_id><difficult>0</difficult><bndbox><xmin>766</xmin><ymin>0</ymin><xmax>1019</xmax><ymax>521</ymax></bndbox></object><object><name>wall</name><object_id>1597070</object_id><difficult>0</difficult><bndbox><xmin>729</xmin><ymin>13</ymin><xmax>992</xmax><ymax>324</ymax></bndbox></object><relation><subject_id>1597070</subject_id><object_id>3704859</object_id><predicate>on other side of</predicate></relation></annotation>