<annotation><folder>VG_100K</folder><filename>1159746.jpg</filename><source><database>Visual Genome Version 1.2</database><image_id>1159746</image_id><coco_id>None</coco_id><flickr_id>5434642006</flickr_id></source><size><width>1024</width><height>631</height><depth>3</depth></size><segmented>0</segmented><object><name>man</name><object_id>1597156</object_id><difficult>0</difficult><bndbox><xmin>157</xmin><ymin>419</ymin><xmax>241</xmax><ymax>545</ymax></bndbox></object><object><name>bus stop</name><object_id>3704972</object_id><difficult>0</difficult><bndbox><xmin>159</xmin><ymin>465</ymin><xmax>267</xmax><ymax>539</ymax></bndbox></object><relation><subject_id>1597156</subject_id><object_id>3704972</object_id><predicate>sitting on a</predicate></relation></annotation>