<annotation><folder>VG_100K</folder><filename>1159278.jpg</filename><source><database>Visual Genome Version 1.2</database><image_id>1159278</image_id><coco_id>442223</coco_id><flickr_id>8370718368</flickr_id></source><size><width>1024</width><height>687</height><depth>3</depth></size><segmented>0</segmented><object><name>white</name><object_id>1039720</object_id><difficult>0</difficult><bndbox><xmin>217</xmin><ymin>90</ymin><xmax>756</xmax><ymax>482</ymax></bndbox><attribute>white</attribute></object><object><name>fruit</name><object_id>1039721</object_id><difficult>0</difficult><bndbox><xmin>801</xmin><ymin>566</ymin><xmax>998</xmax><ymax>599</ymax></bndbox></object><object><name>cross</name><object_id>1039728</object_id><difficult>0</difficult><bndbox><xmin>463</xmin><ymin>90</ymin><xmax>500</xmax><ymax>158</ymax></bndbox></object><object><name>cart</name><object_id>1039741</object_id><difficult>0</difficult><bndbox><xmin>803</xmin><ymin>590</ymin><xmax>997</xmax><ymax>678</ymax></bndbox></object><object><name>person</name><object_id>1039743</object_id><difficult>0</difficult><bndbox><xmin>570</xmin><ymin>469</ymin><xmax>630</xmax><ymax>683</ymax></bndbox></object><object><name>street</name><object_id>1039744</object_id><difficult>0</difficult><bndbox><xmin>20</xmin><ymin>614</ymin><xmax>226</xmax><ymax>672</ymax></bndbox></object><relation><subject_id>1039743</subject_id><object_id>1039744</object_id><predicate>walking towards</predicate></relation><relation><subject_id>1039728</subject_id><object_id>1039720</object_id><predicate>top of</predicate></relation><relation><subject_id>1039741</subject_id><object_id>1039721</object_id><predicate>displayed on</predicate></relation></annotation>