<annotation><folder>VG_100K</folder><filename>1159579.jpg</filename><source><database>Visual Genome Version 1.2</database><image_id>1159579</image_id><coco_id>None</coco_id><flickr_id>4142557909</flickr_id></source><size><width>683</width><height>1024</height><depth>3</depth></size><segmented>0</segmented><object><name>wall</name><object_id>4095846</object_id><difficult>0</difficult><bndbox><xmin>304</xmin><ymin>419</ymin><xmax>674</xmax><ymax>1021</ymax></bndbox></object><object><name>skateboard</name><object_id>4095845</object_id><difficult>0</difficult><bndbox><xmin>518</xmin><ymin>676</ymin><xmax>637</xmax><ymax>935</ymax></bndbox></object><object><name>stand</name><object_id>4095929</object_id><difficult>0</difficult><bndbox><xmin>2</xmin><ymin>556</ymin><xmax>174</xmax><ymax>630</ymax></bndbox></object><object><name>spectators</name><object_id>4095928</object_id><difficult>0</difficult><bndbox><xmin>94</xmin><ymin>579</ymin><xmax>132</xmax><ymax>612</ymax></bndbox></object><relation><subject_id>4095845</subject_id><object_id>4095846</object_id><predicate>leaning on</predicate></relation><relation><subject_id>4095928</subject_id><object_id>4095929</object_id><predicate>sitting on a</predicate></relation></annotation>