<annotation><folder>VG_100K</folder><filename>1159478.jpg</filename><source><database>Visual Genome Version 1.2</database><image_id>1159478</image_id><coco_id>166521</coco_id><flickr_id>2149667542</flickr_id></source><size><width>1024</width><height>681</height><depth>3</depth></size><segmented>0</segmented><object><name>hat</name><object_id>1593947</object_id><difficult>0</difficult><bndbox><xmin>236</xmin><ymin>441</ymin><xmax>334</xmax><ymax>566</ymax></bndbox></object><object><name>shelf</name><object_id>3703680</object_id><difficult>0</difficult><bndbox><xmin>288</xmin><ymin>444</ymin><xmax>628</xmax><ymax>674</ymax></bndbox></object><object><name>screen</name><object_id>1593954</object_id><difficult>0</difficult><bndbox><xmin>640</xmin><ymin>481</ymin><xmax>699</xmax><ymax>546</ymax></bndbox></object><object><name>tree</name><object_id>1593955</object_id><difficult>0</difficult><bndbox><xmin>640</xmin><ymin>481</ymin><xmax>699</xmax><ymax>546</ymax></bndbox></object><relation><subject_id>1593947</subject_id><object_id>3703680</object_id><predicate>hanging on a</predicate></relation><relation><subject_id>1593955</subject_id><object_id>1593954</object_id><predicate>reflected on</predicate></relation></annotation>