<annotation><folder>VG_100K</folder><filename>1159577.jpg</filename><source><database>Visual Genome Version 1.2</database><image_id>1159577</image_id><coco_id>193380</coco_id><flickr_id>10232084074</flickr_id></source><size><width>1024</width><height>768</height><depth>3</depth></size><segmented>0</segmented><object><name>bicycle</name><object_id>1595354</object_id><difficult>0</difficult><bndbox><xmin>28</xmin><ymin>425</ymin><xmax>98</xmax><ymax>730</ymax></bndbox></object><object><name>rail</name><object_id>3604384</object_id><difficult>0</difficult><bndbox><xmin>64</xmin><ymin>299</ymin><xmax>343</xmax><ymax>762</ymax></bndbox></object><relation><subject_id>1595354</subject_id><object_id>3604384</object_id><predicate>tied around</predicate></relation></annotation>