<annotation><folder>VG_100K</folder><filename>1159276.jpg</filename><source><database>Visual Genome Version 1.2</database><image_id>1159276</image_id><coco_id>None</coco_id><flickr_id>5501558964</flickr_id></source><size><width>1024</width><height>576</height><depth>3</depth></size><segmented>0</segmented><object><name>bottle</name><object_id>3796908</object_id><difficult>0</difficult><bndbox><xmin>617</xmin><ymin>471</ymin><xmax>663</xmax><ymax>565</ymax></bndbox><attribute>small</attribute><attribute>plastic</attribute></object><object><name>counter</name><object_id>1590897</object_id><difficult>0</difficult><bndbox><xmin>599</xmin><ymin>553</ymin><xmax>708</xmax><ymax>572</ymax></bndbox></object><object><name>microwave</name><object_id>3796909</object_id><difficult>0</difficult><bndbox><xmin>140</xmin><ymin>454</ymin><xmax>342</xmax><ymax>571</ymax></bndbox><attribute>small</attribute><attribute>silver</attribute></object><object><name>counter</name><object_id>1590900</object_id><difficult>0</difficult><bndbox><xmin>330</xmin><ymin>517</ymin><xmax>407</xmax><ymax>555</ymax></bndbox></object><relation><subject_id>3796908</subject_id><object_id>1590897</object_id><predicate>top of</predicate></relation><relation><subject_id>3796909</subject_id><object_id>1590900</object_id><predicate>top of</predicate></relation></annotation>