<annotation><folder>VG_100K</folder><filename>1159407.jpg</filename><source><database>Visual Genome Version 1.2</database><image_id>1159407</image_id><coco_id>174934</coco_id><flickr_id>3310552598</flickr_id></source><size><width>1024</width><height>685</height><depth>3</depth></size><segmented>0</segmented><object><name>bridge</name><object_id>1592859</object_id><difficult>0</difficult><bndbox><xmin>375</xmin><ymin>310</ymin><xmax>985</xmax><ymax>383</ymax></bndbox></object><object><name>river</name><object_id>1592860</object_id><difficult>0</difficult><bndbox><xmin>375</xmin><ymin>262</ymin><xmax>1023</xmax><ymax>594</ymax></bndbox><attribute>calm</attribute></object><relation><subject_id>1592859</subject_id><object_id>1592860</object_id><predicate>across</predicate></relation></annotation>