<annotation><folder>VG_100K</folder><filename>1159906.jpg</filename><source><database>Visual Genome Version 1.2</database><image_id>1159906</image_id><coco_id>495344</coco_id><flickr_id>9233312433</flickr_id></source><size><width>1024</width><height>681</height><depth>3</depth></size><segmented>0</segmented><object><name>crowd</name><object_id>1598941</object_id><difficult>0</difficult><bndbox><xmin>5</xmin><ymin>318</ymin><xmax>1018</xmax><ymax>677</ymax></bndbox></object><object><name>umbrellas</name><object_id>3705680</object_id><difficult>0</difficult><bndbox><xmin>10</xmin><ymin>4</ymin><xmax>1013</xmax><ymax>326</ymax></bndbox></object><relation><subject_id>1598941</subject_id><object_id>3705680</object_id><predicate>under a</predicate></relation></annotation>