<annotation><folder>VG_100K</folder><filename>1159905.jpg</filename><source><database>Visual Genome Version 1.2</database><image_id>1159905</image_id><coco_id>None</coco_id><flickr_id>5828910434</flickr_id></source><size><width>1024</width><height>768</height><depth>3</depth></size><segmented>0</segmented><object><name>table</name><object_id>1598852</object_id><difficult>0</difficult><bndbox><xmin>369</xmin><ymin>151</ymin><xmax>1018</xmax><ymax>759</ymax></bndbox><attribute>white</attribute></object><object><name>lemon</name><object_id>1598883</object_id><difficult>0</difficult><bndbox><xmin>777</xmin><ymin>303</ymin><xmax>897</xmax><ymax>400</ymax></bndbox><attribute>yellow</attribute></object><object><name>lemon</name><object_id>1598882</object_id><difficult>0</difficult><bndbox><xmin>710</xmin><ymin>340</ymin><xmax>860</xmax><ymax>455</ymax></bndbox><attribute>yellow</attribute></object><object><name>banana</name><object_id>1598832</object_id><difficult>0</difficult><bndbox><xmin>858</xmin><ymin>120</ymin><xmax>1021</xmax><ymax>285</ymax></bndbox><attribute>yellow</attribute></object><object><name>banana</name><object_id>1598831</object_id><difficult>0</difficult><bndbox><xmin>876</xmin><ymin>124</ymin><xmax>985</xmax><ymax>233</ymax></bndbox><attribute>yellow</attribute></object><object><name>banana</name><object_id>1598830</object_id><difficult>0</difficult><bndbox><xmin>806</xmin><ymin>141</ymin><xmax>864</xmax><ymax>211</ymax></bndbox><attribute>yellow</attribute></object><object><name>banana</name><object_id>1598869</object_id><difficult>0</difficult><bndbox><xmin>837</xmin><ymin>71</ymin><xmax>918</xmax><ymax>254</ymax></bndbox><attribute>yellow</attribute></object><object><name>banana</name><object_id>1598828</object_id><difficult>0</difficult><bndbox><xmin>771</xmin><ymin>56</ymin><xmax>919</xmax><ymax>192</ymax></bndbox><attribute>yellow</attribute></object><object><name>teapot</name><object_id>1598866</object_id><difficult>0</difficult><bndbox><xmin>593</xmin><ymin>178</ymin><xmax>858</xmax><ymax>386</ymax></bndbox><attribute>shiny</attribute><attribute>black</attribute></object><object><name>cup</name><object_id>1598848</object_id><difficult>0</difficult><bndbox><xmin>500</xmin><ymin>132</ymin><xmax>646</xmax><ymax>338</ymax></bndbox><attribute>white</attribute><attribute>plastic</attribute></object><object><name>chandelier</name><object_id>1598851</object_id><difficult>0</difficult><bndbox><xmin>942</xmin><ymin>3</ymin><xmax>1021</xmax><ymax>141</ymax></bndbox><attribute>thin</attribute></object><object><name>chandelier</name><object_id>1598850</object_id><difficult>0</difficult><bndbox><xmin>769</xmin><ymin>1</ymin><xmax>837</xmax><ymax>141</ymax></bndbox><attribute>thin</attribute></object><relation><subject_id>1598883</subject_id><object_id>1598852</object_id><predicate>top of</predicate></relation><relation><subject_id>1598882</subject_id><object_id>1598852</object_id><predicate>top of</predicate></relation><relation><subject_id>1598832</subject_id><object_id>1598852</object_id><predicate>top of</predicate></relation><relation><subject_id>1598831</subject_id><object_id>1598852</object_id><predicate>top of</predicate></relation><relation><subject_id>1598830</subject_id><object_id>1598852</object_id><predicate>top of</predicate></relation><relation><subject_id>1598869</subject_id><object_id>1598852</object_id><predicate>top of</predicate></relation><relation><subject_id>1598828</subject_id><object_id>1598852</object_id><predicate>top of</predicate></relation><relation><subject_id>1598866</subject_id><object_id>1598852</object_id><predicate>top of</predicate></relation><relation><subject_id>1598848</subject_id><object_id>1598852</object_id><predicate>top of</predicate></relation><relation><subject_id>1598851</subject_id><object_id>1598852</object_id><predicate>top of</predicate></relation><relation><subject_id>1598850</subject_id><object_id>1598852</object_id><predicate>top of</predicate></relation></annotation>