<annotation><folder>VG_100K</folder><filename>1159498.jpg</filename><source><database>Visual Genome Version 1.2</database><image_id>1159498</image_id><coco_id>205362</coco_id><flickr_id>487987371</flickr_id></source><size><width>768</width><height>1024</height><depth>3</depth></size><segmented>0</segmented><object><name>clouds</name><object_id>1594266</object_id><difficult>0</difficult><bndbox><xmin>272</xmin><ymin>26</ymin><xmax>394</xmax><ymax>114</ymax></bndbox><attribute>white</attribute></object><object><name>sky</name><object_id>1594267</object_id><difficult>0</difficult><bndbox><xmin>272</xmin><ymin>26</ymin><xmax>394</xmax><ymax>114</ymax></bndbox><attribute>blue</attribute></object><object><name>clouds</name><object_id>1594268</object_id><difficult>0</difficult><bndbox><xmin>546</xmin><ymin>83</ymin><xmax>684</xmax><ymax>200</ymax></bndbox><attribute>white</attribute></object><object><name>sky</name><object_id>1594269</object_id><difficult>0</difficult><bndbox><xmin>546</xmin><ymin>83</ymin><xmax>684</xmax><ymax>200</ymax></bndbox><attribute>blue</attribute></object><object><name>clouds</name><object_id>1594275</object_id><difficult>0</difficult><bndbox><xmin>630</xmin><ymin>47</ymin><xmax>764</xmax><ymax>161</ymax></bndbox><attribute>white</attribute></object><object><name>sky</name><object_id>1594274</object_id><difficult>0</difficult><bndbox><xmin>630</xmin><ymin>47</ymin><xmax>764</xmax><ymax>161</ymax></bndbox><attribute>blue</attribute></object><relation><subject_id>1594266</subject_id><object_id>1594267</object_id><predicate>floating in</predicate></relation><relation><subject_id>1594268</subject_id><object_id>1594269</object_id><predicate>floating in</predicate></relation><relation><subject_id>1594275</subject_id><object_id>1594274</object_id><predicate>floating in</predicate></relation></annotation>