<annotation><folder>VG_100K</folder><filename>1159352.jpg</filename><source><database>Visual Genome Version 1.2</database><image_id>1159352</image_id><coco_id>None</coco_id><flickr_id>3824025526</flickr_id></source><size><width>1024</width><height>682</height><depth>3</depth></size><segmented>0</segmented><object><name>stand</name><object_id>4290274</object_id><difficult>0</difficult><bndbox><xmin>671</xmin><ymin>268</ymin><xmax>927</xmax><ymax>459</ymax></bndbox><attribute>brown</attribute><attribute>black</attribute></object><object><name>tv</name><object_id>4290275</object_id><difficult>0</difficult><bndbox><xmin>695</xmin><ymin>35</ymin><xmax>899</xmax><ymax>208</ymax></bndbox></object><object><name>couch</name><object_id>4290301</object_id><difficult>0</difficult><bndbox><xmin>38</xmin><ymin>506</ymin><xmax>248</xmax><ymax>628</ymax></bndbox></object><object><name>coffee table</name><object_id>4290302</object_id><difficult>0</difficult><bndbox><xmin>258</xmin><ymin>309</ymin><xmax>673</xmax><ymax>629</ymax></bndbox></object><object><name>tv</name><object_id>4290310</object_id><difficult>0</difficult><bndbox><xmin>768</xmin><ymin>102</ymin><xmax>879</xmax><ymax>154</ymax></bndbox></object><object><name>wall</name><object_id>4290311</object_id><difficult>0</difficult><bndbox><xmin>774</xmin><ymin>201</ymin><xmax>846</xmax><ymax>262</ymax></bndbox></object><relation><subject_id>4290274</subject_id><object_id>4290275</object_id><predicate>under a</predicate></relation><relation><subject_id>4290301</subject_id><object_id>4290302</object_id><predicate>beside</predicate></relation><relation><subject_id>4290310</subject_id><object_id>4290311</object_id><predicate>against</predicate></relation></annotation>