<annotation><folder>VG_100K</folder><filename>1159871.jpg</filename><source><database>Visual Genome Version 1.2</database><image_id>1159871</image_id><coco_id>None</coco_id><flickr_id>120091256</flickr_id></source><size><width>1024</width><height>768</height><depth>3</depth></size><segmented>0</segmented><object><name>building</name><object_id>1598486</object_id><difficult>0</difficult><bndbox><xmin>509</xmin><ymin>4</ymin><xmax>1022</xmax><ymax>654</ymax></bndbox></object><object><name>wall</name><object_id>3705485</object_id><difficult>0</difficult><bndbox><xmin>735</xmin><ymin>206</ymin><xmax>1019</xmax><ymax>604</ymax></bndbox></object><relation><subject_id>3705485</subject_id><object_id>1598486</object_id><predicate>on other side of</predicate></relation></annotation>