<annotation><folder>VG_100K</folder><filename>1159860.jpg</filename><source><database>Visual Genome Version 1.2</database><image_id>1159860</image_id><coco_id>256539</coco_id><flickr_id>4182560422</flickr_id></source><size><width>1024</width><height>768</height><depth>3</depth></size><segmented>0</segmented><object><name>bananas</name><object_id>1598393</object_id><difficult>0</difficult><bndbox><xmin>869</xmin><ymin>194</ymin><xmax>990</xmax><ymax>416</ymax></bndbox></object><object><name>roof</name><object_id>3790246</object_id><difficult>0</difficult><bndbox><xmin>14</xmin><ymin>13</ymin><xmax>1021</xmax><ymax>180</ymax></bndbox></object><object><name>bananas</name><object_id>1598366</object_id><difficult>0</difficult><bndbox><xmin>473</xmin><ymin>116</ymin><xmax>638</xmax><ymax>396</ymax></bndbox></object><object><name>stand</name><object_id>1598394</object_id><difficult>0</difficult><bndbox><xmin>0</xmin><ymin>45</ymin><xmax>1022</xmax><ymax>766</ymax></bndbox></object><relation><subject_id>1598366</subject_id><object_id>3790246</object_id><predicate>hanging on a</predicate></relation><relation><subject_id>1598393</subject_id><object_id>1598394</object_id><predicate>hanging on a</predicate></relation></annotation>