<annotation><folder>VG_100K</folder><filename>1159312.jpg</filename><source><database>Visual Genome Version 1.2</database><image_id>1159312</image_id><coco_id>578793</coco_id><flickr_id>8356744181</flickr_id></source><size><width>1024</width><height>768</height><depth>3</depth></size><segmented>0</segmented><object><name>post</name><object_id>4068721</object_id><difficult>0</difficult><bndbox><xmin>869</xmin><ymin>239</ymin><xmax>913</xmax><ymax>600</ymax></bndbox></object><object><name>pictures</name><object_id>4068720</object_id><difficult>0</difficult><bndbox><xmin>812</xmin><ymin>135</ymin><xmax>949</xmax><ymax>475</ymax></bndbox></object><relation><subject_id>4068720</subject_id><object_id>4068721</object_id><predicate>hanging on a</predicate></relation><relation><subject_id>4068720</subject_id><object_id>4068721</object_id><predicate>hanging on a</predicate></relation></annotation>