<annotation><folder>VG_100K</folder><filename>1159885.jpg</filename><source><database>Visual Genome Version 1.2</database><image_id>1159885</image_id><coco_id>None</coco_id><flickr_id>275550239</flickr_id></source><size><width>681</width><height>1024</height><depth>3</depth></size><segmented>0</segmented><object><name>jacket</name><object_id>4182163</object_id><difficult>0</difficult><bndbox><xmin>62</xmin><ymin>156</ymin><xmax>320</xmax><ymax>414</ymax></bndbox></object><object><name>girl</name><object_id>4182177</object_id><difficult>0</difficult><bndbox><xmin>39</xmin><ymin>97</ymin><xmax>333</xmax><ymax>739</ymax></bndbox></object><object><name>person</name><object_id>4182174</object_id><difficult>0</difficult><bndbox><xmin>26</xmin><ymin>88</ymin><xmax>346</xmax><ymax>752</ymax></bndbox></object><object><name>person</name><object_id>4182175</object_id><difficult>0</difficult><bndbox><xmin>130</xmin><ymin>5</ymin><xmax>678</xmax><ymax>736</ymax></bndbox></object><object><name>disc</name><object_id>4182172</object_id><difficult>0</difficult><bndbox><xmin>462</xmin><ymin>319</ymin><xmax>652</xmax><ymax>363</ymax></bndbox></object><object><name>park</name><object_id>4182176</object_id><difficult>0</difficult><bndbox><xmin>3</xmin><ymin>4</ymin><xmax>674</xmax><ymax>1023</ymax></bndbox></object><relation><subject_id>4182163</subject_id><object_id>4182177</object_id><predicate>belonging to</predicate></relation><relation><subject_id>4182174</subject_id><object_id>4182172</object_id><predicate>playing with</predicate></relation><relation><subject_id>4182175</subject_id><object_id>4182172</object_id><predicate>playing with</predicate></relation><relation><subject_id>4182174</subject_id><object_id>4182176</object_id><predicate>playing with</predicate></relation><relation><subject_id>4182175</subject_id><object_id>4182176</object_id><predicate>playing with</predicate></relation></annotation>