<annotation><folder>VG_100K</folder><filename>1159898.jpg</filename><source><database>Visual Genome Version 1.2</database><image_id>1159898</image_id><coco_id>None</coco_id><flickr_id>416484146</flickr_id></source><size><width>1280</width><height>960</height><depth>3</depth></size><segmented>0</segmented><object><name>table</name><object_id>1598752</object_id><difficult>0</difficult><bndbox><xmin>7</xmin><ymin>510</ymin><xmax>935</xmax><ymax>958</ymax></bndbox><attribute>white</attribute></object><object><name>chair</name><object_id>1598728</object_id><difficult>0</difficult><bndbox><xmin>501</xmin><ymin>215</ymin><xmax>691</xmax><ymax>247</ymax></bndbox></object><object><name>man</name><object_id>1598726</object_id><difficult>0</difficult><bndbox><xmin>519</xmin><ymin>140</ymin><xmax>610</xmax><ymax>246</ymax></bndbox></object><object><name>man</name><object_id>1598746</object_id><difficult>0</difficult><bndbox><xmin>457</xmin><ymin>124</ymin><xmax>1001</xmax><ymax>707</ymax></bndbox></object><object><name>backpack</name><object_id>1598748</object_id><difficult>0</difficult><bndbox><xmin>855</xmin><ymin>574</ymin><xmax>1165</xmax><ymax>948</ymax></bndbox></object><relation><subject_id>1598726</subject_id><object_id>1598728</object_id><predicate>sitting on a</predicate></relation><relation><subject_id>1598746</subject_id><object_id>1598752</object_id><predicate>sitting on a</predicate></relation><relation><subject_id>1598746</subject_id><object_id>1598748</object_id><predicate>sitting on a</predicate></relation></annotation>