<annotation><folder>VG_100K</folder><filename>1159659.jpg</filename><source><database>Visual Genome Version 1.2</database><image_id>1159659</image_id><coco_id>None</coco_id><flickr_id>3456395216</flickr_id></source><size><width>1024</width><height>1024</height><depth>3</depth></size><segmented>0</segmented><object><name>street</name><object_id>1596083</object_id><difficult>0</difficult><bndbox><xmin>85</xmin><ymin>237</ymin><xmax>1012</xmax><ymax>953</ymax></bndbox></object><object><name>woman</name><object_id>1596082</object_id><difficult>0</difficult><bndbox><xmin>85</xmin><ymin>237</ymin><xmax>469</xmax><ymax>953</ymax></bndbox><attribute>walking</attribute><attribute>black</attribute></object><relation><subject_id>1596082</subject_id><object_id>1596083</object_id><predicate>walking towards</predicate></relation></annotation>