<annotation><folder>VG_100K</folder><filename>1159999.jpg</filename><source><database>Visual Genome Version 1.2</database><image_id>1159999</image_id><coco_id>None</coco_id><flickr_id>3336812586</flickr_id></source><size><width>1024</width><height>802</height><depth>3</depth></size><segmented>0</segmented><object><name>printer</name><object_id>1600047</object_id><difficult>0</difficult><bndbox><xmin>11</xmin><ymin>4</ymin><xmax>765</xmax><ymax>217</ymax></bndbox></object><object><name>table</name><object_id>3607068</object_id><difficult>0</difficult><bndbox><xmin>5</xmin><ymin>133</ymin><xmax>1023</xmax><ymax>354</ymax></bndbox></object><object><name>picture</name><object_id>1600048</object_id><difficult>0</difficult><bndbox><xmin>866</xmin><ymin>7</ymin><xmax>1022</xmax><ymax>255</ymax></bndbox></object><object><name>wall</name><object_id>1600049</object_id><difficult>0</difficult><bndbox><xmin>7</xmin><ymin>7</ymin><xmax>1022</xmax><ymax>167</ymax></bndbox></object><relation><subject_id>1600047</subject_id><object_id>3607068</object_id><predicate>sitting on a</predicate></relation><relation><subject_id>1600048</subject_id><object_id>1600049</object_id><predicate>against</predicate></relation></annotation>