<annotation><folder>VG_100K</folder><filename>1159702.jpg</filename><source><database>Visual Genome Version 1.2</database><image_id>1159702</image_id><coco_id>None</coco_id><flickr_id>292387749</flickr_id></source><size><width>1024</width><height>768</height><depth>3</depth></size><segmented>0</segmented><object><name>banana</name><object_id>1077271</object_id><difficult>0</difficult><bndbox><xmin>798</xmin><ymin>33</ymin><xmax>862</xmax><ymax>84</ymax></bndbox><attribute>brown</attribute><attribute>yellow</attribute></object><object><name>wall</name><object_id>1077272</object_id><difficult>0</difficult><bndbox><xmin>27</xmin><ymin>7</ymin><xmax>1016</xmax><ymax>767</ymax></bndbox><attribute>white</attribute></object><object><name>jar</name><object_id>1077276</object_id><difficult>0</difficult><bndbox><xmin>578</xmin><ymin>276</ymin><xmax>609</xmax><ymax>310</ymax></bndbox></object><object><name>shelf</name><object_id>1077277</object_id><difficult>0</difficult><bndbox><xmin>111</xmin><ymin>282</ymin><xmax>712</xmax><ymax>526</ymax></bndbox></object><object><name>bananas</name><object_id>1077282</object_id><difficult>0</difficult><bndbox><xmin>427</xmin><ymin>67</ymin><xmax>562</xmax><ymax>177</ymax></bndbox><attribute>bunch</attribute></object><object><name>bottle</name><object_id>1077293</object_id><difficult>0</difficult><bndbox><xmin>152</xmin><ymin>423</ymin><xmax>168</xmax><ymax>474</ymax></bndbox><attribute>yellow</attribute></object><relation><subject_id>1077271</subject_id><object_id>1077272</object_id><predicate>hanging on a</predicate></relation><relation><subject_id>1077276</subject_id><object_id>1077277</object_id><predicate>top of</predicate></relation><relation><subject_id>1077293</subject_id><object_id>1077277</object_id><predicate>top of</predicate></relation><relation><subject_id>1077282</subject_id><object_id>1077272</object_id><predicate>hanging on a</predicate></relation></annotation>