<annotation><folder>VG_100K</folder><filename>1159337.jpg</filename><source><database>Visual Genome Version 1.2</database><image_id>1159337</image_id><coco_id>None</coco_id><flickr_id>54217796</flickr_id></source><size><width>1024</width><height>768</height><depth>3</depth></size><segmented>0</segmented><object><name>person</name><object_id>1591914</object_id><difficult>0</difficult><bndbox><xmin>810</xmin><ymin>267</ymin><xmax>1020</xmax><ymax>726</ymax></bndbox></object><object><name>down</name><object_id>3703063</object_id><difficult>0</difficult><bndbox><xmin>48</xmin><ymin>645</ymin><xmax>260</xmax><ymax>768</ymax></bndbox></object><object><name>person</name><object_id>1591915</object_id><difficult>0</difficult><bndbox><xmin>539</xmin><ymin>206</ymin><xmax>847</xmax><ymax>590</ymax></bndbox></object><object><name>down</name><object_id>3703064</object_id><difficult>0</difficult><bndbox><xmin>153</xmin><ymin>645</ymin><xmax>279</xmax><ymax>768</ymax></bndbox></object><object><name>person</name><object_id>1591916</object_id><difficult>0</difficult><bndbox><xmin>422</xmin><ymin>152</ymin><xmax>711</xmax><ymax>485</ymax></bndbox></object><object><name>down</name><object_id>3703065</object_id><difficult>0</difficult><bndbox><xmin>156</xmin><ymin>630</ymin><xmax>243</xmax><ymax>723</ymax></bndbox></object><object><name>person</name><object_id>1591917</object_id><difficult>0</difficult><bndbox><xmin>8</xmin><ymin>175</ymin><xmax>294</xmax><ymax>767</ymax></bndbox></object><object><name>down</name><object_id>3703066</object_id><difficult>0</difficult><bndbox><xmin>162</xmin><ymin>594</ymin><xmax>294</xmax><ymax>768</ymax></bndbox></object><relation><subject_id>1591914</subject_id><object_id>3703063</object_id><predicate>sitting on a</predicate></relation><relation><subject_id>1591915</subject_id><object_id>3703064</object_id><predicate>sitting on a</predicate></relation><relation><subject_id>1591916</subject_id><object_id>3703065</object_id><predicate>sitting on a</predicate></relation><relation><subject_id>1591917</subject_id><object_id>3703066</object_id><predicate>sitting on a</predicate></relation></annotation>