<annotation><folder>VG_100K</folder><filename>1159296.jpg</filename><source><database>Visual Genome Version 1.2</database><image_id>1159296</image_id><coco_id>None</coco_id><flickr_id>8501412678</flickr_id></source><size><width>1024</width><height>744</height><depth>3</depth></size><segmented>0</segmented><object><name>towel</name><object_id>4579725</object_id><difficult>0</difficult><bndbox><xmin>183</xmin><ymin>538</ymin><xmax>423</xmax><ymax>733</ymax></bndbox></object><object><name>oven</name><object_id>4579726</object_id><difficult>0</difficult><bndbox><xmin>196</xmin><ymin>497</ymin><xmax>570</xmax><ymax>740</ymax></bndbox></object><object><name>door</name><object_id>4579727</object_id><difficult>0</difficult><bndbox><xmin>211</xmin><ymin>513</ymin><xmax>559</xmax><ymax>740</ymax></bndbox></object><object><name>stove</name><object_id>4579764</object_id><difficult>0</difficult><bndbox><xmin>199</xmin><ymin>301</ymin><xmax>850</xmax><ymax>738</ymax></bndbox></object><relation><subject_id>4579725</subject_id><object_id>4579727</object_id><predicate>hanging on a</predicate></relation><relation><subject_id>4579726</subject_id><object_id>4579764</object_id><predicate>under a</predicate></relation></annotation>