<annotation><folder>VG_100K</folder><filename>1159345.jpg</filename><source><database>Visual Genome Version 1.2</database><image_id>1159345</image_id><coco_id>176374</coco_id><flickr_id>8107405337</flickr_id></source><size><width>734</width><height>970</height><depth>3</depth></size><segmented>0</segmented><object><name>building</name><object_id>4580611</object_id><difficult>0</difficult><bndbox><xmin>19</xmin><ymin>108</ymin><xmax>480</xmax><ymax>819</ymax></bndbox></object><object><name>logo</name><object_id>4580626</object_id><difficult>0</difficult><bndbox><xmin>609</xmin><ymin>854</ymin><xmax>657</xmax><ymax>884</ymax></bndbox></object><object><name>van</name><object_id>4580627</object_id><difficult>0</difficult><bndbox><xmin>574</xmin><ymin>842</ymin><xmax>711</xmax><ymax>915</ymax></bndbox></object><object><name>person</name><object_id>3986911</object_id><difficult>0</difficult><bndbox><xmin>552</xmin><ymin>836</ymin><xmax>593</xmax><ymax>926</ymax></bndbox></object><object><name>person</name><object_id>3986912</object_id><difficult>0</difficult><bndbox><xmin>528</xmin><ymin>851</ymin><xmax>564</xmax><ymax>911</ymax></bndbox></object><object><name>person</name><object_id>3986913</object_id><difficult>0</difficult><bndbox><xmin>506</xmin><ymin>856</ymin><xmax>534</xmax><ymax>912</ymax></bndbox></object><object><name>sidewalk</name><object_id>4093990</object_id><difficult>0</difficult><bndbox><xmin>284</xmin><ymin>819</ymin><xmax>691</xmax><ymax>964</ymax></bndbox></object><object><name>sidewalk</name><object_id>4069434</object_id><difficult>0</difficult><bndbox><xmin>277</xmin><ymin>826</ymin><xmax>733</xmax><ymax>967</ymax></bndbox></object><object><name>person</name><object_id>4069433</object_id><difficult>0</difficult><bndbox><xmin>554</xmin><ymin>836</ymin><xmax>586</xmax><ymax>926</ymax></bndbox></object><object><name>person</name><object_id>4093985</object_id><difficult>0</difficult><bndbox><xmin>255</xmin><ymin>859</ymin><xmax>288</xmax><ymax>941</ymax></bndbox></object><object><name>person</name><object_id>4093986</object_id><difficult>0</difficult><bndbox><xmin>199</xmin><ymin>856</ymin><xmax>239</xmax><ymax>946</ymax></bndbox></object><object><name>person</name><object_id>4093987</object_id><difficult>0</difficult><bndbox><xmin>563</xmin><ymin>832</ymin><xmax>591</xmax><ymax>916</ymax></bndbox></object><object><name>person</name><object_id>4093988</object_id><difficult>0</difficult><bndbox><xmin>350</xmin><ymin>771</ymin><xmax>363</xmax><ymax>828</ymax></bndbox></object><object><name>person</name><object_id>4093989</object_id><difficult>0</difficult><bndbox><xmin>510</xmin><ymin>851</ymin><xmax>534</xmax><ymax>912</ymax></bndbox></object><object><name>sidewalk</name><object_id>4093992</object_id><difficult>0</difficult><bndbox><xmin>277</xmin><ymin>831</ymin><xmax>676</xmax><ymax>967</ymax></bndbox></object><object><name>person</name><object_id>4093993</object_id><difficult>0</difficult><bndbox><xmin>557</xmin><ymin>836</ymin><xmax>590</xmax><ymax>913</ymax></bndbox></object><object><name>person</name><object_id>4093994</object_id><difficult>0</difficult><bndbox><xmin>532</xmin><ymin>836</ymin><xmax>557</xmax><ymax>910</ymax></bndbox></object><object><name>person</name><object_id>4093995</object_id><difficult>0</difficult><bndbox><xmin>509</xmin><ymin>843</ymin><xmax>529</xmax><ymax>909</ymax></bndbox></object><object><name>person</name><object_id>4093996</object_id><difficult>0</difficult><bndbox><xmin>428</xmin><ymin>763</ymin><xmax>450</xmax><ymax>820</ymax></bndbox></object><object><name>person</name><object_id>4093997</object_id><difficult>0</difficult><bndbox><xmin>392</xmin><ymin>766</ymin><xmax>410</xmax><ymax>823</ymax></bndbox></object><object><name>outdoors</name><object_id>4146272</object_id><difficult>0</difficult><bndbox><xmin>1</xmin><ymin>4</ymin><xmax>712</xmax><ymax>966</ymax></bndbox></object><object><name>person</name><object_id>4146273</object_id><difficult>0</difficult><bndbox><xmin>204</xmin><ymin>860</ymin><xmax>238</xmax><ymax>950</ymax></bndbox></object><object><name>person</name><object_id>4146274</object_id><difficult>0</difficult><bndbox><xmin>225</xmin><ymin>900</ymin><xmax>271</xmax><ymax>966</ymax></bndbox></object><object><name>person</name><object_id>4146266</object_id><difficult>0</difficult><bndbox><xmin>256</xmin><ymin>859</ymin><xmax>290</xmax><ymax>953</ymax></bndbox></object><object><name>person</name><object_id>4146267</object_id><difficult>0</difficult><bndbox><xmin>507</xmin><ymin>848</ymin><xmax>536</xmax><ymax>912</ymax></bndbox></object><object><name>person</name><object_id>4146268</object_id><difficult>0</difficult><bndbox><xmin>552</xmin><ymin>836</ymin><xmax>590</xmax><ymax>921</ymax></bndbox></object><object><name>person</name><object_id>4146275</object_id><difficult>0</difficult><bndbox><xmin>253</xmin><ymin>860</ymin><xmax>289</xmax><ymax>952</ymax></bndbox></object><object><name>person</name><object_id>4146276</object_id><difficult>0</difficult><bndbox><xmin>505</xmin><ymin>852</ymin><xmax>537</xmax><ymax>912</ymax></bndbox></object><object><name>person</name><object_id>4146277</object_id><difficult>0</difficult><bndbox><xmin>549</xmin><ymin>835</ymin><xmax>591</xmax><ymax>921</ymax></bndbox></object><object><name>wall</name><object_id>4146298</object_id><difficult>0</difficult><bndbox><xmin>221</xmin><ymin>469</ymin><xmax>325</xmax><ymax>819</ymax></bndbox></object><relation><subject_id>4580626</subject_id><object_id>4580627</object_id><predicate>on other side of</predicate></relation><relation><subject_id>3986911</subject_id><object_id>4093990</object_id><predicate>walking towards</predicate></relation><relation><subject_id>3986912</subject_id><object_id>4093990</object_id><predicate>walking towards</predicate></relation><relation><subject_id>3986913</subject_id><object_id>4093990</object_id><predicate>walking towards</predicate></relation><relation><subject_id>4069433</subject_id><object_id>4069434</object_id><predicate>walking towards</predicate></relation><relation><subject_id>4093985</subject_id><object_id>4093990</object_id><predicate>walking towards</predicate></relation><relation><subject_id>4093986</subject_id><object_id>4093990</object_id><predicate>walking towards</predicate></relation><relation><subject_id>4093987</subject_id><object_id>4093990</object_id><predicate>walking towards</predicate></relation><relation><subject_id>4093988</subject_id><object_id>4093990</object_id><predicate>walking towards</predicate></relation><relation><subject_id>4093989</subject_id><object_id>4093990</object_id><predicate>walking towards</predicate></relation><relation><subject_id>4093993</subject_id><object_id>4093992</object_id><predicate>walking towards</predicate></relation><relation><subject_id>4093994</subject_id><object_id>4093992</object_id><predicate>walking towards</predicate></relation><relation><subject_id>4093995</subject_id><object_id>4093992</object_id><predicate>walking towards</predicate></relation><relation><subject_id>4093996</subject_id><object_id>4093992</object_id><predicate>walking towards</predicate></relation><relation><subject_id>4093997</subject_id><object_id>4093992</object_id><predicate>walking towards</predicate></relation><relation><subject_id>4146273</subject_id><object_id>4146272</object_id><predicate>walking towards</predicate></relation><relation><subject_id>4146274</subject_id><object_id>4146272</object_id><predicate>walking towards</predicate></relation><relation><subject_id>4146266</subject_id><object_id>4146272</object_id><predicate>walking towards</predicate></relation><relation><subject_id>4146267</subject_id><object_id>4146272</object_id><predicate>walking towards</predicate></relation><relation><subject_id>4146268</subject_id><object_id>4146272</object_id><predicate>walking towards</predicate></relation><relation><subject_id>4146273</subject_id><object_id>4146272</object_id><predicate>walking towards</predicate></relation><relation><subject_id>4146274</subject_id><object_id>4146272</object_id><predicate>walking towards</predicate></relation><relation><subject_id>4146275</subject_id><object_id>4146272</object_id><predicate>walking towards</predicate></relation><relation><subject_id>4146276</subject_id><object_id>4146272</object_id><predicate>walking towards</predicate></relation><relation><subject_id>4146277</subject_id><object_id>4146272</object_id><predicate>walking towards</predicate></relation><relation><subject_id>4146298</subject_id><object_id>4580611</object_id><predicate>supporting</predicate></relation></annotation>