<annotation><folder>VG_100K</folder><filename>1159965.jpg</filename><source><database>Visual Genome Version 1.2</database><image_id>1159965</image_id><coco_id>431788</coco_id><flickr_id>7958656436</flickr_id></source><size><width>683</width><height>1024</height><depth>3</depth></size><segmented>0</segmented><object><name>balcony</name><object_id>1599810</object_id><difficult>0</difficult><bndbox><xmin>390</xmin><ymin>453</ymin><xmax>464</xmax><ymax>515</ymax></bndbox></object><object><name>staircase</name><object_id>3706003</object_id><difficult>0</difficult><bndbox><xmin>387</xmin><ymin>505</ymin><xmax>459</xmax><ymax>682</ymax></bndbox></object><relation><subject_id>3706003</subject_id><object_id>1599810</object_id><predicate>leading to</predicate></relation></annotation>