<annotation><folder>VG_100K</folder><filename>1159366.jpg</filename><source><database>Visual Genome Version 1.2</database><image_id>1159366</image_id><coco_id>471562</coco_id><flickr_id>5458335451</flickr_id></source><size><width>1024</width><height>680</height><depth>3</depth></size><segmented>0</segmented><object><name>building</name><object_id>4096086</object_id><difficult>0</difficult><bndbox><xmin>338</xmin><ymin>42</ymin><xmax>460</xmax><ymax>425</ymax></bndbox></object><object><name>wall</name><object_id>4096085</object_id><difficult>0</difficult><bndbox><xmin>364</xmin><ymin>132</ymin><xmax>431</xmax><ymax>184</ymax></bndbox></object><object><name>wall</name><object_id>4096088</object_id><difficult>0</difficult><bndbox><xmin>364</xmin><ymin>128</ymin><xmax>438</xmax><ymax>168</ymax></bndbox></object><object><name>building</name><object_id>4096087</object_id><difficult>0</difficult><bndbox><xmin>342</xmin><ymin>50</ymin><xmax>561</xmax><ymax>381</ymax></bndbox></object><object><name>wall</name><object_id>4096092</object_id><difficult>0</difficult><bndbox><xmin>346</xmin><ymin>65</ymin><xmax>498</xmax><ymax>448</ymax></bndbox></object><object><name>building</name><object_id>4096091</object_id><difficult>0</difficult><bndbox><xmin>360</xmin><ymin>154</ymin><xmax>408</xmax><ymax>247</ymax></bndbox></object><relation><subject_id>4096085</subject_id><object_id>4096086</object_id><predicate>on other side of</predicate></relation><relation><subject_id>4096088</subject_id><object_id>4096087</object_id><predicate>on other side of</predicate></relation><relation><subject_id>4096092</subject_id><object_id>4096091</object_id><predicate>on other side of</predicate></relation></annotation>