<annotation><folder>VG_100K</folder><filename>1159732.jpg</filename><source><database>Visual Genome Version 1.2</database><image_id>1159732</image_id><coco_id>30448</coco_id><flickr_id>7648129556</flickr_id></source><size><width>1000</width><height>661</height><depth>3</depth></size><segmented>0</segmented><object><name>trailer</name><object_id>1596969</object_id><difficult>0</difficult><bndbox><xmin>455</xmin><ymin>493</ymin><xmax>890</xmax><ymax>557</ymax></bndbox></object><object><name>boat</name><object_id>1596970</object_id><difficult>0</difficult><bndbox><xmin>455</xmin><ymin>326</ymin><xmax>929</xmax><ymax>557</ymax></bndbox></object><relation><subject_id>1596970</subject_id><object_id>1596969</object_id><predicate>attached</predicate></relation></annotation>