<annotation><folder>VG_100K</folder><filename>1159322.jpg</filename><source><database>Visual Genome Version 1.2</database><image_id>1159322</image_id><coco_id>268067</coco_id><flickr_id>6754466089</flickr_id></source><size><width>1024</width><height>731</height><depth>3</depth></size><segmented>0</segmented><object><name>building</name><object_id>4091928</object_id><difficult>0</difficult><bndbox><xmin>8</xmin><ymin>6</ymin><xmax>540</xmax><ymax>719</ymax></bndbox></object><object><name>wall</name><object_id>4091927</object_id><difficult>0</difficult><bndbox><xmin>263</xmin><ymin>6</ymin><xmax>445</xmax><ymax>367</ymax></bndbox></object><relation><subject_id>4091927</subject_id><object_id>4091928</object_id><predicate>on other side of</predicate></relation></annotation>