<annotation><folder>VG_100K</folder><filename>1159264.jpg</filename><source><database>Visual Genome Version 1.2</database><image_id>1159264</image_id><coco_id>365132</coco_id><flickr_id>8099249271</flickr_id></source><size><width>1000</width><height>670</height><depth>3</depth></size><segmented>0</segmented><object><name>sand</name><object_id>1590678</object_id><difficult>0</difficult><bndbox><xmin>0</xmin><ymin>304</ymin><xmax>997</xmax><ymax>664</ymax></bndbox></object><object><name>surfer</name><object_id>1590677</object_id><difficult>0</difficult><bndbox><xmin>491</xmin><ymin>240</ymin><xmax>651</xmax><ymax>470</ymax></bndbox></object><object><name>surfer</name><object_id>1590670</object_id><difficult>0</difficult><bndbox><xmin>144</xmin><ymin>217</ymin><xmax>419</xmax><ymax>534</ymax></bndbox></object><relation><subject_id>1590670</subject_id><object_id>1590678</object_id><predicate>walking towards</predicate></relation><relation><subject_id>1590677</subject_id><object_id>1590678</object_id><predicate>walking towards</predicate></relation></annotation>