<annotation><folder>VG_100K</folder><filename>1159731.jpg</filename><source><database>Visual Genome Version 1.2</database><image_id>1159731</image_id><coco_id>None</coco_id><flickr_id>5611889975</flickr_id></source><size><width>1024</width><height>683</height><depth>3</depth></size><segmented>0</segmented><object><name>building</name><object_id>1596928</object_id><difficult>0</difficult><bndbox><xmin>245</xmin><ymin>9</ymin><xmax>476</xmax><ymax>178</ymax></bndbox></object><object><name>wall</name><object_id>1596927</object_id><difficult>0</difficult><bndbox><xmin>245</xmin><ymin>9</ymin><xmax>476</xmax><ymax>178</ymax></bndbox></object><object><name>street</name><object_id>1596941</object_id><difficult>0</difficult><bndbox><xmin>807</xmin><ymin>162</ymin><xmax>985</xmax><ymax>314</ymax></bndbox></object><object><name>suv</name><object_id>1596942</object_id><difficult>0</difficult><bndbox><xmin>807</xmin><ymin>162</ymin><xmax>985</xmax><ymax>314</ymax></bndbox><attribute>red</attribute></object><relation><subject_id>1596927</subject_id><object_id>1596928</object_id><predicate>on other side of</predicate></relation><relation><subject_id>1596942</subject_id><object_id>1596941</object_id><predicate>driving down</predicate></relation></annotation>