<annotation><folder>VG_100K</folder><filename>1159435.jpg</filename><source><database>Visual Genome Version 1.2</database><image_id>1159435</image_id><coco_id>None</coco_id><flickr_id>6575049869</flickr_id></source><size><width>768</width><height>1024</height><depth>3</depth></size><segmented>0</segmented><object><name>building</name><object_id>1593389</object_id><difficult>0</difficult><bndbox><xmin>323</xmin><ymin>880</ymin><xmax>455</xmax><ymax>1022</ymax></bndbox></object><object><name>wall</name><object_id>1593388</object_id><difficult>0</difficult><bndbox><xmin>404</xmin><ymin>929</ymin><xmax>455</xmax><ymax>1015</ymax></bndbox></object><relation><subject_id>1593388</subject_id><object_id>1593389</object_id><predicate>on other side of</predicate></relation></annotation>