<annotation><folder>VG_100K</folder><filename>1159369.jpg</filename><source><database>Visual Genome Version 1.2</database><image_id>1159369</image_id><coco_id>None</coco_id><flickr_id>9064793840</flickr_id></source><size><width>1024</width><height>768</height><depth>3</depth></size><segmented>0</segmented><object><name>table</name><object_id>1592226</object_id><difficult>0</difficult><bndbox><xmin>424</xmin><ymin>321</ymin><xmax>897</xmax><ymax>549</ymax></bndbox></object><object><name>person</name><object_id>1592225</object_id><difficult>0</difficult><bndbox><xmin>650</xmin><ymin>35</ymin><xmax>884</xmax><ymax>389</ymax></bndbox></object><object><name>plate</name><object_id>3796941</object_id><difficult>0</difficult><bndbox><xmin>484</xmin><ymin>453</ymin><xmax>677</xmax><ymax>480</ymax></bndbox><attribute>round</attribute></object><object><name>plate</name><object_id>3796940</object_id><difficult>0</difficult><bndbox><xmin>486</xmin><ymin>364</ymin><xmax>679</xmax><ymax>457</ymax></bndbox><attribute>round</attribute></object><object><name>table</name><object_id>3796942</object_id><difficult>0</difficult><bndbox><xmin>2</xmin><ymin>414</ymin><xmax>666</xmax><ymax>765</ymax></bndbox><attribute>round</attribute></object><object><name>glass</name><object_id>1592244</object_id><difficult>0</difficult><bndbox><xmin>535</xmin><ymin>301</ymin><xmax>618</xmax><ymax>356</ymax></bndbox><attribute>empty</attribute></object><relation><subject_id>1592225</subject_id><object_id>1592226</object_id><predicate>sitting on a</predicate></relation><relation><subject_id>3796940</subject_id><object_id>3796941</object_id><predicate>top of</predicate></relation><relation><subject_id>1592244</subject_id><object_id>3796942</object_id><predicate>in middle of</predicate></relation></annotation>