<annotation><folder>VG_100K</folder><filename>1159914.jpg</filename><source><database>Visual Genome Version 1.2</database><image_id>1159914</image_id><coco_id>None</coco_id><flickr_id>7582294580</flickr_id></source><size><width>1024</width><height>681</height><depth>3</depth></size><segmented>0</segmented><object><name>ramp</name><object_id>1077413</object_id><difficult>0</difficult><bndbox><xmin>34</xmin><ymin>29</ymin><xmax>1023</xmax><ymax>673</ymax></bndbox><attribute>wooden</attribute></object><object><name>fence</name><object_id>1077417</object_id><difficult>0</difficult><bndbox><xmin>287</xmin><ymin>3</ymin><xmax>939</xmax><ymax>67</ymax></bndbox></object><object><name>tent</name><object_id>1077427</object_id><difficult>0</difficult><bndbox><xmin>164</xmin><ymin>0</ymin><xmax>311</xmax><ymax>42</ymax></bndbox></object><object><name>water bottle</name><object_id>1077429</object_id><difficult>0</difficult><bndbox><xmin>308</xmin><ymin>142</ymin><xmax>335</xmax><ymax>204</ymax></bndbox><attribute>plastic</attribute></object><relation><subject_id>1077427</subject_id><object_id>1077417</object_id><predicate>beyond</predicate></relation><relation><subject_id>1077429</subject_id><object_id>1077413</object_id><predicate>top of</predicate></relation></annotation>