<annotation><folder>VG_100K</folder><filename>1159814.jpg</filename><source><database>Visual Genome Version 1.2</database><image_id>1159814</image_id><coco_id>180002</coco_id><flickr_id>3986835627</flickr_id></source><size><width>1024</width><height>683</height><depth>3</depth></size><segmented>0</segmented><object><name>wet suit</name><object_id>1077329</object_id><difficult>0</difficult><bndbox><xmin>250</xmin><ymin>346</ymin><xmax>323</xmax><ymax>573</ymax></bndbox><attribute>teal</attribute><attribute>red</attribute></object><object><name>girl</name><object_id>1077328</object_id><difficult>0</difficult><bndbox><xmin>227</xmin><ymin>298</ymin><xmax>323</xmax><ymax>573</ymax></bndbox></object><object><name>man</name><object_id>1077330</object_id><difficult>0</difficult><bndbox><xmin>737</xmin><ymin>280</ymin><xmax>878</xmax><ymax>614</ymax></bndbox></object><object><name>surf board</name><object_id>1077332</object_id><difficult>0</difficult><bndbox><xmin>437</xmin><ymin>172</ymin><xmax>559</xmax><ymax>619</ymax></bndbox><attribute>blue</attribute><attribute>white</attribute></object><object><name>wave</name><object_id>1077333</object_id><difficult>0</difficult><bndbox><xmin>541</xmin><ymin>225</ymin><xmax>886</xmax><ymax>245</ymax></bndbox><attribute>white</attribute></object><object><name>ocean</name><object_id>1077334</object_id><difficult>0</difficult><bndbox><xmin>0</xmin><ymin>182</ymin><xmax>1023</xmax><ymax>678</ymax></bndbox></object><object><name>man</name><object_id>1077337</object_id><difficult>0</difficult><bndbox><xmin>546</xmin><ymin>295</ymin><xmax>650</xmax><ymax>604</ymax></bndbox></object><object><name>surf board</name><object_id>1077340</object_id><difficult>0</difficult><bndbox><xmin>818</xmin><ymin>75</ymin><xmax>908</xmax><ymax>636</ymax></bndbox><attribute>green</attribute></object><relation><subject_id>1077328</subject_id><object_id>1077329</object_id><predicate>are inside</predicate></relation><relation><subject_id>1077333</subject_id><object_id>1077334</object_id><predicate>in middle of</predicate></relation><relation><subject_id>1077330</subject_id><object_id>1077340</object_id><predicate>standing with</predicate></relation><relation><subject_id>1077337</subject_id><object_id>1077332</object_id><predicate>standing with</predicate></relation></annotation>