<annotation><folder>VG_100K</folder><filename>1159822.jpg</filename><source><database>Visual Genome Version 1.2</database><image_id>1159822</image_id><coco_id>None</coco_id><flickr_id>1040603106</flickr_id></source><size><width>1024</width><height>681</height><depth>3</depth></size><segmented>0</segmented><object><name>water</name><object_id>3790230</object_id><difficult>0</difficult><bndbox><xmin>3</xmin><ymin>296</ymin><xmax>1021</xmax><ymax>672</ymax></bndbox><attribute>bright blue</attribute></object><object><name>people</name><object_id>1598023</object_id><difficult>0</difficult><bndbox><xmin>57</xmin><ymin>443</ymin><xmax>200</xmax><ymax>508</ymax></bndbox></object><relation><subject_id>1598023</subject_id><object_id>3790230</object_id><predicate>playing with</predicate></relation></annotation>