<annotation><folder>VG_100K</folder><filename>1159440.jpg</filename><source><database>Visual Genome Version 1.2</database><image_id>1159440</image_id><coco_id>65668</coco_id><flickr_id>1429205763</flickr_id></source><size><width>1024</width><height>768</height><depth>3</depth></size><segmented>0</segmented><object><name>table</name><object_id>1593531</object_id><difficult>0</difficult><bndbox><xmin>69</xmin><ymin>384</ymin><xmax>434</xmax><ymax>717</ymax></bndbox></object><object><name>carrots</name><object_id>1593530</object_id><difficult>0</difficult><bndbox><xmin>69</xmin><ymin>384</ymin><xmax>434</xmax><ymax>717</ymax></bndbox></object><relation><subject_id>1593530</subject_id><object_id>1593531</object_id><predicate>sitting on a</predicate></relation></annotation>