<annotation><folder>VG_100K</folder><filename>1159405.jpg</filename><source><database>Visual Genome Version 1.2</database><image_id>1159405</image_id><coco_id>27988</coco_id><flickr_id>8705916201</flickr_id></source><size><width>1024</width><height>688</height><depth>3</depth></size><segmented>0</segmented><object><name>tracks</name><object_id>1592825</object_id><difficult>0</difficult><bndbox><xmin>211</xmin><ymin>433</ymin><xmax>1022</xmax><ymax>672</ymax></bndbox></object><object><name>gravel</name><object_id>1592824</object_id><difficult>0</difficult><bndbox><xmin>211</xmin><ymin>433</ymin><xmax>1022</xmax><ymax>672</ymax></bndbox></object><object><name>ceiling</name><object_id>1592843</object_id><difficult>0</difficult><bndbox><xmin>30</xmin><ymin>38</ymin><xmax>1023</xmax><ymax>419</ymax></bndbox></object><object><name>light</name><object_id>1592842</object_id><difficult>0</difficult><bndbox><xmin>429</xmin><ymin>357</ymin><xmax>469</xmax><ymax>378</ymax></bndbox></object><object><name>light</name><object_id>1592841</object_id><difficult>0</difficult><bndbox><xmin>485</xmin><ymin>344</ymin><xmax>527</xmax><ymax>360</ymax></bndbox></object><object><name>light</name><object_id>1592840</object_id><difficult>0</difficult><bndbox><xmin>564</xmin><ymin>326</ymin><xmax>588</xmax><ymax>359</ymax></bndbox></object><object><name>light</name><object_id>1592839</object_id><difficult>0</difficult><bndbox><xmin>659</xmin><ymin>297</ymin><xmax>691</xmax><ymax>340</ymax></bndbox></object><object><name>light</name><object_id>1592838</object_id><difficult>0</difficult><bndbox><xmin>820</xmin><ymin>239</ymin><xmax>855</xmax><ymax>290</ymax></bndbox></object><relation><subject_id>1592824</subject_id><object_id>1592825</object_id><predicate>between</predicate></relation><relation><subject_id>1592842</subject_id><object_id>1592843</object_id><predicate>hanging on a</predicate></relation><relation><subject_id>1592841</subject_id><object_id>1592843</object_id><predicate>hanging on a</predicate></relation><relation><subject_id>1592840</subject_id><object_id>1592843</object_id><predicate>hanging on a</predicate></relation><relation><subject_id>1592839</subject_id><object_id>1592843</object_id><predicate>hanging on a</predicate></relation><relation><subject_id>1592838</subject_id><object_id>1592843</object_id><predicate>hanging on a</predicate></relation></annotation>