<annotation><folder>VG_100K</folder><filename>1159774.jpg</filename><source><database>Visual Genome Version 1.2</database><image_id>1159774</image_id><coco_id>None</coco_id><flickr_id>8033912545</flickr_id></source><size><width>1024</width><height>647</height><depth>3</depth></size><segmented>0</segmented><object><name>bus stop</name><object_id>1597503</object_id><difficult>0</difficult><bndbox><xmin>465</xmin><ymin>305</ymin><xmax>744</xmax><ymax>427</ymax></bndbox></object><object><name>people</name><object_id>1597502</object_id><difficult>0</difficult><bndbox><xmin>457</xmin><ymin>323</ymin><xmax>537</xmax><ymax>413</ymax></bndbox></object><object><name>flag</name><object_id>1597505</object_id><difficult>0</difficult><bndbox><xmin>495</xmin><ymin>200</ymin><xmax>556</xmax><ymax>243</ymax></bndbox></object><object><name>pole</name><object_id>1597504</object_id><difficult>0</difficult><bndbox><xmin>498</xmin><ymin>87</ymin><xmax>534</xmax><ymax>350</ymax></bndbox></object><relation><subject_id>1597502</subject_id><object_id>1597503</object_id><predicate>waiting at</predicate></relation><relation><subject_id>1597505</subject_id><object_id>1597504</object_id><predicate>on other side of</predicate></relation></annotation>