<annotation><folder>VG_100K</folder><filename>1159932.jpg</filename><source><database>Visual Genome Version 1.2</database><image_id>1159932</image_id><coco_id>345702</coco_id><flickr_id>8572926773</flickr_id></source><size><width>1024</width><height>670</height><depth>3</depth></size><segmented>0</segmented><object><name>shirt</name><object_id>4194317</object_id><difficult>0</difficult><bndbox><xmin>548</xmin><ymin>516</ymin><xmax>637</xmax><ymax>664</ymax></bndbox><attribute>black</attribute></object><object><name>shirt</name><object_id>4194318</object_id><difficult>0</difficult><bndbox><xmin>526</xmin><ymin>527</ymin><xmax>684</xmax><ymax>666</ymax></bndbox><attribute>yellow</attribute></object><relation><subject_id>4194317</subject_id><object_id>4194318</object_id><predicate>under a</predicate></relation></annotation>