<annotation><folder>VG_100K</folder><filename>1159342.jpg</filename><source><database>Visual Genome Version 1.2</database><image_id>1159342</image_id><coco_id>None</coco_id><flickr_id>9369778570</flickr_id></source><size><width>1024</width><height>768</height><depth>3</depth></size><segmented>0</segmented><object><name>boat</name><object_id>4580496</object_id><difficult>0</difficult><bndbox><xmin>291</xmin><ymin>433</ymin><xmax>935</xmax><ymax>662</ymax></bndbox></object><object><name>water</name><object_id>4580497</object_id><difficult>0</difficult><bndbox><xmin>563</xmin><ymin>677</ymin><xmax>873</xmax><ymax>751</ymax></bndbox></object><relation><subject_id>4580496</subject_id><object_id>4580497</object_id><predicate>floating in</predicate></relation></annotation>