<annotation><folder>VG_100K</folder><filename>1159745.jpg</filename><source><database>Visual Genome Version 1.2</database><image_id>1159745</image_id><coco_id>499679</coco_id><flickr_id>8606782792</flickr_id></source><size><width>1024</width><height>487</height><depth>3</depth></size><segmented>0</segmented><object><name>bat</name><object_id>1597113</object_id><difficult>0</difficult><bndbox><xmin>84</xmin><ymin>37</ymin><xmax>212</xmax><ymax>142</ymax></bndbox><attribute>black</attribute><attribute>metal</attribute></object><object><name>batter</name><object_id>1597112</object_id><difficult>0</difficult><bndbox><xmin>82</xmin><ymin>36</ymin><xmax>412</xmax><ymax>436</ymax></bndbox></object><object><name>umpire</name><object_id>1597116</object_id><difficult>0</difficult><bndbox><xmin>725</xmin><ymin>181</ymin><xmax>1011</xmax><ymax>477</ymax></bndbox></object><object><name>hand</name><object_id>3704949</object_id><difficult>0</difficult><bndbox><xmin>728</xmin><ymin>278</ymin><xmax>778</xmax><ymax>322</ymax></bndbox></object><object><name>fencing</name><object_id>1597119</object_id><difficult>0</difficult><bndbox><xmin>605</xmin><ymin>173</ymin><xmax>830</xmax><ymax>339</ymax></bndbox></object><object><name>man</name><object_id>1597118</object_id><difficult>0</difficult><bndbox><xmin>569</xmin><ymin>110</ymin><xmax>645</xmax><ymax>336</ymax></bndbox></object><relation><subject_id>1597112</subject_id><object_id>1597113</object_id><predicate>swinging</predicate></relation><relation><subject_id>3704949</subject_id><object_id>1597116</object_id><predicate>part of</predicate></relation><relation><subject_id>1597118</subject_id><object_id>1597119</object_id><predicate>against</predicate></relation></annotation>