<annotation><folder>VG_100K</folder><filename>1159887.jpg</filename><source><database>Visual Genome Version 1.2</database><image_id>1159887</image_id><coco_id>468953</coco_id><flickr_id>8559246586</flickr_id></source><size><width>1024</width><height>982</height><depth>3</depth></size><segmented>0</segmented><object><name>stripe</name><object_id>4258866</object_id><difficult>0</difficult><bndbox><xmin>525</xmin><ymin>862</ymin><xmax>739</xmax><ymax>888</ymax></bndbox></object><object><name>road</name><object_id>4258867</object_id><difficult>0</difficult><bndbox><xmin>3</xmin><ymin>411</ymin><xmax>991</xmax><ymax>975</ymax></bndbox></object><relation><subject_id>4258866</subject_id><object_id>4258867</object_id><predicate>painted</predicate></relation></annotation>