<annotation><folder>VG_100K</folder><filename>1159920.jpg</filename><source><database>Visual Genome Version 1.2</database><image_id>1159920</image_id><coco_id>None</coco_id><flickr_id>2403177137</flickr_id></source><size><width>768</width><height>1024</height><depth>3</depth></size><segmented>0</segmented><object><name>pole</name><object_id>1599138</object_id><difficult>0</difficult><bndbox><xmin>234</xmin><ymin>319</ymin><xmax>257</xmax><ymax>486</ymax></bndbox></object><object><name>baseball</name><object_id>3541984</object_id><difficult>0</difficult><bndbox><xmin>219</xmin><ymin>291</ymin><xmax>272</xmax><ymax>324</ymax></bndbox></object><object><name>fence</name><object_id>3797316</object_id><difficult>0</difficult><bndbox><xmin>0</xmin><ymin>43</ymin><xmax>768</xmax><ymax>181</ymax></bndbox><attribute>chain link</attribute></object><object><name>field</name><object_id>1599139</object_id><difficult>0</difficult><bndbox><xmin>0</xmin><ymin>169</ymin><xmax>766</xmax><ymax>1022</ymax></bndbox></object><relation><subject_id>3541984</subject_id><object_id>1599138</object_id><predicate>top of</predicate></relation><relation><subject_id>3797316</subject_id><object_id>1599139</object_id><predicate>across</predicate></relation></annotation>