<annotation><folder>VG_100K</folder><filename>1159387.jpg</filename><source><database>Visual Genome Version 1.2</database><image_id>1159387</image_id><coco_id>None</coco_id><flickr_id>2805027733</flickr_id></source><size><width>1024</width><height>681</height><depth>3</depth></size><segmented>0</segmented><object><name>skateboard</name><object_id>1592517</object_id><difficult>0</difficult><bndbox><xmin>602</xmin><ymin>519</ymin><xmax>786</xmax><ymax>657</ymax></bndbox></object><object><name>ground</name><object_id>3661864</object_id><difficult>0</difficult><bndbox><xmin>2</xmin><ymin>498</ymin><xmax>1022</xmax><ymax>671</ymax></bndbox></object><relation><subject_id>1592517</subject_id><object_id>3661864</object_id><predicate>stacked on</predicate></relation></annotation>