<annotation><folder>VG_100K</folder><filename>1159845.jpg</filename><source><database>Visual Genome Version 1.2</database><image_id>1159845</image_id><coco_id>None</coco_id><flickr_id>10107373423</flickr_id></source><size><width>567</width><height>850</height><depth>3</depth></size><segmented>0</segmented><object><name>truck</name><object_id>4106172</object_id><difficult>0</difficult><bndbox><xmin>125</xmin><ymin>448</ymin><xmax>468</xmax><ymax>695</ymax></bndbox><attribute>big</attribute><attribute>colorful</attribute></object><object><name>road</name><object_id>4177406</object_id><difficult>0</difficult><bndbox><xmin>18</xmin><ymin>523</ymin><xmax>564</xmax><ymax>848</ymax></bndbox></object><object><name>star</name><object_id>4177395</object_id><difficult>0</difficult><bndbox><xmin>282</xmin><ymin>481</ymin><xmax>350</xmax><ymax>538</ymax></bndbox></object><object><name>trees</name><object_id>4177405</object_id><difficult>0</difficult><bndbox><xmin>457</xmin><ymin>308</ymin><xmax>565</xmax><ymax>586</ymax></bndbox></object><object><name>picture</name><object_id>4177407</object_id><difficult>0</difficult><bndbox><xmin>191</xmin><ymin>487</ymin><xmax>267</xmax><ymax>534</ymax></bndbox><attribute>painted</attribute></object><object><name>picture</name><object_id>4177408</object_id><difficult>0</difficult><bndbox><xmin>360</xmin><ymin>483</ymin><xmax>438</xmax><ymax>534</ymax></bndbox></object><object><name>bus</name><object_id>4177409</object_id><difficult>0</difficult><bndbox><xmin>131</xmin><ymin>447</ymin><xmax>476</xmax><ymax>707</ymax></bndbox></object><object><name>bar</name><object_id>4177428</object_id><difficult>0</difficult><bndbox><xmin>185</xmin><ymin>636</ymin><xmax>450</xmax><ymax>656</ymax></bndbox><attribute>white</attribute><attribute>striped</attribute><attribute>yellow</attribute></object><object><name>truck</name><object_id>4177463</object_id><difficult>0</difficult><bndbox><xmin>118</xmin><ymin>415</ymin><xmax>468</xmax><ymax>699</ymax></bndbox></object><object><name>picture</name><object_id>4177433</object_id><difficult>0</difficult><bndbox><xmin>192</xmin><ymin>490</ymin><xmax>269</xmax><ymax>536</ymax></bndbox></object><object><name>picture</name><object_id>4177434</object_id><difficult>0</difficult><bndbox><xmin>277</xmin><ymin>479</ymin><xmax>354</xmax><ymax>533</ymax></bndbox></object><object><name>picture</name><object_id>4177435</object_id><difficult>0</difficult><bndbox><xmin>355</xmin><ymin>480</ymin><xmax>436</xmax><ymax>535</ymax></bndbox></object><object><name>picture</name><object_id>4177436</object_id><difficult>0</difficult><bndbox><xmin>173</xmin><ymin>546</ymin><xmax>460</xmax><ymax>562</ymax></bndbox></object><relation><subject_id>4177395</subject_id><object_id>4106172</object_id><predicate>on back of</predicate></relation><relation><subject_id>4177405</subject_id><object_id>4177406</object_id><predicate>on other side of</predicate></relation><relation><subject_id>4177407</subject_id><object_id>4177409</object_id><predicate>on back of</predicate></relation><relation><subject_id>4177408</subject_id><object_id>4177409</object_id><predicate>on back of</predicate></relation><relation><subject_id>4177428</subject_id><object_id>4177463</object_id><predicate>mounted on</predicate></relation><relation><subject_id>4177433</subject_id><object_id>4177463</object_id><predicate>painted</predicate></relation><relation><subject_id>4177434</subject_id><object_id>4177463</object_id><predicate>painted</predicate></relation><relation><subject_id>4177435</subject_id><object_id>4177463</object_id><predicate>painted</predicate></relation><relation><subject_id>4177436</subject_id><object_id>4177463</object_id><predicate>painted</predicate></relation></annotation>