<annotation><folder>VG_100K</folder><filename>1159867.jpg</filename><source><database>Visual Genome Version 1.2</database><image_id>1159867</image_id><coco_id>None</coco_id><flickr_id>2860976804</flickr_id></source><size><width>1024</width><height>594</height><depth>3</depth></size><segmented>0</segmented><object><name>train track</name><object_id>3797249</object_id><difficult>0</difficult><bndbox><xmin>0</xmin><ymin>87</ymin><xmax>938</xmax><ymax>552</ymax></bndbox></object><object><name>girl</name><object_id>1716949</object_id><difficult>0</difficult><bndbox><xmin>167</xmin><ymin>156</ymin><xmax>386</xmax><ymax>454</ymax></bndbox></object><relation><subject_id>1716949</subject_id><object_id>3797249</object_id><predicate>running in</predicate></relation></annotation>