<annotation><folder>VG_100K</folder><filename>1159778.jpg</filename><source><database>Visual Genome Version 1.2</database><image_id>1159778</image_id><coco_id>None</coco_id><flickr_id>6697656109</flickr_id></source><size><width>1024</width><height>768</height><depth>3</depth></size><segmented>0</segmented><object><name>countertop</name><object_id>1597566</object_id><difficult>0</difficult><bndbox><xmin>599</xmin><ymin>656</ymin><xmax>945</xmax><ymax>765</ymax></bndbox><attribute>white</attribute></object><object><name>sink</name><object_id>1597565</object_id><difficult>0</difficult><bndbox><xmin>751</xmin><ymin>612</ymin><xmax>1012</xmax><ymax>765</ymax></bndbox><attribute>silver</attribute></object><relation><subject_id>1597565</subject_id><object_id>1597566</object_id><predicate>are inside</predicate></relation></annotation>