<annotation><folder>VG_100K</folder><filename>1159817.jpg</filename><source><database>Visual Genome Version 1.2</database><image_id>1159817</image_id><coco_id>245864</coco_id><flickr_id>327080147</flickr_id></source><size><width>1280</width><height>505</height><depth>3</depth></size><segmented>0</segmented><object><name>car</name><object_id>4178276</object_id><difficult>0</difficult><bndbox><xmin>1251</xmin><ymin>384</ymin><xmax>1278</xmax><ymax>416</ymax></bndbox></object><object><name>ramp</name><object_id>4178277</object_id><difficult>0</difficult><bndbox><xmin>1197</xmin><ymin>417</ymin><xmax>1276</xmax><ymax>500</ymax></bndbox></object><relation><subject_id>4178276</subject_id><object_id>4178277</object_id><predicate>down</predicate></relation></annotation>