<annotation><folder>VG_100K</folder><filename>1159571.jpg</filename><source><database>Visual Genome Version 1.2</database><image_id>1159571</image_id><coco_id>541613</coco_id><flickr_id>4260541002</flickr_id></source><size><width>1024</width><height>768</height><depth>3</depth></size><segmented>0</segmented><object><name>person</name><object_id>1595230</object_id><difficult>0</difficult><bndbox><xmin>350</xmin><ymin>110</ymin><xmax>430</xmax><ymax>164</ymax></bndbox></object><object><name>slope</name><object_id>1595231</object_id><difficult>0</difficult><bndbox><xmin>226</xmin><ymin>110</ymin><xmax>430</xmax><ymax>354</ymax></bndbox></object><relation><subject_id>1595230</subject_id><object_id>1595231</object_id><predicate>skiing down</predicate></relation></annotation>