<annotation><folder>VG_100K</folder><filename>1159692.jpg</filename><source><database>Visual Genome Version 1.2</database><image_id>1159692</image_id><coco_id>355304</coco_id><flickr_id>3640757699</flickr_id></source><size><width>800</width><height>600</height><depth>3</depth></size><segmented>0</segmented><object><name>sprinkles</name><object_id>4168809</object_id><difficult>0</difficult><bndbox><xmin>244</xmin><ymin>257</ymin><xmax>283</xmax><ymax>287</ymax></bndbox></object><object><name>donut</name><object_id>4168810</object_id><difficult>0</difficult><bndbox><xmin>330</xmin><ymin>258</ymin><xmax>399</xmax><ymax>313</ymax></bndbox></object><relation><subject_id>4168809</subject_id><object_id>4168810</object_id><predicate>top of</predicate></relation></annotation>