<annotation><folder>VG_100K</folder><filename>1159805.jpg</filename><source><database>Visual Genome Version 1.2</database><image_id>1159805</image_id><coco_id>None</coco_id><flickr_id>247199316</flickr_id></source><size><width>1280</width><height>960</height><depth>3</depth></size><segmented>0</segmented><object><name>desk</name><object_id>1597874</object_id><difficult>0</difficult><bndbox><xmin>1</xmin><ymin>325</ymin><xmax>973</xmax><ymax>957</ymax></bndbox></object><object><name>laptop</name><object_id>1597873</object_id><difficult>0</difficult><bndbox><xmin>562</xmin><ymin>213</ymin><xmax>909</xmax><ymax>490</ymax></bndbox></object><object><name>trash can</name><object_id>1597869</object_id><difficult>0</difficult><bndbox><xmin>566</xmin><ymin>705</ymin><xmax>626</xmax><ymax>951</ymax></bndbox></object><relation><subject_id>1597869</subject_id><object_id>1597874</object_id><predicate>under a</predicate></relation><relation><subject_id>1597873</subject_id><object_id>1597874</object_id><predicate>sitting on a</predicate></relation></annotation>