<annotation><folder>VG_100K</folder><filename>1159494.jpg</filename><source><database>Visual Genome Version 1.2</database><image_id>1159494</image_id><coco_id>None</coco_id><flickr_id>9737277122</flickr_id></source><size><width>1024</width><height>683</height><depth>3</depth></size><segmented>0</segmented><object><name>building</name><object_id>1594190</object_id><difficult>0</difficult><bndbox><xmin>201</xmin><ymin>98</ymin><xmax>846</xmax><ymax>588</ymax></bndbox></object><object><name>wall</name><object_id>3703758</object_id><difficult>0</difficult><bndbox><xmin>76</xmin><ymin>208</ymin><xmax>150</xmax><ymax>463</ymax></bndbox></object><relation><subject_id>3703758</subject_id><object_id>1594190</object_id><predicate>on other side of</predicate></relation></annotation>