<annotation><folder>VG_100K</folder><filename>1159614.jpg</filename><source><database>Visual Genome Version 1.2</database><image_id>1159614</image_id><coco_id>None</coco_id><flickr_id>6793856865</flickr_id></source><size><width>1024</width><height>768</height><depth>3</depth></size><segmented>0</segmented><object><name>table</name><object_id>1595560</object_id><difficult>0</difficult><bndbox><xmin>2</xmin><ymin>469</ymin><xmax>941</xmax><ymax>761</ymax></bndbox></object><object><name>light</name><object_id>1595559</object_id><difficult>0</difficult><bndbox><xmin>279</xmin><ymin>58</ymin><xmax>600</xmax><ymax>255</ymax></bndbox></object><relation><subject_id>1595559</subject_id><object_id>1595560</object_id><predicate>hanging on a</predicate></relation></annotation>