<annotation><folder>VG_100K</folder><filename>1159894.jpg</filename><source><database>Visual Genome Version 1.2</database><image_id>1159894</image_id><coco_id>None</coco_id><flickr_id>6803135612</flickr_id></source><size><width>612</width><height>612</height><depth>3</depth></size><segmented>0</segmented><object><name>man</name><object_id>4189762</object_id><difficult>0</difficult><bndbox><xmin>420</xmin><ymin>381</ymin><xmax>463</xmax><ymax>460</ymax></bndbox></object><object><name>sofa</name><object_id>4189763</object_id><difficult>0</difficult><bndbox><xmin>443</xmin><ymin>392</ymin><xmax>522</xmax><ymax>457</ymax></bndbox><attribute>white</attribute></object><object><name>light fixture</name><object_id>4189764</object_id><difficult>0</difficult><bndbox><xmin>477</xmin><ymin>337</ymin><xmax>532</xmax><ymax>387</ymax></bndbox><attribute>square</attribute></object><object><name>wall</name><object_id>4189765</object_id><difficult>0</difficult><bndbox><xmin>401</xmin><ymin>19</ymin><xmax>591</xmax><ymax>436</ymax></bndbox></object><relation><subject_id>4189762</subject_id><object_id>4189763</object_id><predicate>sitting on a</predicate></relation><relation><subject_id>4189764</subject_id><object_id>4189765</object_id><predicate>mounted on</predicate></relation></annotation>