<annotation><folder>VG_100K</folder><filename>1159456.jpg</filename><source><database>Visual Genome Version 1.2</database><image_id>1159456</image_id><coco_id>None</coco_id><flickr_id>344026751</flickr_id></source><size><width>1024</width><height>701</height><depth>3</depth></size><segmented>0</segmented><object><name>wall</name><object_id>4038436</object_id><difficult>0</difficult><bndbox><xmin>8</xmin><ymin>30</ymin><xmax>425</xmax><ymax>510</ymax></bndbox></object><object><name>building</name><object_id>4038442</object_id><difficult>0</difficult><bndbox><xmin>6</xmin><ymin>29</ymin><xmax>488</xmax><ymax>529</ymax></bndbox></object><object><name>wall</name><object_id>4038441</object_id><difficult>0</difficult><bndbox><xmin>179</xmin><ymin>49</ymin><xmax>497</xmax><ymax>480</ymax></bndbox></object><relation><subject_id>4038436</subject_id><object_id>4038442</object_id><predicate>on other side of</predicate></relation><relation><subject_id>4038441</subject_id><object_id>4038442</object_id><predicate>on other side of</predicate></relation></annotation>