<annotation><folder>VG_100K</folder><filename>1159740.jpg</filename><source><database>Visual Genome Version 1.2</database><image_id>1159740</image_id><coco_id>None</coco_id><flickr_id>3051610946</flickr_id></source><size><width>683</width><height>1024</height><depth>3</depth></size><segmented>0</segmented><object><name>bottle</name><object_id>1597018</object_id><difficult>0</difficult><bndbox><xmin>463</xmin><ymin>692</ymin><xmax>510</xmax><ymax>794</ymax></bndbox><attribute>green</attribute></object><object><name>mat</name><object_id>3704845</object_id><difficult>0</difficult><bndbox><xmin>318</xmin><ymin>704</ymin><xmax>593</xmax><ymax>905</ymax></bndbox></object><relation><subject_id>1597018</subject_id><object_id>3704845</object_id><predicate>sitting on a</predicate></relation></annotation>