<annotation><folder>VG_100K</folder><filename>1159759.jpg</filename><source><database>Visual Genome Version 1.2</database><image_id>1159759</image_id><coco_id>None</coco_id><flickr_id>5210124743</flickr_id></source><size><width>1024</width><height>683</height><depth>3</depth></size><segmented>0</segmented><object><name>light</name><object_id>4165888</object_id><difficult>0</difficult><bndbox><xmin>386</xmin><ymin>504</ymin><xmax>432</xmax><ymax>543</ymax></bndbox></object><object><name>bowl</name><object_id>4165889</object_id><difficult>0</difficult><bndbox><xmin>366</xmin><ymin>465</ymin><xmax>593</xmax><ymax>580</ymax></bndbox></object><object><name>wine glass</name><object_id>4165904</object_id><difficult>0</difficult><bndbox><xmin>925</xmin><ymin>188</ymin><xmax>992</xmax><ymax>538</ymax></bndbox></object><object><name>table</name><object_id>4165917</object_id><difficult>0</difficult><bndbox><xmin>3</xmin><ymin>310</ymin><xmax>991</xmax><ymax>678</ymax></bndbox><attribute>white</attribute></object><object><name>wine glass</name><object_id>4165918</object_id><difficult>0</difficult><bndbox><xmin>917</xmin><ymin>135</ymin><xmax>993</xmax><ymax>213</ymax></bndbox></object><relation><subject_id>4165888</subject_id><object_id>4165889</object_id><predicate>hitting</predicate></relation><relation><subject_id>4165904</subject_id><object_id>4165917</object_id><predicate>top of</predicate></relation><relation><subject_id>4165918</subject_id><object_id>4165917</object_id><predicate>top of</predicate></relation></annotation>