<annotation><folder>VG_100K</folder><filename>1159280.jpg</filename><source><database>Visual Genome Version 1.2</database><image_id>1159280</image_id><coco_id>239656</coco_id><flickr_id>3476434924</flickr_id></source><size><width>1024</width><height>371</height><depth>3</depth></size><segmented>0</segmented><object><name>structure</name><object_id>3796912</object_id><difficult>0</difficult><bndbox><xmin>691</xmin><ymin>130</ymin><xmax>867</xmax><ymax>264</ymax></bndbox><attribute>square</attribute></object><object><name>person</name><object_id>1591086</object_id><difficult>0</difficult><bndbox><xmin>687</xmin><ymin>80</ymin><xmax>802</xmax><ymax>261</ymax></bndbox></object><object><name>pole</name><object_id>1591076</object_id><difficult>0</difficult><bndbox><xmin>612</xmin><ymin>7</ymin><xmax>629</xmax><ymax>119</ymax></bndbox><attribute>black</attribute></object><object><name>bicycles</name><object_id>1591075</object_id><difficult>0</difficult><bndbox><xmin>615</xmin><ymin>73</ymin><xmax>661</xmax><ymax>125</ymax></bndbox></object><relation><subject_id>1591086</subject_id><object_id>3796912</object_id><predicate>sitting on a</predicate></relation><relation><subject_id>1591075</subject_id><object_id>1591076</object_id><predicate>attached</predicate></relation></annotation>