<annotation><folder>VG_100K</folder><filename>1159360.jpg</filename><source><database>Visual Genome Version 1.2</database><image_id>1159360</image_id><coco_id>515266</coco_id><flickr_id>8150642174</flickr_id></source><size><width>1024</width><height>683</height><depth>3</depth></size><segmented>0</segmented><object><name>tree</name><object_id>1039806</object_id><difficult>0</difficult><bndbox><xmin>0</xmin><ymin>1</ymin><xmax>144</xmax><ymax>215</ymax></bndbox></object><object><name>building</name><object_id>1039807</object_id><difficult>0</difficult><bndbox><xmin>149</xmin><ymin>1</ymin><xmax>335</xmax><ymax>109</ymax></bndbox></object><object><name>tree</name><object_id>1039808</object_id><difficult>0</difficult><bndbox><xmin>740</xmin><ymin>2</ymin><xmax>950</xmax><ymax>165</ymax></bndbox></object><object><name>building</name><object_id>1039809</object_id><difficult>0</difficult><bndbox><xmin>683</xmin><ymin>1</ymin><xmax>1021</xmax><ymax>196</ymax></bndbox></object><object><name>street</name><object_id>1039811</object_id><difficult>0</difficult><bndbox><xmin>0</xmin><ymin>337</ymin><xmax>906</xmax><ymax>607</ymax></bndbox></object><object><name>tree</name><object_id>1039816</object_id><difficult>0</difficult><bndbox><xmin>529</xmin><ymin>0</ymin><xmax>737</xmax><ymax>183</ymax></bndbox></object><relation><subject_id>1039816</subject_id><object_id>1039811</object_id><predicate>across</predicate></relation><relation><subject_id>1039806</subject_id><object_id>1039807</object_id><predicate>beside</predicate></relation><relation><subject_id>1039808</subject_id><object_id>1039809</object_id><predicate>beside</predicate></relation></annotation>