<annotation><folder>VG_100K</folder><filename>1159874.jpg</filename><source><database>Visual Genome Version 1.2</database><image_id>1159874</image_id><coco_id>399227</coco_id><flickr_id>7164797917</flickr_id></source><size><width>1024</width><height>768</height><depth>3</depth></size><segmented>0</segmented><object><name>chair</name><object_id>1598523</object_id><difficult>0</difficult><bndbox><xmin>628</xmin><ymin>556</ymin><xmax>807</xmax><ymax>728</ymax></bndbox><attribute>red</attribute></object><object><name>man</name><object_id>1598586</object_id><difficult>0</difficult><bndbox><xmin>669</xmin><ymin>572</ymin><xmax>971</xmax><ymax>749</ymax></bndbox></object><object><name>beach</name><object_id>3705520</object_id><difficult>0</difficult><bndbox><xmin>5</xmin><ymin>408</ymin><xmax>1023</xmax><ymax>765</ymax></bndbox></object><object><name>person</name><object_id>1598553</object_id><difficult>0</difficult><bndbox><xmin>672</xmin><ymin>568</ymin><xmax>974</xmax><ymax>747</ymax></bndbox></object><object><name>person</name><object_id>1598548</object_id><difficult>0</difficult><bndbox><xmin>786</xmin><ymin>509</ymin><xmax>895</xmax><ymax>640</ymax></bndbox></object><object><name>person</name><object_id>1598547</object_id><difficult>0</difficult><bndbox><xmin>289</xmin><ymin>471</ymin><xmax>376</xmax><ymax>554</ymax></bndbox></object><object><name>person</name><object_id>1598546</object_id><difficult>0</difficult><bndbox><xmin>5</xmin><ymin>471</ymin><xmax>85</xmax><ymax>580</ymax></bndbox></object><object><name>person</name><object_id>1598545</object_id><difficult>0</difficult><bndbox><xmin>256</xmin><ymin>414</ymin><xmax>286</xmax><ymax>475</ymax></bndbox></object><object><name>sand</name><object_id>1598551</object_id><difficult>0</difficult><bndbox><xmin>3</xmin><ymin>432</ymin><xmax>1021</xmax><ymax>765</ymax></bndbox></object><object><name>chair</name><object_id>1598573</object_id><difficult>0</difficult><bndbox><xmin>640</xmin><ymin>560</ymin><xmax>805</xmax><ymax>729</ymax></bndbox></object><object><name>man</name><object_id>1598574</object_id><difficult>0</difficult><bndbox><xmin>793</xmin><ymin>531</ymin><xmax>882</xmax><ymax>633</ymax></bndbox></object><object><name>wave</name><object_id>1598584</object_id><difficult>0</difficult><bndbox><xmin>660</xmin><ymin>402</ymin><xmax>1022</xmax><ymax>456</ymax></bndbox><attribute>large</attribute></object><object><name>shore</name><object_id>3705522</object_id><difficult>0</difficult><bndbox><xmin>9</xmin><ymin>391</ymin><xmax>1023</xmax><ymax>601</ymax></bndbox></object><relation><subject_id>1598586</subject_id><object_id>1598523</object_id><predicate>sitting on a</predicate></relation><relation><subject_id>1598553</subject_id><object_id>1598551</object_id><predicate>sitting on a</predicate></relation><relation><subject_id>1598548</subject_id><object_id>1598551</object_id><predicate>sitting on a</predicate></relation><relation><subject_id>1598547</subject_id><object_id>1598551</object_id><predicate>sitting on a</predicate></relation><relation><subject_id>1598546</subject_id><object_id>1598551</object_id><predicate>sitting on a</predicate></relation><relation><subject_id>1598545</subject_id><object_id>1598551</object_id><predicate>sitting on a</predicate></relation><relation><subject_id>1598586</subject_id><object_id>1598573</object_id><predicate>laying in</predicate></relation><relation><subject_id>1598574</subject_id><object_id>3705520</object_id><predicate>sitting on a</predicate></relation><relation><subject_id>1598584</subject_id><object_id>3705522</object_id><predicate>crashing on</predicate></relation></annotation>