<annotation><folder>VG_100K</folder><filename>1159431.jpg</filename><source><database>Visual Genome Version 1.2</database><image_id>1159431</image_id><coco_id>181139</coco_id><flickr_id>1560261206</flickr_id></source><size><width>1024</width><height>768</height><depth>3</depth></size><segmented>0</segmented><object><name>umbrella</name><object_id>4074582</object_id><difficult>0</difficult><bndbox><xmin>0</xmin><ymin>220</ymin><xmax>316</xmax><ymax>341</ymax></bndbox></object><object><name>woman</name><object_id>4074581</object_id><difficult>0</difficult><bndbox><xmin>53</xmin><ymin>464</ymin><xmax>209</xmax><ymax>640</ymax></bndbox><attribute>sitting</attribute></object><relation><subject_id>4074581</subject_id><object_id>4074582</object_id><predicate>under a</predicate></relation></annotation>