<annotation><folder>VG_100K</folder><filename>1159908.jpg</filename><source><database>Visual Genome Version 1.2</database><image_id>1159908</image_id><coco_id>None</coco_id><flickr_id>8154218945</flickr_id></source><size><width>1024</width><height>768</height><depth>3</depth></size><segmented>0</segmented><object><name>wall</name><object_id>4255496</object_id><difficult>0</difficult><bndbox><xmin>429</xmin><ymin>372</ymin><xmax>490</xmax><ymax>493</ymax></bndbox></object><object><name>building</name><object_id>4255497</object_id><difficult>0</difficult><bndbox><xmin>4</xmin><ymin>176</ymin><xmax>987</xmax><ymax>531</ymax></bndbox></object><object><name>wall</name><object_id>4255498</object_id><difficult>0</difficult><bndbox><xmin>430</xmin><ymin>359</ymin><xmax>463</xmax><ymax>500</ymax></bndbox></object><object><name>building</name><object_id>4255499</object_id><difficult>0</difficult><bndbox><xmin>10</xmin><ymin>143</ymin><xmax>993</xmax><ymax>628</ymax></bndbox></object><object><name>wall</name><object_id>4255502</object_id><difficult>0</difficult><bndbox><xmin>412</xmin><ymin>359</ymin><xmax>471</xmax><ymax>500</ymax></bndbox></object><object><name>building</name><object_id>4255503</object_id><difficult>0</difficult><bndbox><xmin>11</xmin><ymin>173</ymin><xmax>990</xmax><ymax>591</ymax></bndbox></object><relation><subject_id>4255496</subject_id><object_id>4255497</object_id><predicate>on other side of</predicate></relation><relation><subject_id>4255498</subject_id><object_id>4255499</object_id><predicate>on other side of</predicate></relation><relation><subject_id>4255502</subject_id><object_id>4255503</object_id><predicate>on other side of</predicate></relation></annotation>