<annotation><folder>VG_100K</folder><filename>1159285.jpg</filename><source><database>Visual Genome Version 1.2</database><image_id>1159285</image_id><coco_id>370513</coco_id><flickr_id>3842344397</flickr_id></source><size><width>1024</width><height>768</height><depth>3</depth></size><segmented>0</segmented><object><name>laptop</name><object_id>1039765</object_id><difficult>0</difficult><bndbox><xmin>0</xmin><ymin>361</ymin><xmax>286</xmax><ymax>586</ymax></bndbox><attribute>on</attribute><attribute>white</attribute><attribute>open</attribute><attribute>silver</attribute></object><object><name>wall</name><object_id>1039766</object_id><difficult>0</difficult><bndbox><xmin>199</xmin><ymin>45</ymin><xmax>314</xmax><ymax>98</ymax></bndbox><attribute>blue</attribute></object><object><name>telephone</name><object_id>1039767</object_id><difficult>0</difficult><bndbox><xmin>666</xmin><ymin>352</ymin><xmax>748</xmax><ymax>444</ymax></bndbox><attribute>white</attribute></object><object><name>desk</name><object_id>1039768</object_id><difficult>0</difficult><bndbox><xmin>670</xmin><ymin>516</ymin><xmax>716</xmax><ymax>554</ymax></bndbox><attribute>brown</attribute></object><object><name>board</name><object_id>1039771</object_id><difficult>0</difficult><bndbox><xmin>576</xmin><ymin>13</ymin><xmax>664</xmax><ymax>155</ymax></bndbox><attribute>black</attribute><attribute>red</attribute></object><object><name>mousepad</name><object_id>1039773</object_id><difficult>0</difficult><bndbox><xmin>617</xmin><ymin>448</ymin><xmax>662</xmax><ymax>489</ymax></bndbox><attribute>black</attribute></object><object><name>monitor</name><object_id>1039776</object_id><difficult>0</difficult><bndbox><xmin>172</xmin><ymin>171</ymin><xmax>491</xmax><ymax>420</ymax></bndbox><attribute>lit</attribute><attribute>flat</attribute><attribute>computer</attribute><attribute>black</attribute></object><object><name>mouse</name><object_id>1039778</object_id><difficult>0</difficult><bndbox><xmin>561</xmin><ymin>453</ymin><xmax>594</xmax><ymax>486</ymax></bndbox><attribute>black</attribute></object><object><name>bag</name><object_id>1039780</object_id><difficult>0</difficult><bndbox><xmin>691</xmin><ymin>24</ymin><xmax>790</xmax><ymax>67</ymax></bndbox></object><object><name>cables</name><object_id>1039783</object_id><difficult>0</difficult><bndbox><xmin>671</xmin><ymin>444</ymin><xmax>754</xmax><ymax>487</ymax></bndbox></object><object><name>player</name><object_id>1039784</object_id><difficult>0</difficult><bndbox><xmin>261</xmin><ymin>553</ymin><xmax>351</xmax><ymax>625</ymax></bndbox></object><relation><subject_id>1039765</subject_id><object_id>1039766</object_id><predicate>attached</predicate></relation><relation><subject_id>1039767</subject_id><object_id>1039768</object_id><predicate>top of</predicate></relation><relation><subject_id>1039776</subject_id><object_id>1039768</object_id><predicate>top of</predicate></relation><relation><subject_id>1039780</subject_id><object_id>1039771</object_id><predicate>attached</predicate></relation><relation><subject_id>1039778</subject_id><object_id>1039773</object_id><predicate>top of</predicate></relation><relation><subject_id>1039765</subject_id><object_id>1039768</object_id><predicate>top of</predicate></relation><relation><subject_id>1039783</subject_id><object_id>1039768</object_id><predicate>top of</predicate></relation><relation><subject_id>1039784</subject_id><object_id>1039768</object_id><predicate>top of</predicate></relation></annotation>