<annotation><folder>VG_100K</folder><filename>1159913.jpg</filename><source><database>Visual Genome Version 1.2</database><image_id>1159913</image_id><coco_id>None</coco_id><flickr_id>308042862</flickr_id></source><size><width>1024</width><height>683</height><depth>3</depth></size><segmented>0</segmented><object><name>tag</name><object_id>1599007</object_id><difficult>0</difficult><bndbox><xmin>885</xmin><ymin>560</ymin><xmax>920</xmax><ymax>603</ymax></bndbox><attribute>white</attribute></object><object><name>jeans</name><object_id>1599006</object_id><difficult>0</difficult><bndbox><xmin>878</xmin><ymin>561</ymin><xmax>964</xmax><ymax>679</ymax></bndbox><attribute>blue</attribute></object><object><name>jacket</name><object_id>1599014</object_id><difficult>0</difficult><bndbox><xmin>735</xmin><ymin>491</ymin><xmax>900</xmax><ymax>640</ymax></bndbox><attribute>brown</attribute></object><object><name>chair</name><object_id>1599015</object_id><difficult>0</difficult><bndbox><xmin>754</xmin><ymin>545</ymin><xmax>973</xmax><ymax>679</ymax></bndbox><attribute>blue</attribute></object><relation><subject_id>1599007</subject_id><object_id>1599006</object_id><predicate>hanging on a</predicate></relation><relation><subject_id>1599014</subject_id><object_id>1599015</object_id><predicate>draped over</predicate></relation></annotation>