<annotation><folder>VG_100K</folder><filename>1159937.jpg</filename><source><database>Visual Genome Version 1.2</database><image_id>1159937</image_id><coco_id>426915</coco_id><flickr_id>8029687449</flickr_id></source><size><width>1024</width><height>683</height><depth>3</depth></size><segmented>0</segmented><object><name>boat</name><object_id>1077437</object_id><difficult>0</difficult><bndbox><xmin>588</xmin><ymin>186</ymin><xmax>730</xmax><ymax>283</ymax></bndbox></object><object><name>dock</name><object_id>1077449</object_id><difficult>0</difficult><bndbox><xmin>599</xmin><ymin>169</ymin><xmax>1000</xmax><ymax>351</ymax></bndbox></object><relation><subject_id>1077437</subject_id><object_id>1077449</object_id><predicate>tied around</predicate></relation></annotation>