<annotation><folder>VG_100K</folder><filename>1159372.jpg</filename><source><database>Visual Genome Version 1.2</database><image_id>1159372</image_id><coco_id>318630</coco_id><flickr_id>9595192889</flickr_id></source><size><width>1024</width><height>683</height><depth>3</depth></size><segmented>0</segmented><object><name>horse</name><object_id>4581125</object_id><difficult>0</difficult><bndbox><xmin>315</xmin><ymin>540</ymin><xmax>1000</xmax><ymax>677</ymax></bndbox><attribute>brown</attribute><attribute>white</attribute></object><object><name>sky</name><object_id>4581134</object_id><difficult>0</difficult><bndbox><xmin>4</xmin><ymin>1</ymin><xmax>992</xmax><ymax>257</ymax></bndbox><attribute>blue</attribute><attribute>light blue</attribute><attribute>clear</attribute><attribute>cloudy</attribute></object><object><name>field</name><object_id>4581145</object_id><difficult>0</difficult><bndbox><xmin>4</xmin><ymin>217</ymin><xmax>988</xmax><ymax>676</ymax></bndbox></object><object><name>cloud</name><object_id>4581147</object_id><difficult>0</difficult><bndbox><xmin>2</xmin><ymin>5</ymin><xmax>355</xmax><ymax>127</ymax></bndbox><attribute>white</attribute></object><object><name>cloud</name><object_id>4581148</object_id><difficult>0</difficult><bndbox><xmin>417</xmin><ymin>3</ymin><xmax>567</xmax><ymax>73</ymax></bndbox><attribute>white</attribute></object><object><name>cloud</name><object_id>4581149</object_id><difficult>0</difficult><bndbox><xmin>559</xmin><ymin>7</ymin><xmax>989</xmax><ymax>109</ymax></bndbox><attribute>white</attribute></object><object><name>cloud</name><object_id>4581150</object_id><difficult>0</difficult><bndbox><xmin>527</xmin><ymin>53</ymin><xmax>992</xmax><ymax>246</ymax></bndbox><attribute>white</attribute></object><object><name>cloud</name><object_id>4581151</object_id><difficult>0</difficult><bndbox><xmin>683</xmin><ymin>178</ymin><xmax>887</xmax><ymax>248</ymax></bndbox><attribute>white</attribute></object><relation><subject_id>4581125</subject_id><object_id>4581145</object_id><predicate>walking towards</predicate></relation><relation><subject_id>4581147</subject_id><object_id>4581134</object_id><predicate>hanging on a</predicate></relation><relation><subject_id>4581148</subject_id><object_id>4581134</object_id><predicate>hanging on a</predicate></relation><relation><subject_id>4581149</subject_id><object_id>4581134</object_id><predicate>hanging on a</predicate></relation><relation><subject_id>4581150</subject_id><object_id>4581134</object_id><predicate>hanging on a</predicate></relation><relation><subject_id>4581151</subject_id><object_id>4581134</object_id><predicate>hanging on a</predicate></relation></annotation>