<annotation><folder>VG_100K</folder><filename>1159551.jpg</filename><source><database>Visual Genome Version 1.2</database><image_id>1159551</image_id><coco_id>None</coco_id><flickr_id>8445228379</flickr_id></source><size><width>1024</width><height>683</height><depth>3</depth></size><segmented>0</segmented><object><name>wall</name><object_id>2725251</object_id><difficult>0</difficult><bndbox><xmin>311</xmin><ymin>146</ymin><xmax>467</xmax><ymax>203</ymax></bndbox></object><object><name>building</name><object_id>2725252</object_id><difficult>0</difficult><bndbox><xmin>305</xmin><ymin>125</ymin><xmax>480</xmax><ymax>211</ymax></bndbox></object><relation><subject_id>2725251</subject_id><object_id>2725252</object_id><predicate>on other side of</predicate></relation></annotation>