<annotation><folder>VG_100K</folder><filename>1159266.jpg</filename><source><database>Visual Genome Version 1.2</database><image_id>1159266</image_id><coco_id>346716</coco_id><flickr_id>2563819701</flickr_id></source><size><width>1024</width><height>593</height><depth>3</depth></size><segmented>0</segmented><object><name>flag</name><object_id>1590736</object_id><difficult>0</difficult><bndbox><xmin>0</xmin><ymin>0</ymin><xmax>715</xmax><ymax>450</ymax></bndbox></object><object><name>building</name><object_id>3702824</object_id><difficult>0</difficult><bndbox><xmin>8</xmin><ymin>9</ymin><xmax>177</xmax><ymax>362</ymax></bndbox></object><object><name>sidewalk</name><object_id>1590766</object_id><difficult>0</difficult><bndbox><xmin>891</xmin><ymin>345</ymin><xmax>1022</xmax><ymax>489</ymax></bndbox></object><object><name>people</name><object_id>1590765</object_id><difficult>0</difficult><bndbox><xmin>887</xmin><ymin>341</ymin><xmax>1011</xmax><ymax>419</ymax></bndbox></object><relation><subject_id>1590736</subject_id><object_id>3702824</object_id><predicate>hanging on a</predicate></relation><relation><subject_id>1590765</subject_id><object_id>1590766</object_id><predicate>walking towards</predicate></relation></annotation>