<annotation><folder>VG_100K</folder><filename>1159518.jpg</filename><source><database>Visual Genome Version 1.2</database><image_id>1159518</image_id><coco_id>518649</coco_id><flickr_id>3871369769</flickr_id></source><size><width>1024</width><height>679</height><depth>3</depth></size><segmented>0</segmented><object><name>building</name><object_id>1594531</object_id><difficult>0</difficult><bndbox><xmin>2</xmin><ymin>5</ymin><xmax>686</xmax><ymax>634</ymax></bndbox></object><object><name>pipes</name><object_id>1594530</object_id><difficult>0</difficult><bndbox><xmin>238</xmin><ymin>536</ymin><xmax>319</xmax><ymax>642</ymax></bndbox></object><object><name>street</name><object_id>1594563</object_id><difficult>0</difficult><bndbox><xmin>717</xmin><ymin>314</ymin><xmax>1006</xmax><ymax>583</ymax></bndbox></object><object><name>people</name><object_id>1594562</object_id><difficult>0</difficult><bndbox><xmin>717</xmin><ymin>420</ymin><xmax>1006</xmax><ymax>583</ymax></bndbox></object><relation><subject_id>1594530</subject_id><object_id>1594531</object_id><predicate>attached</predicate></relation><relation><subject_id>1594562</subject_id><object_id>1594563</object_id><predicate>walking towards</predicate></relation></annotation>