<annotation><folder>VG_100K</folder><filename>1159666.jpg</filename><source><database>Visual Genome Version 1.2</database><image_id>1159666</image_id><coco_id>None</coco_id><flickr_id>3967589068</flickr_id></source><size><width>683</width><height>1024</height><depth>3</depth></size><segmented>0</segmented><object><name>shower</name><object_id>3790214</object_id><difficult>0</difficult><bndbox><xmin>46</xmin><ymin>171</ymin><xmax>388</xmax><ymax>882</ymax></bndbox></object><object><name>towel</name><object_id>1596199</object_id><difficult>0</difficult><bndbox><xmin>158</xmin><ymin>476</ymin><xmax>238</xmax><ymax>595</ymax></bndbox></object><object><name>bathroom</name><object_id>1596214</object_id><difficult>0</difficult><bndbox><xmin>0</xmin><ymin>4</ymin><xmax>680</xmax><ymax>1021</ymax></bndbox></object><object><name>towel</name><object_id>1596232</object_id><difficult>0</difficult><bndbox><xmin>153</xmin><ymin>522</ymin><xmax>223</xmax><ymax>617</ymax></bndbox><attribute>white</attribute></object><object><name>towel</name><object_id>1596208</object_id><difficult>0</difficult><bndbox><xmin>252</xmin><ymin>526</ymin><xmax>309</xmax><ymax>625</ymax></bndbox><attribute>white</attribute></object><object><name>towel</name><object_id>1596209</object_id><difficult>0</difficult><bndbox><xmin>428</xmin><ymin>557</ymin><xmax>491</xmax><ymax>591</ymax></bndbox><attribute>white</attribute></object><relation><subject_id>1596199</subject_id><object_id>3790214</object_id><predicate>hanging on a</predicate></relation><relation><subject_id>1596232</subject_id><object_id>1596214</object_id><predicate>hanging on a</predicate></relation><relation><subject_id>1596208</subject_id><object_id>1596214</object_id><predicate>hanging on a</predicate></relation><relation><subject_id>1596209</subject_id><object_id>1596214</object_id><predicate>hanging on a</predicate></relation></annotation>