<annotation><folder>VG_100K</folder><filename>1159519.jpg</filename><source><database>Visual Genome Version 1.2</database><image_id>1159519</image_id><coco_id>199534</coco_id><flickr_id>8223245516</flickr_id></source><size><width>1024</width><height>685</height><depth>3</depth></size><segmented>0</segmented><object><name>trolley</name><object_id>1594574</object_id><difficult>0</difficult><bndbox><xmin>212</xmin><ymin>211</ymin><xmax>802</xmax><ymax>532</ymax></bndbox></object><object><name>trolley</name><object_id>3703859</object_id><difficult>0</difficult><bndbox><xmin>370</xmin><ymin>155</ymin><xmax>440</xmax><ymax>210</ymax></bndbox></object><object><name>trolley</name><object_id>1594578</object_id><difficult>0</difficult><bndbox><xmin>67</xmin><ymin>233</ymin><xmax>913</xmax><ymax>484</ymax></bndbox></object><object><name>map</name><object_id>1594577</object_id><difficult>0</difficult><bndbox><xmin>144</xmin><ymin>369</ymin><xmax>429</xmax><ymax>484</ymax></bndbox></object><object><name>trolley</name><object_id>1594589</object_id><difficult>0</difficult><bndbox><xmin>52</xmin><ymin>125</ymin><xmax>994</xmax><ymax>598</ymax></bndbox></object><object><name>people</name><object_id>1594585</object_id><difficult>0</difficult><bndbox><xmin>247</xmin><ymin>294</ymin><xmax>362</xmax><ymax>370</ymax></bndbox></object><relation><subject_id>3703859</subject_id><object_id>1594574</object_id><predicate>written on</predicate></relation><relation><subject_id>1594577</subject_id><object_id>1594578</object_id><predicate>on other side of</predicate></relation><relation><subject_id>1594585</subject_id><object_id>1594589</object_id><predicate>sitting on a</predicate></relation></annotation>