<annotation><folder>VG_100K</folder><filename>1159986.jpg</filename><source><database>Visual Genome Version 1.2</database><image_id>1159986</image_id><coco_id>204036</coco_id><flickr_id>8428570112</flickr_id></source><size><width>1024</width><height>768</height><depth>3</depth></size><segmented>0</segmented><object><name>tarp</name><object_id>4206793</object_id><difficult>0</difficult><bndbox><xmin>11</xmin><ymin>101</ymin><xmax>159</xmax><ymax>369</ymax></bndbox><attribute>blue</attribute></object><object><name>bus</name><object_id>4206824</object_id><difficult>0</difficult><bndbox><xmin>58</xmin><ymin>29</ymin><xmax>495</xmax><ymax>460</ymax></bndbox><attribute>blue</attribute><attribute>yellow</attribute></object><object><name>wood</name><object_id>4206816</object_id><difficult>0</difficult><bndbox><xmin>486</xmin><ymin>99</ymin><xmax>826</xmax><ymax>244</ymax></bndbox><attribute>pile</attribute></object><object><name>lot</name><object_id>4206817</object_id><difficult>0</difficult><bndbox><xmin>110</xmin><ymin>62</ymin><xmax>834</xmax><ymax>762</ymax></bndbox><attribute>parking</attribute></object><object><name>trash</name><object_id>4206827</object_id><difficult>0</difficult><bndbox><xmin>866</xmin><ymin>259</ymin><xmax>951</xmax><ymax>739</ymax></bndbox></object><object><name>vegetation</name><object_id>4206828</object_id><difficult>0</difficult><bndbox><xmin>870</xmin><ymin>2</ymin><xmax>1022</xmax><ymax>761</ymax></bndbox></object><object><name>clothes</name><object_id>4206831</object_id><difficult>0</difficult><bndbox><xmin>462</xmin><ymin>83</ymin><xmax>908</xmax><ymax>176</ymax></bndbox></object><object><name>line</name><object_id>4206832</object_id><difficult>0</difficult><bndbox><xmin>475</xmin><ymin>88</ymin><xmax>880</xmax><ymax>181</ymax></bndbox></object><object><name>building</name><object_id>4275476</object_id><difficult>0</difficult><bndbox><xmin>22</xmin><ymin>18</ymin><xmax>237</xmax><ymax>414</ymax></bndbox></object><object><name>bus</name><object_id>4275477</object_id><difficult>0</difficult><bndbox><xmin>68</xmin><ymin>20</ymin><xmax>548</xmax><ymax>451</ymax></bndbox></object><relation><subject_id>4206793</subject_id><object_id>4206824</object_id><predicate>on other side of</predicate></relation><relation><subject_id>4206816</subject_id><object_id>4206817</object_id><predicate>on end of</predicate></relation><relation><subject_id>4206827</subject_id><object_id>4206828</object_id><predicate>top of</predicate></relation><relation><subject_id>4206831</subject_id><object_id>4206832</object_id><predicate>hanging on a</predicate></relation><relation><subject_id>4275477</subject_id><object_id>4275476</object_id><predicate>beside</predicate></relation></annotation>