<annotation><folder>VG_100K</folder><filename>1159782.jpg</filename><source><database>Visual Genome Version 1.2</database><image_id>1159782</image_id><coco_id>None</coco_id><flickr_id>9263412960</flickr_id></source><size><width>1024</width><height>806</height><depth>3</depth></size><segmented>0</segmented><object><name>table</name><object_id>4430382</object_id><difficult>0</difficult><bndbox><xmin>18</xmin><ymin>458</ymin><xmax>965</xmax><ymax>787</ymax></bndbox><attribute>black</attribute></object><object><name>plate</name><object_id>4430384</object_id><difficult>0</difficult><bndbox><xmin>238</xmin><ymin>532</ymin><xmax>666</xmax><ymax>723</ymax></bndbox><attribute>brown</attribute><attribute>white</attribute></object><object><name>girl</name><object_id>4168617</object_id><difficult>0</difficult><bndbox><xmin>340</xmin><ymin>18</ymin><xmax>971</xmax><ymax>664</ymax></bndbox><attribute>young</attribute></object><object><name>chair</name><object_id>4168607</object_id><difficult>0</difficult><bndbox><xmin>750</xmin><ymin>236</ymin><xmax>988</xmax><ymax>707</ymax></bndbox></object><object><name>straw</name><object_id>4168610</object_id><difficult>0</difficult><bndbox><xmin>122</xmin><ymin>640</ymin><xmax>185</xmax><ymax>801</ymax></bndbox><attribute>black</attribute></object><object><name>water</name><object_id>4168611</object_id><difficult>0</difficult><bndbox><xmin>119</xmin><ymin>757</ymin><xmax>290</xmax><ymax>801</ymax></bndbox></object><object><name>glass</name><object_id>4168612</object_id><difficult>0</difficult><bndbox><xmin>85</xmin><ymin>709</ymin><xmax>299</xmax><ymax>802</ymax></bndbox></object><object><name>tongue</name><object_id>4168614</object_id><difficult>0</difficult><bndbox><xmin>551</xmin><ymin>342</ymin><xmax>595</xmax><ymax>371</ymax></bndbox></object><object><name>woman</name><object_id>4168615</object_id><difficult>0</difficult><bndbox><xmin>145</xmin><ymin>29</ymin><xmax>320</xmax><ymax>498</ymax></bndbox></object><object><name>chair</name><object_id>4168616</object_id><difficult>0</difficult><bndbox><xmin>165</xmin><ymin>273</ymin><xmax>334</xmax><ymax>492</ymax></bndbox></object><relation><subject_id>4430382</subject_id><object_id>4430384</object_id><predicate>under a</predicate></relation><relation><subject_id>4168617</subject_id><object_id>4168607</object_id><predicate>sitting on a</predicate></relation><relation><subject_id>4168610</subject_id><object_id>4168612</object_id><predicate>are inside</predicate></relation><relation><subject_id>4168612</subject_id><object_id>4168611</object_id><predicate>containing</predicate></relation><relation><subject_id>4168617</subject_id><object_id>4168614</object_id><predicate>sticking out of</predicate></relation><relation><subject_id>4168615</subject_id><object_id>4168616</object_id><predicate>sitting on a</predicate></relation></annotation>