<annotation><folder>VG_100K</folder><filename>1159770.jpg</filename><source><database>Visual Genome Version 1.2</database><image_id>1159770</image_id><coco_id>314864</coco_id><flickr_id>8514245385</flickr_id></source><size><width>1024</width><height>683</height><depth>3</depth></size><segmented>0</segmented><object><name>umbrella</name><object_id>4167331</object_id><difficult>0</difficult><bndbox><xmin>554</xmin><ymin>15</ymin><xmax>760</xmax><ymax>136</ymax></bndbox><attribute>plaid</attribute></object><object><name>branch</name><object_id>4167332</object_id><difficult>0</difficult><bndbox><xmin>796</xmin><ymin>58</ymin><xmax>907</xmax><ymax>197</ymax></bndbox></object><relation><subject_id>4167331</subject_id><object_id>4167332</object_id><predicate>hanging on a</predicate></relation></annotation>