<annotation><folder>VG_100K</folder><filename>1159925.jpg</filename><source><database>Visual Genome Version 1.2</database><image_id>1159925</image_id><coco_id>305710</coco_id><flickr_id>7652865594</flickr_id></source><size><width>768</width><height>1024</height><depth>3</depth></size><segmented>0</segmented><object><name>people</name><object_id>1599142</object_id><difficult>0</difficult><bndbox><xmin>339</xmin><ymin>458</ymin><xmax>521</xmax><ymax>723</ymax></bndbox></object><object><name>umbrella</name><object_id>3705812</object_id><difficult>0</difficult><bndbox><xmin>341</xmin><ymin>488</ymin><xmax>518</xmax><ymax>543</ymax></bndbox></object><object><name>wall</name><object_id>1599150</object_id><difficult>0</difficult><bndbox><xmin>275</xmin><ymin>413</ymin><xmax>362</xmax><ymax>470</ymax></bndbox></object><object><name>building</name><object_id>3705819</object_id><difficult>0</difficult><bndbox><xmin>134</xmin><ymin>346</ymin><xmax>418</xmax><ymax>494</ymax></bndbox></object><object><name>wall</name><object_id>1599151</object_id><difficult>0</difficult><bndbox><xmin>274</xmin><ymin>217</ymin><xmax>297</xmax><ymax>302</ymax></bndbox></object><object><name>building</name><object_id>3705820</object_id><difficult>0</difficult><bndbox><xmin>141</xmin><ymin>219</ymin><xmax>339</xmax><ymax>473</ymax></bndbox></object><relation><subject_id>1599142</subject_id><object_id>3705812</object_id><predicate>under a</predicate></relation><relation><subject_id>1599150</subject_id><object_id>3705819</object_id><predicate>on other side of</predicate></relation><relation><subject_id>1599151</subject_id><object_id>3705820</object_id><predicate>on other side of</predicate></relation></annotation>