<annotation><folder>VG_100K</folder><filename>1159529.jpg</filename><source><database>Visual Genome Version 1.2</database><image_id>1159529</image_id><coco_id>25105</coco_id><flickr_id>2388528648</flickr_id></source><size><width>800</width><height>533</height><depth>3</depth></size><segmented>0</segmented><object><name>plane</name><object_id>1039874</object_id><difficult>0</difficult><bndbox><xmin>559</xmin><ymin>144</ymin><xmax>797</xmax><ymax>296</ymax></bndbox><attribute>white</attribute></object><object><name>plane</name><object_id>1039888</object_id><difficult>0</difficult><bndbox><xmin>328</xmin><ymin>208</ymin><xmax>505</xmax><ymax>272</ymax></bndbox><attribute>white</attribute></object><object><name>floor</name><object_id>1039891</object_id><difficult>0</difficult><bndbox><xmin>0</xmin><ymin>262</ymin><xmax>796</xmax><ymax>533</ymax></bndbox></object><relation><subject_id>1039874</subject_id><object_id>1039891</object_id><predicate>top of</predicate></relation><relation><subject_id>1039888</subject_id><object_id>1039891</object_id><predicate>top of</predicate></relation></annotation>