<annotation><folder>VG_100K</folder><filename>1159288.jpg</filename><source><database>Visual Genome Version 1.2</database><image_id>1159288</image_id><coco_id>None</coco_id><flickr_id>4308944798</flickr_id></source><size><width>639</width><height>425</height><depth>3</depth></size><segmented>0</segmented><object><name>snow</name><object_id>4067196</object_id><difficult>0</difficult><bndbox><xmin>308</xmin><ymin>293</ymin><xmax>468</xmax><ymax>369</ymax></bndbox></object><object><name>ski poles</name><object_id>4067195</object_id><difficult>0</difficult><bndbox><xmin>343</xmin><ymin>252</ymin><xmax>366</xmax><ymax>317</ymax></bndbox></object><object><name>person</name><object_id>4579524</object_id><difficult>0</difficult><bndbox><xmin>551</xmin><ymin>202</ymin><xmax>583</xmax><ymax>251</ymax></bndbox></object><object><name>hill</name><object_id>4579525</object_id><difficult>0</difficult><bndbox><xmin>516</xmin><ymin>189</ymin><xmax>619</xmax><ymax>342</ymax></bndbox></object><relation><subject_id>4067195</subject_id><object_id>4067196</object_id><predicate>stuck in</predicate></relation><relation><subject_id>4579524</subject_id><object_id>4579525</object_id><predicate>skiing down</predicate></relation></annotation>