<annotation><folder>VG_100K</folder><filename>1159730.jpg</filename><source><database>Visual Genome Version 1.2</database><image_id>1159730</image_id><coco_id>None</coco_id><flickr_id>4253896157</flickr_id></source><size><width>1024</width><height>768</height><depth>3</depth></size><segmented>0</segmented><object><name>building</name><object_id>1596910</object_id><difficult>0</difficult><bndbox><xmin>694</xmin><ymin>254</ymin><xmax>922</xmax><ymax>467</ymax></bndbox></object><object><name>wall</name><object_id>1596909</object_id><difficult>0</difficult><bndbox><xmin>694</xmin><ymin>300</ymin><xmax>783</xmax><ymax>468</ymax></bndbox></object><object><name>building</name><object_id>1596926</object_id><difficult>0</difficult><bndbox><xmin>804</xmin><ymin>276</ymin><xmax>938</xmax><ymax>431</ymax></bndbox></object><object><name>wall</name><object_id>1596925</object_id><difficult>0</difficult><bndbox><xmin>804</xmin><ymin>276</ymin><xmax>938</xmax><ymax>431</ymax></bndbox></object><relation><subject_id>1596909</subject_id><object_id>1596910</object_id><predicate>on other side of</predicate></relation><relation><subject_id>1596925</subject_id><object_id>1596926</object_id><predicate>on other side of</predicate></relation></annotation>