<annotation><folder>VG_100K</folder><filename>1159997.jpg</filename><source><database>Visual Genome Version 1.2</database><image_id>1159997</image_id><coco_id>None</coco_id><flickr_id>2378706343</flickr_id></source><size><width>1280</width><height>960</height><depth>3</depth></size><segmented>0</segmented><object><name>kites</name><object_id>2309972</object_id><difficult>0</difficult><bndbox><xmin>207</xmin><ymin>416</ymin><xmax>302</xmax><ymax>474</ymax></bndbox></object><object><name>sky</name><object_id>1738506</object_id><difficult>0</difficult><bndbox><xmin>3</xmin><ymin>3</ymin><xmax>1270</xmax><ymax>878</ymax></bndbox><attribute>blue</attribute></object><object><name>kite</name><object_id>3706192</object_id><difficult>0</difficult><bndbox><xmin>392</xmin><ymin>739</ymin><xmax>415</xmax><ymax>776</ymax></bndbox></object><object><name>kite</name><object_id>3706193</object_id><difficult>0</difficult><bndbox><xmin>410</xmin><ymin>695</ymin><xmax>435</xmax><ymax>722</ymax></bndbox></object><object><name>kite</name><object_id>3706194</object_id><difficult>0</difficult><bndbox><xmin>585</xmin><ymin>729</ymin><xmax>615</xmax><ymax>759</ymax></bndbox></object><object><name>kite</name><object_id>3706195</object_id><difficult>0</difficult><bndbox><xmin>108</xmin><ymin>688</ymin><xmax>149</xmax><ymax>732</ymax></bndbox></object><object><name>kite</name><object_id>3496748</object_id><difficult>0</difficult><bndbox><xmin>742</xmin><ymin>398</ymin><xmax>796</xmax><ymax>436</ymax></bndbox></object><object><name>kite</name><object_id>3496749</object_id><difficult>0</difficult><bndbox><xmin>219</xmin><ymin>131</ymin><xmax>326</xmax><ymax>193</ymax></bndbox></object><object><name>kite</name><object_id>3496750</object_id><difficult>0</difficult><bndbox><xmin>528</xmin><ymin>455</ymin><xmax>668</xmax><ymax>528</ymax></bndbox></object><object><name>kite</name><object_id>3496751</object_id><difficult>0</difficult><bndbox><xmin>317</xmin><ymin>466</ymin><xmax>390</xmax><ymax>524</ymax></bndbox></object><object><name>kite</name><object_id>3496752</object_id><difficult>0</difficult><bndbox><xmin>709</xmin><ymin>122</ymin><xmax>782</xmax><ymax>167</ymax></bndbox></object><object><name>sky</name><object_id>3496753</object_id><difficult>0</difficult><bndbox><xmin>507</xmin><ymin>7</ymin><xmax>955</xmax><ymax>215</ymax></bndbox><attribute>blue</attribute></object><object><name>kite</name><object_id>1738501</object_id><difficult>0</difficult><bndbox><xmin>870</xmin><ymin>285</ymin><xmax>968</xmax><ymax>352</ymax></bndbox></object><object><name>kite</name><object_id>1738502</object_id><difficult>0</difficult><bndbox><xmin>526</xmin><ymin>450</ymin><xmax>654</xmax><ymax>526</ymax></bndbox></object><object><name>kite</name><object_id>1738503</object_id><difficult>0</difficult><bndbox><xmin>859</xmin><ymin>67</ymin><xmax>948</xmax><ymax>145</ymax></bndbox></object><object><name>kite</name><object_id>1738504</object_id><difficult>0</difficult><bndbox><xmin>685</xmin><ymin>108</ymin><xmax>780</xmax><ymax>162</ymax></bndbox></object><object><name>kite</name><object_id>1738505</object_id><difficult>0</difficult><bndbox><xmin>332</xmin><ymin>473</ymin><xmax>392</xmax><ymax>511</ymax></bndbox></object><relation><subject_id>2309972</subject_id><object_id>1738506</object_id><predicate>flying in</predicate></relation><relation><subject_id>3706192</subject_id><object_id>1738506</object_id><predicate>flying in</predicate></relation><relation><subject_id>3706193</subject_id><object_id>1738506</object_id><predicate>flying in</predicate></relation><relation><subject_id>3706194</subject_id><object_id>1738506</object_id><predicate>flying in</predicate></relation><relation><subject_id>3706195</subject_id><object_id>1738506</object_id><predicate>flying in</predicate></relation><relation><subject_id>3496748</subject_id><object_id>3496753</object_id><predicate>flying in</predicate></relation><relation><subject_id>3496749</subject_id><object_id>3496753</object_id><predicate>flying in</predicate></relation><relation><subject_id>3496750</subject_id><object_id>3496753</object_id><predicate>flying in</predicate></relation><relation><subject_id>3496751</subject_id><object_id>3496753</object_id><predicate>flying in</predicate></relation><relation><subject_id>3496752</subject_id><object_id>3496753</object_id><predicate>flying in</predicate></relation><relation><subject_id>1738501</subject_id><object_id>1738506</object_id><predicate>flying in</predicate></relation><relation><subject_id>1738502</subject_id><object_id>1738506</object_id><predicate>flying in</predicate></relation><relation><subject_id>1738503</subject_id><object_id>1738506</object_id><predicate>flying in</predicate></relation><relation><subject_id>1738504</subject_id><object_id>1738506</object_id><predicate>flying in</predicate></relation><relation><subject_id>1738505</subject_id><object_id>1738506</object_id><predicate>flying in</predicate></relation></annotation>