<annotation><folder>VG_100K</folder><filename>1159854.jpg</filename><source><database>Visual Genome Version 1.2</database><image_id>1159854</image_id><coco_id>561500</coco_id><flickr_id>5816467500</flickr_id></source><size><width>1024</width><height>1024</height><depth>3</depth></size><segmented>0</segmented><object><name>chair</name><object_id>3797198</object_id><difficult>0</difficult><bndbox><xmin>138</xmin><ymin>52</ymin><xmax>424</xmax><ymax>590</ymax></bndbox><attribute>wood</attribute></object><object><name>chair</name><object_id>3797199</object_id><difficult>0</difficult><bndbox><xmin>75</xmin><ymin>97</ymin><xmax>371</xmax><ymax>610</ymax></bndbox></object><object><name>table</name><object_id>1598264</object_id><difficult>0</difficult><bndbox><xmin>160</xmin><ymin>578</ymin><xmax>442</xmax><ymax>1021</ymax></bndbox></object><relation><subject_id>3797199</subject_id><object_id>1598264</object_id><predicate>top of</predicate></relation><relation><subject_id>3797198</subject_id><object_id>1598264</object_id><predicate>top of</predicate></relation></annotation>