<annotation><folder>VG_100K</folder><filename>1159496.jpg</filename><source><database>Visual Genome Version 1.2</database><image_id>1159496</image_id><coco_id>22215</coco_id><flickr_id>9354346967</flickr_id></source><size><width>1024</width><height>662</height><depth>3</depth></size><segmented>0</segmented><object><name>passengers</name><object_id>1594209</object_id><difficult>0</difficult><bndbox><xmin>372</xmin><ymin>338</ymin><xmax>582</xmax><ymax>384</ymax></bndbox></object><object><name>window</name><object_id>3603802</object_id><difficult>0</difficult><bndbox><xmin>456</xmin><ymin>344</ymin><xmax>474</xmax><ymax>375</ymax></bndbox></object><relation><subject_id>1594209</subject_id><object_id>3603802</object_id><predicate>sitting on a</predicate></relation></annotation>