<annotation><folder>VG_100K</folder><filename>1159855.jpg</filename><source><database>Visual Genome Version 1.2</database><image_id>1159855</image_id><coco_id>317331</coco_id><flickr_id>3042886816</flickr_id></source><size><width>1024</width><height>768</height><depth>3</depth></size><segmented>0</segmented><object><name>couch</name><object_id>3790236</object_id><difficult>0</difficult><bndbox><xmin>739</xmin><ymin>297</ymin><xmax>1021</xmax><ymax>760</ymax></bndbox></object><object><name>people</name><object_id>3790235</object_id><difficult>0</difficult><bndbox><xmin>915</xmin><ymin>264</ymin><xmax>1021</xmax><ymax>502</ymax></bndbox></object><object><name>people</name><object_id>3790234</object_id><difficult>0</difficult><bndbox><xmin>806</xmin><ymin>253</ymin><xmax>938</xmax><ymax>547</ymax></bndbox></object><object><name>people</name><object_id>3790233</object_id><difficult>0</difficult><bndbox><xmin>536</xmin><ymin>223</ymin><xmax>884</xmax><ymax>699</ymax></bndbox></object><relation><subject_id>3790235</subject_id><object_id>3790236</object_id><predicate>sitting on a</predicate></relation><relation><subject_id>3790234</subject_id><object_id>3790236</object_id><predicate>sitting on a</predicate></relation><relation><subject_id>3790233</subject_id><object_id>3790236</object_id><predicate>sitting on a</predicate></relation></annotation>