<annotation><folder>VG_100K</folder><filename>1159813.jpg</filename><source><database>Visual Genome Version 1.2</database><image_id>1159813</image_id><coco_id>288164</coco_id><flickr_id>603234550</flickr_id></source><size><width>1024</width><height>768</height><depth>3</depth></size><segmented>0</segmented><object><name>chair</name><object_id>4259619</object_id><difficult>0</difficult><bndbox><xmin>261</xmin><ymin>480</ymin><xmax>374</xmax><ymax>675</ymax></bndbox></object><object><name>table</name><object_id>4259620</object_id><difficult>0</difficult><bndbox><xmin>199</xmin><ymin>517</ymin><xmax>543</xmax><ymax>744</ymax></bndbox></object><object><name>chair</name><object_id>4223590</object_id><difficult>0</difficult><bndbox><xmin>551</xmin><ymin>491</ymin><xmax>675</xmax><ymax>759</ymax></bndbox></object><object><name>table</name><object_id>4223591</object_id><difficult>0</difficult><bndbox><xmin>188</xmin><ymin>444</ymin><xmax>768</xmax><ymax>568</ymax></bndbox></object><relation><subject_id>4259619</subject_id><object_id>4259620</object_id><predicate>under a</predicate></relation><relation><subject_id>4223590</subject_id><object_id>4223591</object_id><predicate>under a</predicate></relation></annotation>