<annotation><folder>VG_100K</folder><filename>1159305.jpg</filename><source><database>Visual Genome Version 1.2</database><image_id>1159305</image_id><coco_id>None</coco_id><flickr_id>9674036897</flickr_id></source><size><width>1024</width><height>768</height><depth>3</depth></size><segmented>0</segmented><object><name>bus</name><object_id>4430151</object_id><difficult>0</difficult><bndbox><xmin>366</xmin><ymin>273</ymin><xmax>570</xmax><ymax>423</ymax></bndbox><attribute>white</attribute><attribute>green</attribute><attribute>yellow</attribute></object><object><name>road</name><object_id>4430140</object_id><difficult>0</difficult><bndbox><xmin>1</xmin><ymin>360</ymin><xmax>872</xmax><ymax>758</ymax></bndbox></object><object><name>buildings</name><object_id>4430141</object_id><difficult>0</difficult><bndbox><xmin>1</xmin><ymin>1</ymin><xmax>831</xmax><ymax>393</ymax></bndbox></object><object><name>street</name><object_id>4430142</object_id><difficult>0</difficult><bndbox><xmin>0</xmin><ymin>364</ymin><xmax>873</xmax><ymax>764</ymax></bndbox></object><relation><subject_id>4430151</subject_id><object_id>4430140</object_id><predicate>driving down</predicate></relation><relation><subject_id>4430141</subject_id><object_id>4430142</object_id><predicate>line</predicate></relation></annotation>