<annotation><folder>VG_100K</folder><filename>1159311.jpg</filename><source><database>Visual Genome Version 1.2</database><image_id>1159311</image_id><coco_id>None</coco_id><flickr_id>213579802</flickr_id></source><size><width>1024</width><height>768</height><depth>3</depth></size><segmented>0</segmented><object><name>wall</name><object_id>1591583</object_id><difficult>0</difficult><bndbox><xmin>8</xmin><ymin>3</ymin><xmax>116</xmax><ymax>409</ymax></bndbox></object><object><name>chair</name><object_id>1591582</object_id><difficult>0</difficult><bndbox><xmin>7</xmin><ymin>172</ymin><xmax>126</xmax><ymax>422</ymax></bndbox><attribute>striped</attribute></object><relation><subject_id>1591582</subject_id><object_id>1591583</object_id><predicate>against</predicate></relation></annotation>