<annotation><folder>VG_100K</folder><filename>1159978.jpg</filename><source><database>Visual Genome Version 1.2</database><image_id>1159978</image_id><coco_id>265810</coco_id><flickr_id>4793736598</flickr_id></source><size><width>686</width><height>1024</height><depth>3</depth></size><segmented>0</segmented><object><name>pitcher</name><object_id>3706114</object_id><difficult>0</difficult><bndbox><xmin>112</xmin><ymin>550</ymin><xmax>158</xmax><ymax>609</ymax></bndbox></object><object><name>bowl</name><object_id>3706115</object_id><difficult>0</difficult><bndbox><xmin>92</xmin><ymin>565</ymin><xmax>214</xmax><ymax>649</ymax></bndbox></object><relation><subject_id>3706114</subject_id><object_id>3706115</object_id><predicate>are inside</predicate></relation></annotation>