<annotation><folder>VG_100K</folder><filename>1159375.jpg</filename><source><database>Visual Genome Version 1.2</database><image_id>1159375</image_id><coco_id>388933</coco_id><flickr_id>7619247358</flickr_id></source><size><width>683</width><height>1024</height><depth>3</depth></size><segmented>0</segmented><object><name>street</name><object_id>3795085</object_id><difficult>0</difficult><bndbox><xmin>18</xmin><ymin>571</ymin><xmax>679</xmax><ymax>1016</ymax></bndbox></object><object><name>lines</name><object_id>1592277</object_id><difficult>0</difficult><bndbox><xmin>2</xmin><ymin>646</ymin><xmax>317</xmax><ymax>732</ymax></bndbox><attribute>white</attribute></object><object><name>light</name><object_id>1592296</object_id><difficult>0</difficult><bndbox><xmin>150</xmin><ymin>313</ymin><xmax>182</xmax><ymax>342</ymax></bndbox></object><object><name>building</name><object_id>3703203</object_id><difficult>0</difficult><bndbox><xmin>5</xmin><ymin>6</ymin><xmax>165</xmax><ymax>672</ymax></bndbox></object><object><name>woman</name><object_id>1592301</object_id><difficult>0</difficult><bndbox><xmin>418</xmin><ymin>506</ymin><xmax>569</xmax><ymax>919</ymax></bndbox></object><object><name>sidewalk</name><object_id>3703207</object_id><difficult>0</difficult><bndbox><xmin>29</xmin><ymin>662</ymin><xmax>675</xmax><ymax>1022</ymax></bndbox></object><object><name>man</name><object_id>1592303</object_id><difficult>0</difficult><bndbox><xmin>636</xmin><ymin>544</ymin><xmax>679</xmax><ymax>680</ymax></bndbox></object><object><name>sidewalk</name><object_id>3703209</object_id><difficult>0</difficult><bndbox><xmin>519</xmin><ymin>653</ymin><xmax>680</xmax><ymax>1021</ymax></bndbox></object><relation><subject_id>1592277</subject_id><object_id>3795085</object_id><predicate>painted</predicate></relation><relation><subject_id>1592296</subject_id><object_id>3703203</object_id><predicate>hanging on a</predicate></relation><relation><subject_id>1592301</subject_id><object_id>3703207</object_id><predicate>walking towards</predicate></relation><relation><subject_id>1592303</subject_id><object_id>3703209</object_id><predicate>walking towards</predicate></relation></annotation>