<annotation><folder>VG_100K</folder><filename>1159261.jpg</filename><source><database>Visual Genome Version 1.2</database><image_id>1159261</image_id><coco_id>19236</coco_id><flickr_id>5724280965</flickr_id></source><size><width>683</width><height>1024</height><depth>3</depth></size><segmented>0</segmented><object><name>sandwich</name><object_id>1590585</object_id><difficult>0</difficult><bndbox><xmin>259</xmin><ymin>599</ymin><xmax>288</xmax><ymax>617</ymax></bndbox><attribute>large</attribute></object><object><name>paper</name><object_id>1590587</object_id><difficult>0</difficult><bndbox><xmin>252</xmin><ymin>597</ymin><xmax>297</xmax><ymax>660</ymax></bndbox><attribute>white</attribute></object><relation><subject_id>1590585</subject_id><object_id>1590587</object_id><predicate>wrapped around</predicate></relation></annotation>