<annotation><folder>VG_100K</folder><filename>1159542.jpg</filename><source><database>Visual Genome Version 1.2</database><image_id>1159542</image_id><coco_id>427055</coco_id><flickr_id>7975274397</flickr_id></source><size><width>1024</width><height>768</height><depth>3</depth></size><segmented>0</segmented><object><name>building</name><object_id>1594867</object_id><difficult>0</difficult><bndbox><xmin>0</xmin><ymin>5</ymin><xmax>554</xmax><ymax>761</ymax></bndbox></object><object><name>wall</name><object_id>1594857</object_id><difficult>0</difficult><bndbox><xmin>6</xmin><ymin>0</ymin><xmax>560</xmax><ymax>301</ymax></bndbox></object><object><name>window</name><object_id>1594899</object_id><difficult>0</difficult><bndbox><xmin>122</xmin><ymin>403</ymin><xmax>222</xmax><ymax>575</ymax></bndbox></object><object><name>window</name><object_id>1594898</object_id><difficult>0</difficult><bndbox><xmin>223</xmin><ymin>421</ymin><xmax>300</xmax><ymax>564</ymax></bndbox></object><object><name>window</name><object_id>1594897</object_id><difficult>0</difficult><bndbox><xmin>300</xmin><ymin>421</ymin><xmax>362</xmax><ymax>546</ymax></bndbox></object><object><name>window</name><object_id>1594896</object_id><difficult>0</difficult><bndbox><xmin>363</xmin><ymin>421</ymin><xmax>417</xmax><ymax>546</ymax></bndbox></object><object><name>business</name><object_id>3704051</object_id><difficult>0</difficult><bndbox><xmin>19</xmin><ymin>5</ymin><xmax>555</xmax><ymax>688</ymax></bndbox></object><object><name>roadway</name><object_id>1594902</object_id><difficult>0</difficult><bndbox><xmin>838</xmin><ymin>468</ymin><xmax>1022</xmax><ymax>764</ymax></bndbox></object><object><name>vehicle</name><object_id>1594901</object_id><difficult>0</difficult><bndbox><xmin>876</xmin><ymin>471</ymin><xmax>905</xmax><ymax>497</ymax></bndbox></object><object><name>stop sign</name><object_id>1594905</object_id><difficult>0</difficult><bndbox><xmin>803</xmin><ymin>444</ymin><xmax>833</xmax><ymax>511</ymax></bndbox><attribute>stop</attribute></object><object><name>road</name><object_id>1594906</object_id><difficult>0</difficult><bndbox><xmin>846</xmin><ymin>484</ymin><xmax>1023</xmax><ymax>763</ymax></bndbox></object><relation><subject_id>1594857</subject_id><object_id>1594867</object_id><predicate>on other side of</predicate></relation><relation><subject_id>1594899</subject_id><object_id>3704051</object_id><predicate>on other side of</predicate></relation><relation><subject_id>1594898</subject_id><object_id>3704051</object_id><predicate>on other side of</predicate></relation><relation><subject_id>1594897</subject_id><object_id>3704051</object_id><predicate>on other side of</predicate></relation><relation><subject_id>1594896</subject_id><object_id>3704051</object_id><predicate>on other side of</predicate></relation><relation><subject_id>1594901</subject_id><object_id>1594902</object_id><predicate>driving down</predicate></relation><relation><subject_id>1594905</subject_id><object_id>1594906</object_id><predicate>on other side of</predicate></relation></annotation>