<annotation><folder>VG_100K</folder><filename>1159811.jpg</filename><source><database>Visual Genome Version 1.2</database><image_id>1159811</image_id><coco_id>None</coco_id><flickr_id>86530608</flickr_id></source><size><width>768</width><height>1024</height><depth>3</depth></size><segmented>0</segmented><object><name>sign</name><object_id>4178048</object_id><difficult>0</difficult><bndbox><xmin>46</xmin><ymin>368</ymin><xmax>80</xmax><ymax>496</ymax></bndbox></object><object><name>sidewalk</name><object_id>4178050</object_id><difficult>0</difficult><bndbox><xmin>17</xmin><ymin>451</ymin><xmax>166</xmax><ymax>536</ymax></bndbox></object><relation><subject_id>4178048</subject_id><object_id>4178050</object_id><predicate>beside</predicate></relation></annotation>