<annotation><folder>VG_100K</folder><filename>1159346.jpg</filename><source><database>Visual Genome Version 1.2</database><image_id>1159346</image_id><coco_id>13983</coco_id><flickr_id>456982043</flickr_id></source><size><width>1024</width><height>768</height><depth>3</depth></size><segmented>0</segmented><object><name>counter</name><object_id>1592002</object_id><difficult>0</difficult><bndbox><xmin>569</xmin><ymin>455</ymin><xmax>1022</xmax><ymax>696</ymax></bndbox></object><object><name>man</name><object_id>1592001</object_id><difficult>0</difficult><bndbox><xmin>814</xmin><ymin>383</ymin><xmax>974</xmax><ymax>622</ymax></bndbox></object><object><name>store</name><object_id>3602839</object_id><difficult>0</difficult><bndbox><xmin>5</xmin><ymin>1</ymin><xmax>989</xmax><ymax>760</ymax></bndbox></object><object><name>refrigerator</name><object_id>3602840</object_id><difficult>0</difficult><bndbox><xmin>549</xmin><ymin>398</ymin><xmax>690</xmax><ymax>517</ymax></bndbox></object><object><name>refrigerator</name><object_id>3602841</object_id><difficult>0</difficult><bndbox><xmin>735</xmin><ymin>394</ymin><xmax>798</xmax><ymax>481</ymax></bndbox></object><object><name>plate</name><object_id>1592010</object_id><difficult>0</difficult><bndbox><xmin>340</xmin><ymin>623</ymin><xmax>620</xmax><ymax>719</ymax></bndbox></object><object><name>pizza</name><object_id>3602853</object_id><difficult>0</difficult><bndbox><xmin>342</xmin><ymin>618</ymin><xmax>617</xmax><ymax>724</ymax></bndbox></object><object><name>counter</name><object_id>1592014</object_id><difficult>0</difficult><bndbox><xmin>2</xmin><ymin>457</ymin><xmax>1020</xmax><ymax>765</ymax></bndbox></object><object><name>pizza</name><object_id>3602842</object_id><difficult>0</difficult><bndbox><xmin>813</xmin><ymin>603</ymin><xmax>993</xmax><ymax>662</ymax></bndbox></object><object><name>pizza</name><object_id>3602843</object_id><difficult>0</difficult><bndbox><xmin>722</xmin><ymin>562</ymin><xmax>923</xmax><ymax>627</ymax></bndbox></object><object><name>pizza</name><object_id>3602844</object_id><difficult>0</difficult><bndbox><xmin>683</xmin><ymin>551</ymin><xmax>843</xmax><ymax>590</ymax></bndbox></object><object><name>pizza</name><object_id>3602845</object_id><difficult>0</difficult><bndbox><xmin>638</xmin><ymin>534</ymin><xmax>738</xmax><ymax>563</ymax></bndbox></object><object><name>pizza</name><object_id>3602846</object_id><difficult>0</difficult><bndbox><xmin>612</xmin><ymin>523</ymin><xmax>690</xmax><ymax>549</ymax></bndbox></object><object><name>sign</name><object_id>1592024</object_id><difficult>0</difficult><bndbox><xmin>741</xmin><ymin>86</ymin><xmax>1021</xmax><ymax>255</ymax></bndbox></object><object><name>light</name><object_id>3602855</object_id><difficult>0</difficult><bndbox><xmin>754</xmin><ymin>89</ymin><xmax>994</xmax><ymax>172</ymax></bndbox><attribute>green</attribute></object><relation><subject_id>1592001</subject_id><object_id>1592002</object_id><predicate>against</predicate></relation><relation><subject_id>3602840</subject_id><object_id>3602839</object_id><predicate>are inside</predicate></relation><relation><subject_id>3602841</subject_id><object_id>3602839</object_id><predicate>are inside</predicate></relation><relation><subject_id>3602853</subject_id><object_id>1592010</object_id><predicate>top of</predicate></relation><relation><subject_id>3602842</subject_id><object_id>1592014</object_id><predicate>top of</predicate></relation><relation><subject_id>3602843</subject_id><object_id>1592014</object_id><predicate>top of</predicate></relation><relation><subject_id>3602844</subject_id><object_id>1592014</object_id><predicate>top of</predicate></relation><relation><subject_id>3602845</subject_id><object_id>1592014</object_id><predicate>top of</predicate></relation><relation><subject_id>3602846</subject_id><object_id>1592014</object_id><predicate>top of</predicate></relation><relation><subject_id>3602855</subject_id><object_id>1592024</object_id><predicate>attached</predicate></relation></annotation>