<annotation><folder>VG_100K</folder><filename>1159704.jpg</filename><source><database>Visual Genome Version 1.2</database><image_id>1159704</image_id><coco_id>527260</coco_id><flickr_id>6217976325</flickr_id></source><size><width>1024</width><height>768</height><depth>3</depth></size><segmented>0</segmented><object><name>cabinet</name><object_id>4158906</object_id><difficult>0</difficult><bndbox><xmin>466</xmin><ymin>96</ymin><xmax>871</xmax><ymax>257</ymax></bndbox></object><object><name>light</name><object_id>4158907</object_id><difficult>0</difficult><bndbox><xmin>205</xmin><ymin>223</ymin><xmax>493</xmax><ymax>267</ymax></bndbox></object><object><name>towel</name><object_id>4158932</object_id><difficult>0</difficult><bndbox><xmin>575</xmin><ymin>659</ymin><xmax>727</xmax><ymax>765</ymax></bndbox></object><object><name>door</name><object_id>4158933</object_id><difficult>0</difficult><bndbox><xmin>567</xmin><ymin>612</ymin><xmax>796</xmax><ymax>764</ymax></bndbox></object><object><name>knife</name><object_id>4158947</object_id><difficult>0</difficult><bndbox><xmin>545</xmin><ymin>463</ymin><xmax>595</xmax><ymax>511</ymax></bndbox></object><object><name>board</name><object_id>4158948</object_id><difficult>0</difficult><bndbox><xmin>500</xmin><ymin>446</ymin><xmax>604</xmax><ymax>490</ymax></bndbox></object><relation><subject_id>4158907</subject_id><object_id>4158906</object_id><predicate>under a</predicate></relation><relation><subject_id>4158932</subject_id><object_id>4158933</object_id><predicate>hanging on a</predicate></relation><relation><subject_id>4158947</subject_id><object_id>4158948</object_id><predicate>laying in</predicate></relation></annotation>