<annotation><folder>VG_100K</folder><filename>1159870.jpg</filename><source><database>Visual Genome Version 1.2</database><image_id>1159870</image_id><coco_id>305224</coco_id><flickr_id>5140921498</flickr_id></source><size><width>1024</width><height>768</height><depth>3</depth></size><segmented>0</segmented><object><name>bag</name><object_id>4430464</object_id><difficult>0</difficult><bndbox><xmin>632</xmin><ymin>273</ymin><xmax>1000</xmax><ymax>751</ymax></bndbox><attribute>blue</attribute><attribute>big</attribute></object><object><name>person</name><object_id>4430469</object_id><difficult>0</difficult><bndbox><xmin>362</xmin><ymin>0</ymin><xmax>749</xmax><ymax>229</ymax></bndbox></object><object><name>couch</name><object_id>4430470</object_id><difficult>0</difficult><bndbox><xmin>264</xmin><ymin>5</ymin><xmax>643</xmax><ymax>200</ymax></bndbox></object><object><name>jacket</name><object_id>4241038</object_id><difficult>0</difficult><bndbox><xmin>102</xmin><ymin>387</ymin><xmax>265</xmax><ymax>491</ymax></bndbox><attribute>leather</attribute><attribute>black</attribute></object><object><name>woman</name><object_id>4241039</object_id><difficult>0</difficult><bndbox><xmin>109</xmin><ymin>212</ymin><xmax>449</xmax><ymax>480</ymax></bndbox></object><object><name>man</name><object_id>4185276</object_id><difficult>0</difficult><bndbox><xmin>484</xmin><ymin>5</ymin><xmax>584</xmax><ymax>58</ymax></bndbox><attribute>yellow</attribute></object><object><name>chair</name><object_id>4185277</object_id><difficult>0</difficult><bndbox><xmin>546</xmin><ymin>83</ymin><xmax>626</xmax><ymax>157</ymax></bndbox></object><object><name>button</name><object_id>4185378</object_id><difficult>0</difficult><bndbox><xmin>363</xmin><ymin>247</ymin><xmax>379</xmax><ymax>263</ymax></bndbox></object><object><name>keyboard</name><object_id>4185379</object_id><difficult>0</difficult><bndbox><xmin>329</xmin><ymin>195</ymin><xmax>459</xmax><ymax>312</ymax></bndbox></object><object><name>button</name><object_id>4185399</object_id><difficult>0</difficult><bndbox><xmin>363</xmin><ymin>247</ymin><xmax>381</xmax><ymax>265</ymax></bndbox></object><object><name>keyboard</name><object_id>4185400</object_id><difficult>0</difficult><bndbox><xmin>333</xmin><ymin>193</ymin><xmax>467</xmax><ymax>315</ymax></bndbox></object><object><name>floor</name><object_id>4185447</object_id><difficult>0</difficult><bndbox><xmin>1</xmin><ymin>18</ymin><xmax>1021</xmax><ymax>764</ymax></bndbox></object><relation><subject_id>4430469</subject_id><object_id>4430470</object_id><predicate>sitting on a</predicate></relation><relation><subject_id>4241038</subject_id><object_id>4241039</object_id><predicate>beneath</predicate></relation><relation><subject_id>4185276</subject_id><object_id>4185277</object_id><predicate>sitting on a</predicate></relation><relation><subject_id>4185378</subject_id><object_id>4185379</object_id><predicate>built into</predicate></relation><relation><subject_id>4185399</subject_id><object_id>4185400</object_id><predicate>built into</predicate></relation><relation><subject_id>4430464</subject_id><object_id>4185447</object_id><predicate>sitting on a</predicate></relation></annotation>