<annotation><folder>VG_100K</folder><filename>1159858.jpg</filename><source><database>Visual Genome Version 1.2</database><image_id>1159858</image_id><coco_id>None</coco_id><flickr_id>8226101621</flickr_id></source><size><width>683</width><height>1024</height><depth>3</depth></size><segmented>0</segmented><object><name>phone</name><object_id>1598341</object_id><difficult>0</difficult><bndbox><xmin>498</xmin><ymin>407</ymin><xmax>571</xmax><ymax>530</ymax></bndbox></object><object><name>man</name><object_id>1598340</object_id><difficult>0</difficult><bndbox><xmin>341</xmin><ymin>352</ymin><xmax>601</xmax><ymax>578</ymax></bndbox></object><relation><subject_id>1598340</subject_id><object_id>1598341</object_id><predicate>talking on</predicate></relation></annotation>