<annotation><folder>VG_100K</folder><filename>1159560.jpg</filename><source><database>Visual Genome Version 1.2</database><image_id>1159560</image_id><coco_id>None</coco_id><flickr_id>2560497338</flickr_id></source><size><width>1024</width><height>768</height><depth>3</depth></size><segmented>0</segmented><object><name>women</name><object_id>1595131</object_id><difficult>0</difficult><bndbox><xmin>204</xmin><ymin>85</ymin><xmax>842</xmax><ymax>719</ymax></bndbox></object><object><name>wii</name><object_id>1595130</object_id><difficult>0</difficult><bndbox><xmin>564</xmin><ymin>271</ymin><xmax>843</xmax><ymax>720</ymax></bndbox></object><object><name>woman</name><object_id>3604256</object_id><difficult>0</difficult><bndbox><xmin>408</xmin><ymin>81</ymin><xmax>650</xmax><ymax>702</ymax></bndbox></object><object><name>shirt</name><object_id>3604241</object_id><difficult>0</difficult><bndbox><xmin>443</xmin><ymin>230</ymin><xmax>549</xmax><ymax>479</ymax></bndbox><attribute>orange</attribute></object><object><name>woman</name><object_id>3604264</object_id><difficult>0</difficult><bndbox><xmin>125</xmin><ymin>172</ymin><xmax>798</xmax><ymax>764</ymax></bndbox></object><object><name>sweater</name><object_id>3604243</object_id><difficult>0</difficult><bndbox><xmin>145</xmin><ymin>349</ymin><xmax>614</xmax><ymax>764</ymax></bndbox><attribute>gray</attribute></object><object><name>shirt</name><object_id>3604244</object_id><difficult>0</difficult><bndbox><xmin>347</xmin><ymin>336</ymin><xmax>665</xmax><ymax>641</ymax></bndbox><attribute>white</attribute></object><object><name>wall</name><object_id>1595160</object_id><difficult>0</difficult><bndbox><xmin>2</xmin><ymin>0</ymin><xmax>478</xmax><ymax>453</ymax></bndbox></object><object><name>building</name><object_id>3704216</object_id><difficult>0</difficult><bndbox><xmin>7</xmin><ymin>21</ymin><xmax>1016</xmax><ymax>750</ymax></bndbox></object><relation><subject_id>1595131</subject_id><object_id>1595130</object_id><predicate>playing with</predicate></relation><relation><subject_id>3604256</subject_id><object_id>3604241</object_id><predicate>dressed in</predicate></relation><relation><subject_id>3604264</subject_id><object_id>3604243</object_id><predicate>dressed in</predicate></relation><relation><subject_id>3604264</subject_id><object_id>3604244</object_id><predicate>dressed in</predicate></relation><relation><subject_id>1595160</subject_id><object_id>3704216</object_id><predicate>attached</predicate></relation></annotation>