<annotation><folder>VG_100K</folder><filename>1159875.jpg</filename><source><database>Visual Genome Version 1.2</database><image_id>1159875</image_id><coco_id>None</coco_id><flickr_id>6338124303</flickr_id></source><size><width>768</width><height>1024</height><depth>3</depth></size><segmented>0</segmented><object><name>foot</name><object_id>1077372</object_id><difficult>0</difficult><bndbox><xmin>462</xmin><ymin>883</ymin><xmax>522</xmax><ymax>934</ymax></bndbox></object><object><name>foot</name><object_id>1077373</object_id><difficult>0</difficult><bndbox><xmin>434</xmin><ymin>929</ymin><xmax>549</xmax><ymax>980</ymax></bndbox></object><object><name>arm</name><object_id>1077374</object_id><difficult>0</difficult><bndbox><xmin>552</xmin><ymin>339</ymin><xmax>722</xmax><ymax>581</ymax></bndbox></object><object><name>wood</name><object_id>1077375</object_id><difficult>0</difficult><bndbox><xmin>639</xmin><ymin>557</ymin><xmax>718</xmax><ymax>1024</ymax></bndbox></object><relation><subject_id>1077372</subject_id><object_id>1077373</object_id><predicate>top of</predicate></relation><relation><subject_id>1077374</subject_id><object_id>1077375</object_id><predicate>resting on</predicate></relation></annotation>