<annotation><folder>VG_100K</folder><filename>1159323.jpg</filename><source><database>Visual Genome Version 1.2</database><image_id>1159323</image_id><coco_id>563067</coco_id><flickr_id>7174270492</flickr_id></source><size><width>1024</width><height>768</height><depth>3</depth></size><segmented>0</segmented><object><name>bus</name><object_id>3790131</object_id><difficult>0</difficult><bndbox><xmin>585</xmin><ymin>529</ymin><xmax>1020</xmax><ymax>758</ymax></bndbox><attribute>white</attribute><attribute>black</attribute></object><object><name>writing</name><object_id>1591751</object_id><difficult>0</difficult><bndbox><xmin>521</xmin><ymin>467</ymin><xmax>645</xmax><ymax>519</ymax></bndbox></object><relation><subject_id>1591751</subject_id><object_id>3790131</object_id><predicate>on other side of</predicate></relation></annotation>