<annotation><folder>VG_100K_2</folder><filename>116.jpg</filename><source><database>Visual Genome Version 1.2</database><image_id>116</image_id><coco_id>None</coco_id><flickr_id>None</flickr_id></source><size><width>800</width><height>600</height><depth>3</depth></size><segmented>0</segmented><object><name>tree</name><object_id>1535031</object_id><difficult>0</difficult><bndbox><xmin>382</xmin><ymin>0</ymin><xmax>799</xmax><ymax>546</ymax></bndbox><attribute>leafless</attribute></object><object><name>sidewalk</name><object_id>1535032</object_id><difficult>0</difficult><bndbox><xmin>364</xmin><ymin>442</ymin><xmax>797</xmax><ymax>576</ymax></bndbox></object><relation><subject_id>1535031</subject_id><object_id>1535032</object_id><predicate>beside</predicate></relation></annotation>