<annotation><folder>VG_100K</folder><filename>1160024.jpg</filename><source><database>Visual Genome Version 1.2</database><image_id>1160024</image_id><coco_id>60433</coco_id><flickr_id>9219301673</flickr_id></source><size><width>1024</width><height>739</height><depth>3</depth></size><segmented>0</segmented><object><name>park</name><object_id>1841637</object_id><difficult>0</difficult><bndbox><xmin>701</xmin><ymin>356</ymin><xmax>1021</xmax><ymax>512</ymax></bndbox><attribute>green</attribute></object><object><name>fence</name><object_id>1841638</object_id><difficult>0</difficult><bndbox><xmin>696</xmin><ymin>444</ymin><xmax>1023</xmax><ymax>511</ymax></bndbox></object><relation><subject_id>1841637</subject_id><object_id>1841638</object_id><predicate>surrounded by</predicate></relation></annotation>