<annotation><folder>VG_100K</folder><filename>1160150.jpg</filename><source><database>Visual Genome Version 1.2</database><image_id>1160150</image_id><coco_id>541506</coco_id><flickr_id>8224158139</flickr_id></source><size><width>1024</width><height>768</height><depth>3</depth></size><segmented>0</segmented><object><name>light</name><object_id>4225477</object_id><difficult>0</difficult><bndbox><xmin>370</xmin><ymin>137</ymin><xmax>489</xmax><ymax>177</ymax></bndbox><attribute>yellow</attribute></object><object><name>truck</name><object_id>4225495</object_id><difficult>0</difficult><bndbox><xmin>182</xmin><ymin>141</ymin><xmax>790</xmax><ymax>595</ymax></bndbox><attribute>white</attribute></object><object><name>roof</name><object_id>4225492</object_id><difficult>0</difficult><bndbox><xmin>679</xmin><ymin>102</ymin><xmax>1021</xmax><ymax>200</ymax></bndbox><attribute>metal</attribute></object><object><name>building</name><object_id>4225493</object_id><difficult>0</difficult><bndbox><xmin>640</xmin><ymin>96</ymin><xmax>1021</xmax><ymax>410</ymax></bndbox><attribute>white</attribute></object><relation><subject_id>4225477</subject_id><object_id>4225495</object_id><predicate>top of</predicate></relation><relation><subject_id>4225492</subject_id><object_id>4225493</object_id><predicate>top of</predicate></relation></annotation>