<annotation><folder>VG_100K</folder><filename>1160182.jpg</filename><source><database>Visual Genome Version 1.2</database><image_id>1160182</image_id><coco_id>None</coco_id><flickr_id>8500934422</flickr_id></source><size><width>1024</width><height>649</height><depth>3</depth></size><segmented>0</segmented><object><name>road</name><object_id>1602572</object_id><difficult>0</difficult><bndbox><xmin>11</xmin><ymin>291</ymin><xmax>1005</xmax><ymax>645</ymax></bndbox><attribute>dirt</attribute></object><object><name>cow</name><object_id>1602571</object_id><difficult>0</difficult><bndbox><xmin>80</xmin><ymin>302</ymin><xmax>270</xmax><ymax>538</ymax></bndbox><attribute>brown</attribute></object><object><name>cow</name><object_id>1602574</object_id><difficult>0</difficult><bndbox><xmin>617</xmin><ymin>351</ymin><xmax>782</xmax><ymax>530</ymax></bndbox><attribute>brown</attribute></object><object><name>road</name><object_id>1602573</object_id><difficult>0</difficult><bndbox><xmin>36</xmin><ymin>256</ymin><xmax>982</xmax><ymax>643</ymax></bndbox><attribute>dirt</attribute></object><object><name>road</name><object_id>1602576</object_id><difficult>0</difficult><bndbox><xmin>769</xmin><ymin>258</ymin><xmax>906</xmax><ymax>514</ymax></bndbox><attribute>dirt</attribute></object><object><name>cow</name><object_id>1602575</object_id><difficult>0</difficult><bndbox><xmin>769</xmin><ymin>258</ymin><xmax>906</xmax><ymax>514</ymax></bndbox><attribute>brown</attribute></object><relation><subject_id>1602571</subject_id><object_id>1602572</object_id><predicate>walking towards</predicate></relation><relation><subject_id>1602574</subject_id><object_id>1602573</object_id><predicate>walking towards</predicate></relation><relation><subject_id>1602575</subject_id><object_id>1602576</object_id><predicate>walking towards</predicate></relation></annotation>