<annotation><folder>VG_100K</folder><filename>1160047.jpg</filename><source><database>Visual Genome Version 1.2</database><image_id>1160047</image_id><coco_id>None</coco_id><flickr_id>9759509291</flickr_id></source><size><width>1024</width><height>683</height><depth>3</depth></size><segmented>0</segmented><object><name>sky</name><object_id>4211339</object_id><difficult>0</difficult><bndbox><xmin>2</xmin><ymin>1</ymin><xmax>1018</xmax><ymax>581</ymax></bndbox><attribute>blue</attribute></object><object><name>kite</name><object_id>4292524</object_id><difficult>0</difficult><bndbox><xmin>236</xmin><ymin>267</ymin><xmax>373</xmax><ymax>360</ymax></bndbox><attribute>large</attribute></object><relation><subject_id>4292524</subject_id><object_id>4211339</object_id><predicate>flying in</predicate></relation></annotation>