<annotation><folder>VG_100K</folder><filename>1160195.jpg</filename><source><database>Visual Genome Version 1.2</database><image_id>1160195</image_id><coco_id>None</coco_id><flickr_id>5687900417</flickr_id></source><size><width>1024</width><height>768</height><depth>3</depth></size><segmented>0</segmented><object><name>post</name><object_id>1602887</object_id><difficult>0</difficult><bndbox><xmin>909</xmin><ymin>376</ymin><xmax>926</xmax><ymax>411</ymax></bndbox><attribute>wooden</attribute></object><object><name>water</name><object_id>1602893</object_id><difficult>0</difficult><bndbox><xmin>0</xmin><ymin>323</ymin><xmax>1024</xmax><ymax>479</ymax></bndbox></object><object><name>boat</name><object_id>1602890</object_id><difficult>0</difficult><bndbox><xmin>275</xmin><ymin>421</ymin><xmax>623</xmax><ymax>540</ymax></bndbox></object><object><name>cover</name><object_id>1602908</object_id><difficult>0</difficult><bndbox><xmin>280</xmin><ymin>433</ymin><xmax>623</xmax><ymax>522</ymax></bndbox><attribute>blue</attribute></object><object><name>water</name><object_id>1602902</object_id><difficult>0</difficult><bndbox><xmin>0</xmin><ymin>323</ymin><xmax>1022</xmax><ymax>502</ymax></bndbox></object><object><name>buoy</name><object_id>1602904</object_id><difficult>0</difficult><bndbox><xmin>909</xmin><ymin>376</ymin><xmax>929</xmax><ymax>403</ymax></bndbox></object><relation><subject_id>1602887</subject_id><object_id>1602893</object_id><predicate>sticking out of</predicate></relation><relation><subject_id>1602908</subject_id><object_id>1602890</object_id><predicate>top of</predicate></relation><relation><subject_id>1602904</subject_id><object_id>1602902</object_id><predicate>floating in</predicate></relation></annotation>