<annotation><folder>VG_100K</folder><filename>1160193.jpg</filename><source><database>Visual Genome Version 1.2</database><image_id>1160193</image_id><coco_id>91500</coco_id><flickr_id>4518345389</flickr_id></source><size><width>1024</width><height>768</height><depth>3</depth></size><segmented>0</segmented><object><name>chair</name><object_id>1602798</object_id><difficult>0</difficult><bndbox><xmin>484</xmin><ymin>449</ymin><xmax>865</xmax><ymax>766</ymax></bndbox></object><object><name>boy</name><object_id>1602796</object_id><difficult>0</difficult><bndbox><xmin>1</xmin><ymin>177</ymin><xmax>458</xmax><ymax>766</ymax></bndbox><attribute>young</attribute></object><object><name>boy</name><object_id>1602802</object_id><difficult>0</difficult><bndbox><xmin>170</xmin><ymin>233</ymin><xmax>820</xmax><ymax>766</ymax></bndbox><attribute>young</attribute></object><object><name>chair</name><object_id>1602799</object_id><difficult>0</difficult><bndbox><xmin>74</xmin><ymin>636</ymin><xmax>324</xmax><ymax>766</ymax></bndbox></object><object><name>man</name><object_id>1602763</object_id><difficult>0</difficult><bndbox><xmin>173</xmin><ymin>230</ymin><xmax>815</xmax><ymax>762</ymax></bndbox></object><object><name>man</name><object_id>1602762</object_id><difficult>0</difficult><bndbox><xmin>2</xmin><ymin>179</ymin><xmax>454</xmax><ymax>762</ymax></bndbox></object><object><name>chair</name><object_id>1602784</object_id><difficult>0</difficult><bndbox><xmin>78</xmin><ymin>620</ymin><xmax>331</xmax><ymax>761</ymax></bndbox></object><object><name>chair</name><object_id>1602791</object_id><difficult>0</difficult><bndbox><xmin>83</xmin><ymin>610</ymin><xmax>340</xmax><ymax>766</ymax></bndbox></object><object><name>hand</name><object_id>1602806</object_id><difficult>0</difficult><bndbox><xmin>86</xmin><ymin>512</ymin><xmax>232</xmax><ymax>598</ymax></bndbox></object><object><name>hand</name><object_id>1602805</object_id><difficult>0</difficult><bndbox><xmin>466</xmin><ymin>538</ymin><xmax>564</xmax><ymax>615</ymax></bndbox></object><object><name>controller</name><object_id>1602804</object_id><difficult>0</difficult><bndbox><xmin>473</xmin><ymin>525</ymin><xmax>544</xmax><ymax>634</ymax></bndbox></object><object><name>controller</name><object_id>1602803</object_id><difficult>0</difficult><bndbox><xmin>115</xmin><ymin>525</ymin><xmax>192</xmax><ymax>634</ymax></bndbox></object><relation><subject_id>1602784</subject_id><object_id>1602762</object_id><predicate>under a</predicate></relation><relation><subject_id>1602798</subject_id><object_id>1602763</object_id><predicate>under a</predicate></relation><relation><subject_id>1602762</subject_id><object_id>1602791</object_id><predicate>sitting on a</predicate></relation><relation><subject_id>1602763</subject_id><object_id>1602798</object_id><predicate>sitting on a</predicate></relation><relation><subject_id>1602796</subject_id><object_id>1602799</object_id><predicate>sitting on a</predicate></relation><relation><subject_id>1602802</subject_id><object_id>1602798</object_id><predicate>sitting on a</predicate></relation><relation><subject_id>1602804</subject_id><object_id>1602805</object_id><predicate>sitting on a</predicate></relation><relation><subject_id>1602803</subject_id><object_id>1602806</object_id><predicate>sitting on a</predicate></relation></annotation>