<annotation><folder>VG_100K</folder><filename>1160027.jpg</filename><source><database>Visual Genome Version 1.2</database><image_id>1160027</image_id><coco_id>58329</coco_id><flickr_id>6208863729</flickr_id></source><size><width>1024</width><height>683</height><depth>3</depth></size><segmented>0</segmented><object><name>mirror</name><object_id>2880161</object_id><difficult>0</difficult><bndbox><xmin>31</xmin><ymin>83</ymin><xmax>188</xmax><ymax>360</ymax></bndbox><attribute>large</attribute></object><object><name>door</name><object_id>2880162</object_id><difficult>0</difficult><bndbox><xmin>167</xmin><ymin>84</ymin><xmax>461</xmax><ymax>607</ymax></bndbox></object><relation><subject_id>2880161</subject_id><object_id>2880162</object_id><predicate>on other side of</predicate></relation></annotation>