<annotation><folder>VG_100K</folder><filename>1160218.jpg</filename><source><database>Visual Genome Version 1.2</database><image_id>1160218</image_id><coco_id>None</coco_id><flickr_id>34893383</flickr_id></source><size><width>1280</width><height>853</height><depth>3</depth></size><segmented>0</segmented><object><name>window</name><object_id>4423050</object_id><difficult>0</difficult><bndbox><xmin>35</xmin><ymin>548</ymin><xmax>132</xmax><ymax>629</ymax></bndbox></object><object><name>street</name><object_id>4423051</object_id><difficult>0</difficult><bndbox><xmin>35</xmin><ymin>531</ymin><xmax>1128</xmax><ymax>845</ymax></bndbox><attribute>city</attribute></object><object><name>window</name><object_id>4247650</object_id><difficult>0</difficult><bndbox><xmin>91</xmin><ymin>457</ymin><xmax>130</xmax><ymax>587</ymax></bndbox></object><object><name>street</name><object_id>4247655</object_id><difficult>0</difficult><bndbox><xmin>0</xmin><ymin>10</ymin><xmax>1266</xmax><ymax>845</ymax></bndbox></object><object><name>window</name><object_id>4247653</object_id><difficult>0</difficult><bndbox><xmin>5</xmin><ymin>532</ymin><xmax>65</xmax><ymax>618</ymax></bndbox></object><object><name>window</name><object_id>4247654</object_id><difficult>0</difficult><bndbox><xmin>65</xmin><ymin>553</ymin><xmax>116</xmax><ymax>613</ymax></bndbox></object><relation><subject_id>4423050</subject_id><object_id>4423051</object_id><predicate>facing</predicate></relation><relation><subject_id>4247650</subject_id><object_id>4247655</object_id><predicate>facing</predicate></relation><relation><subject_id>4247653</subject_id><object_id>4247655</object_id><predicate>facing</predicate></relation><relation><subject_id>4247654</subject_id><object_id>4247655</object_id><predicate>facing</predicate></relation></annotation>