<annotation><folder>VG_100K</folder><filename>1160231.jpg</filename><source><database>Visual Genome Version 1.2</database><image_id>1160231</image_id><coco_id>None</coco_id><flickr_id>9219301563</flickr_id></source><size><width>1024</width><height>768</height><depth>3</depth></size><segmented>0</segmented><object><name>sidewalk</name><object_id>1603124</object_id><difficult>0</difficult><bndbox><xmin>568</xmin><ymin>560</ymin><xmax>1022</xmax><ymax>764</ymax></bndbox></object><object><name>man</name><object_id>1603123</object_id><difficult>0</difficult><bndbox><xmin>922</xmin><ymin>496</ymin><xmax>981</xmax><ymax>569</ymax></bndbox></object><relation><subject_id>1603123</subject_id><object_id>1603124</object_id><predicate>walking towards</predicate></relation></annotation>