<annotation><folder>VG_100K</folder><filename>1160039.jpg</filename><source><database>Visual Genome Version 1.2</database><image_id>1160039</image_id><coco_id>None</coco_id><flickr_id>3904161646</flickr_id></source><size><width>600</width><height>600</height><depth>3</depth></size><segmented>0</segmented><object><name>person</name><object_id>1600663</object_id><difficult>0</difficult><bndbox><xmin>193</xmin><ymin>64</ymin><xmax>217</xmax><ymax>129</ymax></bndbox></object><object><name>person</name><object_id>1600662</object_id><difficult>0</difficult><bndbox><xmin>514</xmin><ymin>76</ymin><xmax>579</xmax><ymax>232</ymax></bndbox></object><object><name>person</name><object_id>1600661</object_id><difficult>0</difficult><bndbox><xmin>446</xmin><ymin>77</ymin><xmax>483</xmax><ymax>203</ymax></bndbox></object><object><name>park</name><object_id>3706390</object_id><difficult>0</difficult><bndbox><xmin>4</xmin><ymin>4</ymin><xmax>581</xmax><ymax>257</ymax></bndbox></object><relation><subject_id>1600663</subject_id><object_id>3706390</object_id><predicate>walking towards</predicate></relation><relation><subject_id>1600662</subject_id><object_id>3706390</object_id><predicate>walking towards</predicate></relation><relation><subject_id>1600661</subject_id><object_id>3706390</object_id><predicate>walking towards</predicate></relation></annotation>