<annotation><folder>VG_100K</folder><filename>1160010.jpg</filename><source><database>Visual Genome Version 1.2</database><image_id>1160010</image_id><coco_id>None</coco_id><flickr_id>8315461526</flickr_id></source><size><width>867</width><height>1024</height><depth>3</depth></size><segmented>0</segmented><object><name>figurine</name><object_id>1600223</object_id><difficult>0</difficult><bndbox><xmin>574</xmin><ymin>402</ymin><xmax>654</xmax><ymax>523</ymax></bndbox></object><object><name>cake</name><object_id>1600224</object_id><difficult>0</difficult><bndbox><xmin>521</xmin><ymin>505</ymin><xmax>763</xmax><ymax>729</ymax></bndbox></object><object><name>cake</name><object_id>1600229</object_id><difficult>0</difficult><bndbox><xmin>507</xmin><ymin>507</ymin><xmax>758</xmax><ymax>736</ymax></bndbox></object><object><name>rose</name><object_id>3607163</object_id><difficult>0</difficult><bndbox><xmin>565</xmin><ymin>723</ymin><xmax>613</xmax><ymax>760</ymax></bndbox><attribute>red</attribute></object><object><name>rose</name><object_id>3607164</object_id><difficult>0</difficult><bndbox><xmin>567</xmin><ymin>551</ymin><xmax>606</xmax><ymax>585</ymax></bndbox><attribute>red</attribute></object><object><name>rose</name><object_id>3607165</object_id><difficult>0</difficult><bndbox><xmin>676</xmin><ymin>720</ymin><xmax>731</xmax><ymax>762</ymax></bndbox><attribute>red</attribute></object><object><name>rose</name><object_id>3607166</object_id><difficult>0</difficult><bndbox><xmin>766</xmin><ymin>698</ymin><xmax>813</xmax><ymax>734</ymax></bndbox><attribute>red</attribute></object><object><name>rose</name><object_id>3607167</object_id><difficult>0</difficult><bndbox><xmin>498</xmin><ymin>710</ymin><xmax>542</xmax><ymax>743</ymax></bndbox><attribute>red</attribute></object><object><name>curtain</name><object_id>3607173</object_id><difficult>0</difficult><bndbox><xmin>630</xmin><ymin>1</ymin><xmax>786</xmax><ymax>543</ymax></bndbox></object><object><name>curtain</name><object_id>3607174</object_id><difficult>0</difficult><bndbox><xmin>561</xmin><ymin>59</ymin><xmax>641</xmax><ymax>443</ymax></bndbox></object><object><name>design</name><object_id>3607175</object_id><difficult>0</difficult><bndbox><xmin>756</xmin><ymin>104</ymin><xmax>784</xmax><ymax>149</ymax></bndbox></object><object><name>design</name><object_id>3607176</object_id><difficult>0</difficult><bndbox><xmin>709</xmin><ymin>187</ymin><xmax>738</xmax><ymax>223</ymax></bndbox></object><object><name>design</name><object_id>3607177</object_id><difficult>0</difficult><bndbox><xmin>644</xmin><ymin>413</ymin><xmax>669</xmax><ymax>450</ymax></bndbox></object><object><name>design</name><object_id>3607178</object_id><difficult>0</difficult><bndbox><xmin>619</xmin><ymin>127</ymin><xmax>641</xmax><ymax>161</ymax></bndbox></object><object><name>design</name><object_id>3607179</object_id><difficult>0</difficult><bndbox><xmin>599</xmin><ymin>145</ymin><xmax>613</xmax><ymax>170</ymax></bndbox></object><object><name>cake</name><object_id>3607186</object_id><difficult>0</difficult><bndbox><xmin>474</xmin><ymin>491</ymin><xmax>825</xmax><ymax>771</ymax></bndbox></object><object><name>flower</name><object_id>3607187</object_id><difficult>0</difficult><bndbox><xmin>766</xmin><ymin>696</ymin><xmax>813</xmax><ymax>735</ymax></bndbox></object><object><name>flower</name><object_id>3607188</object_id><difficult>0</difficult><bndbox><xmin>676</xmin><ymin>725</ymin><xmax>732</xmax><ymax>759</ymax></bndbox></object><object><name>flower</name><object_id>3607189</object_id><difficult>0</difficult><bndbox><xmin>562</xmin><ymin>721</ymin><xmax>610</xmax><ymax>758</ymax></bndbox></object><object><name>flower</name><object_id>3607190</object_id><difficult>0</difficult><bndbox><xmin>494</xmin><ymin>704</ymin><xmax>541</xmax><ymax>741</ymax></bndbox></object><object><name>flower</name><object_id>3607191</object_id><difficult>0</difficult><bndbox><xmin>531</xmin><ymin>611</ymin><xmax>565</xmax><ymax>656</ymax></bndbox></object><relation><subject_id>1600223</subject_id><object_id>1600224</object_id><predicate>top of</predicate></relation><relation><subject_id>3607163</subject_id><object_id>1600229</object_id><predicate>decorating</predicate></relation><relation><subject_id>3607164</subject_id><object_id>1600229</object_id><predicate>decorating</predicate></relation><relation><subject_id>3607165</subject_id><object_id>1600229</object_id><predicate>decorating</predicate></relation><relation><subject_id>3607166</subject_id><object_id>1600229</object_id><predicate>decorating</predicate></relation><relation><subject_id>3607167</subject_id><object_id>1600229</object_id><predicate>decorating</predicate></relation><relation><subject_id>3607175</subject_id><object_id>3607173</object_id><predicate>decorating</predicate></relation><relation><subject_id>3607176</subject_id><object_id>3607173</object_id><predicate>decorating</predicate></relation><relation><subject_id>3607177</subject_id><object_id>3607173</object_id><predicate>decorating</predicate></relation><relation><subject_id>3607178</subject_id><object_id>3607174</object_id><predicate>decorating</predicate></relation><relation><subject_id>3607179</subject_id><object_id>3607174</object_id><predicate>decorating</predicate></relation><relation><subject_id>3607187</subject_id><object_id>3607186</object_id><predicate>decorating</predicate></relation><relation><subject_id>3607188</subject_id><object_id>3607186</object_id><predicate>decorating</predicate></relation><relation><subject_id>3607189</subject_id><object_id>3607186</object_id><predicate>decorating</predicate></relation><relation><subject_id>3607190</subject_id><object_id>3607186</object_id><predicate>decorating</predicate></relation><relation><subject_id>3607191</subject_id><object_id>3607186</object_id><predicate>decorating</predicate></relation></annotation>