<annotation><folder>VG_100K</folder><filename>1160078.jpg</filename><source><database>Visual Genome Version 1.2</database><image_id>1160078</image_id><coco_id>None</coco_id><flickr_id>9250523220</flickr_id></source><size><width>1024</width><height>671</height><depth>3</depth></size><segmented>0</segmented><object><name>bed</name><object_id>1601247</object_id><difficult>0</difficult><bndbox><xmin>88</xmin><ymin>296</ymin><xmax>863</xmax><ymax>667</ymax></bndbox></object><object><name>rug</name><object_id>1601246</object_id><difficult>0</difficult><bndbox><xmin>496</xmin><ymin>527</ymin><xmax>841</xmax><ymax>660</ymax></bndbox></object><relation><subject_id>1601246</subject_id><object_id>1601247</object_id><predicate>under a</predicate></relation></annotation>