<annotation><folder>VG_100K</folder><filename>1160136.jpg</filename><source><database>Visual Genome Version 1.2</database><image_id>1160136</image_id><coco_id>96808</coco_id><flickr_id>5378594477</flickr_id></source><size><width>1024</width><height>683</height><depth>3</depth></size><segmented>0</segmented><object><name>carpet</name><object_id>1040056</object_id><difficult>0</difficult><bndbox><xmin>0</xmin><ymin>436</ymin><xmax>520</xmax><ymax>682</ymax></bndbox><attribute>tan</attribute><attribute>red</attribute></object><object><name>wall</name><object_id>1040057</object_id><difficult>0</difficult><bndbox><xmin>646</xmin><ymin>3</ymin><xmax>1023</xmax><ymax>311</ymax></bndbox><attribute>red</attribute></object><object><name>light</name><object_id>1040059</object_id><difficult>0</difficult><bndbox><xmin>60</xmin><ymin>579</ymin><xmax>398</xmax><ymax>647</ymax></bndbox></object><object><name>painting</name><object_id>1040061</object_id><difficult>0</difficult><bndbox><xmin>736</xmin><ymin>128</ymin><xmax>852</xmax><ymax>254</ymax></bndbox><attribute>framed</attribute></object><object><name>fixture</name><object_id>1040068</object_id><difficult>0</difficult><bndbox><xmin>13</xmin><ymin>63</ymin><xmax>64</xmax><ymax>144</ymax></bndbox><attribute>white</attribute></object><object><name>wall</name><object_id>1040069</object_id><difficult>0</difficult><bndbox><xmin>42</xmin><ymin>4</ymin><xmax>78</xmax><ymax>376</ymax></bndbox></object><relation><subject_id>1040068</subject_id><object_id>1040069</object_id><predicate>attached</predicate></relation><relation><subject_id>1040059</subject_id><object_id>1040056</object_id><predicate>across</predicate></relation><relation><subject_id>1040061</subject_id><object_id>1040057</object_id><predicate>attached</predicate></relation></annotation>