<annotation><folder>VG_100K</folder><filename>1160082.jpg</filename><source><database>Visual Genome Version 1.2</database><image_id>1160082</image_id><coco_id>None</coco_id><flickr_id>8621294981</flickr_id></source><size><width>1024</width><height>768</height><depth>3</depth></size><segmented>0</segmented><object><name>man</name><object_id>3607639</object_id><difficult>0</difficult><bndbox><xmin>219</xmin><ymin>129</ymin><xmax>796</xmax><ymax>765</ymax></bndbox></object><object><name>man</name><object_id>1601302</object_id><difficult>0</difficult><bndbox><xmin>215</xmin><ymin>145</ymin><xmax>519</xmax><ymax>766</ymax></bndbox></object><object><name>net</name><object_id>1601284</object_id><difficult>0</difficult><bndbox><xmin>13</xmin><ymin>378</ymin><xmax>918</xmax><ymax>765</ymax></bndbox></object><object><name>building</name><object_id>1601287</object_id><difficult>0</difficult><bndbox><xmin>219</xmin><ymin>117</ymin><xmax>1017</xmax><ymax>449</ymax></bndbox></object><object><name>wall</name><object_id>1601286</object_id><difficult>0</difficult><bndbox><xmin>399</xmin><ymin>148</ymin><xmax>1011</xmax><ymax>423</ymax></bndbox></object><relation><subject_id>1601284</subject_id><object_id>1601302</object_id><predicate>between</predicate></relation><relation><subject_id>1601284</subject_id><object_id>3607639</object_id><predicate>between</predicate></relation><relation><subject_id>1601286</subject_id><object_id>1601287</object_id><predicate>on other side of</predicate></relation></annotation>