<annotation><folder>VG_100K</folder><filename>1160152.jpg</filename><source><database>Visual Genome Version 1.2</database><image_id>1160152</image_id><coco_id>327032</coco_id><flickr_id>2646977984</flickr_id></source><size><width>1024</width><height>768</height><depth>3</depth></size><segmented>0</segmented><object><name>pot</name><object_id>1602283</object_id><difficult>0</difficult><bndbox><xmin>784</xmin><ymin>128</ymin><xmax>829</xmax><ymax>246</ymax></bndbox></object><object><name>ceiling</name><object_id>1602291</object_id><difficult>0</difficult><bndbox><xmin>2</xmin><ymin>0</ymin><xmax>1020</xmax><ymax>198</ymax></bndbox></object><object><name>pot</name><object_id>1602284</object_id><difficult>0</difficult><bndbox><xmin>807</xmin><ymin>94</ymin><xmax>859</xmax><ymax>232</ymax></bndbox></object><object><name>ceiling</name><object_id>3706753</object_id><difficult>0</difficult><bndbox><xmin>11</xmin><ymin>5</ymin><xmax>1020</xmax><ymax>161</ymax></bndbox></object><object><name>pot</name><object_id>1602285</object_id><difficult>0</difficult><bndbox><xmin>718</xmin><ymin>114</ymin><xmax>837</xmax><ymax>260</ymax></bndbox></object><object><name>ceiling</name><object_id>1602306</object_id><difficult>0</difficult><bndbox><xmin>8</xmin><ymin>8</ymin><xmax>1017</xmax><ymax>182</ymax></bndbox></object><object><name>pot</name><object_id>1602289</object_id><difficult>0</difficult><bndbox><xmin>715</xmin><ymin>141</ymin><xmax>755</xmax><ymax>243</ymax></bndbox></object><object><name>pot</name><object_id>1602290</object_id><difficult>0</difficult><bndbox><xmin>882</xmin><ymin>123</ymin><xmax>936</xmax><ymax>204</ymax></bndbox></object><object><name>building</name><object_id>1602294</object_id><difficult>0</difficult><bndbox><xmin>8</xmin><ymin>5</ymin><xmax>982</xmax><ymax>767</ymax></bndbox></object><object><name>wall</name><object_id>1602295</object_id><difficult>0</difficult><bndbox><xmin>441</xmin><ymin>82</ymin><xmax>620</xmax><ymax>557</ymax></bndbox></object><object><name>boy</name><object_id>1602296</object_id><difficult>0</difficult><bndbox><xmin>255</xmin><ymin>108</ymin><xmax>549</xmax><ymax>758</ymax></bndbox></object><object><name>wii</name><object_id>3706757</object_id><difficult>0</difficult><bndbox><xmin>471</xmin><ymin>422</ymin><xmax>500</xmax><ymax>472</ymax></bndbox></object><object><name>arm</name><object_id>1602298</object_id><difficult>0</difficult><bndbox><xmin>693</xmin><ymin>528</ymin><xmax>766</xmax><ymax>756</ymax></bndbox></object><object><name>boy</name><object_id>1602297</object_id><difficult>0</difficult><bndbox><xmin>665</xmin><ymin>230</ymin><xmax>888</xmax><ymax>692</ymax></bndbox><attribute>young</attribute></object><object><name>young man</name><object_id>1602302</object_id><difficult>0</difficult><bndbox><xmin>269</xmin><ymin>101</ymin><xmax>526</xmax><ymax>766</ymax></bndbox><attribute>young</attribute></object><object><name>wii</name><object_id>3706759</object_id><difficult>0</difficult><bndbox><xmin>461</xmin><ymin>418</ymin><xmax>496</xmax><ymax>475</ymax></bndbox></object><relation><subject_id>1602283</subject_id><object_id>1602291</object_id><predicate>hanging on a</predicate></relation><relation><subject_id>1602284</subject_id><object_id>3706753</object_id><predicate>hanging on a</predicate></relation><relation><subject_id>1602285</subject_id><object_id>1602291</object_id><predicate>hanging on a</predicate></relation><relation><subject_id>1602289</subject_id><object_id>1602306</object_id><predicate>hanging on a</predicate></relation><relation><subject_id>1602290</subject_id><object_id>1602291</object_id><predicate>hanging on a</predicate></relation><relation><subject_id>1602295</subject_id><object_id>1602294</object_id><predicate>on other side of</predicate></relation><relation><subject_id>1602296</subject_id><object_id>3706757</object_id><predicate>playing with</predicate></relation><relation><subject_id>1602297</subject_id><object_id>1602298</object_id><predicate>sitting on a</predicate></relation><relation><subject_id>1602302</subject_id><object_id>3706759</object_id><predicate>playing with</predicate></relation></annotation>