<annotation><folder>VG_100K</folder><filename>1160018.jpg</filename><source><database>Visual Genome Version 1.2</database><image_id>1160018</image_id><coco_id>None</coco_id><flickr_id>5558494996</flickr_id></source><size><width>1024</width><height>791</height><depth>3</depth></size><segmented>0</segmented><object><name>woman</name><object_id>1600312</object_id><difficult>0</difficult><bndbox><xmin>977</xmin><ymin>169</ymin><xmax>1015</xmax><ymax>306</ymax></bndbox></object><object><name>fruit</name><object_id>3607256</object_id><difficult>0</difficult><bndbox><xmin>258</xmin><ymin>333</ymin><xmax>526</xmax><ymax>474</ymax></bndbox></object><relation><subject_id>1600312</subject_id><object_id>3607256</object_id><predicate>selling</predicate></relation></annotation>