<annotation><folder>VG_100K</folder><filename>1160189.jpg</filename><source><database>Visual Genome Version 1.2</database><image_id>1160189</image_id><coco_id>155993</coco_id><flickr_id>6541634331</flickr_id></source><size><width>1024</width><height>768</height><depth>3</depth></size><segmented>0</segmented><object><name>towel</name><object_id>4394976</object_id><difficult>0</difficult><bndbox><xmin>43</xmin><ymin>629</ymin><xmax>123</xmax><ymax>671</ymax></bndbox></object><object><name>towel</name><object_id>4394977</object_id><difficult>0</difficult><bndbox><xmin>195</xmin><ymin>590</ymin><xmax>267</xmax><ymax>640</ymax></bndbox></object><object><name>sink</name><object_id>4394978</object_id><difficult>0</difficult><bndbox><xmin>138</xmin><ymin>467</ymin><xmax>309</xmax><ymax>558</ymax></bndbox></object><relation><subject_id>4394976</subject_id><object_id>4394978</object_id><predicate>beneath</predicate></relation><relation><subject_id>4394977</subject_id><object_id>4394978</object_id><predicate>beneath</predicate></relation></annotation>