<annotation><folder>VG_100K</folder><filename>1160006.jpg</filename><source><database>Visual Genome Version 1.2</database><image_id>1160006</image_id><coco_id>None</coco_id><flickr_id>4626019950</flickr_id></source><size><width>800</width><height>600</height><depth>3</depth></size><segmented>0</segmented><object><name>helmet</name><object_id>1600216</object_id><difficult>0</difficult><bndbox><xmin>754</xmin><ymin>361</ymin><xmax>780</xmax><ymax>387</ymax></bndbox><attribute>blue</attribute></object><object><name>skier</name><object_id>1600215</object_id><difficult>0</difficult><bndbox><xmin>733</xmin><ymin>365</ymin><xmax>793</xmax><ymax>528</ymax></bndbox></object><relation><subject_id>1600216</subject_id><object_id>1600215</object_id><predicate>on back of</predicate></relation></annotation>