<annotation><folder>VG_100K</folder><filename>1160244.jpg</filename><source><database>Visual Genome Version 1.2</database><image_id>1160244</image_id><coco_id>507362</coco_id><flickr_id>6378957229</flickr_id></source><size><width>1024</width><height>683</height><depth>3</depth></size><segmented>0</segmented><object><name>wall</name><object_id>4235430</object_id><difficult>0</difficult><bndbox><xmin>313</xmin><ymin>369</ymin><xmax>501</xmax><ymax>521</ymax></bndbox></object><object><name>building</name><object_id>4235431</object_id><difficult>0</difficult><bndbox><xmin>267</xmin><ymin>382</ymin><xmax>577</xmax><ymax>532</ymax></bndbox></object><relation><subject_id>4235430</subject_id><object_id>4235431</object_id><predicate>on other side of</predicate></relation></annotation>