<annotation><folder>VG_100K</folder><filename>1160145.jpg</filename><source><database>Visual Genome Version 1.2</database><image_id>1160145</image_id><coco_id>518511</coco_id><flickr_id>8227611016</flickr_id></source><size><width>1024</width><height>680</height><depth>3</depth></size><segmented>0</segmented><object><name>car</name><object_id>1077551</object_id><difficult>0</difficult><bndbox><xmin>494</xmin><ymin>240</ymin><xmax>740</xmax><ymax>402</ymax></bndbox><attribute>gray</attribute><attribute>silver</attribute><attribute>parked</attribute></object><object><name>curb</name><object_id>1077554</object_id><difficult>0</difficult><bndbox><xmin>181</xmin><ymin>275</ymin><xmax>863</xmax><ymax>678</ymax></bndbox><attribute>yellow</attribute></object><object><name>pavement</name><object_id>1077559</object_id><difficult>0</difficult><bndbox><xmin>3</xmin><ymin>292</ymin><xmax>827</xmax><ymax>677</ymax></bndbox><attribute>city</attribute></object><object><name>jeep</name><object_id>1077565</object_id><difficult>0</difficult><bndbox><xmin>36</xmin><ymin>190</ymin><xmax>227</xmax><ymax>301</ymax></bndbox><attribute>black</attribute><attribute>parked</attribute><attribute>red</attribute></object><relation><subject_id>1077565</subject_id><object_id>1077559</object_id><predicate>across</predicate></relation><relation><subject_id>1077551</subject_id><object_id>1077554</object_id><predicate>beside</predicate></relation></annotation>