<annotation><folder>VG_100K</folder><filename>1160045.jpg</filename><source><database>Visual Genome Version 1.2</database><image_id>1160045</image_id><coco_id>433998</coco_id><flickr_id>5652833786</flickr_id></source><size><width>1024</width><height>683</height><depth>3</depth></size><segmented>0</segmented><object><name>stands</name><object_id>3790315</object_id><difficult>0</difficult><bndbox><xmin>4</xmin><ymin>139</ymin><xmax>1022</xmax><ymax>230</ymax></bndbox></object><object><name>fans</name><object_id>1600743</object_id><difficult>0</difficult><bndbox><xmin>533</xmin><ymin>98</ymin><xmax>851</xmax><ymax>206</ymax></bndbox></object><relation><subject_id>1600743</subject_id><object_id>3790315</object_id><predicate>sitting on a</predicate></relation><relation><subject_id>1600743</subject_id><object_id>3790315</object_id><predicate>sitting on a</predicate></relation></annotation>