<annotation><folder>VG_100K_2</folder><filename>1160.jpg</filename><source><database>Visual Genome Version 1.2</database><image_id>1160</image_id><coco_id>None</coco_id><flickr_id>None</flickr_id></source><size><width>398</width><height>600</height><depth>3</depth></size><segmented>0</segmented><object><name>man</name><object_id>1541716</object_id><difficult>0</difficult><bndbox><xmin>171</xmin><ymin>275</ymin><xmax>244</xmax><ymax>321</ymax></bndbox></object><object><name>woman</name><object_id>1541715</object_id><difficult>0</difficult><bndbox><xmin>283</xmin><ymin>159</ymin><xmax>358</xmax><ymax>298</ymax></bndbox></object><object><name>tree</name><object_id>1541720</object_id><difficult>0</difficult><bndbox><xmin>183</xmin><ymin>467</ymin><xmax>365</xmax><ymax>597</ymax></bndbox></object><object><name>rock</name><object_id>1541721</object_id><difficult>0</difficult><bndbox><xmin>142</xmin><ymin>388</ymin><xmax>376</xmax><ymax>554</ymax></bndbox></object><object><name>rock</name><object_id>1541728</object_id><difficult>0</difficult><bndbox><xmin>4</xmin><ymin>391</ymin><xmax>394</xmax><ymax>597</ymax></bndbox></object><object><name>plants</name><object_id>1541729</object_id><difficult>0</difficult><bndbox><xmin>166</xmin><ymin>419</ymin><xmax>389</xmax><ymax>596</ymax></bndbox></object><object><name>plant</name><object_id>1541731</object_id><difficult>0</difficult><bndbox><xmin>152</xmin><ymin>423</ymin><xmax>393</xmax><ymax>599</ymax></bndbox></object><relation><subject_id>1541715</subject_id><object_id>1541716</object_id><predicate>talking on</predicate></relation><relation><subject_id>1541720</subject_id><object_id>1541721</object_id><predicate>beside</predicate></relation><relation><subject_id>1541729</subject_id><object_id>1541728</object_id><predicate>beside</predicate></relation><relation><subject_id>1541731</subject_id><object_id>1541728</object_id><predicate>beside</predicate></relation></annotation>