<annotation><folder>VG_100K</folder><filename>1160076.jpg</filename><source><database>Visual Genome Version 1.2</database><image_id>1160076</image_id><coco_id>None</coco_id><flickr_id>7756820246</flickr_id></source><size><width>765</width><height>1024</height><depth>3</depth></size><segmented>0</segmented><object><name>roll</name><object_id>3797374</object_id><difficult>0</difficult><bndbox><xmin>166</xmin><ymin>879</ymin><xmax>363</xmax><ymax>997</ymax></bndbox></object><object><name>napkin</name><object_id>1601145</object_id><difficult>0</difficult><bndbox><xmin>143</xmin><ymin>924</ymin><xmax>400</xmax><ymax>1013</ymax></bndbox><attribute>white</attribute></object><relation><subject_id>1601145</subject_id><object_id>3797374</object_id><predicate>under a</predicate></relation></annotation>