<annotation><folder>VG_100K</folder><filename>1160114.jpg</filename><source><database>Visual Genome Version 1.2</database><image_id>1160114</image_id><coco_id>None</coco_id><flickr_id>5724960367</flickr_id></source><size><width>1024</width><height>768</height><depth>3</depth></size><segmented>0</segmented><object><name>tree</name><object_id>4233168</object_id><difficult>0</difficult><bndbox><xmin>748</xmin><ymin>0</ymin><xmax>991</xmax><ymax>366</ymax></bndbox><attribute>large</attribute></object><object><name>road</name><object_id>4233293</object_id><difficult>0</difficult><bndbox><xmin>8</xmin><ymin>340</ymin><xmax>1007</xmax><ymax>764</ymax></bndbox></object><object><name>street lamp</name><object_id>4233171</object_id><difficult>0</difficult><bndbox><xmin>586</xmin><ymin>199</ymin><xmax>651</xmax><ymax>316</ymax></bndbox></object><object><name>man</name><object_id>4233324</object_id><difficult>0</difficult><bndbox><xmin>136</xmin><ymin>348</ymin><xmax>171</xmax><ymax>401</ymax></bndbox></object><object><name>bicycle</name><object_id>4233325</object_id><difficult>0</difficult><bndbox><xmin>142</xmin><ymin>368</ymin><xmax>177</xmax><ymax>414</ymax></bndbox></object><object><name>man</name><object_id>4233326</object_id><difficult>0</difficult><bndbox><xmin>105</xmin><ymin>329</ymin><xmax>132</xmax><ymax>403</ymax></bndbox></object><object><name>shirt</name><object_id>4233327</object_id><difficult>0</difficult><bndbox><xmin>105</xmin><ymin>348</ymin><xmax>138</xmax><ymax>390</ymax></bndbox><attribute>blue</attribute></object><relation><subject_id>4233168</subject_id><object_id>4233293</object_id><predicate>on other side of</predicate></relation><relation><subject_id>4233171</subject_id><object_id>4233293</object_id><predicate>on other side of</predicate></relation><relation><subject_id>4233324</subject_id><object_id>4233325</object_id><predicate>sitting on a</predicate></relation><relation><subject_id>4233326</subject_id><object_id>4233327</object_id><predicate>standing with</predicate></relation></annotation>