<annotation><folder>VG_100K</folder><filename>1160004.jpg</filename><source><database>Visual Genome Version 1.2</database><image_id>1160004</image_id><coco_id>390147</coco_id><flickr_id>76442573</flickr_id></source><size><width>480</width><height>360</height><depth>3</depth></size><segmented>0</segmented><object><name>sidewalk</name><object_id>1600157</object_id><difficult>0</difficult><bndbox><xmin>18</xmin><ymin>164</ymin><xmax>255</xmax><ymax>347</ymax></bndbox></object><object><name>men</name><object_id>1600156</object_id><difficult>0</difficult><bndbox><xmin>18</xmin><ymin>164</ymin><xmax>120</xmax><ymax>259</ymax></bndbox></object><relation><subject_id>1600156</subject_id><object_id>1600157</object_id><predicate>walking towards</predicate></relation></annotation>