<annotation><folder>VG_100K</folder><filename>1160075.jpg</filename><source><database>Visual Genome Version 1.2</database><image_id>1160075</image_id><coco_id>297266</coco_id><flickr_id>7268635618</flickr_id></source><size><width>1024</width><height>683</height><depth>3</depth></size><segmented>0</segmented><object><name>motorcycle</name><object_id>1601125</object_id><difficult>0</difficult><bndbox><xmin>620</xmin><ymin>255</ymin><xmax>957</xmax><ymax>679</ymax></bndbox></object><object><name>man</name><object_id>3797364</object_id><difficult>0</difficult><bndbox><xmin>824</xmin><ymin>169</ymin><xmax>1008</xmax><ymax>660</ymax></bndbox><attribute>older</attribute></object><relation><subject_id>3797364</subject_id><object_id>1601125</object_id><predicate>sitting on a</predicate></relation></annotation>