<annotation><folder>VG_100K</folder><filename>1160124.jpg</filename><source><database>Visual Genome Version 1.2</database><image_id>1160124</image_id><coco_id>None</coco_id><flickr_id>6555244243</flickr_id></source><size><width>1024</width><height>768</height><depth>3</depth></size><segmented>0</segmented><object><name>bikes</name><object_id>1601966</object_id><difficult>0</difficult><bndbox><xmin>33</xmin><ymin>575</ymin><xmax>369</xmax><ymax>690</ymax></bndbox></object><object><name>trees</name><object_id>3797403</object_id><difficult>0</difficult><bndbox><xmin>41</xmin><ymin>261</ymin><xmax>588</xmax><ymax>543</ymax></bndbox></object><relation><subject_id>1601966</subject_id><object_id>3797403</object_id><predicate>among</predicate></relation></annotation>