<annotation><folder>VG_100K</folder><filename>1160077.jpg</filename><source><database>Visual Genome Version 1.2</database><image_id>1160077</image_id><coco_id>None</coco_id><flickr_id>6040105264</flickr_id></source><size><width>1024</width><height>683</height><depth>3</depth></size><segmented>0</segmented><object><name>airplane</name><object_id>1601183</object_id><difficult>0</difficult><bndbox><xmin>123</xmin><ymin>175</ymin><xmax>959</xmax><ymax>322</ymax></bndbox></object><object><name>stripe</name><object_id>1601182</object_id><difficult>0</difficult><bndbox><xmin>411</xmin><ymin>258</ymin><xmax>611</xmax><ymax>290</ymax></bndbox></object><object><name>airplane</name><object_id>1601200</object_id><difficult>0</difficult><bndbox><xmin>121</xmin><ymin>168</ymin><xmax>880</xmax><ymax>330</ymax></bndbox></object><object><name>stroller</name><object_id>1601199</object_id><difficult>0</difficult><bndbox><xmin>183</xmin><ymin>387</ymin><xmax>216</xmax><ymax>436</ymax></bndbox></object><object><name>stairs</name><object_id>1601214</object_id><difficult>0</difficult><bndbox><xmin>360</xmin><ymin>293</ymin><xmax>506</xmax><ymax>421</ymax></bndbox></object><object><name>woman</name><object_id>1601212</object_id><difficult>0</difficult><bndbox><xmin>427</xmin><ymin>276</ymin><xmax>457</xmax><ymax>337</ymax></bndbox></object><relation><subject_id>1601182</subject_id><object_id>1601183</object_id><predicate>on other side of</predicate></relation><relation><subject_id>1601199</subject_id><object_id>1601200</object_id><predicate>under a</predicate></relation><relation><subject_id>1601212</subject_id><object_id>1601214</object_id><predicate>walking towards</predicate></relation></annotation>