<annotation><folder>VG_100K</folder><filename>1160084.jpg</filename><source><database>Visual Genome Version 1.2</database><image_id>1160084</image_id><coco_id>433896</coco_id><flickr_id>2184272822</flickr_id></source><size><width>1024</width><height>681</height><depth>3</depth></size><segmented>0</segmented><object><name>woman</name><object_id>1077495</object_id><difficult>0</difficult><bndbox><xmin>205</xmin><ymin>25</ymin><xmax>552</xmax><ymax>292</ymax></bndbox></object><object><name>bed</name><object_id>1077497</object_id><difficult>0</difficult><bndbox><xmin>172</xmin><ymin>346</ymin><xmax>410</xmax><ymax>464</ymax></bndbox></object><object><name>boy</name><object_id>1077500</object_id><difficult>0</difficult><bndbox><xmin>525</xmin><ymin>41</ymin><xmax>759</xmax><ymax>358</ymax></bndbox></object><object><name>cat</name><object_id>1077503</object_id><difficult>0</difficult><bndbox><xmin>461</xmin><ymin>428</ymin><xmax>739</xmax><ymax>679</ymax></bndbox><attribute>gray</attribute><attribute>brown</attribute><attribute>grey</attribute><attribute>sleeping</attribute><attribute>large</attribute><attribute>black</attribute><attribute>dark</attribute><attribute>white</attribute><attribute>multicolored</attribute><attribute>striped</attribute></object><object><name>headboard</name><object_id>1077511</object_id><difficult>0</difficult><bndbox><xmin>769</xmin><ymin>198</ymin><xmax>882</xmax><ymax>292</ymax></bndbox><attribute>wooden</attribute><attribute>brown</attribute><attribute>wood</attribute></object><object><name>paws</name><object_id>1077521</object_id><difficult>0</difficult><bndbox><xmin>150</xmin><ymin>575</ymin><xmax>183</xmax><ymax>602</ymax></bndbox></object><object><name>chest</name><object_id>1077522</object_id><difficult>0</difficult><bndbox><xmin>170</xmin><ymin>552</ymin><xmax>201</xmax><ymax>569</ymax></bndbox></object><object><name>elbow</name><object_id>1077523</object_id><difficult>0</difficult><bndbox><xmin>475</xmin><ymin>118</ymin><xmax>539</xmax><ymax>171</ymax></bndbox></object><relation><subject_id>1077495</subject_id><object_id>1077497</object_id><predicate>sitting on a</predicate></relation><relation><subject_id>1077503</subject_id><object_id>1077497</object_id><predicate>top of</predicate></relation><relation><subject_id>1077495</subject_id><object_id>1077497</object_id><predicate>laying in</predicate></relation><relation><subject_id>1077500</subject_id><object_id>1077497</object_id><predicate>laying in</predicate></relation><relation><subject_id>1077521</subject_id><object_id>1077522</object_id><predicate>under a</predicate></relation><relation><subject_id>1077523</subject_id><object_id>1077511</object_id><predicate>resting on</predicate></relation><relation><subject_id>1077500</subject_id><object_id>1077497</object_id><predicate>sitting on a</predicate></relation></annotation>