<annotation><folder>VG_100K</folder><filename>1160207.jpg</filename><source><database>Visual Genome Version 1.2</database><image_id>1160207</image_id><coco_id>None</coco_id><flickr_id>9612276764</flickr_id></source><size><width>612</width><height>612</height><depth>3</depth></size><segmented>0</segmented><object><name>boat</name><object_id>1962608</object_id><difficult>0</difficult><bndbox><xmin>49</xmin><ymin>250</ymin><xmax>345</xmax><ymax>444</ymax></bndbox><attribute>single</attribute></object><object><name>station</name><object_id>3087437</object_id><difficult>0</difficult><bndbox><xmin>189</xmin><ymin>253</ymin><xmax>243</xmax><ymax>266</ymax></bndbox></object><relation><subject_id>3087437</subject_id><object_id>1962608</object_id><predicate>top of</predicate></relation></annotation>