<annotation><folder>VG_100K</folder><filename>1160134.jpg</filename><source><database>Visual Genome Version 1.2</database><image_id>1160134</image_id><coco_id>None</coco_id><flickr_id>3505913483</flickr_id></source><size><width>1024</width><height>683</height><depth>3</depth></size><segmented>0</segmented><object><name>motorcycle</name><object_id>1602184</object_id><difficult>0</difficult><bndbox><xmin>239</xmin><ymin>130</ymin><xmax>806</xmax><ymax>498</ymax></bndbox></object><object><name>flag</name><object_id>1602183</object_id><difficult>0</difficult><bndbox><xmin>705</xmin><ymin>130</ymin><xmax>805</xmax><ymax>302</ymax></bndbox></object><object><name>motorcycle</name><object_id>1602188</object_id><difficult>0</difficult><bndbox><xmin>239</xmin><ymin>101</ymin><xmax>843</xmax><ymax>512</ymax></bndbox><attribute>leather</attribute></object><object><name>bag</name><object_id>1602187</object_id><difficult>0</difficult><bndbox><xmin>593</xmin><ymin>333</ymin><xmax>761</xmax><ymax>438</ymax></bndbox><attribute>black</attribute></object><relation><subject_id>1602183</subject_id><object_id>1602184</object_id><predicate>on back of</predicate></relation><relation><subject_id>1602187</subject_id><object_id>1602188</object_id><predicate>sitting on a</predicate></relation></annotation>