<annotation><folder>VG_100K</folder><filename>1160163.jpg</filename><source><database>Visual Genome Version 1.2</database><image_id>1160163</image_id><coco_id>505831</coco_id><flickr_id>528521681</flickr_id></source><size><width>683</width><height>1024</height><depth>3</depth></size><segmented>0</segmented><object><name>line</name><object_id>4240382</object_id><difficult>0</difficult><bndbox><xmin>479</xmin><ymin>701</ymin><xmax>662</xmax><ymax>748</ymax></bndbox><attribute>yellow</attribute></object><object><name>road</name><object_id>4240474</object_id><difficult>0</difficult><bndbox><xmin>4</xmin><ymin>596</ymin><xmax>682</xmax><ymax>1021</ymax></bndbox></object><object><name>bus</name><object_id>4240467</object_id><difficult>0</difficult><bndbox><xmin>235</xmin><ymin>480</ymin><xmax>515</xmax><ymax>709</ymax></bndbox><attribute>large</attribute><attribute>white</attribute><attribute>silver</attribute></object><object><name>sky</name><object_id>4240403</object_id><difficult>0</difficult><bndbox><xmin>1</xmin><ymin>2</ymin><xmax>662</xmax><ymax>495</ymax></bndbox><attribute>blue</attribute></object><object><name>cloud</name><object_id>4240404</object_id><difficult>0</difficult><bndbox><xmin>1</xmin><ymin>2</ymin><xmax>659</xmax><ymax>163</ymax></bndbox><attribute>white</attribute></object><object><name>cloud</name><object_id>4240400</object_id><difficult>0</difficult><bndbox><xmin>1</xmin><ymin>320</ymin><xmax>661</xmax><ymax>491</ymax></bndbox><attribute>white</attribute></object><object><name>cloud</name><object_id>4240410</object_id><difficult>0</difficult><bndbox><xmin>2</xmin><ymin>290</ymin><xmax>661</xmax><ymax>492</ymax></bndbox><attribute>white</attribute></object><object><name>cloud</name><object_id>4240422</object_id><difficult>0</difficult><bndbox><xmin>2</xmin><ymin>2</ymin><xmax>662</xmax><ymax>187</ymax></bndbox><attribute>white</attribute></object><relation><subject_id>4240382</subject_id><object_id>4240474</object_id><predicate>painted</predicate></relation><relation><subject_id>4240404</subject_id><object_id>4240403</object_id><predicate>hanging on a</predicate></relation><relation><subject_id>4240400</subject_id><object_id>4240403</object_id><predicate>hanging on a</predicate></relation><relation><subject_id>4240404</subject_id><object_id>4240403</object_id><predicate>hanging on a</predicate></relation><relation><subject_id>4240400</subject_id><object_id>4240403</object_id><predicate>hanging on a</predicate></relation><relation><subject_id>4240404</subject_id><object_id>4240403</object_id><predicate>hanging on a</predicate></relation><relation><subject_id>4240410</subject_id><object_id>4240403</object_id><predicate>hanging on a</predicate></relation><relation><subject_id>4240404</subject_id><object_id>4240403</object_id><predicate>hanging on a</predicate></relation><relation><subject_id>4240410</subject_id><object_id>4240403</object_id><predicate>hanging on a</predicate></relation><relation><subject_id>4240410</subject_id><object_id>4240403</object_id><predicate>hanging on a</predicate></relation><relation><subject_id>4240404</subject_id><object_id>4240403</object_id><predicate>hanging on a</predicate></relation><relation><subject_id>4240410</subject_id><object_id>4240403</object_id><predicate>hanging on a</predicate></relation><relation><subject_id>4240404</subject_id><object_id>4240403</object_id><predicate>hanging on a</predicate></relation><relation><subject_id>4240410</subject_id><object_id>4240403</object_id><predicate>hanging on a</predicate></relation><relation><subject_id>4240404</subject_id><object_id>4240403</object_id><predicate>hanging on a</predicate></relation><relation><subject_id>4240410</subject_id><object_id>4240403</object_id><predicate>hanging on a</predicate></relation><relation><subject_id>4240422</subject_id><object_id>4240403</object_id><predicate>hanging on a</predicate></relation><relation><subject_id>4240422</subject_id><object_id>4240403</object_id><predicate>hanging on a</predicate></relation><relation><subject_id>4240410</subject_id><object_id>4240403</object_id><predicate>hanging on a</predicate></relation><relation><subject_id>4240422</subject_id><object_id>4240403</object_id><predicate>hanging on a</predicate></relation><relation><subject_id>4240410</subject_id><object_id>4240403</object_id><predicate>hanging on a</predicate></relation><relation><subject_id>4240404</subject_id><object_id>4240403</object_id><predicate>hanging on a</predicate></relation><relation><subject_id>4240410</subject_id><object_id>4240403</object_id><predicate>hanging on a</predicate></relation><relation><subject_id>4240410</subject_id><object_id>4240403</object_id><predicate>hanging on a</predicate></relation><relation><subject_id>4240422</subject_id><object_id>4240403</object_id><predicate>hanging on a</predicate></relation><relation><subject_id>4240410</subject_id><object_id>4240403</object_id><predicate>hanging on a</predicate></relation><relation><subject_id>4240404</subject_id><object_id>4240403</object_id><predicate>hanging on a</predicate></relation><relation><subject_id>4240467</subject_id><object_id>4240474</object_id><predicate>down</predicate></relation></annotation>