<annotation><folder>VG_100K</folder><filename>1160181.jpg</filename><source><database>Visual Genome Version 1.2</database><image_id>1160181</image_id><coco_id>None</coco_id><flickr_id>4026276084</flickr_id></source><size><width>1024</width><height>768</height><depth>3</depth></size><segmented>0</segmented><object><name>vest</name><object_id>1602540</object_id><difficult>0</difficult><bndbox><xmin>387</xmin><ymin>363</ymin><xmax>479</xmax><ymax>461</ymax></bndbox><attribute>green</attribute></object><object><name>man</name><object_id>1602539</object_id><difficult>0</difficult><bndbox><xmin>374</xmin><ymin>338</ymin><xmax>511</xmax><ymax>608</ymax></bndbox></object><object><name>markings</name><object_id>1602541</object_id><difficult>0</difficult><bndbox><xmin>7</xmin><ymin>578</ymin><xmax>1014</xmax><ymax>766</ymax></bndbox><attribute>white</attribute></object><object><name>road</name><object_id>1602542</object_id><difficult>0</difficult><bndbox><xmin>8</xmin><ymin>468</ymin><xmax>1021</xmax><ymax>760</ymax></bndbox></object><object><name>clothes</name><object_id>1602546</object_id><difficult>0</difficult><bndbox><xmin>392</xmin><ymin>370</ymin><xmax>495</xmax><ymax>604</ymax></bndbox><attribute>green</attribute></object><object><name>men</name><object_id>1602545</object_id><difficult>0</difficult><bndbox><xmin>383</xmin><ymin>328</ymin><xmax>856</xmax><ymax>605</ymax></bndbox></object><object><name>street</name><object_id>1602557</object_id><difficult>0</difficult><bndbox><xmin>11</xmin><ymin>400</ymin><xmax>1013</xmax><ymax>767</ymax></bndbox></object><object><name>arrow</name><object_id>1602555</object_id><difficult>0</difficult><bndbox><xmin>261</xmin><ymin>591</ymin><xmax>467</xmax><ymax>642</ymax></bndbox><attribute>white</attribute></object><relation><subject_id>1602539</subject_id><object_id>1602540</object_id><predicate>dressed in</predicate></relation><relation><subject_id>1602541</subject_id><object_id>1602542</object_id><predicate>painted</predicate></relation><relation><subject_id>1602545</subject_id><object_id>1602546</object_id><predicate>dressed in</predicate></relation><relation><subject_id>1602545</subject_id><object_id>1602546</object_id><predicate>dressed in</predicate></relation><relation><subject_id>1602555</subject_id><object_id>1602557</object_id><predicate>painted</predicate></relation></annotation>