<annotation><folder>VG_100K</folder><filename>1160000.jpg</filename><source><database>Visual Genome Version 1.2</database><image_id>1160000</image_id><coco_id>None</coco_id><flickr_id>7525104642</flickr_id></source><size><width>1024</width><height>768</height><depth>3</depth></size><segmented>0</segmented><object><name>vehicle</name><object_id>1600083</object_id><difficult>0</difficult><bndbox><xmin>0</xmin><ymin>115</ymin><xmax>931</xmax><ymax>629</ymax></bndbox></object><object><name>wheel</name><object_id>1600077</object_id><difficult>0</difficult><bndbox><xmin>220</xmin><ymin>464</ymin><xmax>288</xmax><ymax>516</ymax></bndbox></object><object><name>wheel</name><object_id>1600080</object_id><difficult>0</difficult><bndbox><xmin>599</xmin><ymin>464</ymin><xmax>767</xmax><ymax>626</ymax></bndbox></object><object><name>headlight</name><object_id>1600081</object_id><difficult>0</difficult><bndbox><xmin>860</xmin><ymin>429</ymin><xmax>877</xmax><ymax>468</ymax></bndbox></object><object><name>windshield</name><object_id>1600084</object_id><difficult>0</difficult><bndbox><xmin>654</xmin><ymin>189</ymin><xmax>855</xmax><ymax>346</ymax></bndbox></object><relation><subject_id>1600077</subject_id><object_id>1600083</object_id><predicate>belonging to</predicate></relation><relation><subject_id>1600080</subject_id><object_id>1600083</object_id><predicate>belonging to</predicate></relation><relation><subject_id>1600081</subject_id><object_id>1600083</object_id><predicate>belonging to</predicate></relation><relation><subject_id>1600084</subject_id><object_id>1600083</object_id><predicate>belonging to</predicate></relation></annotation>