<annotation><folder>VG_100K</folder><filename>1160220.jpg</filename><source><database>Visual Genome Version 1.2</database><image_id>1160220</image_id><coco_id>None</coco_id><flickr_id>7165318445</flickr_id></source><size><width>680</width><height>1024</height><depth>3</depth></size><segmented>0</segmented><object><name>table</name><object_id>3790398</object_id><difficult>0</difficult><bndbox><xmin>270</xmin><ymin>760</ymin><xmax>326</xmax><ymax>794</ymax></bndbox></object><object><name>flowers</name><object_id>1602977</object_id><difficult>0</difficult><bndbox><xmin>118</xmin><ymin>391</ymin><xmax>243</xmax><ymax>488</ymax></bndbox></object><relation><subject_id>1602977</subject_id><object_id>3790398</object_id><predicate>sitting on a</predicate></relation></annotation>