<annotation><folder>VG_100K</folder><filename>1160235.jpg</filename><source><database>Visual Genome Version 1.2</database><image_id>1160235</image_id><coco_id>None</coco_id><flickr_id>7866681398</flickr_id></source><size><width>1024</width><height>683</height><depth>3</depth></size><segmented>0</segmented><object><name>cup</name><object_id>4430620</object_id><difficult>0</difficult><bndbox><xmin>630</xmin><ymin>464</ymin><xmax>669</xmax><ymax>503</ymax></bndbox></object><object><name>plate</name><object_id>4430621</object_id><difficult>0</difficult><bndbox><xmin>565</xmin><ymin>448</ymin><xmax>672</xmax><ymax>488</ymax></bndbox></object><relation><subject_id>4430620</subject_id><object_id>4430621</object_id><predicate>on other side of</predicate></relation></annotation>