<annotation><folder>VG_100K</folder><filename>1160216.jpg</filename><source><database>Visual Genome Version 1.2</database><image_id>1160216</image_id><coco_id>None</coco_id><flickr_id>2871156541</flickr_id></source><size><width>1024</width><height>746</height><depth>3</depth></size><segmented>0</segmented><object><name>plane</name><object_id>1040090</object_id><difficult>0</difficult><bndbox><xmin>214</xmin><ymin>186</ymin><xmax>438</xmax><ymax>276</ymax></bndbox><attribute>blue</attribute></object><object><name>sky</name><object_id>1040091</object_id><difficult>0</difficult><bndbox><xmin>0</xmin><ymin>2</ymin><xmax>1022</xmax><ymax>407</ymax></bndbox><attribute>white</attribute><attribute>hazy</attribute></object><object><name>building</name><object_id>1040093</object_id><difficult>0</difficult><bndbox><xmin>515</xmin><ymin>352</ymin><xmax>643</xmax><ymax>552</ymax></bndbox><attribute>tall</attribute></object><object><name>buildings</name><object_id>1040094</object_id><difficult>0</difficult><bndbox><xmin>5</xmin><ymin>282</ymin><xmax>1023</xmax><ymax>744</ymax></bndbox></object><object><name>trees</name><object_id>1040096</object_id><difficult>0</difficult><bndbox><xmin>2</xmin><ymin>602</ymin><xmax>1023</xmax><ymax>741</ymax></bndbox></object><object><name>building</name><object_id>1040098</object_id><difficult>0</difficult><bndbox><xmin>339</xmin><ymin>315</ymin><xmax>463</xmax><ymax>565</ymax></bndbox></object><object><name>gear</name><object_id>1040100</object_id><difficult>0</difficult><bndbox><xmin>317</xmin><ymin>262</ymin><xmax>419</xmax><ymax>275</ymax></bndbox></object><relation><subject_id>1040096</subject_id><object_id>1040094</object_id><predicate>under a</predicate></relation><relation><subject_id>1040098</subject_id><object_id>1040091</object_id><predicate>under a</predicate></relation><relation><subject_id>1040093</subject_id><object_id>1040090</object_id><predicate>under a</predicate></relation><relation><subject_id>1040093</subject_id><object_id>1040090</object_id><predicate>under a</predicate></relation><relation><subject_id>1040093</subject_id><object_id>1040090</object_id><predicate>under a</predicate></relation><relation><subject_id>1040093</subject_id><object_id>1040090</object_id><predicate>under a</predicate></relation><relation><subject_id>1040093</subject_id><object_id>1040090</object_id><predicate>under a</predicate></relation><relation><subject_id>1040093</subject_id><object_id>1040090</object_id><predicate>under a</predicate></relation><relation><subject_id>1040093</subject_id><object_id>1040090</object_id><predicate>under a</predicate></relation><relation><subject_id>1040093</subject_id><object_id>1040090</object_id><predicate>under a</predicate></relation><relation><subject_id>1040093</subject_id><object_id>1040090</object_id><predicate>under a</predicate></relation><relation><subject_id>1040100</subject_id><object_id>1040090</object_id><predicate>under a</predicate></relation><relation><subject_id>1040096</subject_id><object_id>1040090</object_id><predicate>under a</predicate></relation></annotation>