<annotation><folder>VG_100K</folder><filename>1160174.jpg</filename><source><database>Visual Genome Version 1.2</database><image_id>1160174</image_id><coco_id>572233</coco_id><flickr_id>9300793319</flickr_id></source><size><width>1024</width><height>683</height><depth>3</depth></size><segmented>0</segmented><object><name>man</name><object_id>3797424</object_id><difficult>0</difficult><bndbox><xmin>184</xmin><ymin>223</ymin><xmax>373</xmax><ymax>517</ymax></bndbox><attribute>sitting</attribute></object><object><name>table</name><object_id>1602469</object_id><difficult>0</difficult><bndbox><xmin>81</xmin><ymin>504</ymin><xmax>312</xmax><ymax>626</ymax></bndbox></object><object><name>man</name><object_id>3797426</object_id><difficult>0</difficult><bndbox><xmin>828</xmin><ymin>260</ymin><xmax>965</xmax><ymax>442</ymax></bndbox></object><object><name>woman</name><object_id>1602470</object_id><difficult>0</difficult><bndbox><xmin>721</xmin><ymin>286</ymin><xmax>778</xmax><ymax>385</ymax></bndbox></object><relation><subject_id>3797424</subject_id><object_id>1602469</object_id><predicate>sitting on a</predicate></relation><relation><subject_id>3797426</subject_id><object_id>1602470</object_id><predicate>standing with</predicate></relation></annotation>