<annotation><folder>VG_100K</folder><filename>1160206.jpg</filename><source><database>Visual Genome Version 1.2</database><image_id>1160206</image_id><coco_id>175831</coco_id><flickr_id>7351203646</flickr_id></source><size><width>812</width><height>1024</height><depth>3</depth></size><segmented>0</segmented><object><name>road</name><object_id>2111514</object_id><difficult>0</difficult><bndbox><xmin>33</xmin><ymin>798</ymin><xmax>229</xmax><ymax>991</ymax></bndbox></object><object><name>line</name><object_id>3707047</object_id><difficult>0</difficult><bndbox><xmin>750</xmin><ymin>842</ymin><xmax>810</xmax><ymax>856</ymax></bndbox><attribute>white</attribute></object><object><name>line</name><object_id>3707048</object_id><difficult>0</difficult><bndbox><xmin>184</xmin><ymin>836</ymin><xmax>327</xmax><ymax>849</ymax></bndbox><attribute>white</attribute></object><object><name>woman</name><object_id>2236738</object_id><difficult>0</difficult><bndbox><xmin>241</xmin><ymin>627</ymin><xmax>305</xmax><ymax>788</ymax></bndbox></object><object><name>moped</name><object_id>2236739</object_id><difficult>0</difficult><bndbox><xmin>164</xmin><ymin>685</ymin><xmax>365</xmax><ymax>805</ymax></bndbox><attribute>black</attribute><attribute>red</attribute></object><object><name>motorcycle</name><object_id>2502439</object_id><difficult>0</difficult><bndbox><xmin>264</xmin><ymin>696</ymin><xmax>635</xmax><ymax>938</ymax></bndbox><attribute>green</attribute><attribute>black</attribute></object><object><name>man</name><object_id>3100063</object_id><difficult>0</difficult><bndbox><xmin>364</xmin><ymin>628</ymin><xmax>504</xmax><ymax>892</ymax></bndbox></object><object><name>woman</name><object_id>1941156</object_id><difficult>0</difficult><bndbox><xmin>235</xmin><ymin>632</ymin><xmax>312</xmax><ymax>785</ymax></bndbox></object><object><name>motorcycle</name><object_id>1941157</object_id><difficult>0</difficult><bndbox><xmin>167</xmin><ymin>684</ymin><xmax>359</xmax><ymax>806</ymax></bndbox></object><object><name>star</name><object_id>2803857</object_id><difficult>0</difficult><bndbox><xmin>374</xmin><ymin>124</ymin><xmax>435</xmax><ymax>178</ymax></bndbox><attribute>gold</attribute><attribute>red</attribute></object><object><name>building</name><object_id>2803858</object_id><difficult>0</difficult><bndbox><xmin>77</xmin><ymin>87</ymin><xmax>759</xmax><ymax>700</ymax></bndbox></object><relation><subject_id>3707047</subject_id><object_id>2111514</object_id><predicate>painted</predicate></relation><relation><subject_id>3707048</subject_id><object_id>2111514</object_id><predicate>painted</predicate></relation><relation><subject_id>2236738</subject_id><object_id>2236739</object_id><predicate>driving down</predicate></relation><relation><subject_id>3100063</subject_id><object_id>2502439</object_id><predicate>sitting on a</predicate></relation><relation><subject_id>1941156</subject_id><object_id>1941157</object_id><predicate>sitting on a</predicate></relation><relation><subject_id>2803857</subject_id><object_id>2803858</object_id><predicate>top of</predicate></relation></annotation>