<annotation><folder>VG_100K</folder><filename>1160085.jpg</filename><source><database>Visual Genome Version 1.2</database><image_id>1160085</image_id><coco_id>121046</coco_id><flickr_id>306862340</flickr_id></source><size><width>1024</width><height>771</height><depth>3</depth></size><segmented>0</segmented><object><name>hair</name><object_id>1601413</object_id><difficult>0</difficult><bndbox><xmin>285</xmin><ymin>14</ymin><xmax>481</xmax><ymax>253</ymax></bndbox><attribute>brown</attribute></object><object><name>woman</name><object_id>1601424</object_id><difficult>0</difficult><bndbox><xmin>197</xmin><ymin>26</ymin><xmax>792</xmax><ymax>668</ymax></bndbox></object><object><name>eyebrow</name><object_id>1601420</object_id><difficult>0</difficult><bndbox><xmin>345</xmin><ymin>99</ymin><xmax>397</xmax><ymax>123</ymax></bndbox></object><object><name>eyebrow</name><object_id>1601419</object_id><difficult>0</difficult><bndbox><xmin>407</xmin><ymin>87</ymin><xmax>440</xmax><ymax>104</ymax></bndbox></object><object><name>nose</name><object_id>1601422</object_id><difficult>0</difficult><bndbox><xmin>388</xmin><ymin>102</ymin><xmax>421</xmax><ymax>145</ymax></bndbox></object><object><name>mouth</name><object_id>1601423</object_id><difficult>0</difficult><bndbox><xmin>385</xmin><ymin>144</ymin><xmax>433</xmax><ymax>187</ymax></bndbox></object><object><name>neck</name><object_id>1601427</object_id><difficult>0</difficult><bndbox><xmin>347</xmin><ymin>190</ymin><xmax>428</xmax><ymax>266</ymax></bndbox></object><object><name>arm</name><object_id>1601430</object_id><difficult>0</difficult><bndbox><xmin>461</xmin><ymin>231</ymin><xmax>642</xmax><ymax>467</ymax></bndbox></object><object><name>arm</name><object_id>1601431</object_id><difficult>0</difficult><bndbox><xmin>453</xmin><ymin>237</ymin><xmax>654</xmax><ymax>460</ymax></bndbox></object><object><name>left hand</name><object_id>1601434</object_id><difficult>0</difficult><bndbox><xmin>622</xmin><ymin>357</ymin><xmax>774</xmax><ymax>460</ymax></bndbox></object><relation><subject_id>1601413</subject_id><object_id>1601424</object_id><predicate>part of</predicate></relation><relation><subject_id>1601420</subject_id><object_id>1601424</object_id><predicate>part of</predicate></relation><relation><subject_id>1601419</subject_id><object_id>1601424</object_id><predicate>part of</predicate></relation><relation><subject_id>1601422</subject_id><object_id>1601424</object_id><predicate>part of</predicate></relation><relation><subject_id>1601423</subject_id><object_id>1601424</object_id><predicate>part of</predicate></relation><relation><subject_id>1601427</subject_id><object_id>1601424</object_id><predicate>part of</predicate></relation><relation><subject_id>1601430</subject_id><object_id>1601424</object_id><predicate>part of</predicate></relation><relation><subject_id>1601431</subject_id><object_id>1601424</object_id><predicate>part of</predicate></relation><relation><subject_id>1601434</subject_id><object_id>1601424</object_id><predicate>part of</predicate></relation></annotation>