<annotation><folder>VG_100K</folder><filename>1160139.jpg</filename><source><database>Visual Genome Version 1.2</database><image_id>1160139</image_id><coco_id>None</coco_id><flickr_id>8172603883</flickr_id></source><size><width>577</width><height>1024</height><depth>3</depth></size><segmented>0</segmented><object><name>window</name><object_id>4350290</object_id><difficult>0</difficult><bndbox><xmin>259</xmin><ymin>417</ymin><xmax>279</xmax><ymax>476</ymax></bndbox></object><object><name>window</name><object_id>4350291</object_id><difficult>0</difficult><bndbox><xmin>275</xmin><ymin>413</ymin><xmax>292</xmax><ymax>467</ymax></bndbox></object><object><name>clock</name><object_id>4350292</object_id><difficult>0</difficult><bndbox><xmin>259</xmin><ymin>364</ymin><xmax>295</xmax><ymax>409</ymax></bndbox></object><object><name>vehicles</name><object_id>4350364</object_id><difficult>0</difficult><bndbox><xmin>434</xmin><ymin>686</ymin><xmax>510</xmax><ymax>725</ymax></bndbox></object><object><name>building</name><object_id>4350365</object_id><difficult>0</difficult><bndbox><xmin>300</xmin><ymin>543</ymin><xmax>534</xmax><ymax>739</ymax></bndbox></object><relation><subject_id>4350290</subject_id><object_id>4350292</object_id><predicate>under a</predicate></relation><relation><subject_id>4350291</subject_id><object_id>4350292</object_id><predicate>under a</predicate></relation><relation><subject_id>4350364</subject_id><object_id>4350365</object_id><predicate>on other side of</predicate></relation></annotation>