<annotation><folder>VG_100K</folder><filename>1160179.jpg</filename><source><database>Visual Genome Version 1.2</database><image_id>1160179</image_id><coco_id>335529</coco_id><flickr_id>469812321</flickr_id></source><size><width>1024</width><height>768</height><depth>3</depth></size><segmented>0</segmented><object><name>window</name><object_id>4228800</object_id><difficult>0</difficult><bndbox><xmin>248</xmin><ymin>246</ymin><xmax>283</xmax><ymax>264</ymax></bndbox><attribute>glass</attribute><attribute>one</attribute></object><object><name>building</name><object_id>4228801</object_id><difficult>0</difficult><bndbox><xmin>246</xmin><ymin>226</ymin><xmax>296</xmax><ymax>279</ymax></bndbox></object><object><name>window</name><object_id>4228802</object_id><difficult>0</difficult><bndbox><xmin>270</xmin><ymin>239</ymin><xmax>294</xmax><ymax>274</ymax></bndbox><attribute>glass</attribute></object><object><name>building</name><object_id>4228803</object_id><difficult>0</difficult><bndbox><xmin>244</xmin><ymin>232</ymin><xmax>301</xmax><ymax>272</ymax></bndbox><attribute>one</attribute></object><object><name>wall</name><object_id>4228820</object_id><difficult>0</difficult><bndbox><xmin>355</xmin><ymin>247</ymin><xmax>418</xmax><ymax>287</ymax></bndbox></object><object><name>building</name><object_id>4228821</object_id><difficult>0</difficult><bndbox><xmin>364</xmin><ymin>234</ymin><xmax>457</xmax><ymax>282</ymax></bndbox></object><relation><subject_id>4228800</subject_id><object_id>4228801</object_id><predicate>attached</predicate></relation><relation><subject_id>4228802</subject_id><object_id>4228803</object_id><predicate>attached</predicate></relation><relation><subject_id>4228820</subject_id><object_id>4228821</object_id><predicate>on other side of</predicate></relation></annotation>