<annotation><folder>VG_100K</folder><filename>1160233.jpg</filename><source><database>Visual Genome Version 1.2</database><image_id>1160233</image_id><coco_id>449798</coco_id><flickr_id>266525506</flickr_id></source><size><width>1024</width><height>683</height><depth>3</depth></size><segmented>0</segmented><object><name>frame</name><object_id>1603189</object_id><difficult>0</difficult><bndbox><xmin>18</xmin><ymin>245</ymin><xmax>137</xmax><ymax>335</ymax></bndbox></object><object><name>photograph</name><object_id>1603188</object_id><difficult>0</difficult><bndbox><xmin>30</xmin><ymin>259</ymin><xmax>126</xmax><ymax>326</ymax></bndbox></object><relation><subject_id>1603188</subject_id><object_id>1603189</object_id><predicate>are inside</predicate></relation></annotation>