<annotation><folder>VG_100K</folder><filename>1160034.jpg</filename><source><database>Visual Genome Version 1.2</database><image_id>1160034</image_id><coco_id>None</coco_id><flickr_id>3337409302</flickr_id></source><size><width>681</width><height>1024</height><depth>3</depth></size><segmented>0</segmented><object><name>sidewalk</name><object_id>1600583</object_id><difficult>0</difficult><bndbox><xmin>1</xmin><ymin>532</ymin><xmax>675</xmax><ymax>1019</ymax></bndbox></object><object><name>person</name><object_id>1600574</object_id><difficult>0</difficult><bndbox><xmin>209</xmin><ymin>261</ymin><xmax>473</xmax><ymax>1022</ymax></bndbox></object><object><name>person</name><object_id>1600577</object_id><difficult>0</difficult><bndbox><xmin>403</xmin><ymin>317</ymin><xmax>537</xmax><ymax>877</ymax></bndbox></object><object><name>person</name><object_id>1600578</object_id><difficult>0</difficult><bndbox><xmin>527</xmin><ymin>298</ymin><xmax>657</xmax><ymax>821</ymax></bndbox></object><object><name>person</name><object_id>1600581</object_id><difficult>0</difficult><bndbox><xmin>528</xmin><ymin>290</ymin><xmax>634</xmax><ymax>823</ymax></bndbox></object><object><name>person</name><object_id>1600592</object_id><difficult>0</difficult><bndbox><xmin>2</xmin><ymin>195</ymin><xmax>193</xmax><ymax>1021</ymax></bndbox></object><object><name>person</name><object_id>1600585</object_id><difficult>0</difficult><bndbox><xmin>162</xmin><ymin>459</ymin><xmax>210</xmax><ymax>575</ymax></bndbox></object><object><name>person</name><object_id>1600586</object_id><difficult>0</difficult><bndbox><xmin>197</xmin><ymin>451</ymin><xmax>242</xmax><ymax>576</ymax></bndbox></object><object><name>person</name><object_id>1600588</object_id><difficult>0</difficult><bndbox><xmin>228</xmin><ymin>270</ymin><xmax>448</xmax><ymax>1022</ymax></bndbox></object><object><name>outside</name><object_id>3706344</object_id><difficult>0</difficult><bndbox><xmin>160</xmin><ymin>463</ymin><xmax>520</xmax><ymax>833</ymax></bndbox></object><object><name>person</name><object_id>1600589</object_id><difficult>0</difficult><bndbox><xmin>538</xmin><ymin>292</ymin><xmax>680</xmax><ymax>968</ymax></bndbox></object><object><name>outside</name><object_id>3706345</object_id><difficult>0</difficult><bndbox><xmin>292</xmin><ymin>788</ymin><xmax>472</xmax><ymax>994</ymax></bndbox></object><object><name>person</name><object_id>1600590</object_id><difficult>0</difficult><bndbox><xmin>534</xmin><ymin>306</ymin><xmax>640</xmax><ymax>825</ymax></bndbox></object><object><name>outside</name><object_id>3706346</object_id><difficult>0</difficult><bndbox><xmin>273</xmin><ymin>526</ymin><xmax>559</xmax><ymax>875</ymax></bndbox></object><object><name>person</name><object_id>1600591</object_id><difficult>0</difficult><bndbox><xmin>408</xmin><ymin>321</ymin><xmax>532</xmax><ymax>858</ymax></bndbox></object><object><name>outside</name><object_id>3706347</object_id><difficult>0</difficult><bndbox><xmin>210</xmin><ymin>445</ymin><xmax>498</xmax><ymax>786</ymax></bndbox></object><object><name>outside</name><object_id>3706348</object_id><difficult>0</difficult><bndbox><xmin>195</xmin><ymin>525</ymin><xmax>565</xmax><ymax>822</ymax></bndbox></object><object><name>person</name><object_id>1600593</object_id><difficult>0</difficult><bndbox><xmin>168</xmin><ymin>462</ymin><xmax>206</xmax><ymax>581</ymax></bndbox></object><object><name>outside</name><object_id>3706349</object_id><difficult>0</difficult><bndbox><xmin>195</xmin><ymin>563</ymin><xmax>474</xmax><ymax>871</ymax></bndbox></object><object><name>person</name><object_id>1600594</object_id><difficult>0</difficult><bndbox><xmin>208</xmin><ymin>455</ymin><xmax>244</xmax><ymax>576</ymax></bndbox></object><object><name>outside</name><object_id>3706350</object_id><difficult>0</difficult><bndbox><xmin>257</xmin><ymin>474</ymin><xmax>489</xmax><ymax>772</ymax></bndbox></object><object><name>person</name><object_id>1600595</object_id><difficult>0</difficult><bndbox><xmin>463</xmin><ymin>370</ymin><xmax>534</xmax><ymax>739</ymax></bndbox></object><object><name>outside</name><object_id>3706351</object_id><difficult>0</difficult><bndbox><xmin>158</xmin><ymin>493</ymin><xmax>517</xmax><ymax>720</ymax></bndbox></object><object><name>person</name><object_id>1600597</object_id><difficult>0</difficult><bndbox><xmin>474</xmin><ymin>379</ymin><xmax>536</xmax><ymax>739</ymax></bndbox></object><object><name>outside</name><object_id>3706353</object_id><difficult>0</difficult><bndbox><xmin>265</xmin><ymin>537</ymin><xmax>440</xmax><ymax>737</ymax></bndbox></object><relation><subject_id>1600574</subject_id><object_id>1600583</object_id><predicate>walking towards</predicate></relation><relation><subject_id>1600577</subject_id><object_id>1600583</object_id><predicate>walking towards</predicate></relation><relation><subject_id>1600578</subject_id><object_id>1600583</object_id><predicate>walking towards</predicate></relation><relation><subject_id>1600581</subject_id><object_id>1600583</object_id><predicate>walking towards</predicate></relation><relation><subject_id>1600592</subject_id><object_id>1600583</object_id><predicate>walking towards</predicate></relation><relation><subject_id>1600585</subject_id><object_id>1600583</object_id><predicate>walking towards</predicate></relation><relation><subject_id>1600586</subject_id><object_id>1600583</object_id><predicate>walking towards</predicate></relation><relation><subject_id>1600588</subject_id><object_id>3706344</object_id><predicate>walking towards</predicate></relation><relation><subject_id>1600589</subject_id><object_id>3706345</object_id><predicate>walking towards</predicate></relation><relation><subject_id>1600590</subject_id><object_id>3706346</object_id><predicate>walking towards</predicate></relation><relation><subject_id>1600591</subject_id><object_id>3706347</object_id><predicate>walking towards</predicate></relation><relation><subject_id>1600592</subject_id><object_id>3706348</object_id><predicate>walking towards</predicate></relation><relation><subject_id>1600593</subject_id><object_id>3706349</object_id><predicate>walking towards</predicate></relation><relation><subject_id>1600594</subject_id><object_id>3706350</object_id><predicate>walking towards</predicate></relation><relation><subject_id>1600595</subject_id><object_id>3706351</object_id><predicate>walking towards</predicate></relation><relation><subject_id>1600597</subject_id><object_id>3706353</object_id><predicate>walking towards</predicate></relation></annotation>