<annotation><folder>VG_100K</folder><filename>1160185.jpg</filename><source><database>Visual Genome Version 1.2</database><image_id>1160185</image_id><coco_id>61605</coco_id><flickr_id>8603849630</flickr_id></source><size><width>1024</width><height>673</height><depth>3</depth></size><segmented>0</segmented><object><name>wall</name><object_id>1602597</object_id><difficult>0</difficult><bndbox><xmin>367</xmin><ymin>330</ymin><xmax>459</xmax><ymax>447</ymax></bndbox></object><object><name>building</name><object_id>1602608</object_id><difficult>0</difficult><bndbox><xmin>2</xmin><ymin>84</ymin><xmax>263</xmax><ymax>672</ymax></bndbox><attribute>brick</attribute></object><object><name>building</name><object_id>1602598</object_id><difficult>0</difficult><bndbox><xmin>362</xmin><ymin>37</ymin><xmax>458</xmax><ymax>155</ymax></bndbox></object><object><name>wall</name><object_id>3706939</object_id><difficult>0</difficult><bndbox><xmin>320</xmin><ymin>199</ymin><xmax>373</xmax><ymax>245</ymax></bndbox></object><relation><subject_id>1602597</subject_id><object_id>1602608</object_id><predicate>on other side of</predicate></relation><relation><subject_id>3706939</subject_id><object_id>1602598</object_id><predicate>on other side of</predicate></relation></annotation>