<annotation><folder>VG_100K</folder><filename>1160148.jpg</filename><source><database>Visual Genome Version 1.2</database><image_id>1160148</image_id><coco_id>None</coco_id><flickr_id>4267030890</flickr_id></source><size><width>1024</width><height>768</height><depth>3</depth></size><segmented>0</segmented><object><name>baby</name><object_id>4238041</object_id><difficult>0</difficult><bndbox><xmin>296</xmin><ymin>627</ymin><xmax>679</xmax><ymax>764</ymax></bndbox></object><object><name>doll</name><object_id>4238042</object_id><difficult>0</difficult><bndbox><xmin>292</xmin><ymin>634</ymin><xmax>694</xmax><ymax>758</ymax></bndbox></object><object><name>floor</name><object_id>4238043</object_id><difficult>0</difficult><bndbox><xmin>0</xmin><ymin>525</ymin><xmax>1010</xmax><ymax>759</ymax></bndbox></object><object><name>hand</name><object_id>4225407</object_id><difficult>0</difficult><bndbox><xmin>806</xmin><ymin>336</ymin><xmax>900</xmax><ymax>380</ymax></bndbox></object><object><name>arm</name><object_id>4225408</object_id><difficult>0</difficult><bndbox><xmin>788</xmin><ymin>336</ymin><xmax>992</xmax><ymax>391</ymax></bndbox></object><relation><subject_id>4238041</subject_id><object_id>4238043</object_id><predicate>laying in</predicate></relation><relation><subject_id>4238042</subject_id><object_id>4238043</object_id><predicate>laying in</predicate></relation><relation><subject_id>4225407</subject_id><object_id>4225408</object_id><predicate>on end of</predicate></relation></annotation>