<annotation><folder>VG_100K</folder><filename>1160057.jpg</filename><source><database>Visual Genome Version 1.2</database><image_id>1160057</image_id><coco_id>338189</coco_id><flickr_id>9719725824</flickr_id></source><size><width>1024</width><height>865</height><depth>3</depth></size><segmented>0</segmented><object><name>water</name><object_id>1600893</object_id><difficult>0</difficult><bndbox><xmin>3</xmin><ymin>333</ymin><xmax>1021</xmax><ymax>858</ymax></bndbox></object><object><name>house</name><object_id>1600892</object_id><difficult>0</difficult><bndbox><xmin>822</xmin><ymin>159</ymin><xmax>975</xmax><ymax>214</ymax></bndbox></object><relation><subject_id>1600892</subject_id><object_id>1600893</object_id><predicate>overlooking</predicate></relation></annotation>