<annotation><folder>VG_100K</folder><filename>1160042.jpg</filename><source><database>Visual Genome Version 1.2</database><image_id>1160042</image_id><coco_id>None</coco_id><flickr_id>5544289916</flickr_id></source><size><width>1024</width><height>768</height><depth>3</depth></size><segmented>0</segmented><object><name>street</name><object_id>1600729</object_id><difficult>0</difficult><bndbox><xmin>4</xmin><ymin>4</ymin><xmax>1020</xmax><ymax>757</ymax></bndbox><attribute>black</attribute></object><object><name>table</name><object_id>1600714</object_id><difficult>0</difficult><bndbox><xmin>2</xmin><ymin>291</ymin><xmax>60</xmax><ymax>513</ymax></bndbox></object><relation><subject_id>1600714</subject_id><object_id>1600729</object_id><predicate>on other side of</predicate></relation></annotation>