<annotation><folder>VG_100K</folder><filename>1160196.jpg</filename><source><database>Visual Genome Version 1.2</database><image_id>1160196</image_id><coco_id>321539</coco_id><flickr_id>5100398292</flickr_id></source><size><width>1024</width><height>683</height><depth>3</depth></size><segmented>0</segmented><object><name>table</name><object_id>1602910</object_id><difficult>0</difficult><bndbox><xmin>0</xmin><ymin>4</ymin><xmax>285</xmax><ymax>214</ymax></bndbox></object><object><name>books</name><object_id>1602909</object_id><difficult>0</difficult><bndbox><xmin>59</xmin><ymin>10</ymin><xmax>132</xmax><ymax>34</ymax></bndbox><attribute>orange</attribute></object><object><name>backpack</name><object_id>1602912</object_id><difficult>0</difficult><bndbox><xmin>165</xmin><ymin>210</ymin><xmax>286</xmax><ymax>269</ymax></bndbox><attribute>black</attribute></object><object><name>table</name><object_id>1602911</object_id><difficult>0</difficult><bndbox><xmin>122</xmin><ymin>77</ymin><xmax>802</xmax><ymax>347</ymax></bndbox></object><object><name>chair</name><object_id>3797438</object_id><difficult>0</difficult><bndbox><xmin>296</xmin><ymin>102</ymin><xmax>320</xmax><ymax>172</ymax></bndbox></object><object><name>jacket</name><object_id>2992313</object_id><difficult>0</difficult><bndbox><xmin>465</xmin><ymin>183</ymin><xmax>610</xmax><ymax>374</ymax></bndbox></object><relation><subject_id>1602909</subject_id><object_id>1602910</object_id><predicate>top of</predicate></relation><relation><subject_id>1602912</subject_id><object_id>1602911</object_id><predicate>top of</predicate></relation><relation><subject_id>2992313</subject_id><object_id>3797438</object_id><predicate>on back of</predicate></relation></annotation>