<annotation><folder>VG_100K</folder><filename>1160073.jpg</filename><source><database>Visual Genome Version 1.2</database><image_id>1160073</image_id><coco_id>None</coco_id><flickr_id>308035235</flickr_id></source><size><width>1024</width><height>768</height><depth>3</depth></size><segmented>0</segmented><object><name>person</name><object_id>2017095</object_id><difficult>0</difficult><bndbox><xmin>83</xmin><ymin>222</ymin><xmax>593</xmax><ymax>766</ymax></bndbox><attribute>playing</attribute></object><object><name>person</name><object_id>2017096</object_id><difficult>0</difficult><bndbox><xmin>434</xmin><ymin>241</ymin><xmax>840</xmax><ymax>766</ymax></bndbox><attribute>playing</attribute></object><object><name>game</name><object_id>3706488</object_id><difficult>0</difficult><bndbox><xmin>487</xmin><ymin>383</ymin><xmax>784</xmax><ymax>639</ymax></bndbox></object><object><name>game</name><object_id>3706489</object_id><difficult>0</difficult><bndbox><xmin>108</xmin><ymin>435</ymin><xmax>506</xmax><ymax>766</ymax></bndbox></object><relation><subject_id>2017095</subject_id><object_id>3706488</object_id><predicate>playing with</predicate></relation><relation><subject_id>2017096</subject_id><object_id>3706489</object_id><predicate>playing with</predicate></relation></annotation>