<annotation><folder>VG_100K</folder><filename>1160236.jpg</filename><source><database>Visual Genome Version 1.2</database><image_id>1160236</image_id><coco_id>277384</coco_id><flickr_id>9371425092</flickr_id></source><size><width>1024</width><height>688</height><depth>3</depth></size><segmented>0</segmented><object><name>sign</name><object_id>4249548</object_id><difficult>0</difficult><bndbox><xmin>811</xmin><ymin>329</ymin><xmax>926</xmax><ymax>362</ymax></bndbox><attribute>blue</attribute></object><object><name>roof</name><object_id>4249549</object_id><difficult>0</difficult><bndbox><xmin>718</xmin><ymin>299</ymin><xmax>986</xmax><ymax>388</ymax></bndbox></object><relation><subject_id>4249548</subject_id><object_id>4249549</object_id><predicate>attached</predicate></relation></annotation>