<annotation><folder>VG_100K</folder><filename>1160086.jpg</filename><source><database>Visual Genome Version 1.2</database><image_id>1160086</image_id><coco_id>None</coco_id><flickr_id>5072767630</flickr_id></source><size><width>1024</width><height>680</height><depth>3</depth></size><segmented>0</segmented><object><name>ground</name><object_id>1601452</object_id><difficult>0</difficult><bndbox><xmin>7</xmin><ymin>193</ymin><xmax>1014</xmax><ymax>669</ymax></bndbox></object><object><name>sign</name><object_id>1601451</object_id><difficult>0</difficult><bndbox><xmin>598</xmin><ymin>235</ymin><xmax>653</xmax><ymax>297</ymax></bndbox></object><object><name>sign</name><object_id>1601450</object_id><difficult>0</difficult><bndbox><xmin>499</xmin><ymin>218</ymin><xmax>620</xmax><ymax>307</ymax></bndbox></object><object><name>sign</name><object_id>1601449</object_id><difficult>0</difficult><bndbox><xmin>474</xmin><ymin>281</ymin><xmax>675</xmax><ymax>433</ymax></bndbox></object><object><name>sign</name><object_id>1601483</object_id><difficult>0</difficult><bndbox><xmin>87</xmin><ymin>377</ymin><xmax>490</xmax><ymax>672</ymax></bndbox><attribute>blue</attribute></object><object><name>sidewalk</name><object_id>1601453</object_id><difficult>0</difficult><bndbox><xmin>4</xmin><ymin>177</ymin><xmax>625</xmax><ymax>677</ymax></bndbox></object><object><name>woman</name><object_id>3706536</object_id><difficult>0</difficult><bndbox><xmin>334</xmin><ymin>78</ymin><xmax>428</xmax><ymax>323</ymax></bndbox></object><object><name>hand</name><object_id>1601459</object_id><difficult>0</difficult><bndbox><xmin>398</xmin><ymin>142</ymin><xmax>428</xmax><ymax>158</ymax></bndbox></object><relation><subject_id>1601451</subject_id><object_id>1601452</object_id><predicate>stuck in</predicate></relation><relation><subject_id>1601450</subject_id><object_id>1601452</object_id><predicate>stuck in</predicate></relation><relation><subject_id>1601449</subject_id><object_id>1601452</object_id><predicate>stuck in</predicate></relation><relation><subject_id>1601483</subject_id><object_id>1601452</object_id><predicate>stuck in</predicate></relation><relation><subject_id>3706536</subject_id><object_id>1601453</object_id><predicate>walking towards</predicate></relation><relation><subject_id>1601459</subject_id><object_id>3706536</object_id><predicate>part of</predicate></relation></annotation>