<annotation><folder>VG_100K</folder><filename>1160209.jpg</filename><source><database>Visual Genome Version 1.2</database><image_id>1160209</image_id><coco_id>None</coco_id><flickr_id>6274515664</flickr_id></source><size><width>1024</width><height>680</height><depth>3</depth></size><segmented>0</segmented><object><name>box</name><object_id>1077584</object_id><difficult>0</difficult><bndbox><xmin>175</xmin><ymin>569</ymin><xmax>758</xmax><ymax>678</ymax></bndbox><attribute>white</attribute></object><object><name>straps</name><object_id>1077585</object_id><difficult>0</difficult><bndbox><xmin>290</xmin><ymin>612</ymin><xmax>478</xmax><ymax>678</ymax></bndbox></object><object><name>straps</name><object_id>1077586</object_id><difficult>0</difficult><bndbox><xmin>546</xmin><ymin>571</ymin><xmax>709</xmax><ymax>676</ymax></bndbox></object><object><name>boat</name><object_id>1077588</object_id><difficult>0</difficult><bndbox><xmin>0</xmin><ymin>294</ymin><xmax>1020</xmax><ymax>673</ymax></bndbox></object><object><name>rope</name><object_id>1077589</object_id><difficult>0</difficult><bndbox><xmin>480</xmin><ymin>324</ymin><xmax>878</xmax><ymax>407</ymax></bndbox><attribute>blue</attribute><attribute>long</attribute></object><relation><subject_id>1077585</subject_id><object_id>1077584</object_id><predicate>top of</predicate></relation><relation><subject_id>1077586</subject_id><object_id>1077584</object_id><predicate>top of</predicate></relation><relation><subject_id>1077589</subject_id><object_id>1077588</object_id><predicate>tied around</predicate></relation></annotation>