<annotation><folder>VG_100K</folder><filename>1160122.jpg</filename><source><database>Visual Genome Version 1.2</database><image_id>1160122</image_id><coco_id>None</coco_id><flickr_id>7707220636</flickr_id></source><size><width>1024</width><height>650</height><depth>3</depth></size><segmented>0</segmented><object><name>people</name><object_id>1601852</object_id><difficult>0</difficult><bndbox><xmin>356</xmin><ymin>110</ymin><xmax>762</xmax><ymax>589</ymax></bndbox></object><object><name>sand</name><object_id>1601851</object_id><difficult>0</difficult><bndbox><xmin>5</xmin><ymin>429</ymin><xmax>977</xmax><ymax>648</ymax></bndbox></object><relation><subject_id>1601852</subject_id><object_id>1601851</object_id><predicate>walking towards</predicate></relation></annotation>