<annotation><folder>VG_100K</folder><filename>1160116.jpg</filename><source><database>Visual Genome Version 1.2</database><image_id>1160116</image_id><coco_id>None</coco_id><flickr_id>2438021108</flickr_id></source><size><width>1024</width><height>768</height><depth>3</depth></size><segmented>0</segmented><object><name>cow</name><object_id>4311960</object_id><difficult>0</difficult><bndbox><xmin>530</xmin><ymin>405</ymin><xmax>816</xmax><ymax>741</ymax></bndbox></object><object><name>nose</name><object_id>4311959</object_id><difficult>0</difficult><bndbox><xmin>781</xmin><ymin>564</ymin><xmax>812</xmax><ymax>593</ymax></bndbox></object><relation><subject_id>4311959</subject_id><object_id>4311960</object_id><predicate>belonging to</predicate></relation></annotation>