<annotation><folder>VG_100K</folder><filename>1160141.jpg</filename><source><database>Visual Genome Version 1.2</database><image_id>1160141</image_id><coco_id>186205</coco_id><flickr_id>7666556402</flickr_id></source><size><width>800</width><height>533</height><depth>3</depth></size><segmented>0</segmented><object><name>shirt</name><object_id>4318792</object_id><difficult>0</difficult><bndbox><xmin>33</xmin><ymin>180</ymin><xmax>159</xmax><ymax>334</ymax></bndbox></object><object><name>market</name><object_id>4318793</object_id><difficult>0</difficult><bndbox><xmin>19</xmin><ymin>11</ymin><xmax>771</xmax><ymax>367</ymax></bndbox></object><object><name>shirt</name><object_id>4318843</object_id><difficult>0</difficult><bndbox><xmin>222</xmin><ymin>207</ymin><xmax>280</xmax><ymax>409</ymax></bndbox></object><object><name>market</name><object_id>4318844</object_id><difficult>0</difficult><bndbox><xmin>33</xmin><ymin>186</ymin><xmax>366</xmax><ymax>533</ymax></bndbox></object><object><name>shirt</name><object_id>4224788</object_id><difficult>0</difficult><bndbox><xmin>304</xmin><ymin>169</ymin><xmax>411</xmax><ymax>358</ymax></bndbox></object><object><name>market</name><object_id>4224790</object_id><difficult>0</difficult><bndbox><xmin>10</xmin><ymin>3</ymin><xmax>798</xmax><ymax>532</ymax></bndbox></object><object><name>shirt</name><object_id>4224791</object_id><difficult>0</difficult><bndbox><xmin>257</xmin><ymin>53</ymin><xmax>335</xmax><ymax>204</ymax></bndbox></object><relation><subject_id>4318792</subject_id><object_id>4318793</object_id><predicate>hanging on a</predicate></relation><relation><subject_id>4318843</subject_id><object_id>4318844</object_id><predicate>hanging on a</predicate></relation><relation><subject_id>4224788</subject_id><object_id>4224790</object_id><predicate>hanging on a</predicate></relation><relation><subject_id>4224791</subject_id><object_id>4224790</object_id><predicate>hanging on a</predicate></relation></annotation>