<annotation><folder>VG_100K</folder><filename>1160013.jpg</filename><source><database>Visual Genome Version 1.2</database><image_id>1160013</image_id><coco_id>None</coco_id><flickr_id>8340678534</flickr_id></source><size><width>768</width><height>1024</height><depth>3</depth></size><segmented>0</segmented><object><name>umbrellas</name><object_id>1600248</object_id><difficult>0</difficult><bndbox><xmin>6</xmin><ymin>615</ymin><xmax>202</xmax><ymax>746</ymax></bndbox><attribute>white</attribute></object><object><name>person</name><object_id>3607221</object_id><difficult>0</difficult><bndbox><xmin>48</xmin><ymin>665</ymin><xmax>75</xmax><ymax>694</ymax></bndbox></object><object><name>person</name><object_id>3607222</object_id><difficult>0</difficult><bndbox><xmin>105</xmin><ymin>660</ymin><xmax>141</xmax><ymax>694</ymax></bndbox></object><relation><subject_id>3607221</subject_id><object_id>1600248</object_id><predicate>under a</predicate></relation><relation><subject_id>3607222</subject_id><object_id>1600248</object_id><predicate>under a</predicate></relation></annotation>