<annotation><folder>VG_100K</folder><filename>1160215.jpg</filename><source><database>Visual Genome Version 1.2</database><image_id>1160215</image_id><coco_id>None</coco_id><flickr_id>4259922216</flickr_id></source><size><width>1280</width><height>960</height><depth>3</depth></size><segmented>0</segmented><object><name>child</name><object_id>2332779</object_id><difficult>0</difficult><bndbox><xmin>406</xmin><ymin>587</ymin><xmax>610</xmax><ymax>740</ymax></bndbox></object><object><name>snow</name><object_id>2332780</object_id><difficult>0</difficult><bndbox><xmin>0</xmin><ymin>146</ymin><xmax>1276</xmax><ymax>959</ymax></bndbox></object><relation><subject_id>2332779</subject_id><object_id>2332780</object_id><predicate>sitting on a</predicate></relation></annotation>