<annotation><folder>VG_100K</folder><filename>1160050.jpg</filename><source><database>Visual Genome Version 1.2</database><image_id>1160050</image_id><coco_id>395920</coco_id><flickr_id>9217153769</flickr_id></source><size><width>1024</width><height>576</height><depth>3</depth></size><segmented>0</segmented><object><name>bus</name><object_id>1600827</object_id><difficult>0</difficult><bndbox><xmin>302</xmin><ymin>98</ymin><xmax>850</xmax><ymax>494</ymax></bndbox><attribute>wide</attribute><attribute>white</attribute><attribute>green</attribute><attribute>long</attribute></object><object><name>man</name><object_id>1600810</object_id><difficult>0</difficult><bndbox><xmin>394</xmin><ymin>193</ymin><xmax>494</xmax><ymax>296</ymax></bndbox></object><object><name>woman</name><object_id>1600812</object_id><difficult>0</difficult><bndbox><xmin>274</xmin><ymin>289</ymin><xmax>306</xmax><ymax>363</ymax></bndbox></object><object><name>man</name><object_id>1600825</object_id><difficult>0</difficult><bndbox><xmin>397</xmin><ymin>197</ymin><xmax>499</xmax><ymax>295</ymax></bndbox></object><relation><subject_id>1600810</subject_id><object_id>1600827</object_id><predicate>driving down</predicate></relation><relation><subject_id>1600812</subject_id><object_id>1600827</object_id><predicate>walking towards</predicate></relation><relation><subject_id>1600825</subject_id><object_id>1600827</object_id><predicate>driving down</predicate></relation></annotation>