<annotation><folder>VG_100K</folder><filename>1160237.jpg</filename><source><database>Visual Genome Version 1.2</database><image_id>1160237</image_id><coco_id>405007</coco_id><flickr_id>6264992024</flickr_id></source><size><width>1000</width><height>667</height><depth>3</depth></size><segmented>0</segmented><object><name>person</name><object_id>4234553</object_id><difficult>0</difficult><bndbox><xmin>890</xmin><ymin>550</ymin><xmax>931</xmax><ymax>591</ymax></bndbox></object><object><name>bench</name><object_id>4234554</object_id><difficult>0</difficult><bndbox><xmin>883</xmin><ymin>558</ymin><xmax>981</xmax><ymax>614</ymax></bndbox></object><object><name>person</name><object_id>4234561</object_id><difficult>0</difficult><bndbox><xmin>886</xmin><ymin>545</ymin><xmax>940</xmax><ymax>623</ymax></bndbox></object><object><name>bench</name><object_id>4234562</object_id><difficult>0</difficult><bndbox><xmin>876</xmin><ymin>556</ymin><xmax>976</xmax><ymax>610</ymax></bndbox></object><relation><subject_id>4234553</subject_id><object_id>4234554</object_id><predicate>sitting on a</predicate></relation><relation><subject_id>4234561</subject_id><object_id>4234562</object_id><predicate>sitting on a</predicate></relation></annotation>