<annotation><folder>VG_100K</folder><filename>1160204.jpg</filename><source><database>Visual Genome Version 1.2</database><image_id>1160204</image_id><coco_id>186099</coco_id><flickr_id>3425902727</flickr_id></source><size><width>1024</width><height>768</height><depth>3</depth></size><segmented>0</segmented><object><name>poles</name><object_id>4327611</object_id><difficult>0</difficult><bndbox><xmin>754</xmin><ymin>456</ymin><xmax>843</xmax><ymax>552</ymax></bndbox><attribute>wooden</attribute><attribute>brown</attribute></object><object><name>sign</name><object_id>4327610</object_id><difficult>0</difficult><bndbox><xmin>769</xmin><ymin>479</ymin><xmax>828</xmax><ymax>516</ymax></bndbox><attribute>white</attribute></object><object><name>trees</name><object_id>4231708</object_id><difficult>0</difficult><bndbox><xmin>74</xmin><ymin>190</ymin><xmax>243</xmax><ymax>275</ymax></bndbox><attribute>pine</attribute></object><object><name>hill</name><object_id>4231709</object_id><difficult>0</difficult><bndbox><xmin>7</xmin><ymin>206</ymin><xmax>435</xmax><ymax>423</ymax></bndbox></object><relation><subject_id>4327610</subject_id><object_id>4327611</object_id><predicate>between</predicate></relation><relation><subject_id>4231708</subject_id><object_id>4231709</object_id><predicate>top of</predicate></relation></annotation>