<annotation><folder>VG_100K</folder><filename>1160201.jpg</filename><source><database>Visual Genome Version 1.2</database><image_id>1160201</image_id><coco_id>278461</coco_id><flickr_id>5570342667</flickr_id></source><size><width>1024</width><height>768</height><depth>3</depth></size><segmented>0</segmented><object><name>cord</name><object_id>4245094</object_id><difficult>0</difficult><bndbox><xmin>712</xmin><ymin>305</ymin><xmax>784</xmax><ymax>751</ymax></bndbox><attribute>black</attribute></object><object><name>microphone</name><object_id>4245095</object_id><difficult>0</difficult><bndbox><xmin>723</xmin><ymin>301</ymin><xmax>830</xmax><ymax>368</ymax></bndbox></object><relation><subject_id>4245094</subject_id><object_id>4245095</object_id><predicate>attached</predicate></relation></annotation>