<annotation><folder>VG_100K</folder><filename>1160083.jpg</filename><source><database>Visual Genome Version 1.2</database><image_id>1160083</image_id><coco_id>126356</coco_id><flickr_id>3196451944</flickr_id></source><size><width>1024</width><height>687</height><depth>3</depth></size><segmented>0</segmented><object><name>shirt</name><object_id>1601330</object_id><difficult>0</difficult><bndbox><xmin>53</xmin><ymin>265</ymin><xmax>505</xmax><ymax>547</ymax></bndbox><attribute>white</attribute></object><object><name>vest</name><object_id>1601331</object_id><difficult>0</difficult><bndbox><xmin>118</xmin><ymin>281</ymin><xmax>455</xmax><ymax>677</ymax></bndbox><attribute>yellow</attribute></object><relation><subject_id>1601330</subject_id><object_id>1601331</object_id><predicate>under a</predicate></relation></annotation>