<annotation><folder>VG_100K</folder><filename>1160257.jpg</filename><source><database>Visual Genome Version 1.2</database><image_id>1160257</image_id><coco_id>399275</coco_id><flickr_id>135298963</flickr_id></source><size><width>800</width><height>602</height><depth>3</depth></size><segmented>0</segmented><object><name>wall</name><object_id>1603476</object_id><difficult>0</difficult><bndbox><xmin>742</xmin><ymin>266</ymin><xmax>790</xmax><ymax>372</ymax></bndbox></object><object><name>building</name><object_id>3707212</object_id><difficult>0</difficult><bndbox><xmin>715</xmin><ymin>270</ymin><xmax>784</xmax><ymax>364</ymax></bndbox></object><relation><subject_id>1603476</subject_id><object_id>3707212</object_id><predicate>on other side of</predicate></relation></annotation>