<annotation><folder>VG_100K</folder><filename>1160175.jpg</filename><source><database>Visual Genome Version 1.2</database><image_id>1160175</image_id><coco_id>None</coco_id><flickr_id>7216794794</flickr_id></source><size><width>1024</width><height>768</height><depth>3</depth></size><segmented>0</segmented><object><name>light</name><object_id>3797432</object_id><difficult>0</difficult><bndbox><xmin>411</xmin><ymin>22</ymin><xmax>526</xmax><ymax>64</ymax></bndbox><attribute>hanging</attribute></object><object><name>wall</name><object_id>1602476</object_id><difficult>0</difficult><bndbox><xmin>165</xmin><ymin>71</ymin><xmax>873</xmax><ymax>226</ymax></bndbox></object><relation><subject_id>3797432</subject_id><object_id>1602476</object_id><predicate>hanging on a</predicate></relation></annotation>