<annotation><folder>VG_100K</folder><filename>1160125.jpg</filename><source><database>Visual Genome Version 1.2</database><image_id>1160125</image_id><coco_id>105647</coco_id><flickr_id>295142265</flickr_id></source><size><width>1024</width><height>686</height><depth>3</depth></size><segmented>0</segmented><object><name>line</name><object_id>1602013</object_id><difficult>0</difficult><bndbox><xmin>546</xmin><ymin>323</ymin><xmax>728</xmax><ymax>363</ymax></bndbox><attribute>yellow</attribute></object><object><name>bus</name><object_id>1602012</object_id><difficult>0</difficult><bndbox><xmin>372</xmin><ymin>201</ymin><xmax>734</xmax><ymax>493</ymax></bndbox></object><relation><subject_id>1602013</subject_id><object_id>1602012</object_id><predicate>across</predicate></relation></annotation>