<annotation><folder>VG_100K</folder><filename>1160232.jpg</filename><source><database>Visual Genome Version 1.2</database><image_id>1160232</image_id><coco_id>None</coco_id><flickr_id>3816662387</flickr_id></source><size><width>681</width><height>1024</height><depth>3</depth></size><segmented>0</segmented><object><name>table</name><object_id>1603149</object_id><difficult>0</difficult><bndbox><xmin>18</xmin><ymin>255</ymin><xmax>678</xmax><ymax>642</ymax></bndbox></object><object><name>cords</name><object_id>1603148</object_id><difficult>0</difficult><bndbox><xmin>275</xmin><ymin>510</ymin><xmax>453</xmax><ymax>623</ymax></bndbox><attribute>black</attribute></object><relation><subject_id>1603148</subject_id><object_id>1603149</object_id><predicate>sitting on a</predicate></relation></annotation>