<annotation><folder>VG_100K</folder><filename>1160224.jpg</filename><source><database>Visual Genome Version 1.2</database><image_id>1160224</image_id><coco_id>None</coco_id><flickr_id>5035805696</flickr_id></source><size><width>768</width><height>1024</height><depth>3</depth></size><segmented>0</segmented><object><name>plate</name><object_id>3707122</object_id><difficult>0</difficult><bndbox><xmin>420</xmin><ymin>580</ymin><xmax>619</xmax><ymax>688</ymax></bndbox><attribute>white</attribute></object><object><name>plate</name><object_id>3250379</object_id><difficult>0</difficult><bndbox><xmin>424</xmin><ymin>589</ymin><xmax>489</xmax><ymax>638</ymax></bndbox><attribute>white</attribute></object><object><name>set</name><object_id>3707116</object_id><difficult>0</difficult><bndbox><xmin>455</xmin><ymin>566</ymin><xmax>601</xmax><ymax>674</ymax></bndbox></object><object><name>set</name><object_id>3707119</object_id><difficult>0</difficult><bndbox><xmin>460</xmin><ymin>559</ymin><xmax>602</xmax><ymax>670</ymax></bndbox></object><object><name>board</name><object_id>2215313</object_id><difficult>0</difficult><bndbox><xmin>226</xmin><ymin>674</ymin><xmax>647</xmax><ymax>1016</ymax></bndbox><attribute>wooden</attribute></object><object><name>food</name><object_id>2215314</object_id><difficult>0</difficult><bndbox><xmin>248</xmin><ymin>705</ymin><xmax>580</xmax><ymax>969</ymax></bndbox></object><relation><subject_id>3707116</subject_id><object_id>3250379</object_id><predicate>top of</predicate></relation><relation><subject_id>3707119</subject_id><object_id>3707122</object_id><predicate>resting on</predicate></relation><relation><subject_id>2215314</subject_id><object_id>2215313</object_id><predicate>top of</predicate></relation></annotation>