<annotation><folder>VG_100K</folder><filename>1160123.jpg</filename><source><database>Visual Genome Version 1.2</database><image_id>1160123</image_id><coco_id>None</coco_id><flickr_id>2967269788</flickr_id></source><size><width>551</width><height>412</height><depth>3</depth></size><segmented>0</segmented><object><name>person</name><object_id>3790380</object_id><difficult>0</difficult><bndbox><xmin>389</xmin><ymin>158</ymin><xmax>448</xmax><ymax>390</ymax></bndbox></object><object><name>person</name><object_id>3790379</object_id><difficult>0</difficult><bndbox><xmin>337</xmin><ymin>161</ymin><xmax>393</xmax><ymax>386</ymax></bndbox></object><object><name>person</name><object_id>3790378</object_id><difficult>0</difficult><bndbox><xmin>278</xmin><ymin>164</ymin><xmax>339</xmax><ymax>367</ymax></bndbox></object><object><name>person</name><object_id>3790377</object_id><difficult>0</difficult><bndbox><xmin>231</xmin><ymin>164</ymin><xmax>287</xmax><ymax>362</ymax></bndbox></object><object><name>person</name><object_id>3790376</object_id><difficult>0</difficult><bndbox><xmin>195</xmin><ymin>159</ymin><xmax>244</xmax><ymax>363</ymax></bndbox></object><object><name>awning</name><object_id>1601937</object_id><difficult>0</difficult><bndbox><xmin>0</xmin><ymin>33</ymin><xmax>537</xmax><ymax>132</ymax></bndbox></object><object><name>crowd</name><object_id>1601936</object_id><difficult>0</difficult><bndbox><xmin>15</xmin><ymin>132</ymin><xmax>536</xmax><ymax>405</ymax></bndbox></object><relation><subject_id>3790380</subject_id><object_id>1601937</object_id><predicate>under a</predicate></relation><relation><subject_id>3790379</subject_id><object_id>1601937</object_id><predicate>under a</predicate></relation><relation><subject_id>3790378</subject_id><object_id>1601937</object_id><predicate>under a</predicate></relation><relation><subject_id>3790377</subject_id><object_id>1601937</object_id><predicate>under a</predicate></relation><relation><subject_id>3790376</subject_id><object_id>1601937</object_id><predicate>under a</predicate></relation><relation><subject_id>1601936</subject_id><object_id>1601937</object_id><predicate>under a</predicate></relation></annotation>