<annotation><folder>VG_100K</folder><filename>1160120.jpg</filename><source><database>Visual Genome Version 1.2</database><image_id>1160120</image_id><coco_id>None</coco_id><flickr_id>7315235362</flickr_id></source><size><width>1024</width><height>685</height><depth>3</depth></size><segmented>0</segmented><object><name>truck</name><object_id>1077545</object_id><difficult>0</difficult><bndbox><xmin>341</xmin><ymin>299</ymin><xmax>659</xmax><ymax>424</ymax></bndbox><attribute>large</attribute><attribute>white</attribute><attribute>black</attribute><attribute>parked</attribute></object><object><name>bus</name><object_id>1077548</object_id><difficult>0</difficult><bndbox><xmin>466</xmin><ymin>244</ymin><xmax>662</xmax><ymax>336</ymax></bndbox><attribute>far</attribute></object><relation><subject_id>1077548</subject_id><object_id>1077545</object_id><predicate>beside</predicate></relation></annotation>