<annotation><folder>VG_100K</folder><filename>1160119.jpg</filename><source><database>Visual Genome Version 1.2</database><image_id>1160119</image_id><coco_id>214720</coco_id><flickr_id>66797251</flickr_id></source><size><width>960</width><height>1280</height><depth>3</depth></size><segmented>0</segmented><object><name>plate</name><object_id>1601786</object_id><difficult>0</difficult><bndbox><xmin>245</xmin><ymin>822</ymin><xmax>581</xmax><ymax>1022</ymax></bndbox><attribute>white</attribute><attribute>round</attribute></object><object><name>knife</name><object_id>1601785</object_id><difficult>0</difficult><bndbox><xmin>269</xmin><ymin>935</ymin><xmax>596</xmax><ymax>1036</ymax></bndbox><attribute>large</attribute><attribute>sharp</attribute><attribute>silver</attribute></object><relation><subject_id>1601785</subject_id><object_id>1601786</object_id><predicate>placed on</predicate></relation></annotation>