<annotation><folder>VG_100K</folder><filename>1160055.jpg</filename><source><database>Visual Genome Version 1.2</database><image_id>1160055</image_id><coco_id>238772</coco_id><flickr_id>6895726341</flickr_id></source><size><width>1024</width><height>686</height><depth>3</depth></size><segmented>0</segmented><object><name>railing</name><object_id>4223327</object_id><difficult>0</difficult><bndbox><xmin>697</xmin><ymin>5</ymin><xmax>993</xmax><ymax>189</ymax></bndbox><attribute>wooden</attribute></object><object><name>wall</name><object_id>4223328</object_id><difficult>0</difficult><bndbox><xmin>708</xmin><ymin>93</ymin><xmax>992</xmax><ymax>621</ymax></bndbox></object><relation><subject_id>4223327</subject_id><object_id>4223328</object_id><predicate>top of</predicate></relation></annotation>