<annotation><folder>VG_100K</folder><filename>1160177.jpg</filename><source><database>Visual Genome Version 1.2</database><image_id>1160177</image_id><coco_id>None</coco_id><flickr_id>9097868893</flickr_id></source><size><width>1024</width><height>684</height><depth>3</depth></size><segmented>0</segmented><object><name>grass</name><object_id>1602496</object_id><difficult>0</difficult><bndbox><xmin>7</xmin><ymin>510</ymin><xmax>1011</xmax><ymax>667</ymax></bndbox><attribute>green</attribute></object><object><name>bus</name><object_id>3706883</object_id><difficult>0</difficult><bndbox><xmin>0</xmin><ymin>8</ymin><xmax>614</xmax><ymax>681</ymax></bndbox><attribute>red</attribute></object><object><name>bus</name><object_id>3706880</object_id><difficult>0</difficult><bndbox><xmin>361</xmin><ymin>123</ymin><xmax>718</xmax><ymax>564</ymax></bndbox></object><object><name>bus</name><object_id>1602506</object_id><difficult>0</difficult><bndbox><xmin>574</xmin><ymin>200</ymin><xmax>945</xmax><ymax>552</ymax></bndbox></object><relation><subject_id>1602496</subject_id><object_id>3706883</object_id><predicate>beneath</predicate></relation><relation><subject_id>1602496</subject_id><object_id>3706880</object_id><predicate>beneath</predicate></relation><relation><subject_id>1602496</subject_id><object_id>1602506</object_id><predicate>beneath</predicate></relation></annotation>