<annotation><folder>VG_100K</folder><filename>1160113.jpg</filename><source><database>Visual Genome Version 1.2</database><image_id>1160113</image_id><coco_id>535049</coco_id><flickr_id>6937748857</flickr_id></source><size><width>1024</width><height>684</height><depth>3</depth></size><segmented>0</segmented><object><name>chair</name><object_id>3790343</object_id><difficult>0</difficult><bndbox><xmin>532</xmin><ymin>325</ymin><xmax>660</xmax><ymax>460</ymax></bndbox><attribute>red</attribute></object><object><name>window</name><object_id>1601698</object_id><difficult>0</difficult><bndbox><xmin>514</xmin><ymin>309</ymin><xmax>657</xmax><ymax>465</ymax></bndbox></object><relation><subject_id>3790343</subject_id><object_id>1601698</object_id><predicate>against</predicate></relation></annotation>