<annotation><folder>VG_100K</folder><filename>1160208.jpg</filename><source><database>Visual Genome Version 1.2</database><image_id>1160208</image_id><coco_id>57361</coco_id><flickr_id>25691390</flickr_id></source><size><width>1024</width><height>665</height><depth>3</depth></size><segmented>0</segmented><object><name>light</name><object_id>3707056</object_id><difficult>0</difficult><bndbox><xmin>630</xmin><ymin>296</ymin><xmax>693</xmax><ymax>331</ymax></bndbox><attribute>traffic</attribute></object><object><name>pole</name><object_id>3707057</object_id><difficult>0</difficult><bndbox><xmin>683</xmin><ymin>281</ymin><xmax>839</xmax><ymax>368</ymax></bndbox></object><object><name>advertisement</name><object_id>2707033</object_id><difficult>0</difficult><bndbox><xmin>754</xmin><ymin>16</ymin><xmax>825</xmax><ymax>269</ymax></bndbox><attribute>apple</attribute></object><object><name>building</name><object_id>3707059</object_id><difficult>0</difficult><bndbox><xmin>820</xmin><ymin>58</ymin><xmax>1022</xmax><ymax>663</ymax></bndbox></object><relation><subject_id>3707056</subject_id><object_id>3707057</object_id><predicate>hanging on a</predicate></relation><relation><subject_id>2707033</subject_id><object_id>3707059</object_id><predicate>hanging on a</predicate></relation></annotation>