<annotation><folder>VG_100K</folder><filename>1160169.jpg</filename><source><database>Visual Genome Version 1.2</database><image_id>1160169</image_id><coco_id>76028</coco_id><flickr_id>8333165364</flickr_id></source><size><width>1024</width><height>683</height><depth>3</depth></size><segmented>0</segmented><object><name>bus</name><object_id>4228077</object_id><difficult>0</difficult><bndbox><xmin>80</xmin><ymin>116</ymin><xmax>504</xmax><ymax>533</ymax></bndbox><attribute>red</attribute></object><object><name>headlight</name><object_id>4227987</object_id><difficult>0</difficult><bndbox><xmin>253</xmin><ymin>456</ymin><xmax>275</xmax><ymax>480</ymax></bndbox></object><object><name>headlight</name><object_id>4227988</object_id><difficult>0</difficult><bndbox><xmin>262</xmin><ymin>478</ymin><xmax>286</xmax><ymax>502</ymax></bndbox></object><object><name>bus</name><object_id>4228018</object_id><difficult>0</difficult><bndbox><xmin>469</xmin><ymin>130</ymin><xmax>765</xmax><ymax>528</ymax></bndbox></object><object><name>headlight</name><object_id>4227991</object_id><difficult>0</difficult><bndbox><xmin>521</xmin><ymin>448</ymin><xmax>539</xmax><ymax>468</ymax></bndbox></object><object><name>headlight</name><object_id>4227992</object_id><difficult>0</difficult><bndbox><xmin>530</xmin><ymin>467</ymin><xmax>548</xmax><ymax>491</ymax></bndbox></object><object><name>bus</name><object_id>4228022</object_id><difficult>0</difficult><bndbox><xmin>713</xmin><ymin>161</ymin><xmax>932</xmax><ymax>501</ymax></bndbox></object><object><name>headlight</name><object_id>4227996</object_id><difficult>0</difficult><bndbox><xmin>744</xmin><ymin>428</ymin><xmax>755</xmax><ymax>444</ymax></bndbox></object><object><name>headlight</name><object_id>4227997</object_id><difficult>0</difficult><bndbox><xmin>754</xmin><ymin>437</ymin><xmax>763</xmax><ymax>451</ymax></bndbox></object><object><name>headlight</name><object_id>4227998</object_id><difficult>0</difficult><bndbox><xmin>763</xmin><ymin>441</ymin><xmax>776</xmax><ymax>454</ymax></bndbox></object><object><name>headlight</name><object_id>4228007</object_id><difficult>0</difficult><bndbox><xmin>713</xmin><ymin>446</ymin><xmax>729</xmax><ymax>466</ymax></bndbox></object><object><name>headlight</name><object_id>4228008</object_id><difficult>0</difficult><bndbox><xmin>703</xmin><ymin>463</ymin><xmax>725</xmax><ymax>485</ymax></bndbox></object><object><name>headlight</name><object_id>4228009</object_id><difficult>0</difficult><bndbox><xmin>685</xmin><ymin>467</ymin><xmax>709</xmax><ymax>487</ymax></bndbox></object><object><name>headlight</name><object_id>4228012</object_id><difficult>0</difficult><bndbox><xmin>869</xmin><ymin>437</ymin><xmax>883</xmax><ymax>450</ymax></bndbox></object><object><name>headlight</name><object_id>4228013</object_id><difficult>0</difficult><bndbox><xmin>878</xmin><ymin>430</ymin><xmax>891</xmax><ymax>446</ymax></bndbox></object><object><name>headlight</name><object_id>4228014</object_id><difficult>0</difficult><bndbox><xmin>886</xmin><ymin>424</ymin><xmax>897</xmax><ymax>435</ymax></bndbox></object><object><name>license plate</name><object_id>4228019</object_id><difficult>0</difficult><bndbox><xmin>603</xmin><ymin>487</ymin><xmax>653</xmax><ymax>503</ymax></bndbox></object><object><name>license plate</name><object_id>4228021</object_id><difficult>0</difficult><bndbox><xmin>802</xmin><ymin>467</ymin><xmax>846</xmax><ymax>481</ymax></bndbox></object><object><name>window</name><object_id>4228036</object_id><difficult>0</difficult><bndbox><xmin>662</xmin><ymin>80</ymin><xmax>701</xmax><ymax>152</ymax></bndbox><attribute>glass</attribute></object><object><name>building</name><object_id>4228037</object_id><difficult>0</difficult><bndbox><xmin>5</xmin><ymin>3</ymin><xmax>993</xmax><ymax>436</ymax></bndbox></object><relation><subject_id>4227987</subject_id><object_id>4228077</object_id><predicate>mounted on</predicate></relation><relation><subject_id>4227988</subject_id><object_id>4228077</object_id><predicate>mounted on</predicate></relation><relation><subject_id>4227991</subject_id><object_id>4228018</object_id><predicate>mounted on</predicate></relation><relation><subject_id>4227992</subject_id><object_id>4228018</object_id><predicate>mounted on</predicate></relation><relation><subject_id>4227996</subject_id><object_id>4228022</object_id><predicate>mounted on</predicate></relation><relation><subject_id>4227997</subject_id><object_id>4228022</object_id><predicate>mounted on</predicate></relation><relation><subject_id>4227998</subject_id><object_id>4228022</object_id><predicate>mounted on</predicate></relation><relation><subject_id>4228007</subject_id><object_id>4228018</object_id><predicate>mounted on</predicate></relation><relation><subject_id>4228008</subject_id><object_id>4228018</object_id><predicate>mounted on</predicate></relation><relation><subject_id>4228009</subject_id><object_id>4228018</object_id><predicate>mounted on</predicate></relation><relation><subject_id>4228012</subject_id><object_id>4228022</object_id><predicate>mounted on</predicate></relation><relation><subject_id>4228013</subject_id><object_id>4228022</object_id><predicate>mounted on</predicate></relation><relation><subject_id>4228014</subject_id><object_id>4228022</object_id><predicate>mounted on</predicate></relation><relation><subject_id>4228019</subject_id><object_id>4228018</object_id><predicate>mounted on</predicate></relation><relation><subject_id>4228021</subject_id><object_id>4228022</object_id><predicate>mounted on</predicate></relation><relation><subject_id>4228036</subject_id><object_id>4228037</object_id><predicate>adorning</predicate></relation></annotation>