<annotation><folder>VG_100K</folder><filename>1160239.jpg</filename><source><database>Visual Genome Version 1.2</database><image_id>1160239</image_id><coco_id>None</coco_id><flickr_id>7747553094</flickr_id></source><size><width>1024</width><height>683</height><depth>3</depth></size><segmented>0</segmented><object><name>road</name><object_id>3797464</object_id><difficult>0</difficult><bndbox><xmin>4</xmin><ymin>131</ymin><xmax>1022</xmax><ymax>680</ymax></bndbox></object><object><name>number</name><object_id>1603243</object_id><difficult>0</difficult><bndbox><xmin>1</xmin><ymin>477</ymin><xmax>82</xmax><ymax>545</ymax></bndbox></object><relation><subject_id>1603243</subject_id><object_id>3797464</object_id><predicate>painted</predicate></relation></annotation>