<annotation><folder>VG_100K</folder><filename>1160142.jpg</filename><source><database>Visual Genome Version 1.2</database><image_id>1160142</image_id><coco_id>None</coco_id><flickr_id>2469734374</flickr_id></source><size><width>1024</width><height>686</height><depth>3</depth></size><segmented>0</segmented><object><name>wall</name><object_id>4224812</object_id><difficult>0</difficult><bndbox><xmin>338</xmin><ymin>94</ymin><xmax>486</xmax><ymax>224</ymax></bndbox></object><object><name>building</name><object_id>4224813</object_id><difficult>0</difficult><bndbox><xmin>130</xmin><ymin>13</ymin><xmax>580</xmax><ymax>396</ymax></bndbox></object><object><name>building</name><object_id>4224814</object_id><difficult>0</difficult><bndbox><xmin>141</xmin><ymin>65</ymin><xmax>569</xmax><ymax>474</ymax></bndbox></object><object><name>wall</name><object_id>4224815</object_id><difficult>0</difficult><bndbox><xmin>316</xmin><ymin>307</ymin><xmax>479</xmax><ymax>448</ymax></bndbox></object><object><name>wall</name><object_id>4224817</object_id><difficult>0</difficult><bndbox><xmin>293</xmin><ymin>307</ymin><xmax>490</xmax><ymax>444</ymax></bndbox></object><object><name>building</name><object_id>4224820</object_id><difficult>0</difficult><bndbox><xmin>74</xmin><ymin>24</ymin><xmax>602</xmax><ymax>511</ymax></bndbox></object><object><name>wall</name><object_id>4224819</object_id><difficult>0</difficult><bndbox><xmin>342</xmin><ymin>296</ymin><xmax>490</xmax><ymax>463</ymax></bndbox></object><relation><subject_id>4224812</subject_id><object_id>4224813</object_id><predicate>on other side of</predicate></relation><relation><subject_id>4224815</subject_id><object_id>4224814</object_id><predicate>on other side of</predicate></relation><relation><subject_id>4224817</subject_id><object_id>4224820</object_id><predicate>on other side of</predicate></relation><relation><subject_id>4224819</subject_id><object_id>4224820</object_id><predicate>on other side of</predicate></relation></annotation>