<annotation><folder>VG_100K</folder><filename>1160003.jpg</filename><source><database>Visual Genome Version 1.2</database><image_id>1160003</image_id><coco_id>381694</coco_id><flickr_id>8758617659</flickr_id></source><size><width>1024</width><height>575</height><depth>3</depth></size><segmented>0</segmented><object><name>person</name><object_id>3706244</object_id><difficult>0</difficult><bndbox><xmin>245</xmin><ymin>399</ymin><xmax>284</xmax><ymax>456</ymax></bndbox></object><object><name>umbrella</name><object_id>3706245</object_id><difficult>0</difficult><bndbox><xmin>214</xmin><ymin>368</ymin><xmax>286</xmax><ymax>403</ymax></bndbox></object><object><name>person</name><object_id>3706246</object_id><difficult>0</difficult><bndbox><xmin>307</xmin><ymin>338</ymin><xmax>342</xmax><ymax>445</ymax></bndbox></object><object><name>umbrella</name><object_id>3706247</object_id><difficult>0</difficult><bndbox><xmin>262</xmin><ymin>297</ymin><xmax>338</xmax><ymax>341</ymax></bndbox></object><object><name>person</name><object_id>3706248</object_id><difficult>0</difficult><bndbox><xmin>206</xmin><ymin>526</ymin><xmax>267</xmax><ymax>570</ymax></bndbox></object><object><name>umbrella</name><object_id>3706249</object_id><difficult>0</difficult><bndbox><xmin>182</xmin><ymin>487</ymin><xmax>288</xmax><ymax>526</ymax></bndbox></object><relation><subject_id>3706244</subject_id><object_id>3706245</object_id><predicate>walking towards</predicate></relation><relation><subject_id>3706246</subject_id><object_id>3706247</object_id><predicate>walking towards</predicate></relation><relation><subject_id>3706248</subject_id><object_id>3706249</object_id><predicate>walking towards</predicate></relation></annotation>