<annotation><folder>VG_100K</folder><filename>1160197.jpg</filename><source><database>Visual Genome Version 1.2</database><image_id>1160197</image_id><coco_id>None</coco_id><flickr_id>9873547783</flickr_id></source><size><width>1024</width><height>742</height><depth>3</depth></size><segmented>0</segmented><object><name>men</name><object_id>4230707</object_id><difficult>0</difficult><bndbox><xmin>228</xmin><ymin>424</ymin><xmax>440</xmax><ymax>682</ymax></bndbox></object><object><name>men</name><object_id>4230708</object_id><difficult>0</difficult><bndbox><xmin>317</xmin><ymin>413</ymin><xmax>551</xmax><ymax>675</ymax></bndbox></object><object><name>bench</name><object_id>4230709</object_id><difficult>0</difficult><bndbox><xmin>2</xmin><ymin>482</ymin><xmax>554</xmax><ymax>738</ymax></bndbox></object><object><name>bicycles</name><object_id>4230715</object_id><difficult>0</difficult><bndbox><xmin>401</xmin><ymin>374</ymin><xmax>549</xmax><ymax>576</ymax></bndbox></object><object><name>bicycles</name><object_id>4230716</object_id><difficult>0</difficult><bndbox><xmin>527</xmin><ymin>398</ymin><xmax>601</xmax><ymax>507</ymax></bndbox></object><object><name>wall</name><object_id>4230717</object_id><difficult>0</difficult><bndbox><xmin>315</xmin><ymin>268</ymin><xmax>629</xmax><ymax>510</ymax></bndbox></object><object><name>bicycle</name><object_id>4230724</object_id><difficult>0</difficult><bndbox><xmin>4</xmin><ymin>424</ymin><xmax>126</xmax><ymax>546</ymax></bndbox><attribute>red</attribute></object><object><name>wall</name><object_id>4230725</object_id><difficult>0</difficult><bndbox><xmin>8</xmin><ymin>225</ymin><xmax>186</xmax><ymax>560</ymax></bndbox></object><relation><subject_id>4230707</subject_id><object_id>4230709</object_id><predicate>sitting on a</predicate></relation><relation><subject_id>4230708</subject_id><object_id>4230709</object_id><predicate>sitting on a</predicate></relation><relation><subject_id>4230715</subject_id><object_id>4230717</object_id><predicate>against</predicate></relation><relation><subject_id>4230716</subject_id><object_id>4230717</object_id><predicate>against</predicate></relation><relation><subject_id>4230724</subject_id><object_id>4230725</object_id><predicate>against</predicate></relation></annotation>