<annotation><folder>VG_100K</folder><filename>1160194.jpg</filename><source><database>Visual Genome Version 1.2</database><image_id>1160194</image_id><coco_id>None</coco_id><flickr_id>3476458176</flickr_id></source><size><width>1024</width><height>636</height><depth>3</depth></size><segmented>0</segmented><object><name>bench</name><object_id>1602821</object_id><difficult>0</difficult><bndbox><xmin>232</xmin><ymin>311</ymin><xmax>594</xmax><ymax>526</ymax></bndbox></object><object><name>woman</name><object_id>1602810</object_id><difficult>0</difficult><bndbox><xmin>498</xmin><ymin>263</ymin><xmax>581</xmax><ymax>472</ymax></bndbox></object><object><name>man</name><object_id>1602828</object_id><difficult>0</difficult><bndbox><xmin>267</xmin><ymin>264</ymin><xmax>433</xmax><ymax>524</ymax></bndbox><attribute>bald</attribute></object><object><name>building</name><object_id>1602862</object_id><difficult>0</difficult><bndbox><xmin>4</xmin><ymin>8</ymin><xmax>1020</xmax><ymax>329</ymax></bndbox></object><object><name>man</name><object_id>1602854</object_id><difficult>0</difficult><bndbox><xmin>859</xmin><ymin>176</ymin><xmax>1021</xmax><ymax>560</ymax></bndbox></object><object><name>cellphone</name><object_id>3706998</object_id><difficult>0</difficult><bndbox><xmin>961</xmin><ymin>180</ymin><xmax>992</xmax><ymax>217</ymax></bndbox></object><object><name>wall</name><object_id>1602863</object_id><difficult>0</difficult><bndbox><xmin>77</xmin><ymin>5</ymin><xmax>479</xmax><ymax>234</ymax></bndbox></object><relation><subject_id>1602810</subject_id><object_id>1602821</object_id><predicate>sitting on a</predicate></relation><relation><subject_id>1602828</subject_id><object_id>1602821</object_id><predicate>sitting on a</predicate></relation><relation><subject_id>1602854</subject_id><object_id>3706998</object_id><predicate>talking on</predicate></relation><relation><subject_id>1602863</subject_id><object_id>1602862</object_id><predicate>on other side of</predicate></relation></annotation>