<annotation><folder>VG_100K</folder><filename>1160198.jpg</filename><source><database>Visual Genome Version 1.2</database><image_id>1160198</image_id><coco_id>None</coco_id><flickr_id>9256611294</flickr_id></source><size><width>1024</width><height>683</height><depth>3</depth></size><segmented>0</segmented><object><name>plane</name><object_id>4430545</object_id><difficult>0</difficult><bndbox><xmin>4</xmin><ymin>165</ymin><xmax>916</xmax><ymax>462</ymax></bndbox><attribute>white</attribute></object><object><name>letter</name><object_id>4430539</object_id><difficult>0</difficult><bndbox><xmin>581</xmin><ymin>286</ymin><xmax>603</xmax><ymax>326</ymax></bndbox></object><object><name>letter</name><object_id>4430540</object_id><difficult>0</difficult><bndbox><xmin>594</xmin><ymin>297</ymin><xmax>618</xmax><ymax>323</ymax></bndbox></object><object><name>letter</name><object_id>4430541</object_id><difficult>0</difficult><bndbox><xmin>631</xmin><ymin>288</ymin><xmax>655</xmax><ymax>325</ymax></bndbox></object><object><name>letter</name><object_id>4430542</object_id><difficult>0</difficult><bndbox><xmin>648</xmin><ymin>294</ymin><xmax>668</xmax><ymax>323</ymax></bndbox></object><object><name>letter</name><object_id>4430543</object_id><difficult>0</difficult><bndbox><xmin>704</xmin><ymin>292</ymin><xmax>735</xmax><ymax>325</ymax></bndbox></object><object><name>sky</name><object_id>4430557</object_id><difficult>0</difficult><bndbox><xmin>2</xmin><ymin>3</ymin><xmax>992</xmax><ymax>310</ymax></bndbox><attribute>blue</attribute></object><object><name>cloud</name><object_id>4430547</object_id><difficult>0</difficult><bndbox><xmin>17</xmin><ymin>124</ymin><xmax>100</xmax><ymax>172</ymax></bndbox></object><object><name>cloud</name><object_id>4430548</object_id><difficult>0</difficult><bndbox><xmin>24</xmin><ymin>91</ymin><xmax>118</xmax><ymax>146</ymax></bndbox></object><object><name>cloud</name><object_id>4430571</object_id><difficult>0</difficult><bndbox><xmin>106</xmin><ymin>35</ymin><xmax>331</xmax><ymax>131</ymax></bndbox><attribute>white</attribute></object><object><name>cloud</name><object_id>4430560</object_id><difficult>0</difficult><bndbox><xmin>385</xmin><ymin>93</ymin><xmax>602</xmax><ymax>193</ymax></bndbox><attribute>white</attribute></object><object><name>cloud</name><object_id>4430551</object_id><difficult>0</difficult><bndbox><xmin>784</xmin><ymin>156</ymin><xmax>957</xmax><ymax>230</ymax></bndbox></object><object><name>windshield</name><object_id>4430552</object_id><difficult>0</difficult><bndbox><xmin>810</xmin><ymin>301</ymin><xmax>877</xmax><ymax>323</ymax></bndbox></object><object><name>cloud</name><object_id>4430558</object_id><difficult>0</difficult><bndbox><xmin>17</xmin><ymin>126</ymin><xmax>98</xmax><ymax>170</ymax></bndbox><attribute>white</attribute></object><object><name>cloud</name><object_id>4430584</object_id><difficult>0</difficult><bndbox><xmin>780</xmin><ymin>158</ymin><xmax>949</xmax><ymax>223</ymax></bndbox><attribute>white</attribute></object><object><name>cloud</name><object_id>4430561</object_id><difficult>0</difficult><bndbox><xmin>114</xmin><ymin>37</ymin><xmax>356</xmax><ymax>126</ymax></bndbox><attribute>white</attribute></object><object><name>cloud</name><object_id>4430562</object_id><difficult>0</difficult><bndbox><xmin>114</xmin><ymin>197</ymin><xmax>285</xmax><ymax>271</ymax></bndbox><attribute>white</attribute></object><object><name>cloud</name><object_id>4430568</object_id><difficult>0</difficult><bndbox><xmin>143</xmin><ymin>122</ymin><xmax>368</xmax><ymax>194</ymax></bndbox><attribute>white</attribute></object><object><name>cloud</name><object_id>4430569</object_id><difficult>0</difficult><bndbox><xmin>791</xmin><ymin>152</ymin><xmax>952</xmax><ymax>222</ymax></bndbox><attribute>white</attribute></object><object><name>cloud</name><object_id>4430570</object_id><difficult>0</difficult><bndbox><xmin>706</xmin><ymin>204</ymin><xmax>886</xmax><ymax>261</ymax></bndbox><attribute>white</attribute></object><object><name>cloud</name><object_id>4430572</object_id><difficult>0</difficult><bndbox><xmin>505</xmin><ymin>161</ymin><xmax>767</xmax><ymax>216</ymax></bndbox><attribute>white</attribute></object><object><name>cloud</name><object_id>4430574</object_id><difficult>0</difficult><bndbox><xmin>7</xmin><ymin>197</ymin><xmax>128</xmax><ymax>256</ymax></bndbox><attribute>white</attribute></object><object><name>cloud</name><object_id>4430581</object_id><difficult>0</difficult><bndbox><xmin>127</xmin><ymin>201</ymin><xmax>279</xmax><ymax>275</ymax></bndbox><attribute>white</attribute></object><object><name>cloud</name><object_id>4430576</object_id><difficult>0</difficult><bndbox><xmin>789</xmin><ymin>147</ymin><xmax>954</xmax><ymax>232</ymax></bndbox><attribute>white</attribute></object><object><name>cloud</name><object_id>4430577</object_id><difficult>0</difficult><bndbox><xmin>380</xmin><ymin>91</ymin><xmax>616</xmax><ymax>191</ymax></bndbox><attribute>white</attribute></object><object><name>cloud</name><object_id>4430578</object_id><difficult>0</difficult><bndbox><xmin>344</xmin><ymin>3</ymin><xmax>556</xmax><ymax>109</ymax></bndbox><attribute>white</attribute></object><object><name>cloud</name><object_id>4430580</object_id><difficult>0</difficult><bndbox><xmin>136</xmin><ymin>119</ymin><xmax>381</xmax><ymax>206</ymax></bndbox><attribute>white</attribute></object><object><name>cloud</name><object_id>4430582</object_id><difficult>0</difficult><bndbox><xmin>15</xmin><ymin>122</ymin><xmax>109</xmax><ymax>170</ymax></bndbox><attribute>white</attribute></object><object><name>cloud</name><object_id>4430583</object_id><difficult>0</difficult><bndbox><xmin>352</xmin><ymin>3</ymin><xmax>543</xmax><ymax>101</ymax></bndbox><attribute>white</attribute></object><relation><subject_id>4430539</subject_id><object_id>4430545</object_id><predicate>painted</predicate></relation><relation><subject_id>4430540</subject_id><object_id>4430545</object_id><predicate>painted</predicate></relation><relation><subject_id>4430541</subject_id><object_id>4430545</object_id><predicate>painted</predicate></relation><relation><subject_id>4430542</subject_id><object_id>4430545</object_id><predicate>painted</predicate></relation><relation><subject_id>4430543</subject_id><object_id>4430545</object_id><predicate>painted</predicate></relation><relation><subject_id>4430547</subject_id><object_id>4430557</object_id><predicate>hanging on a</predicate></relation><relation><subject_id>4430548</subject_id><object_id>4430557</object_id><predicate>hanging on a</predicate></relation><relation><subject_id>4430571</subject_id><object_id>4430557</object_id><predicate>hanging on a</predicate></relation><relation><subject_id>4430560</subject_id><object_id>4430557</object_id><predicate>hanging on a</predicate></relation><relation><subject_id>4430551</subject_id><object_id>4430557</object_id><predicate>hanging on a</predicate></relation><relation><subject_id>4430552</subject_id><object_id>4430545</object_id><predicate>built into</predicate></relation><relation><subject_id>4430558</subject_id><object_id>4430557</object_id><predicate>hanging on a</predicate></relation><relation><subject_id>4430584</subject_id><object_id>4430557</object_id><predicate>hanging on a</predicate></relation><relation><subject_id>4430560</subject_id><object_id>4430557</object_id><predicate>hanging on a</predicate></relation><relation><subject_id>4430561</subject_id><object_id>4430557</object_id><predicate>hanging on a</predicate></relation><relation><subject_id>4430562</subject_id><object_id>4430557</object_id><predicate>hanging on a</predicate></relation><relation><subject_id>4430568</subject_id><object_id>4430557</object_id><predicate>hanging on a</predicate></relation><relation><subject_id>4430569</subject_id><object_id>4430557</object_id><predicate>hanging on a</predicate></relation><relation><subject_id>4430570</subject_id><object_id>4430557</object_id><predicate>hanging on a</predicate></relation><relation><subject_id>4430571</subject_id><object_id>4430557</object_id><predicate>hanging on a</predicate></relation><relation><subject_id>4430572</subject_id><object_id>4430557</object_id><predicate>hanging on a</predicate></relation><relation><subject_id>4430574</subject_id><object_id>4430557</object_id><predicate>hanging on a</predicate></relation><relation><subject_id>4430581</subject_id><object_id>4430557</object_id><predicate>hanging on a</predicate></relation><relation><subject_id>4430576</subject_id><object_id>4430557</object_id><predicate>hanging on a</predicate></relation><relation><subject_id>4430577</subject_id><object_id>4430557</object_id><predicate>hanging on a</predicate></relation><relation><subject_id>4430578</subject_id><object_id>4430557</object_id><predicate>hanging on a</predicate></relation><relation><subject_id>4430580</subject_id><object_id>4430557</object_id><predicate>hanging on a</predicate></relation><relation><subject_id>4430581</subject_id><object_id>4430557</object_id><predicate>hanging on a</predicate></relation><relation><subject_id>4430582</subject_id><object_id>4430557</object_id><predicate>hanging on a</predicate></relation><relation><subject_id>4430583</subject_id><object_id>4430557</object_id><predicate>hanging on a</predicate></relation><relation><subject_id>4430584</subject_id><object_id>4430557</object_id><predicate>hanging on a</predicate></relation></annotation>