<annotation><folder>VG_100K</folder><filename>1160187.jpg</filename><source><database>Visual Genome Version 1.2</database><image_id>1160187</image_id><coco_id>None</coco_id><flickr_id>9395706698</flickr_id></source><size><width>1024</width><height>768</height><depth>3</depth></size><segmented>0</segmented><object><name>bike</name><object_id>1602652</object_id><difficult>0</difficult><bndbox><xmin>539</xmin><ymin>609</ymin><xmax>818</xmax><ymax>766</ymax></bndbox></object><object><name>sign</name><object_id>3706952</object_id><difficult>0</difficult><bndbox><xmin>613</xmin><ymin>640</ymin><xmax>704</xmax><ymax>747</ymax></bndbox><attribute>yellow</attribute></object><object><name>sign</name><object_id>1602665</object_id><difficult>0</difficult><bndbox><xmin>611</xmin><ymin>646</ymin><xmax>706</xmax><ymax>741</ymax></bndbox></object><object><name>bicycle</name><object_id>3706968</object_id><difficult>0</difficult><bndbox><xmin>544</xmin><ymin>628</ymin><xmax>773</xmax><ymax>763</ymax></bndbox></object><relation><subject_id>3706952</subject_id><object_id>1602652</object_id><predicate>against</predicate></relation><relation><subject_id>1602665</subject_id><object_id>3706968</object_id><predicate>against</predicate></relation></annotation>