<annotation><folder>VG_100K</folder><filename>1160153.jpg</filename><source><database>Visual Genome Version 1.2</database><image_id>1160153</image_id><coco_id>None</coco_id><flickr_id>130033128</flickr_id></source><size><width>1024</width><height>768</height><depth>3</depth></size><segmented>0</segmented><object><name>umbrella</name><object_id>1602317</object_id><difficult>0</difficult><bndbox><xmin>83</xmin><ymin>196</ymin><xmax>428</xmax><ymax>317</ymax></bndbox><attribute>open</attribute></object><object><name>people</name><object_id>1602315</object_id><difficult>0</difficult><bndbox><xmin>102</xmin><ymin>283</ymin><xmax>436</xmax><ymax>732</ymax></bndbox></object><relation><subject_id>1602315</subject_id><object_id>1602317</object_id><predicate>under a</predicate></relation></annotation>