<annotation><folder>VG_100K</folder><filename>1160016.jpg</filename><source><database>Visual Genome Version 1.2</database><image_id>1160016</image_id><coco_id>None</coco_id><flickr_id>3696856176</flickr_id></source><size><width>782</width><height>1024</height><depth>3</depth></size><segmented>0</segmented><object><name>rope</name><object_id>4213630</object_id><difficult>0</difficult><bndbox><xmin>347</xmin><ymin>309</ymin><xmax>378</xmax><ymax>384</ymax></bndbox><attribute>green</attribute></object><object><name>pier</name><object_id>4213631</object_id><difficult>0</difficult><bndbox><xmin>302</xmin><ymin>356</ymin><xmax>417</xmax><ymax>398</ymax></bndbox><attribute>wooden</attribute></object><object><name>pole</name><object_id>4213632</object_id><difficult>0</difficult><bndbox><xmin>333</xmin><ymin>308</ymin><xmax>352</xmax><ymax>400</ymax></bndbox></object><object><name>mast</name><object_id>4213643</object_id><difficult>0</difficult><bndbox><xmin>393</xmin><ymin>600</ymin><xmax>489</xmax><ymax>944</ymax></bndbox><attribute>large</attribute></object><object><name>water</name><object_id>4213644</object_id><difficult>0</difficult><bndbox><xmin>304</xmin><ymin>597</ymin><xmax>551</xmax><ymax>963</ymax></bndbox></object><relation><subject_id>4213630</subject_id><object_id>4213632</object_id><predicate>hanging on a</predicate></relation><relation><subject_id>4213632</subject_id><object_id>4213631</object_id><predicate>attached</predicate></relation><relation><subject_id>4213643</subject_id><object_id>4213644</object_id><predicate>reflected on</predicate></relation></annotation>