<annotation><folder>VG_100K</folder><filename>1160183.jpg</filename><source><database>Visual Genome Version 1.2</database><image_id>1160183</image_id><coco_id>126090</coco_id><flickr_id>9319721174</flickr_id></source><size><width>1024</width><height>678</height><depth>3</depth></size><segmented>0</segmented><object><name>wall</name><object_id>4229235</object_id><difficult>0</difficult><bndbox><xmin>431</xmin><ymin>369</ymin><xmax>514</xmax><ymax>419</ymax></bndbox></object><object><name>building</name><object_id>4229241</object_id><difficult>0</difficult><bndbox><xmin>6</xmin><ymin>112</ymin><xmax>1018</xmax><ymax>570</ymax></bndbox></object><object><name>wall</name><object_id>4229237</object_id><difficult>0</difficult><bndbox><xmin>410</xmin><ymin>362</ymin><xmax>469</xmax><ymax>401</ymax></bndbox></object><object><name>wall</name><object_id>4229240</object_id><difficult>0</difficult><bndbox><xmin>401</xmin><ymin>317</ymin><xmax>440</xmax><ymax>404</ymax></bndbox></object><relation><subject_id>4229235</subject_id><object_id>4229241</object_id><predicate>on other side of</predicate></relation><relation><subject_id>4229237</subject_id><object_id>4229241</object_id><predicate>on other side of</predicate></relation><relation><subject_id>4229240</subject_id><object_id>4229241</object_id><predicate>on other side of</predicate></relation></annotation>