<annotation><folder>VG_100K</folder><filename>1160210.jpg</filename><source><database>Visual Genome Version 1.2</database><image_id>1160210</image_id><coco_id>None</coco_id><flickr_id>8802007217</flickr_id></source><size><width>1024</width><height>772</height><depth>3</depth></size><segmented>0</segmented><object><name>platform</name><object_id>3797444</object_id><difficult>0</difficult><bndbox><xmin>48</xmin><ymin>600</ymin><xmax>116</xmax><ymax>639</ymax></bndbox></object><object><name>man</name><object_id>1602954</object_id><difficult>0</difficult><bndbox><xmin>175</xmin><ymin>501</ymin><xmax>202</xmax><ymax>577</ymax></bndbox></object><relation><subject_id>1602954</subject_id><object_id>3797444</object_id><predicate>running in</predicate></relation></annotation>