<annotation><folder>VG_100K</folder><filename>1160143.jpg</filename><source><database>Visual Genome Version 1.2</database><image_id>1160143</image_id><coco_id>None</coco_id><flickr_id>4024894436</flickr_id></source><size><width>1100</width><height>733</height><depth>3</depth></size><segmented>0</segmented><object><name>building</name><object_id>3797413</object_id><difficult>0</difficult><bndbox><xmin>388</xmin><ymin>224</ymin><xmax>1096</xmax><ymax>540</ymax></bndbox></object><object><name>wall</name><object_id>1602248</object_id><difficult>0</difficult><bndbox><xmin>392</xmin><ymin>196</ymin><xmax>494</xmax><ymax>329</ymax></bndbox></object><relation><subject_id>1602248</subject_id><object_id>3797413</object_id><predicate>on other side of</predicate></relation></annotation>