<annotation><folder>VG_100K</folder><filename>1160035.jpg</filename><source><database>Visual Genome Version 1.2</database><image_id>1160035</image_id><coco_id>None</coco_id><flickr_id>1377581705</flickr_id></source><size><width>1024</width><height>681</height><depth>3</depth></size><segmented>0</segmented><object><name>plant</name><object_id>4209684</object_id><difficult>0</difficult><bndbox><xmin>193</xmin><ymin>12</ymin><xmax>446</xmax><ymax>95</ymax></bndbox></object><object><name>wall</name><object_id>4209685</object_id><difficult>0</difficult><bndbox><xmin>208</xmin><ymin>45</ymin><xmax>420</xmax><ymax>301</ymax></bndbox></object><object><name>door</name><object_id>4209689</object_id><difficult>0</difficult><bndbox><xmin>597</xmin><ymin>14</ymin><xmax>725</xmax><ymax>336</ymax></bndbox></object><object><name>windows</name><object_id>4209690</object_id><difficult>0</difficult><bndbox><xmin>778</xmin><ymin>56</ymin><xmax>990</xmax><ymax>379</ymax></bndbox></object><relation><subject_id>4209684</subject_id><object_id>4209685</object_id><predicate>hanging on a</predicate></relation><relation><subject_id>4209689</subject_id><object_id>4209690</object_id><predicate>between</predicate></relation></annotation>