<annotation><folder>VG_100K</folder><filename>1160161.jpg</filename><source><database>Visual Genome Version 1.2</database><image_id>1160161</image_id><coco_id>449466</coco_id><flickr_id>6358964149</flickr_id></source><size><width>610</width><height>800</height><depth>3</depth></size><segmented>0</segmented><object><name>tiles</name><object_id>1602375</object_id><difficult>0</difficult><bndbox><xmin>58</xmin><ymin>468</ymin><xmax>308</xmax><ymax>666</ymax></bndbox><attribute>white</attribute></object><object><name>wall</name><object_id>3706807</object_id><difficult>0</difficult><bndbox><xmin>53</xmin><ymin>472</ymin><xmax>306</xmax><ymax>610</ymax></bndbox></object><relation><subject_id>1602375</subject_id><object_id>3706807</object_id><predicate>line</predicate></relation></annotation>