<annotation><folder>VG_100K_2</folder><filename>1162.jpg</filename><source><database>Visual Genome Version 1.2</database><image_id>1162</image_id><coco_id>None</coco_id><flickr_id>None</flickr_id></source><size><width>460</width><height>343</height><depth>3</depth></size><segmented>0</segmented><object><name>picture</name><object_id>1711075</object_id><difficult>0</difficult><bndbox><xmin>288</xmin><ymin>153</ymin><xmax>311</xmax><ymax>179</ymax></bndbox></object><object><name>wall</name><object_id>3635143</object_id><difficult>0</difficult><bndbox><xmin>279</xmin><ymin>157</ymin><xmax>284</xmax><ymax>172</ymax></bndbox></object><relation><subject_id>1711075</subject_id><object_id>3635143</object_id><predicate>hanging on a</predicate></relation></annotation>