<annotation><folder>VG_100K_2</folder><filename>1163.jpg</filename><source><database>Visual Genome Version 1.2</database><image_id>1163</image_id><coco_id>None</coco_id><flickr_id>None</flickr_id></source><size><width>625</width><height>448</height><depth>3</depth></size><segmented>0</segmented><object><name>trailer</name><object_id>1541750</object_id><difficult>0</difficult><bndbox><xmin>59</xmin><ymin>139</ymin><xmax>551</xmax><ymax>326</ymax></bndbox></object><object><name>steps</name><object_id>1541758</object_id><difficult>0</difficult><bndbox><xmin>253</xmin><ymin>278</ymin><xmax>337</xmax><ymax>325</ymax></bndbox><attribute>concrete</attribute></object><relation><subject_id>1541758</subject_id><object_id>1541750</object_id><predicate>built into</predicate></relation></annotation>