<annotation><folder>VG_100K</folder><filename>2364964.jpg</filename><source><database>Visual Genome Version 1.2</database><image_id>2364964</image_id><coco_id>None</coco_id><flickr_id>9444286328</flickr_id></source><size><width>500</width><height>375</height><depth>3</depth></size><segmented>0</segmented><object><name>liquid</name><object_id>3886769</object_id><difficult>0</difficult><bndbox><xmin>209</xmin><ymin>183</ymin><xmax>240</xmax><ymax>337</ymax></bndbox><attribute>red</attribute></object><object><name>jar</name><object_id>1967086</object_id><difficult>0</difficult><bndbox><xmin>198</xmin><ymin>173</ymin><xmax>253</xmax><ymax>338</ymax></bndbox></object><relation><subject_id>1967086</subject_id><object_id>3886769</object_id><predicate>containing</predicate></relation></annotation>