<annotation><folder>VG_100K</folder><filename>2364983.jpg</filename><source><database>Visual Genome Version 1.2</database><image_id>2364983</image_id><coco_id>None</coco_id><flickr_id>469913837</flickr_id></source><size><width>500</width><height>500</height><depth>3</depth></size><segmented>0</segmented><object><name>building</name><object_id>1955736</object_id><difficult>0</difficult><bndbox><xmin>11</xmin><ymin>10</ymin><xmax>226</xmax><ymax>342</ymax></bndbox><attribute>brown</attribute></object><object><name>building</name><object_id>2220771</object_id><difficult>0</difficult><bndbox><xmin>206</xmin><ymin>136</ymin><xmax>468</xmax><ymax>330</ymax></bndbox></object><object><name>building</name><object_id>3886698</object_id><difficult>0</difficult><bndbox><xmin>452</xmin><ymin>208</ymin><xmax>489</xmax><ymax>292</ymax></bndbox></object><object><name>street</name><object_id>2114849</object_id><difficult>0</difficult><bndbox><xmin>0</xmin><ymin>337</ymin><xmax>490</xmax><ymax>497</ymax></bndbox></object><relation><subject_id>1955736</subject_id><object_id>2114849</object_id><predicate>beside</predicate></relation><relation><subject_id>2220771</subject_id><object_id>2114849</object_id><predicate>beside</predicate></relation><relation><subject_id>3886698</subject_id><object_id>2114849</object_id><predicate>beside</predicate></relation></annotation>