<annotation><folder>VG_100K</folder><filename>2364841.jpg</filename><source><database>Visual Genome Version 1.2</database><image_id>2364841</image_id><coco_id>482774</coco_id><flickr_id>493708236</flickr_id></source><size><width>500</width><height>333</height><depth>3</depth></size><segmented>0</segmented><object><name>keyboard</name><object_id>2988903</object_id><difficult>0</difficult><bndbox><xmin>26</xmin><ymin>109</ymin><xmax>499</xmax><ymax>239</ymax></bndbox><attribute>white</attribute><attribute>clear</attribute></object><object><name>keyboard</name><object_id>3334535</object_id><difficult>0</difficult><bndbox><xmin>33</xmin><ymin>105</ymin><xmax>480</xmax><ymax>217</ymax></bndbox><attribute>white</attribute></object><object><name>table</name><object_id>3135679</object_id><difficult>0</difficult><bndbox><xmin>6</xmin><ymin>108</ymin><xmax>498</xmax><ymax>328</ymax></bndbox><attribute>grey</attribute></object><object><name>monitor</name><object_id>2876340</object_id><difficult>0</difficult><bndbox><xmin>116</xmin><ymin>1</ymin><xmax>499</xmax><ymax>41</ymax></bndbox></object><object><name>pad</name><object_id>2094634</object_id><difficult>0</difficult><bndbox><xmin>43</xmin><ymin>181</ymin><xmax>65</xmax><ymax>188</ymax></bndbox><attribute>round</attribute></object><object><name>pad</name><object_id>2094635</object_id><difficult>0</difficult><bndbox><xmin>97</xmin><ymin>183</ymin><xmax>114</xmax><ymax>193</ymax></bndbox><attribute>round</attribute></object><object><name>pad</name><object_id>2094636</object_id><difficult>0</difficult><bndbox><xmin>145</xmin><ymin>186</ymin><xmax>164</xmax><ymax>197</ymax></bndbox><attribute>round</attribute></object><object><name>pad</name><object_id>2094637</object_id><difficult>0</difficult><bndbox><xmin>296</xmin><ymin>197</ymin><xmax>318</xmax><ymax>208</ymax></bndbox><attribute>round</attribute></object><object><name>space</name><object_id>2094639</object_id><difficult>0</difficult><bndbox><xmin>71</xmin><ymin>176</ymin><xmax>93</xmax><ymax>189</ymax></bndbox></object><object><name>space</name><object_id>2094640</object_id><difficult>0</difficult><bndbox><xmin>121</xmin><ymin>181</ymin><xmax>142</xmax><ymax>194</ymax></bndbox></object><object><name>space</name><object_id>2094641</object_id><difficult>0</difficult><bndbox><xmin>171</xmin><ymin>188</ymin><xmax>213</xmax><ymax>201</ymax></bndbox></object><object><name>space</name><object_id>2094642</object_id><difficult>0</difficult><bndbox><xmin>218</xmin><ymin>193</ymin><xmax>234</xmax><ymax>200</ymax></bndbox></object><relation><subject_id>3334535</subject_id><object_id>3135679</object_id><predicate>top of</predicate></relation><relation><subject_id>2988903</subject_id><object_id>2876340</object_id><predicate>under a</predicate></relation><relation><subject_id>2094634</subject_id><object_id>2094639</object_id><predicate>between</predicate></relation><relation><subject_id>2094635</subject_id><object_id>2094640</object_id><predicate>between</predicate></relation><relation><subject_id>2094636</subject_id><object_id>2094641</object_id><predicate>between</predicate></relation><relation><subject_id>2094637</subject_id><object_id>2094642</object_id><predicate>between</predicate></relation></annotation>