<annotation><folder>VG_100K</folder><filename>2364998.jpg</filename><source><database>Visual Genome Version 1.2</database><image_id>2364998</image_id><coco_id>309744</coco_id><flickr_id>2513671485</flickr_id></source><size><width>500</width><height>375</height><depth>3</depth></size><segmented>0</segmented><object><name>surfer</name><object_id>3886629</object_id><difficult>0</difficult><bndbox><xmin>184</xmin><ymin>10</ymin><xmax>340</xmax><ymax>236</ymax></bndbox></object><object><name>river</name><object_id>2242407</object_id><difficult>0</difficult><bndbox><xmin>10</xmin><ymin>38</ymin><xmax>498</xmax><ymax>354</ymax></bndbox></object><relation><subject_id>3886629</subject_id><object_id>2242407</object_id><predicate>down</predicate></relation></annotation>