<annotation><folder>VG_100K</folder><filename>2364867.jpg</filename><source><database>Visual Genome Version 1.2</database><image_id>2364867</image_id><coco_id>113199</coco_id><flickr_id>3724818484</flickr_id></source><size><width>500</width><height>375</height><depth>3</depth></size><segmented>0</segmented><object><name>pizza</name><object_id>758462</object_id><difficult>0</difficult><bndbox><xmin>41</xmin><ymin>91</ymin><xmax>420</xmax><ymax>315</ymax></bndbox><attribute>sliced</attribute><attribute>cooked</attribute><attribute>ready</attribute><attribute>white</attribute></object><object><name>plate</name><object_id>758463</object_id><difficult>0</difficult><bndbox><xmin>25</xmin><ymin>94</ymin><xmax>433</xmax><ymax>328</ymax></bndbox><attribute>yellow</attribute><attribute>red</attribute></object><object><name>plate</name><object_id>758464</object_id><difficult>0</difficult><bndbox><xmin>196</xmin><ymin>0</ymin><xmax>456</xmax><ymax>98</ymax></bndbox><attribute>blue</attribute><attribute>empty</attribute></object><object><name>noodle</name><object_id>758465</object_id><difficult>0</difficult><bndbox><xmin>31</xmin><ymin>152</ymin><xmax>54</xmax><ymax>181</ymax></bndbox></object><object><name>mat</name><object_id>758466</object_id><difficult>0</difficult><bndbox><xmin>1</xmin><ymin>30</ymin><xmax>498</xmax><ymax>374</ymax></bndbox><attribute>red</attribute></object><object><name>noodle</name><object_id>758467</object_id><difficult>0</difficult><bndbox><xmin>0</xmin><ymin>134</ymin><xmax>40</xmax><ymax>186</ymax></bndbox></object><object><name>utensil</name><object_id>758468</object_id><difficult>0</difficult><bndbox><xmin>310</xmin><ymin>40</ymin><xmax>366</xmax><ymax>100</ymax></bndbox></object><object><name>utensil</name><object_id>758469</object_id><difficult>0</difficult><bndbox><xmin>350</xmin><ymin>57</ymin><xmax>430</xmax><ymax>118</ymax></bndbox></object><object><name>rice</name><object_id>758470</object_id><difficult>0</difficult><bndbox><xmin>368</xmin><ymin>283</ymin><xmax>498</xmax><ymax>374</ymax></bndbox><attribute>white</attribute></object><object><name>plate</name><object_id>758471</object_id><difficult>0</difficult><bndbox><xmin>344</xmin><ymin>244</ymin><xmax>499</xmax><ymax>374</ymax></bndbox><attribute>blue</attribute><attribute>white</attribute><attribute>green</attribute></object><object><name>fork</name><object_id>758472</object_id><difficult>0</difficult><bndbox><xmin>312</xmin><ymin>17</ymin><xmax>445</xmax><ymax>72</ymax></bndbox><attribute>metal</attribute></object><object><name>knife</name><object_id>758473</object_id><difficult>0</difficult><bndbox><xmin>335</xmin><ymin>330</ymin><xmax>380</xmax><ymax>374</ymax></bndbox></object><object><name>table</name><object_id>758474</object_id><difficult>0</difficult><bndbox><xmin>1</xmin><ymin>15</ymin><xmax>500</xmax><ymax>375</ymax></bndbox><attribute>wooden</attribute></object><object><name>napkin</name><object_id>758477</object_id><difficult>0</difficult><bndbox><xmin>472</xmin><ymin>87</ymin><xmax>500</xmax><ymax>141</ymax></bndbox><attribute>white</attribute></object><relation><subject_id>758465</subject_id><object_id>758466</object_id><predicate>top of</predicate></relation><relation><subject_id>758467</subject_id><object_id>758466</object_id><predicate>top of</predicate></relation><relation><subject_id>758468</subject_id><object_id>758462</object_id><predicate>under a</predicate></relation><relation><subject_id>758469</subject_id><object_id>758462</object_id><predicate>under a</predicate></relation><relation><subject_id>758470</subject_id><object_id>758471</object_id><predicate>top of</predicate></relation><relation><subject_id>758472</subject_id><object_id>758464</object_id><predicate>top of</predicate></relation><relation><subject_id>758462</subject_id><object_id>758463</object_id><predicate>top of</predicate></relation><relation><subject_id>758473</subject_id><object_id>758471</object_id><predicate>top of</predicate></relation><relation><subject_id>758472</subject_id><object_id>758464</object_id><predicate>top of</predicate></relation><relation><subject_id>758462</subject_id><object_id>758463</object_id><predicate>top of</predicate></relation><relation><subject_id>758470</subject_id><object_id>758471</object_id><predicate>top of</predicate></relation><relation><subject_id>758465</subject_id><object_id>758474</object_id><predicate>top of</predicate></relation><relation><subject_id>758467</subject_id><object_id>758474</object_id><predicate>top of</predicate></relation><relation><subject_id>758464</subject_id><object_id>758474</object_id><predicate>top of</predicate></relation><relation><subject_id>758472</subject_id><object_id>758464</object_id><predicate>top of</predicate></relation><relation><subject_id>758465</subject_id><object_id>758474</object_id><predicate>top of</predicate></relation><relation><subject_id>758467</subject_id><object_id>758474</object_id><predicate>top of</predicate></relation><relation><subject_id>758477</subject_id><object_id>758474</object_id><predicate>top of</predicate></relation></annotation>