<annotation><folder>VG_100K</folder><filename>2364491.jpg</filename><source><database>Visual Genome Version 1.2</database><image_id>2364491</image_id><coco_id>124907</coco_id><flickr_id>7033182677</flickr_id></source><size><width>500</width><height>376</height><depth>3</depth></size><segmented>0</segmented><object><name>face</name><object_id>3738399</object_id><difficult>0</difficult><bndbox><xmin>72</xmin><ymin>77</ymin><xmax>126</xmax><ymax>166</ymax></bndbox></object><object><name>hand</name><object_id>3738398</object_id><difficult>0</difficult><bndbox><xmin>62</xmin><ymin>143</ymin><xmax>85</xmax><ymax>168</ymax></bndbox></object><relation><subject_id>3738398</subject_id><object_id>3738399</object_id><predicate>petting</predicate></relation></annotation>