<annotation><folder>VG_100K</folder><filename>2364955.jpg</filename><source><database>Visual Genome Version 1.2</database><image_id>2364955</image_id><coco_id>86036</coco_id><flickr_id>9116901928</flickr_id></source><size><width>500</width><height>333</height><depth>3</depth></size><segmented>0</segmented><object><name>girl</name><object_id>3886898</object_id><difficult>0</difficult><bndbox><xmin>41</xmin><ymin>43</ymin><xmax>258</xmax><ymax>332</ymax></bndbox><attribute>white</attribute></object><object><name>head</name><object_id>1679240</object_id><difficult>0</difficult><bndbox><xmin>123</xmin><ymin>42</ymin><xmax>228</xmax><ymax>175</ymax></bndbox></object><object><name>sunglasses</name><object_id>1679239</object_id><difficult>0</difficult><bndbox><xmin>152</xmin><ymin>35</ymin><xmax>203</xmax><ymax>67</ymax></bndbox></object><object><name>arm</name><object_id>3886897</object_id><difficult>0</difficult><bndbox><xmin>47</xmin><ymin>167</ymin><xmax>119</xmax><ymax>315</ymax></bndbox></object><relation><subject_id>1679239</subject_id><object_id>1679240</object_id><predicate>top of</predicate></relation><relation><subject_id>3886897</subject_id><object_id>3886898</object_id><predicate>belonging to</predicate></relation></annotation>