<annotation><folder>VG_100K</folder><filename>2364879.jpg</filename><source><database>Visual Genome Version 1.2</database><image_id>2364879</image_id><coco_id>None</coco_id><flickr_id>4523920832</flickr_id></source><size><width>333</width><height>500</height><depth>3</depth></size><segmented>0</segmented><object><name>hook</name><object_id>3887350</object_id><difficult>0</difficult><bndbox><xmin>293</xmin><ymin>197</ymin><xmax>305</xmax><ymax>213</ymax></bndbox></object><object><name>beak</name><object_id>1961331</object_id><difficult>0</difficult><bndbox><xmin>291</xmin><ymin>200</ymin><xmax>305</xmax><ymax>207</ymax></bndbox></object><relation><subject_id>3887350</subject_id><object_id>1961331</object_id><predicate>part of</predicate></relation></annotation>