<annotation><folder>VG_100K</folder><filename>2364496.jpg</filename><source><database>Visual Genome Version 1.2</database><image_id>2364496</image_id><coco_id>None</coco_id><flickr_id>8055261077</flickr_id></source><size><width>500</width><height>391</height><depth>3</depth></size><segmented>0</segmented><object><name>pizza</name><object_id>2333901</object_id><difficult>0</difficult><bndbox><xmin>48</xmin><ymin>100</ymin><xmax>426</xmax><ymax>379</ymax></bndbox><attribute>sliced</attribute></object><object><name>vegetables</name><object_id>3738352</object_id><difficult>0</difficult><bndbox><xmin>171</xmin><ymin>122</ymin><xmax>423</xmax><ymax>311</ymax></bndbox></object><object><name>plate</name><object_id>1941457</object_id><difficult>0</difficult><bndbox><xmin>1</xmin><ymin>88</ymin><xmax>498</xmax><ymax>388</ymax></bndbox><attribute>large</attribute><attribute>white</attribute></object><relation><subject_id>3738352</subject_id><object_id>2333901</object_id><predicate>top of</predicate></relation><relation><subject_id>2333901</subject_id><object_id>1941457</object_id><predicate>top of</predicate></relation></annotation>