<annotation><folder>VG_100K</folder><filename>2364668.jpg</filename><source><database>Visual Genome Version 1.2</database><image_id>2364668</image_id><coco_id>313020</coco_id><flickr_id>9331552726</flickr_id></source><size><width>500</width><height>333</height><depth>3</depth></size><segmented>0</segmented><object><name>air</name><object_id>3888482</object_id><difficult>0</difficult><bndbox><xmin>1</xmin><ymin>3</ymin><xmax>499</xmax><ymax>330</ymax></bndbox></object><object><name>baseball</name><object_id>2494402</object_id><difficult>0</difficult><bndbox><xmin>20</xmin><ymin>183</ymin><xmax>50</xmax><ymax>208</ymax></bndbox></object><relation><subject_id>2494402</subject_id><object_id>3888482</object_id><predicate>flying in</predicate></relation></annotation>