<annotation><folder>VG_100K</folder><filename>2364475.jpg</filename><source><database>Visual Genome Version 1.2</database><image_id>2364475</image_id><coco_id>568023</coco_id><flickr_id>6378988729</flickr_id></source><size><width>375</width><height>500</height><depth>3</depth></size><segmented>0</segmented><object><name>bike</name><object_id>2078618</object_id><difficult>0</difficult><bndbox><xmin>32</xmin><ymin>59</ymin><xmax>346</xmax><ymax>487</ymax></bndbox></object><object><name>man</name><object_id>1991073</object_id><difficult>0</difficult><bndbox><xmin>81</xmin><ymin>52</ymin><xmax>201</xmax><ymax>313</ymax></bndbox></object><object><name>bike</name><object_id>2695068</object_id><difficult>0</difficult><bndbox><xmin>37</xmin><ymin>87</ymin><xmax>328</xmax><ymax>479</ymax></bndbox><attribute>blue</attribute><attribute>grey</attribute></object><object><name>box</name><object_id>2005597</object_id><difficult>0</difficult><bndbox><xmin>39</xmin><ymin>196</ymin><xmax>93</xmax><ymax>274</ymax></bndbox></object><object><name>motorcycle</name><object_id>2438608</object_id><difficult>0</difficult><bndbox><xmin>38</xmin><ymin>55</ymin><xmax>330</xmax><ymax>479</ymax></bndbox></object><object><name>mirror</name><object_id>1661498</object_id><difficult>0</difficult><bndbox><xmin>60</xmin><ymin>88</ymin><xmax>141</xmax><ymax>135</ymax></bndbox></object><object><name>mirror</name><object_id>2438607</object_id><difficult>0</difficult><bndbox><xmin>253</xmin><ymin>83</ymin><xmax>277</xmax><ymax>109</ymax></bndbox><attribute>black</attribute></object><relation><subject_id>1991073</subject_id><object_id>2078618</object_id><predicate>sitting on a</predicate></relation><relation><subject_id>2005597</subject_id><object_id>2695068</object_id><predicate>on other side of</predicate></relation><relation><subject_id>1661498</subject_id><object_id>2438608</object_id><predicate>on other side of</predicate></relation><relation><subject_id>2438607</subject_id><object_id>2438608</object_id><predicate>on other side of</predicate></relation></annotation>