<annotation><folder>VG_100K</folder><filename>2364556.jpg</filename><source><database>Visual Genome Version 1.2</database><image_id>2364556</image_id><coco_id>146785</coco_id><flickr_id>2828814982</flickr_id></source><size><width>375</width><height>500</height><depth>3</depth></size><segmented>0</segmented><object><name>frisbee</name><object_id>2357036</object_id><difficult>0</difficult><bndbox><xmin>201</xmin><ymin>175</ymin><xmax>345</xmax><ymax>281</ymax></bndbox><attribute>red</attribute></object><object><name>tree</name><object_id>1828295</object_id><difficult>0</difficult><bndbox><xmin>176</xmin><ymin>150</ymin><xmax>351</xmax><ymax>300</ymax></bndbox></object><object><name>tree</name><object_id>1920707</object_id><difficult>0</difficult><bndbox><xmin>85</xmin><ymin>0</ymin><xmax>374</xmax><ymax>499</ymax></bndbox></object><relation><subject_id>2357036</subject_id><object_id>1828295</object_id><predicate>beside</predicate></relation><relation><subject_id>2357036</subject_id><object_id>1920707</object_id><predicate>beside</predicate></relation></annotation>