<annotation><folder>VG_100K</folder><filename>2364486.jpg</filename><source><database>Visual Genome Version 1.2</database><image_id>2364486</image_id><coco_id>22142</coco_id><flickr_id>6764696977</flickr_id></source><size><width>500</width><height>404</height><depth>3</depth></size><segmented>0</segmented><object><name>tree</name><object_id>640767</object_id><difficult>0</difficult><bndbox><xmin>0</xmin><ymin>1</ymin><xmax>499</xmax><ymax>403</ymax></bndbox><attribute>large</attribute><attribute>green</attribute></object><object><name>fruit</name><object_id>640769</object_id><difficult>0</difficult><bndbox><xmin>217</xmin><ymin>317</ymin><xmax>246</xmax><ymax>348</ymax></bndbox><attribute>green</attribute></object><relation><subject_id>640767</subject_id><object_id>640769</object_id><predicate>containing</predicate></relation></annotation>