<annotation><folder>VG_100K</folder><filename>2364470.jpg</filename><source><database>Visual Genome Version 1.2</database><image_id>2364470</image_id><coco_id>None</coco_id><flickr_id>6314452229</flickr_id></source><size><width>500</width><height>333</height><depth>3</depth></size><segmented>0</segmented><object><name>sky</name><object_id>2188869</object_id><difficult>0</difficult><bndbox><xmin>10</xmin><ymin>0</ymin><xmax>496</xmax><ymax>114</ymax></bndbox><attribute>blue</attribute><attribute>hazy</attribute></object><object><name>surfboard</name><object_id>2942857</object_id><difficult>0</difficult><bndbox><xmin>172</xmin><ymin>179</ymin><xmax>261</xmax><ymax>211</ymax></bndbox><attribute>green</attribute></object><object><name>stripe</name><object_id>2942858</object_id><difficult>0</difficult><bndbox><xmin>178</xmin><ymin>194</ymin><xmax>243</xmax><ymax>202</ymax></bndbox><attribute>white</attribute></object><object><name>foot</name><object_id>2942859</object_id><difficult>0</difficult><bndbox><xmin>196</xmin><ymin>188</ymin><xmax>226</xmax><ymax>205</ymax></bndbox></object><object><name>sky</name><object_id>3279607</object_id><difficult>0</difficult><bndbox><xmin>221</xmin><ymin>25</ymin><xmax>289</xmax><ymax>72</ymax></bndbox><attribute>blue</attribute></object><object><name>clouds</name><object_id>3602135</object_id><difficult>0</difficult><bndbox><xmin>393</xmin><ymin>35</ymin><xmax>420</xmax><ymax>61</ymax></bndbox><attribute>white</attribute></object><object><name>clouds</name><object_id>3738577</object_id><difficult>0</difficult><bndbox><xmin>90</xmin><ymin>47</ymin><xmax>177</xmax><ymax>77</ymax></bndbox><attribute>white</attribute></object><object><name>sky</name><object_id>2529447</object_id><difficult>0</difficult><bndbox><xmin>323</xmin><ymin>35</ymin><xmax>421</xmax><ymax>88</ymax></bndbox><attribute>blue</attribute></object><object><name>clouds</name><object_id>2735750</object_id><difficult>0</difficult><bndbox><xmin>409</xmin><ymin>14</ymin><xmax>467</xmax><ymax>56</ymax></bndbox><attribute>white</attribute></object><object><name>sky</name><object_id>2735751</object_id><difficult>0</difficult><bndbox><xmin>25</xmin><ymin>23</ymin><xmax>475</xmax><ymax>141</ymax></bndbox><attribute>blue</attribute></object><object><name>clouds</name><object_id>3738578</object_id><difficult>0</difficult><bndbox><xmin>45</xmin><ymin>59</ymin><xmax>113</xmax><ymax>80</ymax></bndbox><attribute>white</attribute></object><object><name>sky</name><object_id>1974806</object_id><difficult>0</difficult><bndbox><xmin>213</xmin><ymin>62</ymin><xmax>286</xmax><ymax>109</ymax></bndbox><attribute>blue</attribute></object><object><name>cloud</name><object_id>2188868</object_id><difficult>0</difficult><bndbox><xmin>256</xmin><ymin>3</ymin><xmax>346</xmax><ymax>60</ymax></bndbox><attribute>white</attribute></object><object><name>sky</name><object_id>3738580</object_id><difficult>0</difficult><bndbox><xmin>14</xmin><ymin>9</ymin><xmax>486</xmax><ymax>96</ymax></bndbox><attribute>blue</attribute></object><object><name>clouds</name><object_id>3738579</object_id><difficult>0</difficult><bndbox><xmin>49</xmin><ymin>51</ymin><xmax>137</xmax><ymax>80</ymax></bndbox><attribute>white</attribute></object><relation><subject_id>2942857</subject_id><object_id>2942859</object_id><predicate>under a</predicate></relation><relation><subject_id>2942858</subject_id><object_id>2942859</object_id><predicate>under a</predicate></relation><relation><subject_id>3602135</subject_id><object_id>3279607</object_id><predicate>against</predicate></relation><relation><subject_id>3738577</subject_id><object_id>2529447</object_id><predicate>against</predicate></relation><relation><subject_id>2735750</subject_id><object_id>2735751</object_id><predicate>against</predicate></relation><relation><subject_id>3738578</subject_id><object_id>1974806</object_id><predicate>against</predicate></relation><relation><subject_id>2188868</subject_id><object_id>2188869</object_id><predicate>against</predicate></relation><relation><subject_id>3738579</subject_id><object_id>3738580</object_id><predicate>against</predicate></relation></annotation>