<annotation><folder>VG_100K</folder><filename>2364972.jpg</filename><source><database>Visual Genome Version 1.2</database><image_id>2364972</image_id><coco_id>133556</coco_id><flickr_id>133999937</flickr_id></source><size><width>500</width><height>333</height><depth>3</depth></size><segmented>0</segmented><object><name>player</name><object_id>637342</object_id><difficult>0</difficult><bndbox><xmin>121</xmin><ymin>69</ymin><xmax>288</xmax><ymax>285</ymax></bndbox></object><object><name>bat</name><object_id>637343</object_id><difficult>0</difficult><bndbox><xmin>186</xmin><ymin>35</ymin><xmax>237</xmax><ymax>77</ymax></bndbox><attribute>brown</attribute></object><relation><subject_id>637342</subject_id><object_id>637343</object_id><predicate>swinging</predicate></relation></annotation>