<annotation><folder>VG_100K</folder><filename>2364900.jpg</filename><source><database>Visual Genome Version 1.2</database><image_id>2364900</image_id><coco_id>None</coco_id><flickr_id>5716708932</flickr_id></source><size><width>500</width><height>375</height><depth>3</depth></size><segmented>0</segmented><object><name>paper</name><object_id>2447426</object_id><difficult>0</difficult><bndbox><xmin>319</xmin><ymin>323</ymin><xmax>432</xmax><ymax>366</ymax></bndbox></object><object><name>computer</name><object_id>2447427</object_id><difficult>0</difficult><bndbox><xmin>245</xmin><ymin>208</ymin><xmax>380</xmax><ymax>300</ymax></bndbox></object><object><name>man</name><object_id>1946854</object_id><difficult>0</difficult><bndbox><xmin>144</xmin><ymin>96</ymin><xmax>303</xmax><ymax>301</ymax></bndbox></object><object><name>chair</name><object_id>1666803</object_id><difficult>0</difficult><bndbox><xmin>128</xmin><ymin>135</ymin><xmax>207</xmax><ymax>373</ymax></bndbox><attribute>wooden</attribute></object><object><name>desk</name><object_id>3887249</object_id><difficult>0</difficult><bndbox><xmin>150</xmin><ymin>230</ymin><xmax>471</xmax><ymax>370</ymax></bndbox></object><object><name>pen</name><object_id>2442113</object_id><difficult>0</difficult><bndbox><xmin>312</xmin><ymin>334</ymin><xmax>416</xmax><ymax>370</ymax></bndbox></object><object><name>laptop</name><object_id>2284238</object_id><difficult>0</difficult><bndbox><xmin>249</xmin><ymin>189</ymin><xmax>402</xmax><ymax>304</ymax></bndbox></object><object><name>table</name><object_id>2284237</object_id><difficult>0</difficult><bndbox><xmin>169</xmin><ymin>216</ymin><xmax>467</xmax><ymax>373</ymax></bndbox></object><relation><subject_id>2447426</subject_id><object_id>2447427</object_id><predicate>before</predicate></relation><relation><subject_id>1946854</subject_id><object_id>1666803</object_id><predicate>sitting on a</predicate></relation><relation><subject_id>2442113</subject_id><object_id>3887249</object_id><predicate>placed on</predicate></relation><relation><subject_id>2284237</subject_id><object_id>2284238</object_id><predicate>under a</predicate></relation></annotation>