<annotation><folder>VG_100K</folder><filename>2364722.jpg</filename><source><database>Visual Genome Version 1.2</database><image_id>2364722</image_id><coco_id>122763</coco_id><flickr_id>3109818783</flickr_id></source><size><width>500</width><height>473</height><depth>3</depth></size><segmented>0</segmented><object><name>laptop</name><object_id>1977661</object_id><difficult>0</difficult><bndbox><xmin>51</xmin><ymin>177</ymin><xmax>461</xmax><ymax>457</ymax></bndbox><attribute>open</attribute></object><object><name>cord</name><object_id>2358213</object_id><difficult>0</difficult><bndbox><xmin>24</xmin><ymin>405</ymin><xmax>485</xmax><ymax>465</ymax></bndbox><attribute>black</attribute><attribute>thin</attribute></object><object><name>wall</name><object_id>3888164</object_id><difficult>0</difficult><bndbox><xmin>2</xmin><ymin>0</ymin><xmax>497</xmax><ymax>260</ymax></bndbox></object><object><name>painting</name><object_id>1799360</object_id><difficult>0</difficult><bndbox><xmin>241</xmin><ymin>2</ymin><xmax>441</xmax><ymax>132</ymax></bndbox></object><object><name>stand</name><object_id>3888163</object_id><difficult>0</difficult><bndbox><xmin>135</xmin><ymin>3</ymin><xmax>255</xmax><ymax>181</ymax></bndbox></object><relation><subject_id>2358213</subject_id><object_id>1977661</object_id><predicate>built into</predicate></relation><relation><subject_id>1799360</subject_id><object_id>3888164</object_id><predicate>hanging on a</predicate></relation><relation><subject_id>3888163</subject_id><object_id>3888164</object_id><predicate>against</predicate></relation></annotation>