<annotation><folder>VG_100K</folder><filename>2364444.jpg</filename><source><database>Visual Genome Version 1.2</database><image_id>2364444</image_id><coco_id>None</coco_id><flickr_id>4706459129</flickr_id></source><size><width>333</width><height>500</height><depth>3</depth></size><segmented>0</segmented><object><name>dog</name><object_id>3738788</object_id><difficult>0</difficult><bndbox><xmin>130</xmin><ymin>191</ymin><xmax>243</xmax><ymax>395</ymax></bndbox></object><object><name>guy</name><object_id>2393433</object_id><difficult>0</difficult><bndbox><xmin>67</xmin><ymin>106</ymin><xmax>258</xmax><ymax>369</ymax></bndbox></object><object><name>frisbee</name><object_id>3738793</object_id><difficult>0</difficult><bndbox><xmin>87</xmin><ymin>203</ymin><xmax>148</xmax><ymax>236</ymax></bndbox><attribute>white</attribute></object><object><name>dog</name><object_id>2574854</object_id><difficult>0</difficult><bndbox><xmin>120</xmin><ymin>193</ymin><xmax>251</xmax><ymax>426</ymax></bndbox><attribute>black</attribute></object><object><name>field</name><object_id>3738795</object_id><difficult>0</difficult><bndbox><xmin>1</xmin><ymin>300</ymin><xmax>321</xmax><ymax>490</ymax></bndbox><attribute>grassy</attribute></object><object><name>dog</name><object_id>2633497</object_id><difficult>0</difficult><bndbox><xmin>126</xmin><ymin>200</ymin><xmax>249</xmax><ymax>396</ymax></bndbox><attribute>black</attribute></object><relation><subject_id>2393433</subject_id><object_id>3738788</object_id><predicate>playing with</predicate></relation><relation><subject_id>2574854</subject_id><object_id>3738793</object_id><predicate>catching</predicate></relation><relation><subject_id>2633497</subject_id><object_id>3738795</object_id><predicate>jumping on</predicate></relation></annotation>