<annotation><folder>VG_100K</folder><filename>2364563.jpg</filename><source><database>Visual Genome Version 1.2</database><image_id>2364563</image_id><coco_id>None</coco_id><flickr_id>3077391982</flickr_id></source><size><width>500</width><height>332</height><depth>3</depth></size><segmented>0</segmented><object><name>man</name><object_id>3737736</object_id><difficult>0</difficult><bndbox><xmin>222</xmin><ymin>61</ymin><xmax>489</xmax><ymax>330</ymax></bndbox></object><object><name>woman</name><object_id>3737737</object_id><difficult>0</difficult><bndbox><xmin>104</xmin><ymin>100</ymin><xmax>276</xmax><ymax>329</ymax></bndbox></object><relation><subject_id>3737736</subject_id><object_id>3737737</object_id><predicate>standing with</predicate></relation></annotation>