<annotation><folder>VG_100K</folder><filename>2364953.jpg</filename><source><database>Visual Genome Version 1.2</database><image_id>2364953</image_id><coco_id>None</coco_id><flickr_id>8906441328</flickr_id></source><size><width>333</width><height>500</height><depth>3</depth></size><segmented>0</segmented><object><name>grass</name><object_id>3886921</object_id><difficult>0</difficult><bndbox><xmin>1</xmin><ymin>359</ymin><xmax>331</xmax><ymax>496</ymax></bndbox></object><object><name>horse</name><object_id>1764311</object_id><difficult>0</difficult><bndbox><xmin>57</xmin><ymin>128</ymin><xmax>213</xmax><ymax>460</ymax></bndbox></object><object><name>hoof</name><object_id>3886930</object_id><difficult>0</difficult><bndbox><xmin>105</xmin><ymin>443</ymin><xmax>135</xmax><ymax>460</ymax></bndbox></object><object><name>ground</name><object_id>2067110</object_id><difficult>0</difficult><bndbox><xmin>4</xmin><ymin>363</ymin><xmax>331</xmax><ymax>495</ymax></bndbox></object><object><name>sign</name><object_id>3886931</object_id><difficult>0</difficult><bndbox><xmin>269</xmin><ymin>304</ymin><xmax>328</xmax><ymax>361</ymax></bndbox></object><object><name>fence</name><object_id>1736210</object_id><difficult>0</difficult><bndbox><xmin>8</xmin><ymin>309</ymin><xmax>327</xmax><ymax>362</ymax></bndbox></object><relation><subject_id>1764311</subject_id><object_id>3886921</object_id><predicate>running in</predicate></relation><relation><subject_id>3886930</subject_id><object_id>2067110</object_id><predicate>touching</predicate></relation><relation><subject_id>3886931</subject_id><object_id>1736210</object_id><predicate>hanging on a</predicate></relation></annotation>