<annotation><folder>VG_100K</folder><filename>2364651.jpg</filename><source><database>Visual Genome Version 1.2</database><image_id>2364651</image_id><coco_id>73783</coco_id><flickr_id>8168245978</flickr_id></source><size><width>500</width><height>337</height><depth>3</depth></size><segmented>0</segmented><object><name>man</name><object_id>3888567</object_id><difficult>0</difficult><bndbox><xmin>182</xmin><ymin>35</ymin><xmax>416</xmax><ymax>335</ymax></bndbox></object><object><name>shorts</name><object_id>2104695</object_id><difficult>0</difficult><bndbox><xmin>215</xmin><ymin>174</ymin><xmax>322</xmax><ymax>261</ymax></bndbox><attribute>gray</attribute></object><object><name>t-shirt</name><object_id>3888568</object_id><difficult>0</difficult><bndbox><xmin>228</xmin><ymin>60</ymin><xmax>332</xmax><ymax>200</ymax></bndbox><attribute>gray</attribute></object><object><name>man</name><object_id>1822292</object_id><difficult>0</difficult><bndbox><xmin>171</xmin><ymin>10</ymin><xmax>391</xmax><ymax>335</ymax></bndbox></object><object><name>man</name><object_id>3078835</object_id><difficult>0</difficult><bndbox><xmin>191</xmin><ymin>2</ymin><xmax>346</xmax><ymax>335</ymax></bndbox></object><object><name>racket</name><object_id>3078834</object_id><difficult>0</difficult><bndbox><xmin>314</xmin><ymin>47</ymin><xmax>384</xmax><ymax>129</ymax></bndbox></object><relation><subject_id>3888567</subject_id><object_id>2104695</object_id><predicate>dressed in</predicate></relation><relation><subject_id>1822292</subject_id><object_id>3888568</object_id><predicate>dressed in</predicate></relation><relation><subject_id>3078835</subject_id><object_id>3078834</object_id><predicate>swinging</predicate></relation></annotation>