<annotation><folder>VG_100K</folder><filename>2364695.jpg</filename><source><database>Visual Genome Version 1.2</database><image_id>2364695</image_id><coco_id>None</coco_id><flickr_id>231532335</flickr_id></source><size><width>500</width><height>375</height><depth>3</depth></size><segmented>0</segmented><object><name>bike</name><object_id>2037779</object_id><difficult>0</difficult><bndbox><xmin>4</xmin><ymin>7</ymin><xmax>496</xmax><ymax>363</ymax></bndbox></object><object><name>area</name><object_id>3888352</object_id><difficult>0</difficult><bndbox><xmin>4</xmin><ymin>195</ymin><xmax>498</xmax><ymax>373</ymax></bndbox><attribute>dark colored</attribute></object><relation><subject_id>3888352</subject_id><object_id>2037779</object_id><predicate>beneath</predicate></relation></annotation>