<annotation><folder>VG_100K</folder><filename>2364476.jpg</filename><source><database>Visual Genome Version 1.2</database><image_id>2364476</image_id><coco_id>78035</coco_id><flickr_id>6412737829</flickr_id></source><size><width>375</width><height>500</height><depth>3</depth></size><segmented>0</segmented><object><name>sink</name><object_id>2653310</object_id><difficult>0</difficult><bndbox><xmin>231</xmin><ymin>269</ymin><xmax>338</xmax><ymax>318</ymax></bndbox></object><object><name>towel</name><object_id>2653309</object_id><difficult>0</difficult><bndbox><xmin>239</xmin><ymin>335</ymin><xmax>325</xmax><ymax>496</ymax></bndbox></object><object><name>bag</name><object_id>3738559</object_id><difficult>0</difficult><bndbox><xmin>198</xmin><ymin>375</ymin><xmax>252</xmax><ymax>416</ymax></bndbox><attribute>brown</attribute></object><object><name>sink</name><object_id>2121911</object_id><difficult>0</difficult><bndbox><xmin>243</xmin><ymin>254</ymin><xmax>329</xmax><ymax>326</ymax></bndbox></object><relation><subject_id>2653309</subject_id><object_id>2653310</object_id><predicate>under a</predicate></relation><relation><subject_id>3738559</subject_id><object_id>2121911</object_id><predicate>under a</predicate></relation></annotation>