<annotation><folder>VG_100K</folder><filename>2364786.jpg</filename><source><database>Visual Genome Version 1.2</database><image_id>2364786</image_id><coco_id>127499</coco_id><flickr_id>6685423379</flickr_id></source><size><width>335</width><height>500</height><depth>3</depth></size><segmented>0</segmented><object><name>flag</name><object_id>1879407</object_id><difficult>0</difficult><bndbox><xmin>41</xmin><ymin>190</ymin><xmax>56</xmax><ymax>238</ymax></bndbox><attribute>blue</attribute><attribute>white</attribute></object><object><name>light post</name><object_id>1879408</object_id><difficult>0</difficult><bndbox><xmin>7</xmin><ymin>143</ymin><xmax>76</xmax><ymax>317</ymax></bndbox></object><relation><subject_id>1879407</subject_id><object_id>1879408</object_id><predicate>hanging on a</predicate></relation></annotation>