<annotation><folder>VG_100K</folder><filename>2364699.jpg</filename><source><database>Visual Genome Version 1.2</database><image_id>2364699</image_id><coco_id>None</coco_id><flickr_id>288158835</flickr_id></source><size><width>375</width><height>500</height><depth>3</depth></size><segmented>0</segmented><object><name>street</name><object_id>3888329</object_id><difficult>0</difficult><bndbox><xmin>1</xmin><ymin>387</ymin><xmax>373</xmax><ymax>496</ymax></bndbox></object><object><name>car</name><object_id>1936066</object_id><difficult>0</difficult><bndbox><xmin>10</xmin><ymin>365</ymin><xmax>179</xmax><ymax>457</ymax></bndbox></object><relation><subject_id>1936066</subject_id><object_id>3888329</object_id><predicate>driving down</predicate></relation></annotation>