<annotation><folder>VG_100K</folder><filename>2364761.jpg</filename><source><database>Visual Genome Version 1.2</database><image_id>2364761</image_id><coco_id>59455</coco_id><flickr_id>5502397631</flickr_id></source><size><width>500</width><height>375</height><depth>3</depth></size><segmented>0</segmented><object><name>corner</name><object_id>639071</object_id><difficult>0</difficult><bndbox><xmin>171</xmin><ymin>246</ymin><xmax>285</xmax><ymax>281</ymax></bndbox></object><object><name>car</name><object_id>639078</object_id><difficult>0</difficult><bndbox><xmin>264</xmin><ymin>162</ymin><xmax>485</xmax><ymax>240</ymax></bndbox></object><object><name>traffic</name><object_id>639081</object_id><difficult>0</difficult><bndbox><xmin>70</xmin><ymin>3</ymin><xmax>161</xmax><ymax>98</ymax></bndbox></object><object><name>red</name><object_id>639087</object_id><difficult>0</difficult><bndbox><xmin>91</xmin><ymin>9</ymin><xmax>101</xmax><ymax>23</ymax></bndbox></object><object><name>woman</name><object_id>639088</object_id><difficult>0</difficult><bndbox><xmin>199</xmin><ymin>201</ymin><xmax>252</xmax><ymax>281</ymax></bndbox></object><object><name>street</name><object_id>639090</object_id><difficult>0</difficult><bndbox><xmin>286</xmin><ymin>253</ymin><xmax>480</xmax><ymax>345</ymax></bndbox></object><object><name>van</name><object_id>639092</object_id><difficult>0</difficult><bndbox><xmin>53</xmin><ymin>125</ymin><xmax>224</xmax><ymax>237</ymax></bndbox></object><object><name>man</name><object_id>639095</object_id><difficult>0</difficult><bndbox><xmin>340</xmin><ymin>186</ymin><xmax>367</xmax><ymax>211</ymax></bndbox></object><object><name>post</name><object_id>639103</object_id><difficult>0</difficult><bndbox><xmin>97</xmin><ymin>92</ymin><xmax>112</xmax><ymax>206</ymax></bndbox></object><object><name>red</name><object_id>639118</object_id><difficult>0</difficult><bndbox><xmin>212</xmin><ymin>230</ymin><xmax>253</xmax><ymax>264</ymax></bndbox></object><relation><subject_id>639081</subject_id><object_id>639071</object_id><predicate>light</predicate></relation><relation><subject_id>639081</subject_id><object_id>639087</object_id><predicate>light</predicate></relation><relation><subject_id>639078</subject_id><object_id>639095</object_id><predicate>driving down</predicate></relation><relation><subject_id>639092</subject_id><object_id>639090</object_id><predicate>down</predicate></relation><relation><subject_id>639081</subject_id><object_id>639087</object_id><predicate>light</predicate></relation><relation><subject_id>639081</subject_id><object_id>639103</object_id><predicate>light</predicate></relation><relation><subject_id>639088</subject_id><object_id>639118</object_id><predicate>sitting on a</predicate></relation></annotation>