<annotation><folder>VG_100K</folder><filename>2364902.jpg</filename><source><database>Visual Genome Version 1.2</database><image_id>2364902</image_id><coco_id>None</coco_id><flickr_id>5924098632</flickr_id></source><size><width>500</width><height>500</height><depth>3</depth></size><segmented>0</segmented><object><name>glass</name><object_id>758429</object_id><difficult>0</difficult><bndbox><xmin>459</xmin><ymin>13</ymin><xmax>495</xmax><ymax>271</ymax></bndbox></object><object><name>floor</name><object_id>758430</object_id><difficult>0</difficult><bndbox><xmin>14</xmin><ymin>127</ymin><xmax>469</xmax><ymax>293</ymax></bndbox><attribute>tile</attribute><attribute>tiled</attribute></object><object><name>bush</name><object_id>758431</object_id><difficult>0</difficult><bndbox><xmin>11</xmin><ymin>15</ymin><xmax>66</xmax><ymax>126</ymax></bndbox><attribute>green</attribute></object><object><name>table</name><object_id>758432</object_id><difficult>0</difficult><bndbox><xmin>83</xmin><ymin>179</ymin><xmax>499</xmax><ymax>499</ymax></bndbox></object><relation><subject_id>758431</subject_id><object_id>758430</object_id><predicate>beside</predicate></relation><relation><subject_id>758429</subject_id><object_id>758432</object_id><predicate>top of</predicate></relation></annotation>