<annotation><folder>VG_100K</folder><filename>2364963.jpg</filename><source><database>Visual Genome Version 1.2</database><image_id>2364963</image_id><coco_id>None</coco_id><flickr_id>9422213228</flickr_id></source><size><width>500</width><height>202</height><depth>3</depth></size><segmented>0</segmented><object><name>tie</name><object_id>3886775</object_id><difficult>0</difficult><bndbox><xmin>29</xmin><ymin>177</ymin><xmax>38</xmax><ymax>183</ymax></bndbox></object><object><name>tie</name><object_id>3886774</object_id><difficult>0</difficult><bndbox><xmin>26</xmin><ymin>190</ymin><xmax>38</xmax><ymax>197</ymax></bndbox></object><object><name>tie</name><object_id>3886773</object_id><difficult>0</difficult><bndbox><xmin>47</xmin><ymin>191</ymin><xmax>54</xmax><ymax>196</ymax></bndbox></object><object><name>tie</name><object_id>3886772</object_id><difficult>0</difficult><bndbox><xmin>98</xmin><ymin>180</ymin><xmax>108</xmax><ymax>186</ymax></bndbox></object><object><name>tie</name><object_id>3886771</object_id><difficult>0</difficult><bndbox><xmin>97</xmin><ymin>180</ymin><xmax>107</xmax><ymax>186</ymax></bndbox></object><object><name>track</name><object_id>3886808</object_id><difficult>0</difficult><bndbox><xmin>1</xmin><ymin>169</ymin><xmax>484</xmax><ymax>199</ymax></bndbox><attribute>metal</attribute></object><object><name>gravel</name><object_id>3886777</object_id><difficult>0</difficult><bndbox><xmin>0</xmin><ymin>167</ymin><xmax>484</xmax><ymax>199</ymax></bndbox></object><object><name>brand</name><object_id>3886778</object_id><difficult>0</difficult><bndbox><xmin>77</xmin><ymin>88</ymin><xmax>113</xmax><ymax>99</ymax></bndbox></object><object><name>train</name><object_id>2595044</object_id><difficult>0</difficult><bndbox><xmin>93</xmin><ymin>35</ymin><xmax>412</xmax><ymax>173</ymax></bndbox></object><object><name>number</name><object_id>3886796</object_id><difficult>0</difficult><bndbox><xmin>357</xmin><ymin>90</ymin><xmax>390</xmax><ymax>102</ymax></bndbox></object><object><name>train engine</name><object_id>3886795</object_id><difficult>0</difficult><bndbox><xmin>70</xmin><ymin>78</ymin><xmax>400</xmax><ymax>137</ymax></bndbox></object><relation><subject_id>3886775</subject_id><object_id>3886808</object_id><predicate>securing</predicate></relation><relation><subject_id>3886774</subject_id><object_id>3886808</object_id><predicate>securing</predicate></relation><relation><subject_id>3886773</subject_id><object_id>3886808</object_id><predicate>securing</predicate></relation><relation><subject_id>3886772</subject_id><object_id>3886808</object_id><predicate>securing</predicate></relation><relation><subject_id>3886771</subject_id><object_id>3886808</object_id><predicate>securing</predicate></relation><relation><subject_id>3886777</subject_id><object_id>3886808</object_id><predicate>laying in</predicate></relation><relation><subject_id>3886778</subject_id><object_id>2595044</object_id><predicate>painted</predicate></relation><relation><subject_id>3886796</subject_id><object_id>3886795</object_id><predicate>painted</predicate></relation></annotation>