<annotation><folder>VG_100K</folder><filename>2364590.jpg</filename><source><database>Visual Genome Version 1.2</database><image_id>2364590</image_id><coco_id>None</coco_id><flickr_id>4536231030</flickr_id></source><size><width>333</width><height>500</height><depth>3</depth></size><segmented>0</segmented><object><name>wheel</name><object_id>1837535</object_id><difficult>0</difficult><bndbox><xmin>161</xmin><ymin>228</ymin><xmax>180</xmax><ymax>247</ymax></bndbox></object><object><name>wheel</name><object_id>1837536</object_id><difficult>0</difficult><bndbox><xmin>143</xmin><ymin>219</ymin><xmax>158</xmax><ymax>235</ymax></bndbox></object><object><name>wheel</name><object_id>1837537</object_id><difficult>0</difficult><bndbox><xmin>142</xmin><ymin>279</ymin><xmax>156</xmax><ymax>298</ymax></bndbox></object><object><name>wheel</name><object_id>1837538</object_id><difficult>0</difficult><bndbox><xmin>162</xmin><ymin>292</ymin><xmax>174</xmax><ymax>311</ymax></bndbox></object><object><name>skateboard</name><object_id>2168888</object_id><difficult>0</difficult><bndbox><xmin>140</xmin><ymin>197</ymin><xmax>183</xmax><ymax>316</ymax></bndbox></object><relation><subject_id>1837535</subject_id><object_id>2168888</object_id><predicate>under a</predicate></relation><relation><subject_id>1837536</subject_id><object_id>2168888</object_id><predicate>under a</predicate></relation><relation><subject_id>1837537</subject_id><object_id>2168888</object_id><predicate>under a</predicate></relation><relation><subject_id>1837538</subject_id><object_id>2168888</object_id><predicate>under a</predicate></relation></annotation>