<annotation><folder>VG_100K</folder><filename>2364527.jpg</filename><source><database>Visual Genome Version 1.2</database><image_id>2364527</image_id><coco_id>36764</coco_id><flickr_id>10005214525</flickr_id></source><size><width>500</width><height>500</height><depth>3</depth></size><segmented>0</segmented><object><name>spoon</name><object_id>3738079</object_id><difficult>0</difficult><bndbox><xmin>19</xmin><ymin>322</ymin><xmax>406</xmax><ymax>385</ymax></bndbox></object><object><name>napkin</name><object_id>2418805</object_id><difficult>0</difficult><bndbox><xmin>105</xmin><ymin>255</ymin><xmax>430</xmax><ymax>355</ymax></bndbox></object><relation><subject_id>3738079</subject_id><object_id>2418805</object_id><predicate>wrapped around</predicate></relation></annotation>