<annotation><folder>VG_100K</folder><filename>2364712.jpg</filename><source><database>Visual Genome Version 1.2</database><image_id>2364712</image_id><coco_id>None</coco_id><flickr_id>2134996135</flickr_id></source><size><width>500</width><height>331</height><depth>3</depth></size><segmented>0</segmented><object><name>wall</name><object_id>3888223</object_id><difficult>0</difficult><bndbox><xmin>0</xmin><ymin>2</ymin><xmax>497</xmax><ymax>327</ymax></bndbox></object><object><name>cup</name><object_id>2328881</object_id><difficult>0</difficult><bndbox><xmin>308</xmin><ymin>61</ymin><xmax>433</xmax><ymax>201</ymax></bndbox></object><object><name>wall</name><object_id>3888229</object_id><difficult>0</difficult><bndbox><xmin>0</xmin><ymin>33</ymin><xmax>499</xmax><ymax>329</ymax></bndbox><attribute>tile</attribute></object><object><name>cup</name><object_id>1894063</object_id><difficult>0</difficult><bndbox><xmin>346</xmin><ymin>114</ymin><xmax>427</xmax><ymax>214</ymax></bndbox></object><object><name>tile</name><object_id>1894064</object_id><difficult>0</difficult><bndbox><xmin>311</xmin><ymin>75</ymin><xmax>427</xmax><ymax>193</ymax></bndbox></object><object><name>sunlight</name><object_id>2088154</object_id><difficult>0</difficult><bndbox><xmin>23</xmin><ymin>120</ymin><xmax>148</xmax><ymax>193</ymax></bndbox></object><relation><subject_id>2328881</subject_id><object_id>3888223</object_id><predicate>hanging on a</predicate></relation><relation><subject_id>1894063</subject_id><object_id>1894064</object_id><predicate>attached</predicate></relation><relation><subject_id>2088154</subject_id><object_id>3888229</object_id><predicate>reflected on</predicate></relation></annotation>