<annotation><folder>VG_100K</folder><filename>2364564.jpg</filename><source><database>Visual Genome Version 1.2</database><image_id>2364564</image_id><coco_id>None</coco_id><flickr_id>3301856782</flickr_id></source><size><width>320</width><height>240</height><depth>3</depth></size><segmented>0</segmented><object><name>tv</name><object_id>3737710</object_id><difficult>0</difficult><bndbox><xmin>66</xmin><ymin>65</ymin><xmax>133</xmax><ymax>132</ymax></bndbox></object><object><name>wires</name><object_id>3737714</object_id><difficult>0</difficult><bndbox><xmin>49</xmin><ymin>170</ymin><xmax>103</xmax><ymax>196</ymax></bndbox></object><object><name>wires</name><object_id>3737713</object_id><difficult>0</difficult><bndbox><xmin>57</xmin><ymin>146</ymin><xmax>151</xmax><ymax>194</ymax></bndbox></object><object><name>wires</name><object_id>3737712</object_id><difficult>0</difficult><bndbox><xmin>63</xmin><ymin>128</ymin><xmax>84</xmax><ymax>169</ymax></bndbox></object><object><name>wires</name><object_id>3737711</object_id><difficult>0</difficult><bndbox><xmin>166</xmin><ymin>88</ymin><xmax>287</xmax><ymax>155</ymax></bndbox></object><object><name>wires</name><object_id>2226478</object_id><difficult>0</difficult><bndbox><xmin>218</xmin><ymin>117</ymin><xmax>294</xmax><ymax>144</ymax></bndbox></object><object><name>tv</name><object_id>2226479</object_id><difficult>0</difficult><bndbox><xmin>145</xmin><ymin>25</ymin><xmax>210</xmax><ymax>121</ymax></bndbox></object><object><name>table</name><object_id>3737731</object_id><difficult>0</difficult><bndbox><xmin>62</xmin><ymin>115</ymin><xmax>205</xmax><ymax>208</ymax></bndbox><attribute>brown</attribute></object><object><name>table</name><object_id>2054755</object_id><difficult>0</difficult><bndbox><xmin>71</xmin><ymin>112</ymin><xmax>204</xmax><ymax>207</ymax></bndbox></object><object><name>vase</name><object_id>1997855</object_id><difficult>0</difficult><bndbox><xmin>108</xmin><ymin>8</ymin><xmax>143</xmax><ymax>105</ymax></bndbox><attribute>white</attribute></object><object><name>books</name><object_id>3737718</object_id><difficult>0</difficult><bndbox><xmin>147</xmin><ymin>99</ymin><xmax>163</xmax><ymax>132</ymax></bndbox></object><object><name>books</name><object_id>3737717</object_id><difficult>0</difficult><bndbox><xmin>142</xmin><ymin>101</ymin><xmax>161</xmax><ymax>133</ymax></bndbox></object><object><name>books</name><object_id>3737716</object_id><difficult>0</difficult><bndbox><xmin>137</xmin><ymin>102</ymin><xmax>153</xmax><ymax>136</ymax></bndbox></object><object><name>books</name><object_id>3737715</object_id><difficult>0</difficult><bndbox><xmin>133</xmin><ymin>103</ymin><xmax>151</xmax><ymax>137</ymax></bndbox></object><object><name>television</name><object_id>1883798</object_id><difficult>0</difficult><bndbox><xmin>68</xmin><ymin>69</ymin><xmax>129</xmax><ymax>129</ymax></bndbox></object><object><name>television</name><object_id>1883799</object_id><difficult>0</difficult><bndbox><xmin>136</xmin><ymin>53</ymin><xmax>203</xmax><ymax>124</ymax></bndbox></object><object><name>vase</name><object_id>1883802</object_id><difficult>0</difficult><bndbox><xmin>109</xmin><ymin>9</ymin><xmax>146</xmax><ymax>109</ymax></bndbox></object><object><name>television</name><object_id>3737719</object_id><difficult>0</difficult><bndbox><xmin>66</xmin><ymin>69</ymin><xmax>135</xmax><ymax>133</ymax></bndbox></object><object><name>television</name><object_id>1997853</object_id><difficult>0</difficult><bndbox><xmin>143</xmin><ymin>42</ymin><xmax>207</xmax><ymax>124</ymax></bndbox><attribute>black</attribute></object><object><name>book</name><object_id>3737723</object_id><difficult>0</difficult><bndbox><xmin>142</xmin><ymin>102</ymin><xmax>157</xmax><ymax>135</ymax></bndbox></object><object><name>book</name><object_id>3737722</object_id><difficult>0</difficult><bndbox><xmin>142</xmin><ymin>100</ymin><xmax>160</xmax><ymax>137</ymax></bndbox></object><object><name>television</name><object_id>3737720</object_id><difficult>0</difficult><bndbox><xmin>137</xmin><ymin>45</ymin><xmax>207</xmax><ymax>129</ymax></bndbox><attribute>old</attribute></object><object><name>television</name><object_id>1734097</object_id><difficult>0</difficult><bndbox><xmin>68</xmin><ymin>65</ymin><xmax>133</xmax><ymax>139</ymax></bndbox><attribute>old</attribute></object><object><name>book</name><object_id>1734098</object_id><difficult>0</difficult><bndbox><xmin>128</xmin><ymin>99</ymin><xmax>154</xmax><ymax>140</ymax></bndbox></object><object><name>book</name><object_id>1734099</object_id><difficult>0</difficult><bndbox><xmin>138</xmin><ymin>98</ymin><xmax>159</xmax><ymax>136</ymax></bndbox></object><object><name>book</name><object_id>1734100</object_id><difficult>0</difficult><bndbox><xmin>145</xmin><ymin>98</ymin><xmax>165</xmax><ymax>135</ymax></bndbox></object><object><name>television</name><object_id>2099132</object_id><difficult>0</difficult><bndbox><xmin>68</xmin><ymin>64</ymin><xmax>132</xmax><ymax>133</ymax></bndbox><attribute>old</attribute></object><object><name>television</name><object_id>2099133</object_id><difficult>0</difficult><bndbox><xmin>146</xmin><ymin>45</ymin><xmax>206</xmax><ymax>120</ymax></bndbox><attribute>old</attribute></object><object><name>table</name><object_id>2099134</object_id><difficult>0</difficult><bndbox><xmin>66</xmin><ymin>122</ymin><xmax>195</xmax><ymax>207</ymax></bndbox><attribute>wooden</attribute></object><object><name>book</name><object_id>3737728</object_id><difficult>0</difficult><bndbox><xmin>143</xmin><ymin>99</ymin><xmax>165</xmax><ymax>135</ymax></bndbox></object><object><name>book</name><object_id>3737727</object_id><difficult>0</difficult><bndbox><xmin>142</xmin><ymin>99</ymin><xmax>161</xmax><ymax>133</ymax></bndbox></object><object><name>book</name><object_id>3737726</object_id><difficult>0</difficult><bndbox><xmin>140</xmin><ymin>100</ymin><xmax>158</xmax><ymax>136</ymax></bndbox></object><object><name>book</name><object_id>3737725</object_id><difficult>0</difficult><bndbox><xmin>135</xmin><ymin>100</ymin><xmax>153</xmax><ymax>138</ymax></bndbox></object><object><name>book</name><object_id>3737724</object_id><difficult>0</difficult><bndbox><xmin>133</xmin><ymin>104</ymin><xmax>151</xmax><ymax>137</ymax></bndbox></object><relation><subject_id>3737714</subject_id><object_id>3737710</object_id><predicate>attached</predicate></relation><relation><subject_id>3737713</subject_id><object_id>3737710</object_id><predicate>attached</predicate></relation><relation><subject_id>3737712</subject_id><object_id>3737710</object_id><predicate>attached</predicate></relation><relation><subject_id>3737711</subject_id><object_id>2226479</object_id><predicate>attached</predicate></relation><relation><subject_id>2226478</subject_id><object_id>2226479</object_id><predicate>attached</predicate></relation><relation><subject_id>1997855</subject_id><object_id>2054755</object_id><predicate>sitting on a</predicate></relation><relation><subject_id>3737718</subject_id><object_id>3737731</object_id><predicate>sitting on a</predicate></relation><relation><subject_id>3737717</subject_id><object_id>3737731</object_id><predicate>sitting on a</predicate></relation><relation><subject_id>3737716</subject_id><object_id>3737731</object_id><predicate>sitting on a</predicate></relation><relation><subject_id>3737715</subject_id><object_id>3737731</object_id><predicate>sitting on a</predicate></relation><relation><subject_id>1883798</subject_id><object_id>3737731</object_id><predicate>sitting on a</predicate></relation><relation><subject_id>1883799</subject_id><object_id>3737731</object_id><predicate>sitting on a</predicate></relation><relation><subject_id>1883802</subject_id><object_id>3737731</object_id><predicate>sitting on a</predicate></relation><relation><subject_id>3737719</subject_id><object_id>3737731</object_id><predicate>sitting on a</predicate></relation><relation><subject_id>1997853</subject_id><object_id>3737731</object_id><predicate>sitting on a</predicate></relation><relation><subject_id>1997855</subject_id><object_id>3737731</object_id><predicate>sitting on a</predicate></relation><relation><subject_id>3737723</subject_id><object_id>3737731</object_id><predicate>sitting on a</predicate></relation><relation><subject_id>3737722</subject_id><object_id>3737731</object_id><predicate>sitting on a</predicate></relation><relation><subject_id>3737720</subject_id><object_id>3737731</object_id><predicate>sitting on a</predicate></relation><relation><subject_id>1734097</subject_id><object_id>3737731</object_id><predicate>sitting on a</predicate></relation><relation><subject_id>1734098</subject_id><object_id>3737731</object_id><predicate>sitting on a</predicate></relation><relation><subject_id>1734099</subject_id><object_id>3737731</object_id><predicate>sitting on a</predicate></relation><relation><subject_id>1734100</subject_id><object_id>3737731</object_id><predicate>sitting on a</predicate></relation><relation><subject_id>2099132</subject_id><object_id>2099134</object_id><predicate>sitting on a</predicate></relation><relation><subject_id>2099133</subject_id><object_id>2099134</object_id><predicate>sitting on a</predicate></relation><relation><subject_id>3737728</subject_id><object_id>3737731</object_id><predicate>sitting on a</predicate></relation><relation><subject_id>3737727</subject_id><object_id>3737731</object_id><predicate>sitting on a</predicate></relation><relation><subject_id>3737726</subject_id><object_id>3737731</object_id><predicate>sitting on a</predicate></relation><relation><subject_id>3737725</subject_id><object_id>3737731</object_id><predicate>sitting on a</predicate></relation><relation><subject_id>3737724</subject_id><object_id>3737731</object_id><predicate>sitting on a</predicate></relation></annotation>