<annotation><folder>VG_100K</folder><filename>2364711.jpg</filename><source><database>Visual Genome Version 1.2</database><image_id>2364711</image_id><coco_id>535060</coco_id><flickr_id>2038181935</flickr_id></source><size><width>500</width><height>332</height><depth>3</depth></size><segmented>0</segmented><object><name>girl</name><object_id>1988544</object_id><difficult>0</difficult><bndbox><xmin>145</xmin><ymin>32</ymin><xmax>351</xmax><ymax>271</ymax></bndbox></object><object><name>man</name><object_id>1663094</object_id><difficult>0</difficult><bndbox><xmin>1</xmin><ymin>89</ymin><xmax>239</xmax><ymax>327</ymax></bndbox></object><object><name>ski</name><object_id>2537788</object_id><difficult>0</difficult><bndbox><xmin>463</xmin><ymin>0</ymin><xmax>495</xmax><ymax>179</ymax></bndbox></object><object><name>ski</name><object_id>2537789</object_id><difficult>0</difficult><bndbox><xmin>434</xmin><ymin>0</ymin><xmax>458</xmax><ymax>177</ymax></bndbox></object><object><name>wall</name><object_id>2537790</object_id><difficult>0</difficult><bndbox><xmin>321</xmin><ymin>0</ymin><xmax>498</xmax><ymax>168</ymax></bndbox></object><relation><subject_id>1663094</subject_id><object_id>1988544</object_id><predicate>to a</predicate></relation><relation><subject_id>2537788</subject_id><object_id>2537790</object_id><predicate>against</predicate></relation><relation><subject_id>2537789</subject_id><object_id>2537790</object_id><predicate>against</predicate></relation></annotation>