<annotation><folder>VG_100K</folder><filename>2364874.jpg</filename><source><database>Visual Genome Version 1.2</database><image_id>2364874</image_id><coco_id>55528</coco_id><flickr_id>4125569884</flickr_id></source><size><width>500</width><height>375</height><depth>3</depth></size><segmented>0</segmented><object><name>glasses</name><object_id>2331858</object_id><difficult>0</difficult><bndbox><xmin>280</xmin><ymin>77</ymin><xmax>365</xmax><ymax>112</ymax></bndbox></object><object><name>man</name><object_id>2331859</object_id><difficult>0</difficult><bndbox><xmin>272</xmin><ymin>7</ymin><xmax>383</xmax><ymax>173</ymax></bndbox></object><relation><subject_id>2331858</subject_id><object_id>2331859</object_id><predicate>facing</predicate></relation></annotation>