<annotation><folder>VG_100K</folder><filename>2364890.jpg</filename><source><database>Visual Genome Version 1.2</database><image_id>2364890</image_id><coco_id>None</coco_id><flickr_id>5183700932</flickr_id></source><size><width>500</width><height>375</height><depth>3</depth></size><segmented>0</segmented><object><name>grass</name><object_id>3199114</object_id><difficult>0</difficult><bndbox><xmin>78</xmin><ymin>115</ymin><xmax>193</xmax><ymax>318</ymax></bndbox><attribute>blurred</attribute></object><object><name>pavement</name><object_id>3541358</object_id><difficult>0</difficult><bndbox><xmin>15</xmin><ymin>186</ymin><xmax>151</xmax><ymax>371</ymax></bndbox></object><object><name>walkway</name><object_id>2483232</object_id><difficult>0</difficult><bndbox><xmin>3</xmin><ymin>148</ymin><xmax>178</xmax><ymax>373</ymax></bndbox><attribute>brick</attribute></object><object><name>street</name><object_id>2483233</object_id><difficult>0</difficult><bndbox><xmin>155</xmin><ymin>190</ymin><xmax>293</xmax><ymax>373</ymax></bndbox></object><relation><subject_id>3199114</subject_id><object_id>3541358</object_id><predicate>are inside</predicate></relation><relation><subject_id>2483232</subject_id><object_id>2483233</object_id><predicate>on other side of</predicate></relation></annotation>