<annotation><folder>VG_100K</folder><filename>2364683.jpg</filename><source><database>Visual Genome Version 1.2</database><image_id>2364683</image_id><coco_id>None</coco_id><flickr_id>10074368226</flickr_id></source><size><width>500</width><height>339</height><depth>3</depth></size><segmented>0</segmented><object><name>food</name><object_id>3197335</object_id><difficult>0</difficult><bndbox><xmin>6</xmin><ymin>15</ymin><xmax>425</xmax><ymax>337</ymax></bndbox></object><object><name>table</name><object_id>2717649</object_id><difficult>0</difficult><bndbox><xmin>370</xmin><ymin>216</ymin><xmax>497</xmax><ymax>337</ymax></bndbox></object><object><name>meat</name><object_id>2554607</object_id><difficult>0</difficult><bndbox><xmin>204</xmin><ymin>94</ymin><xmax>350</xmax><ymax>154</ymax></bndbox></object><object><name>bun</name><object_id>2554608</object_id><difficult>0</difficult><bndbox><xmin>195</xmin><ymin>41</ymin><xmax>388</xmax><ymax>222</ymax></bndbox></object><relation><subject_id>3197335</subject_id><object_id>2717649</object_id><predicate>sitting on a</predicate></relation><relation><subject_id>2554607</subject_id><object_id>2554608</object_id><predicate>are inside</predicate></relation></annotation>