<annotation><folder>VG_100K</folder><filename>2364697.jpg</filename><source><database>Visual Genome Version 1.2</database><image_id>2364697</image_id><coco_id>438375</coco_id><flickr_id>261864735</flickr_id></source><size><width>500</width><height>375</height><depth>3</depth></size><segmented>0</segmented><object><name>batter</name><object_id>758633</object_id><difficult>0</difficult><bndbox><xmin>218</xmin><ymin>76</ymin><xmax>429</xmax><ymax>374</ymax></bndbox></object><object><name>bat</name><object_id>758642</object_id><difficult>0</difficult><bndbox><xmin>179</xmin><ymin>178</ymin><xmax>259</xmax><ymax>203</ymax></bndbox><attribute>wooden</attribute><attribute>swinging</attribute></object><relation><subject_id>758633</subject_id><object_id>758642</object_id><predicate>swinging</predicate></relation><relation><subject_id>758633</subject_id><object_id>758642</object_id><predicate>swinging</predicate></relation></annotation>