<annotation><folder>VG_100K</folder><filename>2364703.jpg</filename><source><database>Visual Genome Version 1.2</database><image_id>2364703</image_id><coco_id>None</coco_id><flickr_id>482568435</flickr_id></source><size><width>376</width><height>500</height><depth>3</depth></size><segmented>0</segmented><object><name>holder</name><object_id>639654</object_id><difficult>0</difficult><bndbox><xmin>48</xmin><ymin>167</ymin><xmax>111</xmax><ymax>219</ymax></bndbox><attribute>chrome</attribute><attribute>metal</attribute><attribute>silver</attribute></object><object><name>towel</name><object_id>639655</object_id><difficult>0</difficult><bndbox><xmin>52</xmin><ymin>202</ymin><xmax>97</xmax><ymax>314</ymax></bndbox><attribute>white</attribute></object><object><name>reflection</name><object_id>639659</object_id><difficult>0</difficult><bndbox><xmin>238</xmin><ymin>78</ymin><xmax>279</xmax><ymax>126</ymax></bndbox></object><object><name>mirror</name><object_id>639660</object_id><difficult>0</difficult><bndbox><xmin>198</xmin><ymin>27</ymin><xmax>304</xmax><ymax>145</ymax></bndbox><attribute>white</attribute><attribute>round</attribute></object><relation><subject_id>639655</subject_id><object_id>639654</object_id><predicate>hanging on a</predicate></relation><relation><subject_id>639659</subject_id><object_id>639660</object_id><predicate>reflected on</predicate></relation><relation><subject_id>639655</subject_id><object_id>639654</object_id><predicate>hanging on a</predicate></relation></annotation>