<annotation><folder>VG_100K</folder><filename>2364869.jpg</filename><source><database>Visual Genome Version 1.2</database><image_id>2364869</image_id><coco_id>None</coco_id><flickr_id>3796086884</flickr_id></source><size><width>500</width><height>334</height><depth>3</depth></size><segmented>0</segmented><object><name>person</name><object_id>638174</object_id><difficult>0</difficult><bndbox><xmin>166</xmin><ymin>183</ymin><xmax>212</xmax><ymax>313</ymax></bndbox><attribute>walking</attribute><attribute>old</attribute><attribute>blurry</attribute></object><object><name>person</name><object_id>638177</object_id><difficult>0</difficult><bndbox><xmin>125</xmin><ymin>171</ymin><xmax>191</xmax><ymax>321</ymax></bndbox><attribute>walking</attribute><attribute>old</attribute><attribute>blurry</attribute></object><object><name>bus</name><object_id>638180</object_id><difficult>0</difficult><bndbox><xmin>188</xmin><ymin>8</ymin><xmax>464</xmax><ymax>263</ymax></bndbox></object><object><name>wiper</name><object_id>638181</object_id><difficult>0</difficult><bndbox><xmin>217</xmin><ymin>166</ymin><xmax>250</xmax><ymax>201</ymax></bndbox></object><object><name>windshield</name><object_id>638182</object_id><difficult>0</difficult><bndbox><xmin>188</xmin><ymin>128</ymin><xmax>343</xmax><ymax>210</ymax></bndbox></object><object><name>wiper</name><object_id>638183</object_id><difficult>0</difficult><bndbox><xmin>265</xmin><ymin>149</ymin><xmax>304</xmax><ymax>208</ymax></bndbox></object><object><name>light</name><object_id>638184</object_id><difficult>0</difficult><bndbox><xmin>197</xmin><ymin>214</ymin><xmax>211</xmax><ymax>230</ymax></bndbox><attribute>white</attribute><attribute>glowing</attribute></object><object><name>road</name><object_id>638187</object_id><difficult>0</difficult><bndbox><xmin>1</xmin><ymin>227</ymin><xmax>414</xmax><ymax>333</ymax></bndbox></object><object><name>logo</name><object_id>638188</object_id><difficult>0</difficult><bndbox><xmin>374</xmin><ymin>193</ymin><xmax>394</xmax><ymax>218</ymax></bndbox></object><object><name>pole</name><object_id>638191</object_id><difficult>0</difficult><bndbox><xmin>405</xmin><ymin>1</ymin><xmax>431</xmax><ymax>285</ymax></bndbox><attribute>black</attribute></object><object><name>sidewalk</name><object_id>638192</object_id><difficult>0</difficult><bndbox><xmin>341</xmin><ymin>217</ymin><xmax>499</xmax><ymax>333</ymax></bndbox></object><object><name>sign</name><object_id>638194</object_id><difficult>0</difficult><bndbox><xmin>403</xmin><ymin>7</ymin><xmax>432</xmax><ymax>93</ymax></bndbox></object><object><name>window</name><object_id>638196</object_id><difficult>0</difficult><bndbox><xmin>200</xmin><ymin>16</ymin><xmax>337</xmax><ymax>74</ymax></bndbox></object><object><name>mirror</name><object_id>638199</object_id><difficult>0</difficult><bndbox><xmin>334</xmin><ymin>138</ymin><xmax>349</xmax><ymax>156</ymax></bndbox><attribute>yellow</attribute></object><object><name>light</name><object_id>638202</object_id><difficult>0</difficult><bndbox><xmin>307</xmin><ymin>218</ymin><xmax>322</xmax><ymax>233</ymax></bndbox><attribute>glowing</attribute></object><object><name>design</name><object_id>638204</object_id><difficult>0</difficult><bndbox><xmin>190</xmin><ymin>75</ymin><xmax>370</xmax><ymax>129</ymax></bndbox><attribute>white</attribute></object><object><name>street</name><object_id>638205</object_id><difficult>0</difficult><bndbox><xmin>3</xmin><ymin>0</ymin><xmax>465</xmax><ymax>333</ymax></bndbox><attribute>busy</attribute></object><object><name>city</name><object_id>638206</object_id><difficult>0</difficult><bndbox><xmin>2</xmin><ymin>0</ymin><xmax>499</xmax><ymax>334</ymax></bndbox></object><object><name>strip</name><object_id>638209</object_id><difficult>0</difficult><bndbox><xmin>3</xmin><ymin>259</ymin><xmax>374</xmax><ymax>280</ymax></bndbox><attribute>white</attribute></object><relation><subject_id>638181</subject_id><object_id>638182</object_id><predicate>attached</predicate></relation><relation><subject_id>638183</subject_id><object_id>638182</object_id><predicate>attached</predicate></relation><relation><subject_id>638184</subject_id><object_id>638180</object_id><predicate>attached</predicate></relation><relation><subject_id>638188</subject_id><object_id>638180</object_id><predicate>written on</predicate></relation><relation><subject_id>638177</subject_id><object_id>638187</object_id><predicate>walking towards</predicate></relation><relation><subject_id>638174</subject_id><object_id>638187</object_id><predicate>walking towards</predicate></relation><relation><subject_id>638196</subject_id><object_id>638180</object_id><predicate>top of</predicate></relation><relation><subject_id>638199</subject_id><object_id>638180</object_id><predicate>attached</predicate></relation><relation><subject_id>638184</subject_id><object_id>638180</object_id><predicate>attached</predicate></relation><relation><subject_id>638177</subject_id><object_id>638187</object_id><predicate>walking towards</predicate></relation><relation><subject_id>638174</subject_id><object_id>638187</object_id><predicate>walking towards</predicate></relation><relation><subject_id>638204</subject_id><object_id>638180</object_id><predicate>top of</predicate></relation><relation><subject_id>638194</subject_id><object_id>638191</object_id><predicate>top of</predicate></relation><relation><subject_id>638192</subject_id><object_id>638206</object_id><predicate>belonging to</predicate></relation><relation><subject_id>638205</subject_id><object_id>638206</object_id><predicate>located on</predicate></relation><relation><subject_id>638202</subject_id><object_id>638180</object_id><predicate>attached</predicate></relation><relation><subject_id>638209</subject_id><object_id>638187</object_id><predicate>top of</predicate></relation><relation><subject_id>638199</subject_id><object_id>638180</object_id><predicate>attached</predicate></relation></annotation>