<annotation><folder>VG_100K</folder><filename>2364513.jpg</filename><source><database>Visual Genome Version 1.2</database><image_id>2364513</image_id><coco_id>166837</coco_id><flickr_id>8765003525</flickr_id></source><size><width>500</width><height>333</height><depth>3</depth></size><segmented>0</segmented><object><name>train</name><object_id>3738199</object_id><difficult>0</difficult><bndbox><xmin>119</xmin><ymin>81</ymin><xmax>385</xmax><ymax>272</ymax></bndbox><attribute>multi colored</attribute><attribute>red</attribute><attribute>yellow</attribute></object><object><name>smoke</name><object_id>2091756</object_id><difficult>0</difficult><bndbox><xmin>80</xmin><ymin>0</ymin><xmax>231</xmax><ymax>96</ymax></bndbox><attribute>white</attribute></object><object><name>word</name><object_id>3738200</object_id><difficult>0</difficult><bndbox><xmin>164</xmin><ymin>145</ymin><xmax>183</xmax><ymax>165</ymax></bndbox></object><relation><subject_id>2091756</subject_id><object_id>3738199</object_id><predicate>sticking out of</predicate></relation><relation><subject_id>3738200</subject_id><object_id>3738199</object_id><predicate>on other side of</predicate></relation></annotation>