<annotation><folder>VG_100K</folder><filename>2364754.jpg</filename><source><database>Visual Genome Version 1.2</database><image_id>2364754</image_id><coco_id>None</coco_id><flickr_id>5097413331</flickr_id></source><size><width>500</width><height>488</height><depth>3</depth></size><segmented>0</segmented><object><name>bat</name><object_id>2428369</object_id><difficult>0</difficult><bndbox><xmin>128</xmin><ymin>42</ymin><xmax>263</xmax><ymax>151</ymax></bndbox><attribute>wooden</attribute><attribute>tan</attribute></object><object><name>man</name><object_id>1797776</object_id><difficult>0</difficult><bndbox><xmin>120</xmin><ymin>32</ymin><xmax>416</xmax><ymax>449</ymax></bndbox></object><object><name>man</name><object_id>2493511</object_id><difficult>0</difficult><bndbox><xmin>214</xmin><ymin>67</ymin><xmax>437</xmax><ymax>457</ymax></bndbox></object><object><name>baseball player</name><object_id>1729924</object_id><difficult>0</difficult><bndbox><xmin>196</xmin><ymin>81</ymin><xmax>418</xmax><ymax>451</ymax></bndbox></object><relation><subject_id>1797776</subject_id><object_id>2428369</object_id><predicate>swinging</predicate></relation><relation><subject_id>2493511</subject_id><object_id>2428369</object_id><predicate>swinging</predicate></relation><relation><subject_id>1729924</subject_id><object_id>2428369</object_id><predicate>swinging</predicate></relation></annotation>