<annotation><folder>VG_100K</folder><filename>2364813.jpg</filename><source><database>Visual Genome Version 1.2</database><image_id>2364813</image_id><coco_id>552902</coco_id><flickr_id>8603855827</flickr_id></source><size><width>500</width><height>333</height><depth>3</depth></size><segmented>0</segmented><object><name>grass</name><object_id>1806556</object_id><difficult>0</difficult><bndbox><xmin>1</xmin><ymin>189</ymin><xmax>499</xmax><ymax>331</ymax></bndbox><attribute>green</attribute></object><object><name>zebra</name><object_id>3887671</object_id><difficult>0</difficult><bndbox><xmin>94</xmin><ymin>80</ymin><xmax>364</xmax><ymax>242</ymax></bndbox></object><relation><subject_id>3887671</subject_id><object_id>1806556</object_id><predicate>grazing on</predicate></relation></annotation>