<annotation><folder>VG_100K</folder><filename>2364810.jpg</filename><source><database>Visual Genome Version 1.2</database><image_id>2364810</image_id><coco_id>37678</coco_id><flickr_id>8518047879</flickr_id></source><size><width>343</width><height>500</height><depth>3</depth></size><segmented>0</segmented><object><name>flowers</name><object_id>3887716</object_id><difficult>0</difficult><bndbox><xmin>264</xmin><ymin>298</ymin><xmax>328</xmax><ymax>340</ymax></bndbox><attribute>yellow</attribute></object><object><name>train</name><object_id>2118802</object_id><difficult>0</difficult><bndbox><xmin>73</xmin><ymin>245</ymin><xmax>285</xmax><ymax>498</ymax></bndbox></object><object><name>lights</name><object_id>2620196</object_id><difficult>0</difficult><bndbox><xmin>287</xmin><ymin>258</ymin><xmax>330</xmax><ymax>278</ymax></bndbox></object><object><name>beams</name><object_id>2620197</object_id><difficult>0</difficult><bndbox><xmin>269</xmin><ymin>210</ymin><xmax>330</xmax><ymax>267</ymax></bndbox><attribute>metal</attribute><attribute>black</attribute></object><relation><subject_id>3887716</subject_id><object_id>2118802</object_id><predicate>on other side of</predicate></relation><relation><subject_id>2620196</subject_id><object_id>2620197</object_id><predicate>attached</predicate></relation></annotation>