<annotation><folder>VG_100K</folder><filename>2364585.jpg</filename><source><database>Visual Genome Version 1.2</database><image_id>2364585</image_id><coco_id>None</coco_id><flickr_id>4387946530</flickr_id></source><size><width>375</width><height>500</height><depth>3</depth></size><segmented>0</segmented><object><name>photo</name><object_id>640228</object_id><difficult>0</difficult><bndbox><xmin>139</xmin><ymin>148</ymin><xmax>257</xmax><ymax>233</ymax></bndbox></object><object><name>tv</name><object_id>640241</object_id><difficult>0</difficult><bndbox><xmin>49</xmin><ymin>67</ymin><xmax>346</xmax><ymax>246</ymax></bndbox></object><relation><subject_id>640228</subject_id><object_id>640241</object_id><predicate>are inside</predicate></relation></annotation>