<annotation><folder>VG_100K</folder><filename>2364864.jpg</filename><source><database>Visual Genome Version 1.2</database><image_id>2364864</image_id><coco_id>461883</coco_id><flickr_id>3530847084</flickr_id></source><size><width>333</width><height>500</height><depth>3</depth></size><segmented>0</segmented><object><name>man</name><object_id>1948405</object_id><difficult>0</difficult><bndbox><xmin>120</xmin><ymin>125</ymin><xmax>197</xmax><ymax>348</ymax></bndbox></object><object><name>ball</name><object_id>1848243</object_id><difficult>0</difficult><bndbox><xmin>187</xmin><ymin>19</ymin><xmax>197</xmax><ymax>33</ymax></bndbox></object><relation><subject_id>1948405</subject_id><object_id>1848243</object_id><predicate>hitting</predicate></relation></annotation>