<annotation><folder>VG_100K</folder><filename>2364992.jpg</filename><source><database>Visual Genome Version 1.2</database><image_id>2364992</image_id><coco_id>170506</coco_id><flickr_id>1483784737</flickr_id></source><size><width>433</width><height>500</height><depth>3</depth></size><segmented>0</segmented><object><name>sidewalk</name><object_id>758230</object_id><difficult>0</difficult><bndbox><xmin>0</xmin><ymin>260</ymin><xmax>432</xmax><ymax>499</ymax></bndbox></object><object><name>woman</name><object_id>758231</object_id><difficult>0</difficult><bndbox><xmin>228</xmin><ymin>10</ymin><xmax>359</xmax><ymax>467</ymax></bndbox><attribute>standing</attribute><attribute>smiling</attribute></object><relation><subject_id>758230</subject_id><object_id>758231</object_id><predicate>under a</predicate></relation></annotation>