<annotation><folder>VG_100K</folder><filename>2364909.jpg</filename><source><database>Visual Genome Version 1.2</database><image_id>2364909</image_id><coco_id>476299</coco_id><flickr_id>6221040732</flickr_id></source><size><width>375</width><height>500</height><depth>3</depth></size><segmented>0</segmented><object><name>shower</name><object_id>2137384</object_id><difficult>0</difficult><bndbox><xmin>233</xmin><ymin>4</ymin><xmax>373</xmax><ymax>495</ymax></bndbox></object><object><name>door</name><object_id>2137385</object_id><difficult>0</difficult><bndbox><xmin>299</xmin><ymin>29</ymin><xmax>373</xmax><ymax>463</ymax></bndbox><attribute>glass</attribute><attribute>metal</attribute></object><object><name>enclosure</name><object_id>2137386</object_id><difficult>0</difficult><bndbox><xmin>242</xmin><ymin>20</ymin><xmax>372</xmax><ymax>443</ymax></bndbox></object><object><name>mirror</name><object_id>2039783</object_id><difficult>0</difficult><bndbox><xmin>2</xmin><ymin>1</ymin><xmax>206</xmax><ymax>238</ymax></bndbox></object><object><name>door</name><object_id>2284905</object_id><difficult>0</difficult><bndbox><xmin>1</xmin><ymin>82</ymin><xmax>73</xmax><ymax>233</ymax></bndbox></object><object><name>window</name><object_id>2039782</object_id><difficult>0</difficult><bndbox><xmin>12</xmin><ymin>115</ymin><xmax>74</xmax><ymax>241</ymax></bndbox></object><object><name>door</name><object_id>3887185</object_id><difficult>0</difficult><bndbox><xmin>297</xmin><ymin>17</ymin><xmax>363</xmax><ymax>457</ymax></bndbox><attribute>glass</attribute></object><object><name>shower</name><object_id>3887183</object_id><difficult>0</difficult><bndbox><xmin>236</xmin><ymin>8</ymin><xmax>361</xmax><ymax>498</ymax></bndbox></object><object><name>door</name><object_id>3887184</object_id><difficult>0</difficult><bndbox><xmin>237</xmin><ymin>31</ymin><xmax>334</xmax><ymax>433</ymax></bndbox><attribute>glass</attribute></object><object><name>wall</name><object_id>3887187</object_id><difficult>0</difficult><bndbox><xmin>1</xmin><ymin>237</ymin><xmax>238</xmax><ymax>480</ymax></bndbox></object><object><name>sink</name><object_id>1989995</object_id><difficult>0</difficult><bndbox><xmin>122</xmin><ymin>258</ymin><xmax>254</xmax><ymax>389</ymax></bndbox><attribute>white</attribute></object><object><name>sink</name><object_id>3887199</object_id><difficult>0</difficult><bndbox><xmin>121</xmin><ymin>279</ymin><xmax>247</xmax><ymax>349</ymax></bndbox></object><object><name>fixture</name><object_id>3887200</object_id><difficult>0</difficult><bndbox><xmin>167</xmin><ymin>266</ymin><xmax>189</xmax><ymax>298</ymax></bndbox><attribute>silver</attribute></object><object><name>fixture</name><object_id>3887201</object_id><difficult>0</difficult><bndbox><xmin>160</xmin><ymin>341</ymin><xmax>196</xmax><ymax>385</ymax></bndbox><attribute>silver</attribute></object><relation><subject_id>2137385</subject_id><object_id>2137384</object_id><predicate>leading to</predicate></relation><relation><subject_id>2137385</subject_id><object_id>2137386</object_id><predicate>leading to</predicate></relation><relation><subject_id>2284905</subject_id><object_id>2039783</object_id><predicate>reflected on</predicate></relation><relation><subject_id>2039782</subject_id><object_id>2039783</object_id><predicate>reflected on</predicate></relation><relation><subject_id>3887185</subject_id><object_id>3887183</object_id><predicate>leading to</predicate></relation><relation><subject_id>3887184</subject_id><object_id>3887183</object_id><predicate>leading to</predicate></relation><relation><subject_id>1989995</subject_id><object_id>3887187</object_id><predicate>mounted on</predicate></relation><relation><subject_id>3887200</subject_id><object_id>3887199</object_id><predicate>mounted on</predicate></relation><relation><subject_id>3887201</subject_id><object_id>3887199</object_id><predicate>mounted on</predicate></relation></annotation>