<annotation><folder>VG_100K</folder><filename>2364752.jpg</filename><source><database>Visual Genome Version 1.2</database><image_id>2364752</image_id><coco_id>None</coco_id><flickr_id>4968509031</flickr_id></source><size><width>500</width><height>332</height><depth>3</depth></size><segmented>0</segmented><object><name>handles</name><object_id>2809087</object_id><difficult>0</difficult><bndbox><xmin>312</xmin><ymin>17</ymin><xmax>379</xmax><ymax>87</ymax></bndbox></object><object><name>block</name><object_id>2809089</object_id><difficult>0</difficult><bndbox><xmin>161</xmin><ymin>53</ymin><xmax>326</xmax><ymax>186</ymax></bndbox></object><relation><subject_id>2809087</subject_id><object_id>2809089</object_id><predicate>sticking out of</predicate></relation></annotation>