<annotation><folder>VG_100K</folder><filename>2364939.jpg</filename><source><database>Visual Genome Version 1.2</database><image_id>2364939</image_id><coco_id>None</coco_id><flickr_id>8382533480</flickr_id></source><size><width>500</width><height>375</height><depth>3</depth></size><segmented>0</segmented><object><name>bus</name><object_id>2616958</object_id><difficult>0</difficult><bndbox><xmin>153</xmin><ymin>130</ymin><xmax>498</xmax><ymax>372</ymax></bndbox><attribute>white</attribute><attribute>green</attribute></object><object><name>stripe</name><object_id>3887021</object_id><difficult>0</difficult><bndbox><xmin>198</xmin><ymin>154</ymin><xmax>409</xmax><ymax>366</ymax></bndbox><attribute>green</attribute></object><object><name>road</name><object_id>3887022</object_id><difficult>0</difficult><bndbox><xmin>1</xmin><ymin>265</ymin><xmax>406</xmax><ymax>371</ymax></bndbox></object><object><name>lines</name><object_id>2168318</object_id><difficult>0</difficult><bndbox><xmin>21</xmin><ymin>305</ymin><xmax>146</xmax><ymax>357</ymax></bndbox><attribute>yellow</attribute></object><object><name>passenger</name><object_id>2312165</object_id><difficult>0</difficult><bndbox><xmin>400</xmin><ymin>222</ymin><xmax>433</xmax><ymax>267</ymax></bndbox></object><object><name>passenger</name><object_id>2312166</object_id><difficult>0</difficult><bndbox><xmin>437</xmin><ymin>221</ymin><xmax>467</xmax><ymax>268</ymax></bndbox></object><object><name>arrows</name><object_id>2586551</object_id><difficult>0</difficult><bndbox><xmin>211</xmin><ymin>264</ymin><xmax>391</xmax><ymax>303</ymax></bndbox><attribute>black</attribute></object><relation><subject_id>3887021</subject_id><object_id>2616958</object_id><predicate>painted</predicate></relation><relation><subject_id>2168318</subject_id><object_id>3887022</object_id><predicate>painted</predicate></relation><relation><subject_id>2312165</subject_id><object_id>2616958</object_id><predicate>sitting on a</predicate></relation><relation><subject_id>2312166</subject_id><object_id>2312165</object_id><predicate>sitting on a</predicate></relation><relation><subject_id>2586551</subject_id><object_id>2616958</object_id><predicate>painted</predicate></relation></annotation>