<annotation><folder>VG_100K</folder><filename>2364659.jpg</filename><source><database>Visual Genome Version 1.2</database><image_id>2364659</image_id><coco_id>473345</coco_id><flickr_id>8635999126</flickr_id></source><size><width>281</width><height>500</height><depth>3</depth></size><segmented>0</segmented><object><name>clock tower</name><object_id>3888519</object_id><difficult>0</difficult><bndbox><xmin>20</xmin><ymin>281</ymin><xmax>253</xmax><ymax>449</ymax></bndbox></object><object><name>cross</name><object_id>2648203</object_id><difficult>0</difficult><bndbox><xmin>121</xmin><ymin>37</ymin><xmax>154</xmax><ymax>102</ymax></bndbox></object><relation><subject_id>2648203</subject_id><object_id>3888519</object_id><predicate>top of</predicate></relation></annotation>