<annotation><folder>VG_100K</folder><filename>2364862.jpg</filename><source><database>Visual Genome Version 1.2</database><image_id>2364862</image_id><coco_id>None</coco_id><flickr_id>3405848084</flickr_id></source><size><width>500</width><height>375</height><depth>3</depth></size><segmented>0</segmented><object><name>vase</name><object_id>1990103</object_id><difficult>0</difficult><bndbox><xmin>66</xmin><ymin>128</ymin><xmax>131</xmax><ymax>234</ymax></bndbox><attribute>empty</attribute><attribute>teal</attribute></object><object><name>vase</name><object_id>3887442</object_id><difficult>0</difficult><bndbox><xmin>258</xmin><ymin>99</ymin><xmax>311</xmax><ymax>228</ymax></bndbox><attribute>purple</attribute></object><object><name>table</name><object_id>2177013</object_id><difficult>0</difficult><bndbox><xmin>0</xmin><ymin>215</ymin><xmax>497</xmax><ymax>374</ymax></bndbox><attribute>dark</attribute><attribute>large</attribute></object><object><name>vase</name><object_id>2127063</object_id><difficult>0</difficult><bndbox><xmin>331</xmin><ymin>113</ymin><xmax>393</xmax><ymax>230</ymax></bndbox><attribute>blue</attribute></object><relation><subject_id>2127063</subject_id><object_id>2177013</object_id><predicate>top of</predicate></relation><relation><subject_id>3887442</subject_id><object_id>2177013</object_id><predicate>top of</predicate></relation><relation><subject_id>1990103</subject_id><object_id>2177013</object_id><predicate>top of</predicate></relation><relation><subject_id>3887442</subject_id><object_id>2177013</object_id><predicate>top of</predicate></relation><relation><subject_id>2127063</subject_id><object_id>2177013</object_id><predicate>top of</predicate></relation></annotation>