<annotation><folder>VG_100K</folder><filename>2364704.jpg</filename><source><database>Visual Genome Version 1.2</database><image_id>2364704</image_id><coco_id>181462</coco_id><flickr_id>503756035</flickr_id></source><size><width>500</width><height>375</height><depth>3</depth></size><segmented>0</segmented><object><name>cliff</name><object_id>3888281</object_id><difficult>0</difficult><bndbox><xmin>0</xmin><ymin>38</ymin><xmax>170</xmax><ymax>151</ymax></bndbox><attribute>green</attribute></object><object><name>beach</name><object_id>2058008</object_id><difficult>0</difficult><bndbox><xmin>72</xmin><ymin>38</ymin><xmax>497</xmax><ymax>373</ymax></bndbox><attribute>beautiful</attribute></object><relation><subject_id>3888281</subject_id><object_id>2058008</object_id><predicate>overlooking</predicate></relation></annotation>