<annotation><folder>VG_100K</folder><filename>2364764.jpg</filename><source><database>Visual Genome Version 1.2</database><image_id>2364764</image_id><coco_id>266712</coco_id><flickr_id>5667842631</flickr_id></source><size><width>401</width><height>500</height><depth>3</depth></size><segmented>0</segmented><object><name>sign</name><object_id>4072014</object_id><difficult>0</difficult><bndbox><xmin>123</xmin><ymin>184</ymin><xmax>173</xmax><ymax>252</ymax></bndbox><attribute>white</attribute><attribute>red</attribute></object><object><name>sign</name><object_id>4072034</object_id><difficult>0</difficult><bndbox><xmin>123</xmin><ymin>339</ymin><xmax>167</xmax><ymax>377</ymax></bndbox><attribute>yellow</attribute></object><object><name>sign</name><object_id>4072024</object_id><difficult>0</difficult><bndbox><xmin>109</xmin><ymin>253</ymin><xmax>186</xmax><ymax>341</ymax></bndbox></object><relation><subject_id>4072014</subject_id><object_id>4072024</object_id><predicate>top of</predicate></relation><relation><subject_id>4072014</subject_id><object_id>4072034</object_id><predicate>top of</predicate></relation></annotation>