<annotation><folder>VG_100K</folder><filename>2364646.jpg</filename><source><database>Visual Genome Version 1.2</database><image_id>2364646</image_id><coco_id>410155</coco_id><flickr_id>7839426578</flickr_id></source><size><width>500</width><height>375</height><depth>3</depth></size><segmented>0</segmented><object><name>pen</name><object_id>639953</object_id><difficult>0</difficult><bndbox><xmin>400</xmin><ymin>163</ymin><xmax>409</xmax><ymax>173</ymax></bndbox></object><object><name>pocket</name><object_id>639954</object_id><difficult>0</difficult><bndbox><xmin>390</xmin><ymin>168</ymin><xmax>424</xmax><ymax>219</ymax></bndbox></object><object><name>pen</name><object_id>639955</object_id><difficult>0</difficult><bndbox><xmin>412</xmin><ymin>163</ymin><xmax>419</xmax><ymax>173</ymax></bndbox></object><object><name>pen</name><object_id>639956</object_id><difficult>0</difficult><bndbox><xmin>419</xmin><ymin>167</ymin><xmax>429</xmax><ymax>175</ymax></bndbox></object><relation><subject_id>639953</subject_id><object_id>639954</object_id><predicate>sticking out of</predicate></relation><relation><subject_id>639955</subject_id><object_id>639954</object_id><predicate>sticking out of</predicate></relation><relation><subject_id>639956</subject_id><object_id>639954</object_id><predicate>sticking out of</predicate></relation></annotation>