<annotation><folder>VG_100K</folder><filename>2364957.jpg</filename><source><database>Visual Genome Version 1.2</database><image_id>2364957</image_id><coco_id>None</coco_id><flickr_id>9153642828</flickr_id></source><size><width>500</width><height>375</height><depth>3</depth></size><segmented>0</segmented><object><name>bus</name><object_id>2628427</object_id><difficult>0</difficult><bndbox><xmin>253</xmin><ymin>79</ymin><xmax>499</xmax><ymax>263</ymax></bndbox></object><object><name>window</name><object_id>2245695</object_id><difficult>0</difficult><bndbox><xmin>433</xmin><ymin>117</ymin><xmax>498</xmax><ymax>188</ymax></bndbox></object><relation><subject_id>2245695</subject_id><object_id>2628427</object_id><predicate>on other side of</predicate></relation></annotation>