<annotation><folder>VG_100K</folder><filename>2364911.jpg</filename><source><database>Visual Genome Version 1.2</database><image_id>2364911</image_id><coco_id>73280</coco_id><flickr_id>6266102532</flickr_id></source><size><width>500</width><height>365</height><depth>3</depth></size><segmented>0</segmented><object><name>counter</name><object_id>637841</object_id><difficult>0</difficult><bndbox><xmin>172</xmin><ymin>167</ymin><xmax>499</xmax><ymax>364</ymax></bndbox></object><object><name>dishwasher</name><object_id>637833</object_id><difficult>0</difficult><bndbox><xmin>296</xmin><ymin>210</ymin><xmax>390</xmax><ymax>344</ymax></bndbox><attribute>brown</attribute><attribute>stainless steel</attribute><attribute>black</attribute><attribute>electric</attribute></object><object><name>cabinet</name><object_id>637834</object_id><difficult>0</difficult><bndbox><xmin>250</xmin><ymin>194</ymin><xmax>430</xmax><ymax>363</ymax></bndbox></object><object><name>drawer</name><object_id>637839</object_id><difficult>0</difficult><bndbox><xmin>200</xmin><ymin>192</ymin><xmax>250</xmax><ymax>216</ymax></bndbox></object><object><name>drawer</name><object_id>637840</object_id><difficult>0</difficult><bndbox><xmin>248</xmin><ymin>200</ymin><xmax>303</xmax><ymax>235</ymax></bndbox></object><object><name>cabinet door</name><object_id>637842</object_id><difficult>0</difficult><bndbox><xmin>199</xmin><ymin>210</ymin><xmax>249</xmax><ymax>289</ymax></bndbox></object><object><name>drawers</name><object_id>637843</object_id><difficult>0</difficult><bndbox><xmin>199</xmin><ymin>193</ymin><xmax>305</xmax><ymax>244</ymax></bndbox></object><relation><subject_id>637833</subject_id><object_id>637834</object_id><predicate>between</predicate></relation><relation><subject_id>637839</subject_id><object_id>637841</object_id><predicate>under a</predicate></relation><relation><subject_id>637840</subject_id><object_id>637841</object_id><predicate>under a</predicate></relation><relation><subject_id>637842</subject_id><object_id>637843</object_id><predicate>under a</predicate></relation><relation><subject_id>637833</subject_id><object_id>637841</object_id><predicate>under a</predicate></relation></annotation>