<annotation><folder>VG_100K</folder><filename>2364432.jpg</filename><source><database>Visual Genome Version 1.2</database><image_id>2364432</image_id><coco_id>None</coco_id><flickr_id>4057022381</flickr_id></source><size><width>375</width><height>500</height><depth>3</depth></size><segmented>0</segmented><object><name>urinal</name><object_id>759039</object_id><difficult>0</difficult><bndbox><xmin>104</xmin><ymin>297</ymin><xmax>211</xmax><ymax>499</ymax></bndbox><attribute>white</attribute></object><object><name>bathroom</name><object_id>759040</object_id><difficult>0</difficult><bndbox><xmin>0</xmin><ymin>3</ymin><xmax>368</xmax><ymax>498</ymax></bndbox></object><object><name>handle</name><object_id>759042</object_id><difficult>0</difficult><bndbox><xmin>297</xmin><ymin>333</ymin><xmax>374</xmax><ymax>362</ymax></bndbox><attribute>metal</attribute></object><object><name>mirror</name><object_id>759043</object_id><difficult>0</difficult><bndbox><xmin>26</xmin><ymin>57</ymin><xmax>373</xmax><ymax>273</ymax></bndbox><attribute>rectangular</attribute></object><object><name>graffiti</name><object_id>759053</object_id><difficult>0</difficult><bndbox><xmin>142</xmin><ymin>0</ymin><xmax>374</xmax><ymax>71</ymax></bndbox></object><object><name>wall</name><object_id>759054</object_id><difficult>0</difficult><bndbox><xmin>1</xmin><ymin>3</ymin><xmax>372</xmax><ymax>298</ymax></bndbox></object><object><name>wall</name><object_id>759064</object_id><difficult>0</difficult><bndbox><xmin>10</xmin><ymin>1</ymin><xmax>374</xmax><ymax>499</ymax></bndbox><attribute>white</attribute></object><relation><subject_id>759039</subject_id><object_id>759040</object_id><predicate>are inside</predicate></relation><relation><subject_id>759043</subject_id><object_id>759040</object_id><predicate>are inside</predicate></relation><relation><subject_id>759053</subject_id><object_id>759054</object_id><predicate>written on</predicate></relation><relation><subject_id>759042</subject_id><object_id>759054</object_id><predicate>hanging on a</predicate></relation><relation><subject_id>759042</subject_id><object_id>759064</object_id><predicate>attached</predicate></relation></annotation>