<annotation><folder>VG_100K</folder><filename>2364771.jpg</filename><source><database>Visual Genome Version 1.2</database><image_id>2364771</image_id><coco_id>None</coco_id><flickr_id>5886995131</flickr_id></source><size><width>333</width><height>500</height><depth>3</depth></size><segmented>0</segmented><object><name>kite</name><object_id>638932</object_id><difficult>0</difficult><bndbox><xmin>98</xmin><ymin>71</ymin><xmax>151</xmax><ymax>155</ymax></bndbox><attribute>large</attribute><attribute>orange</attribute></object><object><name>person</name><object_id>638933</object_id><difficult>0</difficult><bndbox><xmin>256</xmin><ymin>383</ymin><xmax>288</xmax><ymax>467</ymax></bndbox></object><object><name>sky</name><object_id>638934</object_id><difficult>0</difficult><bndbox><xmin>2</xmin><ymin>0</ymin><xmax>331</xmax><ymax>238</ymax></bndbox><attribute>blue</attribute></object><object><name>clouds</name><object_id>638935</object_id><difficult>0</difficult><bndbox><xmin>2</xmin><ymin>2</ymin><xmax>333</xmax><ymax>236</ymax></bndbox><attribute>white</attribute></object><object><name>grass</name><object_id>638936</object_id><difficult>0</difficult><bndbox><xmin>2</xmin><ymin>371</ymin><xmax>332</xmax><ymax>500</ymax></bndbox><attribute>brown</attribute><attribute>short</attribute><attribute>green</attribute></object><object><name>strings</name><object_id>638938</object_id><difficult>0</difficult><bndbox><xmin>163</xmin><ymin>251</ymin><xmax>264</xmax><ymax>401</ymax></bndbox><attribute>white</attribute><attribute>long</attribute></object><object><name>tree</name><object_id>638939</object_id><difficult>0</difficult><bndbox><xmin>24</xmin><ymin>276</ymin><xmax>144</xmax><ymax>375</ymax></bndbox><attribute>large</attribute><attribute>green</attribute></object><object><name>field</name><object_id>638940</object_id><difficult>0</difficult><bndbox><xmin>0</xmin><ymin>325</ymin><xmax>332</xmax><ymax>498</ymax></bndbox><attribute>grassy</attribute></object><object><name>logo</name><object_id>638944</object_id><difficult>0</difficult><bndbox><xmin>110</xmin><ymin>97</ymin><xmax>127</xmax><ymax>120</ymax></bndbox><attribute>oval</attribute><attribute>black</attribute></object><object><name>brace</name><object_id>638946</object_id><difficult>0</difficult><bndbox><xmin>269</xmin><ymin>408</ymin><xmax>285</xmax><ymax>420</ymax></bndbox><attribute>large</attribute><attribute>black</attribute></object><object><name>back</name><object_id>638947</object_id><difficult>0</difficult><bndbox><xmin>270</xmin><ymin>398</ymin><xmax>287</xmax><ymax>421</ymax></bndbox></object><relation><subject_id>638933</subject_id><object_id>638932</object_id><predicate>flying in</predicate></relation><relation><subject_id>638935</subject_id><object_id>638934</object_id><predicate>in middle of</predicate></relation><relation><subject_id>638935</subject_id><object_id>638934</object_id><predicate>in middle of</predicate></relation><relation><subject_id>638935</subject_id><object_id>638934</object_id><predicate>in middle of</predicate></relation><relation><subject_id>638935</subject_id><object_id>638934</object_id><predicate>in middle of</predicate></relation><relation><subject_id>638935</subject_id><object_id>638934</object_id><predicate>in middle of</predicate></relation><relation><subject_id>638935</subject_id><object_id>638934</object_id><predicate>in middle of</predicate></relation><relation><subject_id>638935</subject_id><object_id>638934</object_id><predicate>in middle of</predicate></relation><relation><subject_id>638935</subject_id><object_id>638934</object_id><predicate>in middle of</predicate></relation><relation><subject_id>638933</subject_id><object_id>638932</object_id><predicate>flying in</predicate></relation><relation><subject_id>638935</subject_id><object_id>638934</object_id><predicate>in middle of</predicate></relation><relation><subject_id>638935</subject_id><object_id>638934</object_id><predicate>in middle of</predicate></relation><relation><subject_id>638935</subject_id><object_id>638934</object_id><predicate>in middle of</predicate></relation><relation><subject_id>638932</subject_id><object_id>638934</object_id><predicate>in middle of</predicate></relation><relation><subject_id>638938</subject_id><object_id>638932</object_id><predicate>attached</predicate></relation><relation><subject_id>638936</subject_id><object_id>638940</object_id><predicate>in middle of</predicate></relation><relation><subject_id>638944</subject_id><object_id>638932</object_id><predicate>top of</predicate></relation><relation><subject_id>638946</subject_id><object_id>638947</object_id><predicate>top of</predicate></relation><relation><subject_id>638938</subject_id><object_id>638932</object_id><predicate>attached</predicate></relation><relation><subject_id>638932</subject_id><object_id>638934</object_id><predicate>flying in</predicate></relation><relation><subject_id>638933</subject_id><object_id>638932</object_id><predicate>flying in</predicate></relation><relation><subject_id>638939</subject_id><object_id>638940</object_id><predicate>in middle of</predicate></relation><relation><subject_id>638944</subject_id><object_id>638932</object_id><predicate>top of</predicate></relation></annotation>