<annotation><folder>VG_100K</folder><filename>2364942.jpg</filename><source><database>Visual Genome Version 1.2</database><image_id>2364942</image_id><coco_id>None</coco_id><flickr_id>8490883680</flickr_id></source><size><width>500</width><height>333</height><depth>3</depth></size><segmented>0</segmented><object><name>tree</name><object_id>3887008</object_id><difficult>0</difficult><bndbox><xmin>223</xmin><ymin>3</ymin><xmax>484</xmax><ymax>302</ymax></bndbox></object><object><name>tree</name><object_id>3887007</object_id><difficult>0</difficult><bndbox><xmin>1</xmin><ymin>0</ymin><xmax>251</xmax><ymax>172</ymax></bndbox></object><object><name>elephant</name><object_id>1754250</object_id><difficult>0</difficult><bndbox><xmin>330</xmin><ymin>33</ymin><xmax>485</xmax><ymax>315</ymax></bndbox><attribute>adult</attribute></object><object><name>elephant</name><object_id>1887745</object_id><difficult>0</difficult><bndbox><xmin>49</xmin><ymin>120</ymin><xmax>256</xmax><ymax>300</ymax></bndbox><attribute>baby</attribute></object><object><name>elephant</name><object_id>2225298</object_id><difficult>0</difficult><bndbox><xmin>60</xmin><ymin>124</ymin><xmax>243</xmax><ymax>284</ymax></bndbox><attribute>baby</attribute></object><object><name>ear</name><object_id>1981860</object_id><difficult>0</difficult><bndbox><xmin>108</xmin><ymin>131</ymin><xmax>153</xmax><ymax>212</ymax></bndbox><attribute>outstretched</attribute></object><object><name>ear</name><object_id>1981861</object_id><difficult>0</difficult><bndbox><xmin>182</xmin><ymin>127</ymin><xmax>217</xmax><ymax>179</ymax></bndbox><attribute>outstretched</attribute></object><object><name>branch</name><object_id>3887014</object_id><difficult>0</difficult><bndbox><xmin>141</xmin><ymin>1</ymin><xmax>179</xmax><ymax>20</ymax></bndbox></object><object><name>branch</name><object_id>3887013</object_id><difficult>0</difficult><bndbox><xmin>52</xmin><ymin>1</ymin><xmax>90</xmax><ymax>34</ymax></bndbox></object><object><name>branch</name><object_id>3887012</object_id><difficult>0</difficult><bndbox><xmin>192</xmin><ymin>78</ymin><xmax>222</xmax><ymax>110</ymax></bndbox></object><object><name>branch</name><object_id>3887011</object_id><difficult>0</difficult><bndbox><xmin>148</xmin><ymin>86</ymin><xmax>170</xmax><ymax>104</ymax></bndbox></object><object><name>branch</name><object_id>3887010</object_id><difficult>0</difficult><bndbox><xmin>40</xmin><ymin>95</ymin><xmax>120</xmax><ymax>128</ymax></bndbox></object><object><name>elephant</name><object_id>2410444</object_id><difficult>0</difficult><bndbox><xmin>58</xmin><ymin>124</ymin><xmax>257</xmax><ymax>325</ymax></bndbox><attribute>baby</attribute></object><object><name>ear</name><object_id>2410445</object_id><difficult>0</difficult><bndbox><xmin>98</xmin><ymin>121</ymin><xmax>163</xmax><ymax>211</ymax></bndbox></object><relation><subject_id>1754250</subject_id><object_id>3887007</object_id><predicate>standing near</predicate></relation><relation><subject_id>1754250</subject_id><object_id>3887008</object_id><predicate>standing near</predicate></relation><relation><subject_id>1887745</subject_id><object_id>3887007</object_id><predicate>standing near</predicate></relation><relation><subject_id>1887745</subject_id><object_id>3887008</object_id><predicate>standing near</predicate></relation><relation><subject_id>1981860</subject_id><object_id>2225298</object_id><predicate>belonging to</predicate></relation><relation><subject_id>1981861</subject_id><object_id>2225298</object_id><predicate>belonging to</predicate></relation><relation><subject_id>3887014</subject_id><object_id>1887745</object_id><predicate>hanging on a</predicate></relation><relation><subject_id>3887013</subject_id><object_id>1887745</object_id><predicate>hanging on a</predicate></relation><relation><subject_id>3887012</subject_id><object_id>1887745</object_id><predicate>hanging on a</predicate></relation><relation><subject_id>3887011</subject_id><object_id>1887745</object_id><predicate>hanging on a</predicate></relation><relation><subject_id>3887010</subject_id><object_id>1887745</object_id><predicate>hanging on a</predicate></relation><relation><subject_id>2410445</subject_id><object_id>2410444</object_id><predicate>belonging to</predicate></relation></annotation>