<annotation><folder>VG_100K</folder><filename>2364981.jpg</filename><source><database>Visual Genome Version 1.2</database><image_id>2364981</image_id><coco_id>462974</coco_id><flickr_id>387861237</flickr_id></source><size><width>332</width><height>500</height><depth>3</depth></size><segmented>0</segmented><object><name>vase</name><object_id>2097216</object_id><difficult>0</difficult><bndbox><xmin>122</xmin><ymin>147</ymin><xmax>230</xmax><ymax>348</ymax></bndbox><attribute>blue</attribute><attribute>white</attribute><attribute>sitting</attribute></object><object><name>roses</name><object_id>2097217</object_id><difficult>0</difficult><bndbox><xmin>241</xmin><ymin>202</ymin><xmax>271</xmax><ymax>238</ymax></bndbox></object><object><name>flowers</name><object_id>2097218</object_id><difficult>0</difficult><bndbox><xmin>61</xmin><ymin>385</ymin><xmax>162</xmax><ymax>476</ymax></bndbox></object><relation><subject_id>2097216</subject_id><object_id>2097217</object_id><predicate>sitting on a</predicate></relation><relation><subject_id>2097216</subject_id><object_id>2097218</object_id><predicate>sitting on a</predicate></relation></annotation>