<annotation><folder>VG_100K</folder><filename>2364843.jpg</filename><source><database>Visual Genome Version 1.2</database><image_id>2364843</image_id><coco_id>None</coco_id><flickr_id>542716636</flickr_id></source><size><width>500</width><height>375</height><depth>3</depth></size><segmented>0</segmented><object><name>cat</name><object_id>638395</object_id><difficult>0</difficult><bndbox><xmin>352</xmin><ymin>78</ymin><xmax>489</xmax><ymax>244</ymax></bndbox><attribute>resting</attribute><attribute>watching</attribute><attribute>brown</attribute><attribute>sitting</attribute><attribute>looking</attribute><attribute>black</attribute><attribute>orange</attribute><attribute>white</attribute><attribute>striped</attribute></object><object><name>computer</name><object_id>638396</object_id><difficult>0</difficult><bndbox><xmin>268</xmin><ymin>253</ymin><xmax>356</xmax><ymax>310</ymax></bndbox><attribute>pink</attribute><attribute>on</attribute><attribute>black</attribute></object><relation><subject_id>638395</subject_id><object_id>638396</object_id><predicate>top of</predicate></relation><relation><subject_id>638395</subject_id><object_id>638396</object_id><predicate>resting on</predicate></relation></annotation>