<annotation><folder>VG_100K</folder><filename>2364952.jpg</filename><source><database>Visual Genome Version 1.2</database><image_id>2364952</image_id><coco_id>81505</coco_id><flickr_id>8790754428</flickr_id></source><size><width>500</width><height>333</height><depth>3</depth></size><segmented>0</segmented><object><name>plane</name><object_id>637411</object_id><difficult>0</difficult><bndbox><xmin>67</xmin><ymin>130</ymin><xmax>407</xmax><ymax>222</ymax></bndbox><attribute>high</attribute><attribute>white</attribute><attribute>flying</attribute><attribute>long</attribute><attribute>red</attribute></object><object><name>letters</name><object_id>637414</object_id><difficult>0</difficult><bndbox><xmin>244</xmin><ymin>163</ymin><xmax>314</xmax><ymax>179</ymax></bndbox></object><relation><subject_id>637414</subject_id><object_id>637411</object_id><predicate>on other side of</predicate></relation></annotation>