<annotation><folder>VG_100K</folder><filename>2364948.jpg</filename><source><database>Visual Genome Version 1.2</database><image_id>2364948</image_id><coco_id>None</coco_id><flickr_id>8680006028</flickr_id></source><size><width>500</width><height>333</height><depth>3</depth></size><segmented>0</segmented><object><name>elephant</name><object_id>637461</object_id><difficult>0</difficult><bndbox><xmin>54</xmin><ymin>61</ymin><xmax>385</xmax><ymax>307</ymax></bndbox><attribute>large</attribute><attribute>gray</attribute><attribute>dark</attribute><attribute>grey</attribute></object><object><name>field</name><object_id>637462</object_id><difficult>0</difficult><bndbox><xmin>1</xmin><ymin>248</ymin><xmax>499</xmax><ymax>332</ymax></bndbox></object><object><name>rock</name><object_id>637471</object_id><difficult>0</difficult><bndbox><xmin>1</xmin><ymin>223</ymin><xmax>37</xmax><ymax>267</ymax></bndbox><attribute>grey</attribute></object><object><name>vegetation</name><object_id>637481</object_id><difficult>0</difficult><bndbox><xmin>319</xmin><ymin>288</ymin><xmax>378</xmax><ymax>299</ymax></bndbox></object><object><name>dirt</name><object_id>637482</object_id><difficult>0</difficult><bndbox><xmin>1</xmin><ymin>290</ymin><xmax>49</xmax><ymax>306</ymax></bndbox></object><relation><subject_id>637471</subject_id><object_id>637462</object_id><predicate>top of</predicate></relation><relation><subject_id>637461</subject_id><object_id>637462</object_id><predicate>top of</predicate></relation><relation><subject_id>637481</subject_id><object_id>637462</object_id><predicate>top of</predicate></relation><relation><subject_id>637481</subject_id><object_id>637462</object_id><predicate>top of</predicate></relation><relation><subject_id>637482</subject_id><object_id>637462</object_id><predicate>top of</predicate></relation><relation><subject_id>637481</subject_id><object_id>637462</object_id><predicate>top of</predicate></relation><relation><subject_id>637471</subject_id><object_id>637462</object_id><predicate>top of</predicate></relation><relation><subject_id>637461</subject_id><object_id>637462</object_id><predicate>top of</predicate></relation></annotation>