<annotation><folder>VG_100K</folder><filename>2364535.jpg</filename><source><database>Visual Genome Version 1.2</database><image_id>2364535</image_id><coco_id>None</coco_id><flickr_id>191269034</flickr_id></source><size><width>500</width><height>400</height><depth>3</depth></size><segmented>0</segmented><object><name>sign</name><object_id>1687150</object_id><difficult>0</difficult><bndbox><xmin>140</xmin><ymin>182</ymin><xmax>409</xmax><ymax>308</ymax></bndbox><attribute>rusty</attribute></object><object><name>sign</name><object_id>1687151</object_id><difficult>0</difficult><bndbox><xmin>133</xmin><ymin>97</ymin><xmax>319</xmax><ymax>222</ymax></bndbox></object><object><name>window</name><object_id>2033253</object_id><difficult>0</difficult><bndbox><xmin>16</xmin><ymin>358</ymin><xmax>41</xmax><ymax>398</ymax></bndbox></object><object><name>window</name><object_id>2033254</object_id><difficult>0</difficult><bndbox><xmin>335</xmin><ymin>378</ymin><xmax>343</xmax><ymax>398</ymax></bndbox></object><object><name>window</name><object_id>2033255</object_id><difficult>0</difficult><bndbox><xmin>401</xmin><ymin>387</ymin><xmax>406</xmax><ymax>397</ymax></bndbox></object><object><name>building</name><object_id>2378019</object_id><difficult>0</difficult><bndbox><xmin>6</xmin><ymin>300</ymin><xmax>437</xmax><ymax>398</ymax></bndbox></object><object><name>sign</name><object_id>2447853</object_id><difficult>0</difficult><bndbox><xmin>94</xmin><ymin>106</ymin><xmax>354</xmax><ymax>235</ymax></bndbox></object><object><name>sign</name><object_id>2447854</object_id><difficult>0</difficult><bndbox><xmin>98</xmin><ymin>190</ymin><xmax>429</xmax><ymax>313</ymax></bndbox></object><object><name>words</name><object_id>1687152</object_id><difficult>0</difficult><bndbox><xmin>170</xmin><ymin>215</ymin><xmax>336</xmax><ymax>285</ymax></bndbox></object><object><name>words</name><object_id>1687153</object_id><difficult>0</difficult><bndbox><xmin>180</xmin><ymin>137</ymin><xmax>305</xmax><ymax>215</ymax></bndbox></object><object><name>signs</name><object_id>2356931</object_id><difficult>0</difficult><bndbox><xmin>135</xmin><ymin>95</ymin><xmax>404</xmax><ymax>310</ymax></bndbox><attribute>black</attribute></object><object><name>trees</name><object_id>3737985</object_id><difficult>0</difficult><bndbox><xmin>223</xmin><ymin>3</ymin><xmax>497</xmax><ymax>399</ymax></bndbox><attribute>green</attribute></object><relation><subject_id>2033253</subject_id><object_id>2378019</object_id><predicate>on other side of</predicate></relation><relation><subject_id>2033254</subject_id><object_id>2378019</object_id><predicate>on other side of</predicate></relation><relation><subject_id>2033255</subject_id><object_id>2378019</object_id><predicate>on other side of</predicate></relation><relation><subject_id>1687150</subject_id><object_id>1687151</object_id><predicate>at bottom of</predicate></relation><relation><subject_id>2447853</subject_id><object_id>2447854</object_id><predicate>top of</predicate></relation><relation><subject_id>1687152</subject_id><object_id>1687150</object_id><predicate>written on</predicate></relation><relation><subject_id>1687153</subject_id><object_id>1687151</object_id><predicate>written on</predicate></relation><relation><subject_id>3737985</subject_id><object_id>2356931</object_id><predicate>on other side of</predicate></relation></annotation>