<annotation><folder>VG_100K</folder><filename>2364449.jpg</filename><source><database>Visual Genome Version 1.2</database><image_id>2364449</image_id><coco_id>65982</coco_id><flickr_id>4933999729</flickr_id></source><size><width>500</width><height>309</height><depth>3</depth></size><segmented>0</segmented><object><name>wall</name><object_id>3738745</object_id><difficult>0</difficult><bndbox><xmin>4</xmin><ymin>4</ymin><xmax>494</xmax><ymax>305</ymax></bndbox><attribute>large</attribute><attribute>tan</attribute></object><object><name>phone</name><object_id>1935376</object_id><difficult>0</difficult><bndbox><xmin>261</xmin><ymin>45</ymin><xmax>287</xmax><ymax>62</ymax></bndbox></object><object><name>woman</name><object_id>1935377</object_id><difficult>0</difficult><bndbox><xmin>182</xmin><ymin>0</ymin><xmax>334</xmax><ymax>307</ymax></bndbox></object><object><name>woman</name><object_id>2290890</object_id><difficult>0</difficult><bndbox><xmin>185</xmin><ymin>15</ymin><xmax>322</xmax><ymax>302</ymax></bndbox></object><relation><subject_id>1935377</subject_id><object_id>1935376</object_id><predicate>talking on</predicate></relation><relation><subject_id>2290890</subject_id><object_id>3738745</object_id><predicate>against</predicate></relation></annotation>