<annotation><folder>VG_100K</folder><filename>2364978.jpg</filename><source><database>Visual Genome Version 1.2</database><image_id>2364978</image_id><coco_id>412641</coco_id><flickr_id>260314237</flickr_id></source><size><width>500</width><height>375</height><depth>3</depth></size><segmented>0</segmented><object><name>plate</name><object_id>637281</object_id><difficult>0</difficult><bndbox><xmin>59</xmin><ymin>88</ymin><xmax>460</xmax><ymax>342</ymax></bndbox><attribute>blue</attribute><attribute>white</attribute><attribute>round</attribute></object><object><name>pie</name><object_id>637280</object_id><difficult>0</difficult><bndbox><xmin>141</xmin><ymin>120</ymin><xmax>309</xmax><ymax>252</ymax></bndbox></object><object><name>crumb</name><object_id>637282</object_id><difficult>0</difficult><bndbox><xmin>284</xmin><ymin>215</ymin><xmax>301</xmax><ymax>228</ymax></bndbox></object><object><name>crumb</name><object_id>637283</object_id><difficult>0</difficult><bndbox><xmin>323</xmin><ymin>239</ymin><xmax>336</xmax><ymax>256</ymax></bndbox></object><object><name>crumb</name><object_id>637284</object_id><difficult>0</difficult><bndbox><xmin>306</xmin><ymin>255</ymin><xmax>323</xmax><ymax>277</ymax></bndbox></object><object><name>crumb</name><object_id>637285</object_id><difficult>0</difficult><bndbox><xmin>228</xmin><ymin>259</ymin><xmax>238</xmax><ymax>268</ymax></bndbox></object><object><name>crumb</name><object_id>637286</object_id><difficult>0</difficult><bndbox><xmin>345</xmin><ymin>282</ymin><xmax>353</xmax><ymax>289</ymax></bndbox></object><object><name>blueberry</name><object_id>637287</object_id><difficult>0</difficult><bndbox><xmin>146</xmin><ymin>182</ymin><xmax>153</xmax><ymax>195</ymax></bndbox></object><object><name>blueberry</name><object_id>637288</object_id><difficult>0</difficult><bndbox><xmin>280</xmin><ymin>175</ymin><xmax>294</xmax><ymax>195</ymax></bndbox></object><object><name>blueberry</name><object_id>637289</object_id><difficult>0</difficult><bndbox><xmin>260</xmin><ymin>170</ymin><xmax>270</xmax><ymax>182</ymax></bndbox></object><object><name>blueberry</name><object_id>637290</object_id><difficult>0</difficult><bndbox><xmin>158</xmin><ymin>204</ymin><xmax>169</xmax><ymax>214</ymax></bndbox></object><object><name>blueberry</name><object_id>637291</object_id><difficult>0</difficult><bndbox><xmin>254</xmin><ymin>145</ymin><xmax>264</xmax><ymax>159</ymax></bndbox></object><object><name>crust</name><object_id>637292</object_id><difficult>0</difficult><bndbox><xmin>142</xmin><ymin>121</ymin><xmax>191</xmax><ymax>251</ymax></bndbox></object><object><name>handle</name><object_id>637294</object_id><difficult>0</difficult><bndbox><xmin>320</xmin><ymin>108</ymin><xmax>473</xmax><ymax>209</ymax></bndbox><attribute>brown</attribute><attribute>wood</attribute></object><object><name>knife</name><object_id>637293</object_id><difficult>0</difficult><bndbox><xmin>153</xmin><ymin>56</ymin><xmax>472</xmax><ymax>212</ymax></bndbox><attribute>long</attribute></object><object><name>piece</name><object_id>637296</object_id><difficult>0</difficult><bndbox><xmin>379</xmin><ymin>143</ymin><xmax>394</xmax><ymax>154</ymax></bndbox><attribute>round</attribute></object><object><name>piece</name><object_id>637297</object_id><difficult>0</difficult><bndbox><xmin>337</xmin><ymin>122</ymin><xmax>355</xmax><ymax>135</ymax></bndbox><attribute>round</attribute></object><object><name>flower</name><object_id>637298</object_id><difficult>0</difficult><bndbox><xmin>346</xmin><ymin>268</ymin><xmax>365</xmax><ymax>281</ymax></bndbox><attribute>blue</attribute></object><object><name>flower</name><object_id>637299</object_id><difficult>0</difficult><bndbox><xmin>389</xmin><ymin>259</ymin><xmax>409</xmax><ymax>277</ymax></bndbox><attribute>blue</attribute></object><object><name>flower</name><object_id>637300</object_id><difficult>0</difficult><bndbox><xmin>389</xmin><ymin>235</ymin><xmax>407</xmax><ymax>247</ymax></bndbox><attribute>blue</attribute></object><object><name>flower</name><object_id>637301</object_id><difficult>0</difficult><bndbox><xmin>418</xmin><ymin>220</ymin><xmax>439</xmax><ymax>231</ymax></bndbox><attribute>blue</attribute></object><object><name>flower</name><object_id>637302</object_id><difficult>0</difficult><bndbox><xmin>226</xmin><ymin>289</ymin><xmax>245</xmax><ymax>308</ymax></bndbox><attribute>blue</attribute></object><object><name>table</name><object_id>637303</object_id><difficult>0</difficult><bndbox><xmin>0</xmin><ymin>0</ymin><xmax>497</xmax><ymax>375</ymax></bndbox><attribute>brown</attribute><attribute>wood</attribute></object><relation><subject_id>637280</subject_id><object_id>637281</object_id><predicate>top of</predicate></relation><relation><subject_id>637282</subject_id><object_id>637281</object_id><predicate>top of</predicate></relation><relation><subject_id>637283</subject_id><object_id>637281</object_id><predicate>top of</predicate></relation><relation><subject_id>637284</subject_id><object_id>637281</object_id><predicate>top of</predicate></relation><relation><subject_id>637285</subject_id><object_id>637281</object_id><predicate>top of</predicate></relation><relation><subject_id>637286</subject_id><object_id>637281</object_id><predicate>top of</predicate></relation><relation><subject_id>637282</subject_id><object_id>637281</object_id><predicate>top of</predicate></relation><relation><subject_id>637283</subject_id><object_id>637281</object_id><predicate>top of</predicate></relation><relation><subject_id>637284</subject_id><object_id>637281</object_id><predicate>top of</predicate></relation><relation><subject_id>637286</subject_id><object_id>637281</object_id><predicate>top of</predicate></relation><relation><subject_id>637285</subject_id><object_id>637281</object_id><predicate>top of</predicate></relation><relation><subject_id>637287</subject_id><object_id>637280</object_id><predicate>top of</predicate></relation><relation><subject_id>637288</subject_id><object_id>637280</object_id><predicate>top of</predicate></relation><relation><subject_id>637289</subject_id><object_id>637280</object_id><predicate>top of</predicate></relation><relation><subject_id>637290</subject_id><object_id>637280</object_id><predicate>top of</predicate></relation><relation><subject_id>637291</subject_id><object_id>637280</object_id><predicate>top of</predicate></relation><relation><subject_id>637296</subject_id><object_id>637294</object_id><predicate>on other side of</predicate></relation><relation><subject_id>637297</subject_id><object_id>637294</object_id><predicate>on other side of</predicate></relation><relation><subject_id>637298</subject_id><object_id>637281</object_id><predicate>facing</predicate></relation><relation><subject_id>637300</subject_id><object_id>637281</object_id><predicate>facing</predicate></relation><relation><subject_id>637301</subject_id><object_id>637281</object_id><predicate>facing</predicate></relation><relation><subject_id>637302</subject_id><object_id>637281</object_id><predicate>facing</predicate></relation><relation><subject_id>637287</subject_id><object_id>637280</object_id><predicate>top of</predicate></relation><relation><subject_id>637288</subject_id><object_id>637280</object_id><predicate>top of</predicate></relation><relation><subject_id>637289</subject_id><object_id>637280</object_id><predicate>top of</predicate></relation><relation><subject_id>637291</subject_id><object_id>637280</object_id><predicate>top of</predicate></relation><relation><subject_id>637281</subject_id><object_id>637303</object_id><predicate>top of</predicate></relation><relation><subject_id>637293</subject_id><object_id>637281</object_id><predicate>at edge of</predicate></relation><relation><subject_id>637280</subject_id><object_id>637281</object_id><predicate>top of</predicate></relation><relation><subject_id>637282</subject_id><object_id>637281</object_id><predicate>top of</predicate></relation><relation><subject_id>637284</subject_id><object_id>637281</object_id><predicate>top of</predicate></relation><relation><subject_id>637283</subject_id><object_id>637281</object_id><predicate>top of</predicate></relation><relation><subject_id>637286</subject_id><object_id>637281</object_id><predicate>top of</predicate></relation><relation><subject_id>637285</subject_id><object_id>637281</object_id><predicate>top of</predicate></relation><relation><subject_id>637290</subject_id><object_id>637280</object_id><predicate>top of</predicate></relation><relation><subject_id>637287</subject_id><object_id>637280</object_id><predicate>top of</predicate></relation><relation><subject_id>637288</subject_id><object_id>637280</object_id><predicate>top of</predicate></relation><relation><subject_id>637289</subject_id><object_id>637280</object_id><predicate>top of</predicate></relation><relation><subject_id>637291</subject_id><object_id>637280</object_id><predicate>top of</predicate></relation><relation><subject_id>637290</subject_id><object_id>637292</object_id><predicate>at edge of</predicate></relation><relation><subject_id>637287</subject_id><object_id>637292</object_id><predicate>at edge of</predicate></relation><relation><subject_id>637290</subject_id><object_id>637280</object_id><predicate>top of</predicate></relation><relation><subject_id>637287</subject_id><object_id>637280</object_id><predicate>top of</predicate></relation><relation><subject_id>637288</subject_id><object_id>637280</object_id><predicate>top of</predicate></relation><relation><subject_id>637289</subject_id><object_id>637280</object_id><predicate>top of</predicate></relation><relation><subject_id>637291</subject_id><object_id>637280</object_id><predicate>top of</predicate></relation><relation><subject_id>637285</subject_id><object_id>637281</object_id><predicate>top of</predicate></relation><relation><subject_id>637282</subject_id><object_id>637281</object_id><predicate>top of</predicate></relation><relation><subject_id>637283</subject_id><object_id>637281</object_id><predicate>top of</predicate></relation><relation><subject_id>637284</subject_id><object_id>637281</object_id><predicate>top of</predicate></relation><relation><subject_id>637286</subject_id><object_id>637281</object_id><predicate>top of</predicate></relation><relation><subject_id>637298</subject_id><object_id>637281</object_id><predicate>top of</predicate></relation><relation><subject_id>637299</subject_id><object_id>637281</object_id><predicate>top of</predicate></relation><relation><subject_id>637301</subject_id><object_id>637281</object_id><predicate>top of</predicate></relation><relation><subject_id>637302</subject_id><object_id>637281</object_id><predicate>top of</predicate></relation><relation><subject_id>637300</subject_id><object_id>637281</object_id><predicate>top of</predicate></relation><relation><subject_id>637280</subject_id><object_id>637281</object_id><predicate>top of</predicate></relation><relation><subject_id>637281</subject_id><object_id>637303</object_id><predicate>top of</predicate></relation><relation><subject_id>637290</subject_id><object_id>637280</object_id><predicate>top of</predicate></relation><relation><subject_id>637287</subject_id><object_id>637280</object_id><predicate>top of</predicate></relation><relation><subject_id>637288</subject_id><object_id>637280</object_id><predicate>top of</predicate></relation><relation><subject_id>637289</subject_id><object_id>637280</object_id><predicate>top of</predicate></relation><relation><subject_id>637291</subject_id><object_id>637280</object_id><predicate>top of</predicate></relation><relation><subject_id>637290</subject_id><object_id>637280</object_id><predicate>top of</predicate></relation><relation><subject_id>637287</subject_id><object_id>637280</object_id><predicate>top of</predicate></relation><relation><subject_id>637288</subject_id><object_id>637280</object_id><predicate>top of</predicate></relation><relation><subject_id>637289</subject_id><object_id>637280</object_id><predicate>top of</predicate></relation><relation><subject_id>637291</subject_id><object_id>637280</object_id><predicate>top of</predicate></relation><relation><subject_id>637290</subject_id><object_id>637280</object_id><predicate>top of</predicate></relation><relation><subject_id>637287</subject_id><object_id>637280</object_id><predicate>top of</predicate></relation><relation><subject_id>637288</subject_id><object_id>637280</object_id><predicate>top of</predicate></relation><relation><subject_id>637289</subject_id><object_id>637280</object_id><predicate>top of</predicate></relation><relation><subject_id>637291</subject_id><object_id>637280</object_id><predicate>top of</predicate></relation><relation><subject_id>637293</subject_id><object_id>637281</object_id><predicate>top of</predicate></relation><relation><subject_id>637285</subject_id><object_id>637281</object_id><predicate>top of</predicate></relation><relation><subject_id>637282</subject_id><object_id>637281</object_id><predicate>top of</predicate></relation><relation><subject_id>637284</subject_id><object_id>637281</object_id><predicate>top of</predicate></relation><relation><subject_id>637283</subject_id><object_id>637281</object_id><predicate>top of</predicate></relation><relation><subject_id>637286</subject_id><object_id>637281</object_id><predicate>top of</predicate></relation></annotation>