<annotation><folder>VG_100K</folder><filename>2364431.jpg</filename><source><database>Visual Genome Version 1.2</database><image_id>2364431</image_id><coco_id>None</coco_id><flickr_id>4011187781</flickr_id></source><size><width>500</width><height>400</height><depth>3</depth></size><segmented>0</segmented><object><name>sofa</name><object_id>641051</object_id><difficult>0</difficult><bndbox><xmin>151</xmin><ymin>149</ymin><xmax>499</xmax><ymax>400</ymax></bndbox><attribute>plaid</attribute></object><object><name>cat</name><object_id>641052</object_id><difficult>0</difficult><bndbox><xmin>312</xmin><ymin>139</ymin><xmax>459</xmax><ymax>245</ymax></bndbox><attribute>brown</attribute><attribute>striped</attribute><attribute>black</attribute><attribute>walking</attribute></object><object><name>books</name><object_id>641057</object_id><difficult>0</difficult><bndbox><xmin>278</xmin><ymin>1</ymin><xmax>335</xmax><ymax>34</ymax></bndbox></object><object><name>shelf</name><object_id>641058</object_id><difficult>0</difficult><bndbox><xmin>278</xmin><ymin>28</ymin><xmax>333</xmax><ymax>38</ymax></bndbox></object><object><name>books</name><object_id>641059</object_id><difficult>0</difficult><bndbox><xmin>276</xmin><ymin>43</ymin><xmax>325</xmax><ymax>76</ymax></bndbox></object><object><name>shelf</name><object_id>641060</object_id><difficult>0</difficult><bndbox><xmin>278</xmin><ymin>70</ymin><xmax>331</xmax><ymax>78</ymax></bndbox></object><relation><subject_id>641057</subject_id><object_id>641058</object_id><predicate>top of</predicate></relation><relation><subject_id>641059</subject_id><object_id>641060</object_id><predicate>top of</predicate></relation><relation><subject_id>641052</subject_id><object_id>641051</object_id><predicate>walking towards</predicate></relation></annotation>