<annotation><folder>VG_100K</folder><filename>2364458.jpg</filename><source><database>Visual Genome Version 1.2</database><image_id>2364458</image_id><coco_id>291816</coco_id><flickr_id>5565092429</flickr_id></source><size><width>500</width><height>500</height><depth>3</depth></size><segmented>0</segmented><object><name>lamp</name><object_id>640897</object_id><difficult>0</difficult><bndbox><xmin>387</xmin><ymin>205</ymin><xmax>435</xmax><ymax>337</ymax></bndbox><attribute>small</attribute><attribute>white</attribute><attribute>little</attribute><attribute>plastic</attribute></object><object><name>desk</name><object_id>640898</object_id><difficult>0</difficult><bndbox><xmin>18</xmin><ymin>313</ymin><xmax>485</xmax><ymax>492</ymax></bndbox></object><object><name>box</name><object_id>640899</object_id><difficult>0</difficult><bndbox><xmin>81</xmin><ymin>402</ymin><xmax>185</xmax><ymax>475</ymax></bndbox><attribute>gray</attribute><attribute>rectangle</attribute><attribute>rectangular</attribute></object><object><name>shelf</name><object_id>640900</object_id><difficult>0</difficult><bndbox><xmin>80</xmin><ymin>423</ymin><xmax>429</xmax><ymax>498</ymax></bndbox><attribute>wooden</attribute><attribute>white</attribute></object><object><name>books</name><object_id>640901</object_id><difficult>0</difficult><bndbox><xmin>215</xmin><ymin>390</ymin><xmax>399</xmax><ymax>477</ymax></bndbox><attribute>set</attribute></object><object><name>shelf</name><object_id>640904</object_id><difficult>0</difficult><bndbox><xmin>17</xmin><ymin>315</ymin><xmax>486</xmax><ymax>392</ymax></bndbox><attribute>wooden</attribute></object><object><name>laptop</name><object_id>640905</object_id><difficult>0</difficult><bndbox><xmin>191</xmin><ymin>256</ymin><xmax>322</xmax><ymax>357</ymax></bndbox><attribute>gray</attribute><attribute>opened</attribute></object><object><name>clock</name><object_id>640906</object_id><difficult>0</difficult><bndbox><xmin>80</xmin><ymin>253</ymin><xmax>158</xmax><ymax>326</ymax></bndbox><attribute>white</attribute><attribute>square</attribute><attribute>black</attribute></object><object><name>wall</name><object_id>640908</object_id><difficult>0</difficult><bndbox><xmin>64</xmin><ymin>5</ymin><xmax>454</xmax><ymax>451</ymax></bndbox><attribute>brick</attribute></object><object><name>frame</name><object_id>640909</object_id><difficult>0</difficult><bndbox><xmin>148</xmin><ymin>101</ymin><xmax>314</xmax><ymax>218</ymax></bndbox><attribute>brown</attribute></object><object><name>poster</name><object_id>640911</object_id><difficult>0</difficult><bndbox><xmin>167</xmin><ymin>117</ymin><xmax>299</xmax><ymax>206</ymax></bndbox></object><object><name>hat</name><object_id>640919</object_id><difficult>0</difficult><bndbox><xmin>352</xmin><ymin>274</ymin><xmax>366</xmax><ymax>284</ymax></bndbox></object><object><name>head</name><object_id>640920</object_id><difficult>0</difficult><bndbox><xmin>354</xmin><ymin>272</ymin><xmax>375</xmax><ymax>295</ymax></bndbox></object><relation><subject_id>640897</subject_id><object_id>640898</object_id><predicate>top of</predicate></relation><relation><subject_id>640899</subject_id><object_id>640900</object_id><predicate>sitting on a</predicate></relation><relation><subject_id>640901</subject_id><object_id>640900</object_id><predicate>sitting on a</predicate></relation><relation><subject_id>640905</subject_id><object_id>640904</object_id><predicate>sitting on a</predicate></relation><relation><subject_id>640906</subject_id><object_id>640908</object_id><predicate>leaning on</predicate></relation><relation><subject_id>640909</subject_id><object_id>640908</object_id><predicate>hanging on a</predicate></relation><relation><subject_id>640911</subject_id><object_id>640909</object_id><predicate>are inside</predicate></relation><relation><subject_id>640906</subject_id><object_id>640904</object_id><predicate>top of</predicate></relation><relation><subject_id>640905</subject_id><object_id>640898</object_id><predicate>top of</predicate></relation><relation><subject_id>640897</subject_id><object_id>640898</object_id><predicate>top of</predicate></relation><relation><subject_id>640906</subject_id><object_id>640898</object_id><predicate>top of</predicate></relation><relation><subject_id>640899</subject_id><object_id>640900</object_id><predicate>sitting on a</predicate></relation><relation><subject_id>640905</subject_id><object_id>640898</object_id><predicate>top of</predicate></relation><relation><subject_id>640897</subject_id><object_id>640898</object_id><predicate>top of</predicate></relation><relation><subject_id>640906</subject_id><object_id>640904</object_id><predicate>top of</predicate></relation><relation><subject_id>640909</subject_id><object_id>640908</object_id><predicate>hanging on a</predicate></relation><relation><subject_id>640905</subject_id><object_id>640904</object_id><predicate>top of</predicate></relation><relation><subject_id>640919</subject_id><object_id>640920</object_id><predicate>sitting on a</predicate></relation><relation><subject_id>640905</subject_id><object_id>640904</object_id><predicate>top of</predicate></relation><relation><subject_id>640899</subject_id><object_id>640900</object_id><predicate>laying in</predicate></relation><relation><subject_id>640909</subject_id><object_id>640908</object_id><predicate>hanging on a</predicate></relation></annotation>