<annotation><folder>VG_100K</folder><filename>2364820.jpg</filename><source><database>Visual Genome Version 1.2</database><image_id>2364820</image_id><coco_id>None</coco_id><flickr_id>8950698127</flickr_id></source><size><width>500</width><height>333</height><depth>3</depth></size><segmented>0</segmented><object><name>plane</name><object_id>638588</object_id><difficult>0</difficult><bndbox><xmin>39</xmin><ymin>137</ymin><xmax>377</xmax><ymax>252</ymax></bndbox><attribute>small</attribute><attribute>white</attribute><attribute>flying</attribute></object><object><name>air</name><object_id>638589</object_id><difficult>0</difficult><bndbox><xmin>2</xmin><ymin>3</ymin><xmax>500</xmax><ymax>331</ymax></bndbox><attribute>blue</attribute><attribute>clear</attribute></object><object><name>cloud</name><object_id>638596</object_id><difficult>0</difficult><bndbox><xmin>2</xmin><ymin>4</ymin><xmax>497</xmax><ymax>332</ymax></bndbox><attribute>white</attribute><attribute>fluffy</attribute></object><relation><subject_id>638588</subject_id><object_id>638589</object_id><predicate>flying in</predicate></relation><relation><subject_id>638596</subject_id><object_id>638589</object_id><predicate>floating in</predicate></relation><relation><subject_id>638588</subject_id><object_id>638589</object_id><predicate>flying in</predicate></relation></annotation>