<annotation><folder>VG_100K</folder><filename>2364467.jpg</filename><source><database>Visual Genome Version 1.2</database><image_id>2364467</image_id><coco_id>543411</coco_id><flickr_id>6234993829</flickr_id></source><size><width>375</width><height>500</height><depth>3</depth></size><segmented>0</segmented><object><name>people</name><object_id>2543057</object_id><difficult>0</difficult><bndbox><xmin>119</xmin><ymin>102</ymin><xmax>130</xmax><ymax>122</ymax></bndbox></object><object><name>people</name><object_id>2543058</object_id><difficult>0</difficult><bndbox><xmin>129</xmin><ymin>95</ymin><xmax>139</xmax><ymax>112</ymax></bndbox></object><object><name>people</name><object_id>2543059</object_id><difficult>0</difficult><bndbox><xmin>118</xmin><ymin>81</ymin><xmax>130</xmax><ymax>91</ymax></bndbox></object><object><name>beach</name><object_id>2272053</object_id><difficult>0</difficult><bndbox><xmin>40</xmin><ymin>66</ymin><xmax>374</xmax><ymax>476</ymax></bndbox><attribute>sandy</attribute></object><object><name>surfboard</name><object_id>3738614</object_id><difficult>0</difficult><bndbox><xmin>186</xmin><ymin>398</ymin><xmax>314</xmax><ymax>422</ymax></bndbox><attribute>yellow</attribute></object><object><name>woman</name><object_id>2445217</object_id><difficult>0</difficult><bndbox><xmin>182</xmin><ymin>360</ymin><xmax>281</xmax><ymax>391</ymax></bndbox></object><object><name>man</name><object_id>3738615</object_id><difficult>0</difficult><bndbox><xmin>222</xmin><ymin>428</ymin><xmax>336</xmax><ymax>473</ymax></bndbox></object><object><name>surfboard</name><object_id>2651206</object_id><difficult>0</difficult><bndbox><xmin>144</xmin><ymin>305</ymin><xmax>256</xmax><ymax>341</ymax></bndbox><attribute>blue</attribute></object><object><name>people</name><object_id>2179810</object_id><difficult>0</difficult><bndbox><xmin>119</xmin><ymin>97</ymin><xmax>145</xmax><ymax>124</ymax></bndbox></object><object><name>beach</name><object_id>2179811</object_id><difficult>0</difficult><bndbox><xmin>83</xmin><ymin>106</ymin><xmax>145</xmax><ymax>191</ymax></bndbox></object><object><name>person</name><object_id>1926979</object_id><difficult>0</difficult><bndbox><xmin>145</xmin><ymin>255</ymin><xmax>193</xmax><ymax>287</ymax></bndbox></object><object><name>surfboard</name><object_id>1926980</object_id><difficult>0</difficult><bndbox><xmin>138</xmin><ymin>262</ymin><xmax>235</xmax><ymax>292</ymax></bndbox></object><object><name>person</name><object_id>2594398</object_id><difficult>0</difficult><bndbox><xmin>226</xmin><ymin>393</ymin><xmax>325</xmax><ymax>418</ymax></bndbox></object><object><name>board</name><object_id>2594399</object_id><difficult>0</difficult><bndbox><xmin>195</xmin><ymin>383</ymin><xmax>353</xmax><ymax>419</ymax></bndbox></object><object><name>board</name><object_id>3738629</object_id><difficult>0</difficult><bndbox><xmin>123</xmin><ymin>257</ymin><xmax>216</xmax><ymax>277</ymax></bndbox></object><object><name>person</name><object_id>2383264</object_id><difficult>0</difficult><bndbox><xmin>120</xmin><ymin>248</ymin><xmax>196</xmax><ymax>272</ymax></bndbox></object><object><name>person</name><object_id>2490838</object_id><difficult>0</difficult><bndbox><xmin>131</xmin><ymin>259</ymin><xmax>214</xmax><ymax>277</ymax></bndbox></object><object><name>surfboard</name><object_id>2490839</object_id><difficult>0</difficult><bndbox><xmin>139</xmin><ymin>252</ymin><xmax>189</xmax><ymax>260</ymax></bndbox></object><object><name>person</name><object_id>2493591</object_id><difficult>0</difficult><bndbox><xmin>104</xmin><ymin>165</ymin><xmax>137</xmax><ymax>191</ymax></bndbox></object><object><name>surf board</name><object_id>2493592</object_id><difficult>0</difficult><bndbox><xmin>94</xmin><ymin>181</ymin><xmax>148</xmax><ymax>193</ymax></bndbox></object><relation><subject_id>2543057</subject_id><object_id>2272053</object_id><predicate>walking towards</predicate></relation><relation><subject_id>2543058</subject_id><object_id>2272053</object_id><predicate>walking towards</predicate></relation><relation><subject_id>2543059</subject_id><object_id>2272053</object_id><predicate>walking towards</predicate></relation><relation><subject_id>2445217</subject_id><object_id>3738614</object_id><predicate>laying in</predicate></relation><relation><subject_id>3738615</subject_id><object_id>2651206</object_id><predicate>laying in</predicate></relation><relation><subject_id>2179810</subject_id><object_id>2179811</object_id><predicate>walking towards</predicate></relation><relation><subject_id>1926979</subject_id><object_id>1926980</object_id><predicate>laying in</predicate></relation><relation><subject_id>2594398</subject_id><object_id>2594399</object_id><predicate>laying in</predicate></relation><relation><subject_id>2383264</subject_id><object_id>3738629</object_id><predicate>laying in</predicate></relation><relation><subject_id>2490838</subject_id><object_id>2490839</object_id><predicate>laying in</predicate></relation><relation><subject_id>2493591</subject_id><object_id>2493592</object_id><predicate>laying in</predicate></relation></annotation>