<annotation><folder>VG_100K</folder><filename>2364619.jpg</filename><source><database>Visual Genome Version 1.2</database><image_id>2364619</image_id><coco_id>227508</coco_id><flickr_id>6860072678</flickr_id></source><size><width>500</width><height>333</height><depth>3</depth></size><segmented>0</segmented><object><name>lamp post</name><object_id>2662456</object_id><difficult>0</difficult><bndbox><xmin>255</xmin><ymin>153</ymin><xmax>276</xmax><ymax>255</ymax></bndbox></object><object><name>bench</name><object_id>2662457</object_id><difficult>0</difficult><bndbox><xmin>265</xmin><ymin>224</ymin><xmax>318</xmax><ymax>254</ymax></bndbox></object><object><name>person</name><object_id>3312112</object_id><difficult>0</difficult><bndbox><xmin>276</xmin><ymin>214</ymin><xmax>293</xmax><ymax>234</ymax></bndbox></object><object><name>bench</name><object_id>3312113</object_id><difficult>0</difficult><bndbox><xmin>266</xmin><ymin>218</ymin><xmax>314</xmax><ymax>251</ymax></bndbox></object><object><name>road</name><object_id>3737220</object_id><difficult>0</difficult><bndbox><xmin>6</xmin><ymin>259</ymin><xmax>483</xmax><ymax>321</ymax></bndbox></object><object><name>tree</name><object_id>2246488</object_id><difficult>0</difficult><bndbox><xmin>330</xmin><ymin>152</ymin><xmax>472</xmax><ymax>231</ymax></bndbox></object><relation><subject_id>2662456</subject_id><object_id>2662457</object_id><predicate>beside</predicate></relation><relation><subject_id>3312112</subject_id><object_id>3312113</object_id><predicate>sitting on a</predicate></relation><relation><subject_id>2246488</subject_id><object_id>3737220</object_id><predicate>across</predicate></relation></annotation>