<annotation><folder>VG_100K</folder><filename>2364497.jpg</filename><source><database>Visual Genome Version 1.2</database><image_id>2364497</image_id><coco_id>193824</coco_id><flickr_id>8127485677</flickr_id></source><size><width>500</width><height>332</height><depth>3</depth></size><segmented>0</segmented><object><name>stands</name><object_id>3738350</object_id><difficult>0</difficult><bndbox><xmin>4</xmin><ymin>61</ymin><xmax>499</xmax><ymax>225</ymax></bndbox></object><object><name>people</name><object_id>2499600</object_id><difficult>0</difficult><bndbox><xmin>38</xmin><ymin>74</ymin><xmax>108</xmax><ymax>209</ymax></bndbox></object><relation><subject_id>2499600</subject_id><object_id>3738350</object_id><predicate>sitting on a</predicate></relation></annotation>