<annotation><folder>VG_100K</folder><filename>2364886.jpg</filename><source><database>Visual Genome Version 1.2</database><image_id>2364886</image_id><coco_id>None</coco_id><flickr_id>4930592132</flickr_id></source><size><width>500</width><height>337</height><depth>3</depth></size><segmented>0</segmented><object><name>grass</name><object_id>638081</object_id><difficult>0</difficult><bndbox><xmin>0</xmin><ymin>130</ymin><xmax>499</xmax><ymax>336</ymax></bndbox><attribute>green</attribute></object><object><name>cat</name><object_id>638083</object_id><difficult>0</difficult><bndbox><xmin>5</xmin><ymin>131</ymin><xmax>114</xmax><ymax>259</ymax></bndbox><attribute>orange</attribute><attribute>brown</attribute></object><object><name>birds</name><object_id>638084</object_id><difficult>0</difficult><bndbox><xmin>167</xmin><ymin>111</ymin><xmax>462</xmax><ymax>283</ymax></bndbox><attribute>standing</attribute><attribute>black</attribute></object><object><name>wing</name><object_id>638086</object_id><difficult>0</difficult><bndbox><xmin>340</xmin><ymin>184</ymin><xmax>450</xmax><ymax>264</ymax></bndbox></object><object><name>bird</name><object_id>638087</object_id><difficult>0</difficult><bndbox><xmin>311</xmin><ymin>137</ymin><xmax>461</xmax><ymax>279</ymax></bndbox></object><object><name>eyes</name><object_id>638090</object_id><difficult>0</difficult><bndbox><xmin>307</xmin><ymin>123</ymin><xmax>335</xmax><ymax>154</ymax></bndbox></object><object><name>eyes</name><object_id>638091</object_id><difficult>0</difficult><bndbox><xmin>81</xmin><ymin>150</ymin><xmax>101</xmax><ymax>165</ymax></bndbox></object><relation><subject_id>638083</subject_id><object_id>638081</object_id><predicate>sitting on a</predicate></relation><relation><subject_id>638086</subject_id><object_id>638087</object_id><predicate>on other side of</predicate></relation><relation><subject_id>638084</subject_id><object_id>638090</object_id><predicate>seen in</predicate></relation><relation><subject_id>638083</subject_id><object_id>638091</object_id><predicate>seen in</predicate></relation><relation><subject_id>638083</subject_id><object_id>638091</object_id><predicate>seen in</predicate></relation><relation><subject_id>638083</subject_id><object_id>638081</object_id><predicate>sitting on a</predicate></relation></annotation>