<annotation><folder>VG_100K</folder><filename>2364675.jpg</filename><source><database>Visual Genome Version 1.2</database><image_id>2364675</image_id><coco_id>417660</coco_id><flickr_id>9705299526</flickr_id></source><size><width>500</width><height>334</height><depth>3</depth></size><segmented>0</segmented><object><name>train</name><object_id>639782</object_id><difficult>0</difficult><bndbox><xmin>13</xmin><ymin>153</ymin><xmax>457</xmax><ymax>293</ymax></bndbox><attribute>yellow</attribute><attribute>long</attribute><attribute>red</attribute></object><object><name>tracks</name><object_id>639783</object_id><difficult>0</difficult><bndbox><xmin>205</xmin><ymin>260</ymin><xmax>473</xmax><ymax>330</ymax></bndbox><attribute>metal</attribute><attribute>wet</attribute></object><object><name>wheels</name><object_id>639787</object_id><difficult>0</difficult><bndbox><xmin>250</xmin><ymin>218</ymin><xmax>340</xmax><ymax>288</ymax></bndbox></object><object><name>gravel</name><object_id>639793</object_id><difficult>0</difficult><bndbox><xmin>32</xmin><ymin>192</ymin><xmax>193</xmax><ymax>266</ymax></bndbox></object><relation><subject_id>639783</subject_id><object_id>639782</object_id><predicate>under a</predicate></relation><relation><subject_id>639787</subject_id><object_id>639782</object_id><predicate>under a</predicate></relation><relation><subject_id>639793</subject_id><object_id>639783</object_id><predicate>between</predicate></relation></annotation>