<annotation><folder>VG_100K</folder><filename>2364677.jpg</filename><source><database>Visual Genome Version 1.2</database><image_id>2364677</image_id><coco_id>64797</coco_id><flickr_id>9769233326</flickr_id></source><size><width>500</width><height>332</height><depth>3</depth></size><segmented>0</segmented><object><name>neck</name><object_id>639764</object_id><difficult>0</difficult><bndbox><xmin>72</xmin><ymin>100</ymin><xmax>94</xmax><ymax>136</ymax></bndbox><attribute>curved</attribute><attribute>yellow</attribute></object><object><name>white</name><object_id>639769</object_id><difficult>0</difficult><bndbox><xmin>59</xmin><ymin>136</ymin><xmax>101</xmax><ymax>162</ymax></bndbox></object><relation><subject_id>639769</subject_id><object_id>639764</object_id><predicate>under a</predicate></relation></annotation>