<annotation><folder>VG_100K</folder><filename>2364487.jpg</filename><source><database>Visual Genome Version 1.2</database><image_id>2364487</image_id><coco_id>None</coco_id><flickr_id>6838021977</flickr_id></source><size><width>386</width><height>500</height><depth>3</depth></size><segmented>0</segmented><object><name>bear</name><object_id>1760965</object_id><difficult>0</difficult><bndbox><xmin>47</xmin><ymin>40</ymin><xmax>311</xmax><ymax>475</ymax></bndbox><attribute>large</attribute><attribute>brown</attribute><attribute>black</attribute></object><object><name>branches</name><object_id>1670422</object_id><difficult>0</difficult><bndbox><xmin>48</xmin><ymin>2</ymin><xmax>182</xmax><ymax>101</ymax></bndbox></object><object><name>leaves</name><object_id>1670421</object_id><difficult>0</difficult><bndbox><xmin>70</xmin><ymin>4</ymin><xmax>160</xmax><ymax>57</ymax></bndbox></object><object><name>bear</name><object_id>1760964</object_id><difficult>0</difficult><bndbox><xmin>127</xmin><ymin>164</ymin><xmax>348</xmax><ymax>416</ymax></bndbox><attribute>brown</attribute></object><relation><subject_id>1670421</subject_id><object_id>1670422</object_id><predicate>hanging on a</predicate></relation><relation><subject_id>1760964</subject_id><object_id>1760965</object_id><predicate>playing with</predicate></relation></annotation>