<annotation><folder>VG_100K</folder><filename>2364574.jpg</filename><source><database>Visual Genome Version 1.2</database><image_id>2364574</image_id><coco_id>None</coco_id><flickr_id>3809890182</flickr_id></source><size><width>500</width><height>334</height><depth>3</depth></size><segmented>0</segmented><object><name>flowers</name><object_id>2179341</object_id><difficult>0</difficult><bndbox><xmin>23</xmin><ymin>31</ymin><xmax>328</xmax><ymax>193</ymax></bndbox><attribute>yellow</attribute></object><object><name>vase</name><object_id>3040746</object_id><difficult>0</difficult><bndbox><xmin>186</xmin><ymin>189</ymin><xmax>256</xmax><ymax>331</ymax></bndbox><attribute>fancy</attribute></object><object><name>picture</name><object_id>2642869</object_id><difficult>0</difficult><bndbox><xmin>345</xmin><ymin>68</ymin><xmax>362</xmax><ymax>113</ymax></bndbox></object><object><name>wall</name><object_id>2642870</object_id><difficult>0</difficult><bndbox><xmin>327</xmin><ymin>0</ymin><xmax>418</xmax><ymax>245</ymax></bndbox></object><object><name>ceiling</name><object_id>3737602</object_id><difficult>0</difficult><bndbox><xmin>276</xmin><ymin>1</ymin><xmax>353</xmax><ymax>41</ymax></bndbox></object><object><name>light</name><object_id>3130514</object_id><difficult>0</difficult><bndbox><xmin>306</xmin><ymin>3</ymin><xmax>323</xmax><ymax>47</ymax></bndbox></object><relation><subject_id>3040746</subject_id><object_id>2179341</object_id><predicate>standing with</predicate></relation><relation><subject_id>2642869</subject_id><object_id>2642870</object_id><predicate>hanging on a</predicate></relation><relation><subject_id>3130514</subject_id><object_id>3737602</object_id><predicate>hanging on a</predicate></relation></annotation>