<annotation><folder>VG_100K</folder><filename>2364937.jpg</filename><source><database>Visual Genome Version 1.2</database><image_id>2364937</image_id><coco_id>None</coco_id><flickr_id>8214415880</flickr_id></source><size><width>500</width><height>333</height><depth>3</depth></size><segmented>0</segmented><object><name>bus</name><object_id>1778929</object_id><difficult>0</difficult><bndbox><xmin>50</xmin><ymin>58</ymin><xmax>448</xmax><ymax>285</ymax></bndbox><attribute>black</attribute><attribute>red</attribute></object><object><name>street</name><object_id>2175195</object_id><difficult>0</difficult><bndbox><xmin>0</xmin><ymin>172</ymin><xmax>497</xmax><ymax>331</ymax></bndbox><attribute>gray</attribute><attribute>paved</attribute></object><object><name>sidewalk</name><object_id>3887036</object_id><difficult>0</difficult><bndbox><xmin>0</xmin><ymin>186</ymin><xmax>58</xmax><ymax>226</ymax></bndbox></object><object><name>person</name><object_id>3887035</object_id><difficult>0</difficult><bndbox><xmin>3</xmin><ymin>172</ymin><xmax>17</xmax><ymax>216</ymax></bndbox></object><object><name>line</name><object_id>2500891</object_id><difficult>0</difficult><bndbox><xmin>356</xmin><ymin>236</ymin><xmax>498</xmax><ymax>331</ymax></bndbox><attribute>broken</attribute><attribute>red</attribute></object><object><name>sidewalk</name><object_id>2500892</object_id><difficult>0</difficult><bndbox><xmin>210</xmin><ymin>217</ymin><xmax>497</xmax><ymax>332</ymax></bndbox></object><object><name>railings</name><object_id>2320091</object_id><difficult>0</difficult><bndbox><xmin>137</xmin><ymin>184</ymin><xmax>170</xmax><ymax>211</ymax></bndbox><attribute>yellow</attribute></object><object><name>railings</name><object_id>2320092</object_id><difficult>0</difficult><bndbox><xmin>190</xmin><ymin>136</ymin><xmax>209</xmax><ymax>200</ymax></bndbox><attribute>yellow</attribute></object><object><name>railings</name><object_id>2320093</object_id><difficult>0</difficult><bndbox><xmin>289</xmin><ymin>169</ymin><xmax>339</xmax><ymax>183</ymax></bndbox><attribute>yellow</attribute></object><relation><subject_id>1778929</subject_id><object_id>2175195</object_id><predicate>driving down</predicate></relation><relation><subject_id>3887035</subject_id><object_id>3887036</object_id><predicate>walking towards</predicate></relation><relation><subject_id>2500891</subject_id><object_id>2500892</object_id><predicate>painted</predicate></relation><relation><subject_id>2320091</subject_id><object_id>1778929</object_id><predicate>are inside</predicate></relation><relation><subject_id>2320092</subject_id><object_id>1778929</object_id><predicate>are inside</predicate></relation><relation><subject_id>2320093</subject_id><object_id>1778929</object_id><predicate>are inside</predicate></relation></annotation>