<annotation><folder>VG_100K</folder><filename>2364518.jpg</filename><source><database>Visual Genome Version 1.2</database><image_id>2364518</image_id><coco_id>129544</coco_id><flickr_id>9306108425</flickr_id></source><size><width>500</width><height>333</height><depth>3</depth></size><segmented>0</segmented><object><name>plaque</name><object_id>1786200</object_id><difficult>0</difficult><bndbox><xmin>160</xmin><ymin>193</ymin><xmax>482</xmax><ymax>268</ymax></bndbox></object><object><name>clock</name><object_id>3738133</object_id><difficult>0</difficult><bndbox><xmin>245</xmin><ymin>49</ymin><xmax>398</xmax><ymax>197</ymax></bndbox></object><relation><subject_id>1786200</subject_id><object_id>3738133</object_id><predicate>under a</predicate></relation></annotation>