<annotation><folder>VG_100K</folder><filename>2364533.jpg</filename><source><database>Visual Genome Version 1.2</database><image_id>2364533</image_id><coco_id>None</coco_id><flickr_id>44925634</flickr_id></source><size><width>500</width><height>375</height><depth>3</depth></size><segmented>0</segmented><object><name>beach</name><object_id>3738009</object_id><difficult>0</difficult><bndbox><xmin>1</xmin><ymin>225</ymin><xmax>497</xmax><ymax>372</ymax></bndbox></object><object><name>building</name><object_id>3888793</object_id><difficult>0</difficult><bndbox><xmin>34</xmin><ymin>190</ymin><xmax>207</xmax><ymax>223</ymax></bndbox></object><object><name>building</name><object_id>3888794</object_id><difficult>0</difficult><bndbox><xmin>70</xmin><ymin>173</ymin><xmax>184</xmax><ymax>199</ymax></bndbox></object><object><name>building</name><object_id>3888795</object_id><difficult>0</difficult><bndbox><xmin>228</xmin><ymin>185</ymin><xmax>422</xmax><ymax>220</ymax></bndbox></object><object><name>building</name><object_id>3888796</object_id><difficult>0</difficult><bndbox><xmin>210</xmin><ymin>202</ymin><xmax>230</xmax><ymax>212</ymax></bndbox></object><object><name>building</name><object_id>3888797</object_id><difficult>0</difficult><bndbox><xmin>6</xmin><ymin>211</ymin><xmax>41</xmax><ymax>224</ymax></bndbox></object><object><name>water</name><object_id>2161766</object_id><difficult>0</difficult><bndbox><xmin>1</xmin><ymin>221</ymin><xmax>320</xmax><ymax>373</ymax></bndbox></object><object><name>deck</name><object_id>2330634</object_id><difficult>0</difficult><bndbox><xmin>312</xmin><ymin>302</ymin><xmax>496</xmax><ymax>366</ymax></bndbox></object><object><name>people</name><object_id>2330635</object_id><difficult>0</difficult><bndbox><xmin>368</xmin><ymin>272</ymin><xmax>442</xmax><ymax>370</ymax></bndbox></object><object><name>couple</name><object_id>3738004</object_id><difficult>0</difficult><bndbox><xmin>310</xmin><ymin>225</ymin><xmax>328</xmax><ymax>245</ymax></bndbox></object><object><name>couple</name><object_id>2448856</object_id><difficult>0</difficult><bndbox><xmin>311</xmin><ymin>220</ymin><xmax>330</xmax><ymax>252</ymax></bndbox></object><relation><subject_id>3888793</subject_id><object_id>2161766</object_id><predicate>overlooking</predicate></relation><relation><subject_id>3888793</subject_id><object_id>3738009</object_id><predicate>overlooking</predicate></relation><relation><subject_id>3888794</subject_id><object_id>2161766</object_id><predicate>overlooking</predicate></relation><relation><subject_id>3888794</subject_id><object_id>3738009</object_id><predicate>overlooking</predicate></relation><relation><subject_id>3888795</subject_id><object_id>2161766</object_id><predicate>overlooking</predicate></relation><relation><subject_id>3888795</subject_id><object_id>3738009</object_id><predicate>overlooking</predicate></relation><relation><subject_id>3888796</subject_id><object_id>2161766</object_id><predicate>overlooking</predicate></relation><relation><subject_id>3888796</subject_id><object_id>3738009</object_id><predicate>overlooking</predicate></relation><relation><subject_id>3888797</subject_id><object_id>2161766</object_id><predicate>overlooking</predicate></relation><relation><subject_id>3888797</subject_id><object_id>3738009</object_id><predicate>overlooking</predicate></relation><relation><subject_id>2330635</subject_id><object_id>2330634</object_id><predicate>sitting on a</predicate></relation><relation><subject_id>3738004</subject_id><object_id>3738009</object_id><predicate>walking towards</predicate></relation><relation><subject_id>2448856</subject_id><object_id>3738009</object_id><predicate>walking towards</predicate></relation></annotation>