<annotation><folder>VG_100K</folder><filename>2364933.jpg</filename><source><database>Visual Genome Version 1.2</database><image_id>2364933</image_id><coco_id>None</coco_id><flickr_id>7699675080</flickr_id></source><size><width>500</width><height>333</height><depth>3</depth></size><segmented>0</segmented><object><name>person</name><object_id>637643</object_id><difficult>0</difficult><bndbox><xmin>5</xmin><ymin>101</ymin><xmax>176</xmax><ymax>322</ymax></bndbox><attribute>sleeping</attribute><attribute>sitting</attribute></object><object><name>bench</name><object_id>637649</object_id><difficult>0</difficult><bndbox><xmin>9</xmin><ymin>165</ymin><xmax>220</xmax><ymax>314</ymax></bndbox><attribute>black</attribute><attribute>metal</attribute></object><relation><subject_id>637649</subject_id><object_id>637643</object_id><predicate>under a</predicate></relation><relation><subject_id>637649</subject_id><object_id>637643</object_id><predicate>under a</predicate></relation></annotation>