<annotation><folder>VG_100K</folder><filename>2364822.jpg</filename><source><database>Visual Genome Version 1.2</database><image_id>2364822</image_id><coco_id>28526</coco_id><flickr_id>9003914227</flickr_id></source><size><width>500</width><height>271</height><depth>3</depth></size><segmented>0</segmented><object><name>design</name><object_id>3887624</object_id><difficult>0</difficult><bndbox><xmin>68</xmin><ymin>139</ymin><xmax>431</xmax><ymax>179</ymax></bndbox></object><object><name>train</name><object_id>2307987</object_id><difficult>0</difficult><bndbox><xmin>4</xmin><ymin>63</ymin><xmax>498</xmax><ymax>230</ymax></bndbox></object><object><name>train</name><object_id>1785822</object_id><difficult>0</difficult><bndbox><xmin>0</xmin><ymin>82</ymin><xmax>499</xmax><ymax>210</ymax></bndbox></object><object><name>doors</name><object_id>3887626</object_id><difficult>0</difficult><bndbox><xmin>13</xmin><ymin>90</ymin><xmax>69</xmax><ymax>192</ymax></bndbox><attribute>pink</attribute><attribute>passenger</attribute></object><object><name>windows</name><object_id>3887627</object_id><difficult>0</difficult><bndbox><xmin>74</xmin><ymin>104</ymin><xmax>161</xmax><ymax>164</ymax></bndbox></object><object><name>train car</name><object_id>2617915</object_id><difficult>0</difficult><bndbox><xmin>245</xmin><ymin>97</ymin><xmax>294</xmax><ymax>141</ymax></bndbox><attribute>train</attribute></object><object><name>train car</name><object_id>1812575</object_id><difficult>0</difficult><bndbox><xmin>250</xmin><ymin>84</ymin><xmax>499</xmax><ymax>212</ymax></bndbox><attribute>train</attribute></object><object><name>train car</name><object_id>1812576</object_id><difficult>0</difficult><bndbox><xmin>0</xmin><ymin>80</ymin><xmax>247</xmax><ymax>212</ymax></bndbox><attribute>train</attribute></object><object><name>door</name><object_id>1812577</object_id><difficult>0</difficult><bndbox><xmin>436</xmin><ymin>101</ymin><xmax>461</xmax><ymax>178</ymax></bndbox></object><object><name>door</name><object_id>1812578</object_id><difficult>0</difficult><bndbox><xmin>462</xmin><ymin>101</ymin><xmax>487</xmax><ymax>178</ymax></bndbox></object><object><name>door</name><object_id>1812579</object_id><difficult>0</difficult><bndbox><xmin>35</xmin><ymin>100</ymin><xmax>64</xmax><ymax>172</ymax></bndbox></object><relation><subject_id>3887624</subject_id><object_id>2307987</object_id><predicate>on other side of</predicate></relation><relation><subject_id>3887626</subject_id><object_id>1785822</object_id><predicate>on other side of</predicate></relation><relation><subject_id>3887627</subject_id><object_id>2617915</object_id><predicate>on other side of</predicate></relation><relation><subject_id>1812577</subject_id><object_id>1812575</object_id><predicate>on other side of</predicate></relation><relation><subject_id>1812578</subject_id><object_id>1812576</object_id><predicate>on other side of</predicate></relation><relation><subject_id>1812579</subject_id><object_id>1812575</object_id><predicate>on other side of</predicate></relation></annotation>