<annotation><folder>VG_100K</folder><filename>2364747.jpg</filename><source><database>Visual Genome Version 1.2</database><image_id>2364747</image_id><coco_id>510914</coco_id><flickr_id>4587260331</flickr_id></source><size><width>500</width><height>375</height><depth>3</depth></size><segmented>0</segmented><object><name>branch</name><object_id>2643189</object_id><difficult>0</difficult><bndbox><xmin>154</xmin><ymin>60</ymin><xmax>238</xmax><ymax>104</ymax></bndbox><attribute>bare</attribute></object><object><name>trunk</name><object_id>2643190</object_id><difficult>0</difficult><bndbox><xmin>221</xmin><ymin>24</ymin><xmax>283</xmax><ymax>91</ymax></bndbox></object><object><name>branch</name><object_id>2137537</object_id><difficult>0</difficult><bndbox><xmin>203</xmin><ymin>8</ymin><xmax>219</xmax><ymax>45</ymax></bndbox><attribute>bare</attribute></object><object><name>tree trunk</name><object_id>2137538</object_id><difficult>0</difficult><bndbox><xmin>198</xmin><ymin>2</ymin><xmax>227</xmax><ymax>231</ymax></bndbox></object><object><name>tree</name><object_id>3888050</object_id><difficult>0</difficult><bndbox><xmin>149</xmin><ymin>1</ymin><xmax>220</xmax><ymax>236</ymax></bndbox></object><object><name>branch</name><object_id>2285693</object_id><difficult>0</difficult><bndbox><xmin>135</xmin><ymin>56</ymin><xmax>210</xmax><ymax>106</ymax></bndbox><attribute>bare</attribute></object><relation><subject_id>2643189</subject_id><object_id>2643190</object_id><predicate>attached</predicate></relation><relation><subject_id>2137537</subject_id><object_id>2137538</object_id><predicate>attached</predicate></relation><relation><subject_id>2285693</subject_id><object_id>3888050</object_id><predicate>attached</predicate></relation></annotation>