<annotation><folder>VG_100K</folder><filename>2364790.jpg</filename><source><database>Visual Genome Version 1.2</database><image_id>2364790</image_id><coco_id>None</coco_id><flickr_id>6910636479</flickr_id></source><size><width>331</width><height>500</height><depth>3</depth></size><segmented>0</segmented><object><name>bow tie</name><object_id>638781</object_id><difficult>0</difficult><bndbox><xmin>139</xmin><ymin>258</ymin><xmax>199</xmax><ymax>284</ymax></bndbox><attribute>white</attribute><attribute>red</attribute></object><object><name>collar</name><object_id>638796</object_id><difficult>0</difficult><bndbox><xmin>132</xmin><ymin>231</ymin><xmax>178</xmax><ymax>271</ymax></bndbox><attribute>green</attribute></object><relation><subject_id>638796</subject_id><object_id>638781</object_id><predicate>under a</predicate></relation></annotation>