<annotation><folder>VG_100K</folder><filename>2364829.jpg</filename><source><database>Visual Genome Version 1.2</database><image_id>2364829</image_id><coco_id>None</coco_id><flickr_id>9406237827</flickr_id></source><size><width>500</width><height>281</height><depth>3</depth></size><segmented>0</segmented><object><name>wall</name><object_id>3887605</object_id><difficult>0</difficult><bndbox><xmin>0</xmin><ymin>82</ymin><xmax>80</xmax><ymax>113</ymax></bndbox></object><object><name>counter</name><object_id>3887604</object_id><difficult>0</difficult><bndbox><xmin>0</xmin><ymin>111</ymin><xmax>103</xmax><ymax>139</ymax></bndbox></object><object><name>shelves</name><object_id>3887603</object_id><difficult>0</difficult><bndbox><xmin>1</xmin><ymin>3</ymin><xmax>81</xmax><ymax>84</ymax></bndbox></object><object><name>rack</name><object_id>3887614</object_id><difficult>0</difficult><bndbox><xmin>276</xmin><ymin>165</ymin><xmax>327</xmax><ymax>279</ymax></bndbox></object><object><name>towel</name><object_id>3887613</object_id><difficult>0</difficult><bndbox><xmin>298</xmin><ymin>196</ymin><xmax>319</xmax><ymax>279</ymax></bndbox></object><relation><subject_id>3887604</subject_id><object_id>3887605</object_id><predicate>against</predicate></relation><relation><subject_id>3887603</subject_id><object_id>3887605</object_id><predicate>against</predicate></relation><relation><subject_id>3887613</subject_id><object_id>3887614</object_id><predicate>hanging on a</predicate></relation></annotation>