<annotation><folder>VG_100K</folder><filename>2364544.jpg</filename><source><database>Visual Genome Version 1.2</database><image_id>2364544</image_id><coco_id>None</coco_id><flickr_id>1942738334</flickr_id></source><size><width>500</width><height>334</height><depth>3</depth></size><segmented>0</segmented><object><name>pan</name><object_id>1825467</object_id><difficult>0</difficult><bndbox><xmin>42</xmin><ymin>12</ymin><xmax>475</xmax><ymax>332</ymax></bndbox><attribute>white</attribute></object><object><name>light</name><object_id>2418917</object_id><difficult>0</difficult><bndbox><xmin>214</xmin><ymin>5</ymin><xmax>327</xmax><ymax>65</ymax></bndbox></object><relation><subject_id>2418917</subject_id><object_id>1825467</object_id><predicate>reflecting off</predicate></relation></annotation>