<annotation><folder>VG_100K</folder><filename>2364975.jpg</filename><source><database>Visual Genome Version 1.2</database><image_id>2364975</image_id><coco_id>None</coco_id><flickr_id>183032137</flickr_id></source><size><width>500</width><height>335</height><depth>3</depth></size><segmented>0</segmented><object><name>cat</name><object_id>2398598</object_id><difficult>0</difficult><bndbox><xmin>41</xmin><ymin>4</ymin><xmax>389</xmax><ymax>326</ymax></bndbox></object><object><name>bed</name><object_id>2398599</object_id><difficult>0</difficult><bndbox><xmin>5</xmin><ymin>200</ymin><xmax>497</xmax><ymax>318</ymax></bndbox></object><object><name>collar</name><object_id>3886732</object_id><difficult>0</difficult><bndbox><xmin>236</xmin><ymin>140</ymin><xmax>306</xmax><ymax>212</ymax></bndbox><attribute>yellow</attribute></object><object><name>bell</name><object_id>3886733</object_id><difficult>0</difficult><bndbox><xmin>256</xmin><ymin>193</ymin><xmax>270</xmax><ymax>212</ymax></bndbox></object><relation><subject_id>2398598</subject_id><object_id>2398599</object_id><predicate>sitting on a</predicate></relation><relation><subject_id>3886733</subject_id><object_id>3886732</object_id><predicate>hanging on a</predicate></relation></annotation>