<annotation><folder>VG_100K</folder><filename>2364647.jpg</filename><source><database>Visual Genome Version 1.2</database><image_id>2364647</image_id><coco_id>None</coco_id><flickr_id>7914346878</flickr_id></source><size><width>500</width><height>375</height><depth>3</depth></size><segmented>0</segmented><object><name>carrot</name><object_id>1836295</object_id><difficult>0</difficult><bndbox><xmin>1</xmin><ymin>153</ymin><xmax>96</xmax><ymax>283</ymax></bndbox><attribute>orange</attribute></object><object><name>carrot</name><object_id>3888614</object_id><difficult>0</difficult><bndbox><xmin>105</xmin><ymin>0</ymin><xmax>161</xmax><ymax>16</ymax></bndbox><attribute>orange</attribute></object><object><name>carrot</name><object_id>1843009</object_id><difficult>0</difficult><bndbox><xmin>144</xmin><ymin>124</ymin><xmax>354</xmax><ymax>264</ymax></bndbox><attribute>orange</attribute></object><object><name>countertop</name><object_id>1843010</object_id><difficult>0</difficult><bndbox><xmin>25</xmin><ymin>24</ymin><xmax>222</xmax><ymax>154</ymax></bndbox></object><object><name>carrot</name><object_id>2328633</object_id><difficult>0</difficult><bndbox><xmin>247</xmin><ymin>8</ymin><xmax>373</xmax><ymax>104</ymax></bndbox></object><object><name>knife</name><object_id>2202204</object_id><difficult>0</difficult><bndbox><xmin>242</xmin><ymin>1</ymin><xmax>334</xmax><ymax>140</ymax></bndbox><attribute>stainless steel</attribute></object><object><name>dirt</name><object_id>2357138</object_id><difficult>0</difficult><bndbox><xmin>390</xmin><ymin>266</ymin><xmax>401</xmax><ymax>279</ymax></bndbox></object><object><name>fingernail</name><object_id>2357139</object_id><difficult>0</difficult><bndbox><xmin>390</xmin><ymin>247</ymin><xmax>435</xmax><ymax>290</ymax></bndbox></object><object><name>tip</name><object_id>3888629</object_id><difficult>0</difficult><bndbox><xmin>383</xmin><ymin>234</ymin><xmax>450</xmax><ymax>303</ymax></bndbox></object><object><name>finger</name><object_id>1853190</object_id><difficult>0</difficult><bndbox><xmin>370</xmin><ymin>130</ymin><xmax>498</xmax><ymax>301</ymax></bndbox></object><object><name>finger</name><object_id>1792675</object_id><difficult>0</difficult><bndbox><xmin>402</xmin><ymin>97</ymin><xmax>499</xmax><ymax>167</ymax></bndbox></object><object><name>finger</name><object_id>1792676</object_id><difficult>0</difficult><bndbox><xmin>460</xmin><ymin>227</ymin><xmax>499</xmax><ymax>319</ymax></bndbox></object><object><name>finger</name><object_id>1792677</object_id><difficult>0</difficult><bndbox><xmin>380</xmin><ymin>143</ymin><xmax>499</xmax><ymax>301</ymax></bndbox></object><object><name>hand</name><object_id>1792678</object_id><difficult>0</difficult><bndbox><xmin>380</xmin><ymin>84</ymin><xmax>499</xmax><ymax>316</ymax></bndbox></object><relation><subject_id>1836295</subject_id><object_id>1843010</object_id><predicate>laying in</predicate></relation><relation><subject_id>3888614</subject_id><object_id>1843010</object_id><predicate>laying in</predicate></relation><relation><subject_id>1843009</subject_id><object_id>1843010</object_id><predicate>laying in</predicate></relation><relation><subject_id>2357138</subject_id><object_id>2357139</object_id><predicate>under a</predicate></relation><relation><subject_id>3888629</subject_id><object_id>1853190</object_id><predicate>belonging to</predicate></relation><relation><subject_id>1792675</subject_id><object_id>1792678</object_id><predicate>attached</predicate></relation><relation><subject_id>1792676</subject_id><object_id>1792678</object_id><predicate>attached</predicate></relation><relation><subject_id>1792677</subject_id><object_id>1792678</object_id><predicate>attached</predicate></relation><relation><subject_id>2328633</subject_id><object_id>2202204</object_id><predicate>laying in</predicate></relation></annotation>