<annotation><folder>VG_100K</folder><filename>2364767.jpg</filename><source><database>Visual Genome Version 1.2</database><image_id>2364767</image_id><coco_id>436947</coco_id><flickr_id>5732036831</flickr_id></source><size><width>375</width><height>500</height><depth>3</depth></size><segmented>0</segmented><object><name>giraffe</name><object_id>638993</object_id><difficult>0</difficult><bndbox><xmin>30</xmin><ymin>49</ymin><xmax>310</xmax><ymax>465</ymax></bndbox><attribute>tall</attribute></object><object><name>tree</name><object_id>638998</object_id><difficult>0</difficult><bndbox><xmin>143</xmin><ymin>0</ymin><xmax>267</xmax><ymax>357</ymax></bndbox><attribute>tall</attribute></object><object><name>wood</name><object_id>639000</object_id><difficult>0</difficult><bndbox><xmin>167</xmin><ymin>150</ymin><xmax>272</xmax><ymax>357</ymax></bndbox></object><object><name>building</name><object_id>639003</object_id><difficult>0</difficult><bndbox><xmin>6</xmin><ymin>63</ymin><xmax>371</xmax><ymax>202</ymax></bndbox></object><object><name>ear</name><object_id>639008</object_id><difficult>0</difficult><bndbox><xmin>214</xmin><ymin>67</ymin><xmax>244</xmax><ymax>95</ymax></bndbox></object><object><name>stripe</name><object_id>639009</object_id><difficult>0</difficult><bndbox><xmin>5</xmin><ymin>64</ymin><xmax>170</xmax><ymax>111</ymax></bndbox></object><object><name>head</name><object_id>639019</object_id><difficult>0</difficult><bndbox><xmin>196</xmin><ymin>49</ymin><xmax>309</xmax><ymax>148</ymax></bndbox></object><object><name>eye</name><object_id>639020</object_id><difficult>0</difficult><bndbox><xmin>251</xmin><ymin>78</ymin><xmax>266</xmax><ymax>96</ymax></bndbox></object><object><name>mouth</name><object_id>639021</object_id><difficult>0</difficult><bndbox><xmin>276</xmin><ymin>101</ymin><xmax>301</xmax><ymax>124</ymax></bndbox></object><object><name>nose</name><object_id>639022</object_id><difficult>0</difficult><bndbox><xmin>282</xmin><ymin>96</ymin><xmax>299</xmax><ymax>108</ymax></bndbox></object><relation><subject_id>639000</subject_id><object_id>638998</object_id><predicate>wrapped around</predicate></relation><relation><subject_id>638993</subject_id><object_id>639008</object_id><predicate>seen in</predicate></relation><relation><subject_id>639000</subject_id><object_id>638998</object_id><predicate>surrounding</predicate></relation><relation><subject_id>639009</subject_id><object_id>639003</object_id><predicate>across</predicate></relation><relation><subject_id>638993</subject_id><object_id>639019</object_id><predicate>seen in</predicate></relation><relation><subject_id>638993</subject_id><object_id>639020</object_id><predicate>seen in</predicate></relation><relation><subject_id>638993</subject_id><object_id>639021</object_id><predicate>seen in</predicate></relation><relation><subject_id>638993</subject_id><object_id>639022</object_id><predicate>seen in</predicate></relation></annotation>