<annotation><folder>VG_100K</folder><filename>2364713.jpg</filename><source><database>Visual Genome Version 1.2</database><image_id>2364713</image_id><coco_id>362318</coco_id><flickr_id>2358323983</flickr_id></source><size><width>375</width><height>500</height><depth>3</depth></size><segmented>0</segmented><object><name>bench</name><object_id>3888213</object_id><difficult>0</difficult><bndbox><xmin>287</xmin><ymin>192</ymin><xmax>374</xmax><ymax>226</ymax></bndbox></object><object><name>people</name><object_id>3065441</object_id><difficult>0</difficult><bndbox><xmin>307</xmin><ymin>120</ymin><xmax>374</xmax><ymax>228</ymax></bndbox></object><relation><subject_id>3065441</subject_id><object_id>3888213</object_id><predicate>sitting on a</predicate></relation></annotation>