<annotation><folder>VG_100K</folder><filename>2364628.jpg</filename><source><database>Visual Genome Version 1.2</database><image_id>2364628</image_id><coco_id>None</coco_id><flickr_id>7337709978</flickr_id></source><size><width>500</width><height>410</height><depth>3</depth></size><segmented>0</segmented><object><name>grass</name><object_id>3281159</object_id><difficult>0</difficult><bndbox><xmin>35</xmin><ymin>258</ymin><xmax>361</xmax><ymax>408</ymax></bndbox><attribute>green</attribute></object><object><name>sheep</name><object_id>3281160</object_id><difficult>0</difficult><bndbox><xmin>111</xmin><ymin>131</ymin><xmax>359</xmax><ymax>258</ymax></bndbox></object><object><name>cloud</name><object_id>2358158</object_id><difficult>0</difficult><bndbox><xmin>338</xmin><ymin>51</ymin><xmax>450</xmax><ymax>113</ymax></bndbox><attribute>white</attribute></object><object><name>cloud</name><object_id>2358159</object_id><difficult>0</difficult><bndbox><xmin>8</xmin><ymin>61</ymin><xmax>203</xmax><ymax>125</ymax></bndbox><attribute>white</attribute></object><object><name>background</name><object_id>2358160</object_id><difficult>0</difficult><bndbox><xmin>1</xmin><ymin>2</ymin><xmax>495</xmax><ymax>129</ymax></bndbox></object><relation><subject_id>3281159</subject_id><object_id>3281160</object_id><predicate>under a</predicate></relation><relation><subject_id>2358158</subject_id><object_id>2358160</object_id><predicate>floating in</predicate></relation><relation><subject_id>2358159</subject_id><object_id>2358160</object_id><predicate>floating in</predicate></relation></annotation>