<annotation><folder>VG_100K</folder><filename>2364594.jpg</filename><source><database>Visual Genome Version 1.2</database><image_id>2364594</image_id><coco_id>283113</coco_id><flickr_id>4769619430</flickr_id></source><size><width>375</width><height>500</height><depth>3</depth></size><segmented>0</segmented><object><name>napkin</name><object_id>3737427</object_id><difficult>0</difficult><bndbox><xmin>111</xmin><ymin>37</ymin><xmax>304</xmax><ymax>87</ymax></bndbox><attribute>white</attribute></object><object><name>mug</name><object_id>2312217</object_id><difficult>0</difficult><bndbox><xmin>159</xmin><ymin>9</ymin><xmax>341</xmax><ymax>93</ymax></bndbox></object><object><name>hot dog</name><object_id>3737429</object_id><difficult>0</difficult><bndbox><xmin>253</xmin><ymin>85</ymin><xmax>372</xmax><ymax>322</ymax></bndbox></object><object><name>holder</name><object_id>3737428</object_id><difficult>0</difficult><bndbox><xmin>229</xmin><ymin>83</ymin><xmax>373</xmax><ymax>343</ymax></bndbox><attribute>paper</attribute></object><relation><subject_id>3737427</subject_id><object_id>2312217</object_id><predicate>beneath</predicate></relation><relation><subject_id>3737428</subject_id><object_id>3737429</object_id><predicate>under a</predicate></relation></annotation>