<annotation><folder>VG_100K</folder><filename>2364854.jpg</filename><source><database>Visual Genome Version 1.2</database><image_id>2364854</image_id><coco_id>181682</coco_id><flickr_id>2219750584</flickr_id></source><size><width>500</width><height>333</height><depth>3</depth></size><segmented>0</segmented><object><name>tennis ball</name><object_id>1661880</object_id><difficult>0</difficult><bndbox><xmin>258</xmin><ymin>198</ymin><xmax>277</xmax><ymax>221</ymax></bndbox><attribute>tennis</attribute></object><object><name>tennis player</name><object_id>1661879</object_id><difficult>0</difficult><bndbox><xmin>122</xmin><ymin>118</ymin><xmax>313</xmax><ymax>284</ymax></bndbox><attribute>tennis</attribute></object><relation><subject_id>1661879</subject_id><object_id>1661880</object_id><predicate>hitting</predicate></relation></annotation>