<annotation><folder>VG_100K</folder><filename>2364746.jpg</filename><source><database>Visual Genome Version 1.2</database><image_id>2364746</image_id><coco_id>71988</coco_id><flickr_id>4587007631</flickr_id></source><size><width>500</width><height>297</height><depth>3</depth></size><segmented>0</segmented><object><name>bench</name><object_id>3888057</object_id><difficult>0</difficult><bndbox><xmin>86</xmin><ymin>171</ymin><xmax>170</xmax><ymax>221</ymax></bndbox></object><object><name>woman</name><object_id>2632504</object_id><difficult>0</difficult><bndbox><xmin>176</xmin><ymin>135</ymin><xmax>224</xmax><ymax>215</ymax></bndbox><attribute>old</attribute></object><relation><subject_id>2632504</subject_id><object_id>3888057</object_id><predicate>sitting on a</predicate></relation></annotation>