<annotation><folder>VG_100K</folder><filename>2364710.jpg</filename><source><database>Visual Genome Version 1.2</database><image_id>2364710</image_id><coco_id>18781</coco_id><flickr_id>1801703735</flickr_id></source><size><width>500</width><height>375</height><depth>3</depth></size><segmented>0</segmented><object><name>hotdog</name><object_id>639543</object_id><difficult>0</difficult><bndbox><xmin>101</xmin><ymin>44</ymin><xmax>265</xmax><ymax>207</ymax></bndbox><attribute>cooked</attribute><attribute>long</attribute></object><object><name>bun</name><object_id>639544</object_id><difficult>0</difficult><bndbox><xmin>94</xmin><ymin>53</ymin><xmax>284</xmax><ymax>244</ymax></bndbox><attribute>toasted</attribute></object><object><name>plate</name><object_id>639547</object_id><difficult>0</difficult><bndbox><xmin>47</xmin><ymin>56</ymin><xmax>441</xmax><ymax>342</ymax></bndbox><attribute>white</attribute><attribute>round</attribute></object><object><name>paper</name><object_id>639549</object_id><difficult>0</difficult><bndbox><xmin>0</xmin><ymin>25</ymin><xmax>143</xmax><ymax>161</ymax></bndbox><attribute>white</attribute><attribute>stacked</attribute><attribute>beige</attribute></object><object><name>table</name><object_id>639550</object_id><difficult>0</difficult><bndbox><xmin>2</xmin><ymin>1</ymin><xmax>498</xmax><ymax>374</ymax></bndbox><attribute>white</attribute></object><object><name>paper</name><object_id>639551</object_id><difficult>0</difficult><bndbox><xmin>2</xmin><ymin>1</ymin><xmax>169</xmax><ymax>197</ymax></bndbox><attribute>white</attribute><attribute>stacked</attribute></object><object><name>light</name><object_id>639553</object_id><difficult>0</difficult><bndbox><xmin>276</xmin><ymin>221</ymin><xmax>296</xmax><ymax>262</ymax></bndbox></object><object><name>light</name><object_id>639554</object_id><difficult>0</difficult><bndbox><xmin>311</xmin><ymin>101</ymin><xmax>328</xmax><ymax>115</ymax></bndbox></object><object><name>shadow</name><object_id>639555</object_id><difficult>0</difficult><bndbox><xmin>116</xmin><ymin>154</ymin><xmax>456</xmax><ymax>366</ymax></bndbox></object><relation><subject_id>639549</subject_id><object_id>639550</object_id><predicate>top of</predicate></relation><relation><subject_id>639551</subject_id><object_id>639550</object_id><predicate>top of</predicate></relation><relation><subject_id>639543</subject_id><object_id>639544</object_id><predicate>top of</predicate></relation><relation><subject_id>639543</subject_id><object_id>639544</object_id><predicate>are inside</predicate></relation><relation><subject_id>639543</subject_id><object_id>639544</object_id><predicate>top of</predicate></relation><relation><subject_id>639544</subject_id><object_id>639547</object_id><predicate>top of</predicate></relation><relation><subject_id>639549</subject_id><object_id>639550</object_id><predicate>top of</predicate></relation><relation><subject_id>639547</subject_id><object_id>639550</object_id><predicate>top of</predicate></relation><relation><subject_id>639547</subject_id><object_id>639550</object_id><predicate>top of</predicate></relation><relation><subject_id>639543</subject_id><object_id>639547</object_id><predicate>top of</predicate></relation><relation><subject_id>639553</subject_id><object_id>639547</object_id><predicate>reflected on</predicate></relation><relation><subject_id>639554</subject_id><object_id>639547</object_id><predicate>reflected on</predicate></relation><relation><subject_id>639549</subject_id><object_id>639550</object_id><predicate>top of</predicate></relation><relation><subject_id>639551</subject_id><object_id>639550</object_id><predicate>top of</predicate></relation><relation><subject_id>639543</subject_id><object_id>639547</object_id><predicate>top of</predicate></relation><relation><subject_id>639543</subject_id><object_id>639544</object_id><predicate>top of</predicate></relation><relation><subject_id>639549</subject_id><object_id>639550</object_id><predicate>top of</predicate></relation><relation><subject_id>639551</subject_id><object_id>639550</object_id><predicate>top of</predicate></relation><relation><subject_id>639555</subject_id><object_id>639550</object_id><predicate>top of</predicate></relation></annotation>