<annotation><folder>VG_100K</folder><filename>2364706.jpg</filename><source><database>Visual Genome Version 1.2</database><image_id>2364706</image_id><coco_id>None</coco_id><flickr_id>535111835</flickr_id></source><size><width>333</width><height>500</height><depth>3</depth></size><segmented>0</segmented><object><name>suitcase</name><object_id>2072329</object_id><difficult>0</difficult><bndbox><xmin>51</xmin><ymin>127</ymin><xmax>280</xmax><ymax>364</ymax></bndbox><attribute>pink</attribute></object><object><name>tag</name><object_id>1769480</object_id><difficult>0</difficult><bndbox><xmin>163</xmin><ymin>320</ymin><xmax>187</xmax><ymax>380</ymax></bndbox></object><object><name>outfit</name><object_id>2209585</object_id><difficult>0</difficult><bndbox><xmin>0</xmin><ymin>209</ymin><xmax>331</xmax><ymax>346</ymax></bndbox></object><object><name>cat</name><object_id>3888271</object_id><difficult>0</difficult><bndbox><xmin>73</xmin><ymin>199</ymin><xmax>274</xmax><ymax>281</ymax></bndbox></object><object><name>cat</name><object_id>3888272</object_id><difficult>0</difficult><bndbox><xmin>115</xmin><ymin>128</ymin><xmax>275</xmax><ymax>252</ymax></bndbox></object><object><name>suitcase</name><object_id>2007091</object_id><difficult>0</difficult><bndbox><xmin>41</xmin><ymin>114</ymin><xmax>292</xmax><ymax>277</ymax></bndbox></object><object><name>cats</name><object_id>1777335</object_id><difficult>0</difficult><bndbox><xmin>91</xmin><ymin>123</ymin><xmax>269</xmax><ymax>288</ymax></bndbox><attribute>striped</attribute></object><object><name>suitcase</name><object_id>1777336</object_id><difficult>0</difficult><bndbox><xmin>39</xmin><ymin>115</ymin><xmax>295</xmax><ymax>311</ymax></bndbox></object><relation><subject_id>1769480</subject_id><object_id>2072329</object_id><predicate>on other side of</predicate></relation><relation><subject_id>2209585</subject_id><object_id>2072329</object_id><predicate>beneath</predicate></relation><relation><subject_id>3888271</subject_id><object_id>2007091</object_id><predicate>laying in</predicate></relation><relation><subject_id>3888272</subject_id><object_id>2007091</object_id><predicate>laying in</predicate></relation><relation><subject_id>1777335</subject_id><object_id>1777336</object_id><predicate>top of</predicate></relation></annotation>