<annotation><folder>VG_100K</folder><filename>2364716.jpg</filename><source><database>Visual Genome Version 1.2</database><image_id>2364716</image_id><coco_id>None</coco_id><flickr_id>2448539983</flickr_id></source><size><width>500</width><height>375</height><depth>3</depth></size><segmented>0</segmented><object><name>container</name><object_id>639496</object_id><difficult>0</difficult><bndbox><xmin>55</xmin><ymin>199</ymin><xmax>198</xmax><ymax>347</ymax></bndbox><attribute>plastic</attribute></object><object><name>fruits</name><object_id>639497</object_id><difficult>0</difficult><bndbox><xmin>74</xmin><ymin>213</ymin><xmax>189</xmax><ymax>332</ymax></bndbox></object><relation><subject_id>639496</subject_id><object_id>639497</object_id><predicate>standing with</predicate></relation></annotation>