<annotation><folder>VG_100K</folder><filename>2364865.jpg</filename><source><database>Visual Genome Version 1.2</database><image_id>2364865</image_id><coco_id>None</coco_id><flickr_id>3701699584</flickr_id></source><size><width>375</width><height>500</height><depth>3</depth></size><segmented>0</segmented><object><name>fence</name><object_id>1766606</object_id><difficult>0</difficult><bndbox><xmin>0</xmin><ymin>108</ymin><xmax>372</xmax><ymax>396</ymax></bndbox></object><object><name>woman</name><object_id>1766605</object_id><difficult>0</difficult><bndbox><xmin>0</xmin><ymin>85</ymin><xmax>26</xmax><ymax>179</ymax></bndbox></object><relation><subject_id>1766605</subject_id><object_id>1766606</object_id><predicate>sitting on a</predicate></relation></annotation>