<annotation><folder>VG_100K</folder><filename>2364772.jpg</filename><source><database>Visual Genome Version 1.2</database><image_id>2364772</image_id><coco_id>None</coco_id><flickr_id>5920579031</flickr_id></source><size><width>374</width><height>500</height><depth>3</depth></size><segmented>0</segmented><object><name>pizza</name><object_id>1810477</object_id><difficult>0</difficult><bndbox><xmin>4</xmin><ymin>192</ymin><xmax>350</xmax><ymax>461</ymax></bndbox></object><object><name>shadow</name><object_id>1810478</object_id><difficult>0</difficult><bndbox><xmin>193</xmin><ymin>204</ymin><xmax>267</xmax><ymax>242</ymax></bndbox></object><relation><subject_id>1810478</subject_id><object_id>1810477</object_id><predicate>under a</predicate></relation></annotation>