<annotation><folder>VG_100K</folder><filename>2364665.jpg</filename><source><database>Visual Genome Version 1.2</database><image_id>2364665</image_id><coco_id>None</coco_id><flickr_id>9058132726</flickr_id></source><size><width>500</width><height>281</height><depth>3</depth></size><segmented>0</segmented><object><name>advertisement</name><object_id>2933205</object_id><difficult>0</difficult><bndbox><xmin>47</xmin><ymin>23</ymin><xmax>139</xmax><ymax>69</ymax></bndbox></object><object><name>building</name><object_id>2933206</object_id><difficult>0</difficult><bndbox><xmin>1</xmin><ymin>70</ymin><xmax>208</xmax><ymax>209</ymax></bndbox></object><relation><subject_id>2933205</subject_id><object_id>2933206</object_id><predicate>top of</predicate></relation></annotation>