<annotation><folder>VG_100K</folder><filename>2364930.jpg</filename><source><database>Visual Genome Version 1.2</database><image_id>2364930</image_id><coco_id>263135</coco_id><flickr_id>7611633280</flickr_id></source><size><width>500</width><height>412</height><depth>3</depth></size><segmented>0</segmented><object><name>hay</name><object_id>637668</object_id><difficult>0</difficult><bndbox><xmin>44</xmin><ymin>296</ymin><xmax>391</xmax><ymax>411</ymax></bndbox><attribute>dry</attribute><attribute>brown</attribute></object><object><name>zebra</name><object_id>637671</object_id><difficult>0</difficult><bndbox><xmin>27</xmin><ymin>16</ymin><xmax>482</xmax><ymax>376</ymax></bndbox><attribute>standing</attribute><attribute>eating</attribute><attribute>black</attribute><attribute>leaning</attribute><attribute>white</attribute><attribute>striped</attribute></object><relation><subject_id>637668</subject_id><object_id>637671</object_id><predicate>under a</predicate></relation></annotation>