<annotation><folder>VG_100K</folder><filename>2364572.jpg</filename><source><database>Visual Genome Version 1.2</database><image_id>2364572</image_id><coco_id>None</coco_id><flickr_id>3660564082</flickr_id></source><size><width>333</width><height>500</height><depth>3</depth></size><segmented>0</segmented><object><name>cell phone</name><object_id>3737606</object_id><difficult>0</difficult><bndbox><xmin>154</xmin><ymin>72</ymin><xmax>228</xmax><ymax>131</ymax></bndbox></object><object><name>woman</name><object_id>2697104</object_id><difficult>0</difficult><bndbox><xmin>90</xmin><ymin>12</ymin><xmax>332</xmax><ymax>223</ymax></bndbox></object><object><name>table</name><object_id>3737611</object_id><difficult>0</difficult><bndbox><xmin>1</xmin><ymin>220</ymin><xmax>331</xmax><ymax>387</ymax></bndbox></object><object><name>cell phone</name><object_id>2697105</object_id><difficult>0</difficult><bndbox><xmin>152</xmin><ymin>76</ymin><xmax>227</xmax><ymax>129</ymax></bndbox></object><object><name>lady</name><object_id>1981502</object_id><difficult>0</difficult><bndbox><xmin>97</xmin><ymin>17</ymin><xmax>235</xmax><ymax>222</ymax></bndbox></object><object><name>cell phone</name><object_id>1981503</object_id><difficult>0</difficult><bndbox><xmin>157</xmin><ymin>78</ymin><xmax>226</xmax><ymax>123</ymax></bndbox></object><relation><subject_id>2697104</subject_id><object_id>3737606</object_id><predicate>talking on</predicate></relation><relation><subject_id>2697104</subject_id><object_id>3737611</object_id><predicate>sitting on a</predicate></relation><relation><subject_id>2697104</subject_id><object_id>2697105</object_id><predicate>talking on</predicate></relation><relation><subject_id>1981502</subject_id><object_id>1981503</object_id><predicate>talking on</predicate></relation></annotation>