<annotation><folder>VG_100K</folder><filename>2364798.jpg</filename><source><database>Visual Genome Version 1.2</database><image_id>2364798</image_id><coco_id>242900</coco_id><flickr_id>7991295079</flickr_id></source><size><width>500</width><height>333</height><depth>3</depth></size><segmented>0</segmented><object><name>table</name><object_id>3887815</object_id><difficult>0</difficult><bndbox><xmin>3</xmin><ymin>147</ymin><xmax>497</xmax><ymax>327</ymax></bndbox><attribute>wood</attribute></object><object><name>plate</name><object_id>2086337</object_id><difficult>0</difficult><bndbox><xmin>251</xmin><ymin>161</ymin><xmax>321</xmax><ymax>179</ymax></bndbox><attribute>white</attribute><attribute>dirty</attribute></object><object><name>table</name><object_id>2086339</object_id><difficult>0</difficult><bndbox><xmin>25</xmin><ymin>139</ymin><xmax>445</xmax><ymax>318</ymax></bndbox></object><object><name>plate</name><object_id>2527657</object_id><difficult>0</difficult><bndbox><xmin>227</xmin><ymin>186</ymin><xmax>479</xmax><ymax>301</ymax></bndbox><attribute>white</attribute></object><object><name>baby</name><object_id>2391149</object_id><difficult>0</difficult><bndbox><xmin>392</xmin><ymin>62</ymin><xmax>489</xmax><ymax>234</ymax></bndbox><attribute>small</attribute></object><object><name>plate</name><object_id>2043213</object_id><difficult>0</difficult><bndbox><xmin>240</xmin><ymin>156</ymin><xmax>340</xmax><ymax>182</ymax></bndbox></object><object><name>plate</name><object_id>2043214</object_id><difficult>0</difficult><bndbox><xmin>242</xmin><ymin>160</ymin><xmax>341</xmax><ymax>191</ymax></bndbox></object><object><name>plate</name><object_id>2043215</object_id><difficult>0</difficult><bndbox><xmin>80</xmin><ymin>152</ymin><xmax>176</xmax><ymax>174</ymax></bndbox></object><object><name>photo</name><object_id>2216912</object_id><difficult>0</difficult><bndbox><xmin>347</xmin><ymin>60</ymin><xmax>364</xmax><ymax>95</ymax></bndbox></object><object><name>photo</name><object_id>2216913</object_id><difficult>0</difficult><bndbox><xmin>348</xmin><ymin>36</ymin><xmax>360</xmax><ymax>55</ymax></bndbox></object><object><name>photo</name><object_id>2216914</object_id><difficult>0</difficult><bndbox><xmin>345</xmin><ymin>2</ymin><xmax>367</xmax><ymax>29</ymax></bndbox></object><object><name>wall</name><object_id>2216915</object_id><difficult>0</difficult><bndbox><xmin>328</xmin><ymin>0</ymin><xmax>373</xmax><ymax>178</ymax></bndbox></object><relation><subject_id>2086337</subject_id><object_id>2086339</object_id><predicate>stacked on</predicate></relation><relation><subject_id>2086337</subject_id><object_id>2086339</object_id><predicate>stacked on</predicate></relation><relation><subject_id>2391149</subject_id><object_id>3887815</object_id><predicate>sitting on a</predicate></relation><relation><subject_id>3887815</subject_id><object_id>2527657</object_id><predicate>under a</predicate></relation><relation><subject_id>3887815</subject_id><object_id>2043213</object_id><predicate>under a</predicate></relation><relation><subject_id>3887815</subject_id><object_id>2043214</object_id><predicate>under a</predicate></relation><relation><subject_id>3887815</subject_id><object_id>2043215</object_id><predicate>under a</predicate></relation><relation><subject_id>2216912</subject_id><object_id>2216915</object_id><predicate>hanging on a</predicate></relation><relation><subject_id>2216913</subject_id><object_id>2216915</object_id><predicate>hanging on a</predicate></relation><relation><subject_id>2216914</subject_id><object_id>2216915</object_id><predicate>hanging on a</predicate></relation></annotation>