<annotation><folder>VG_100K</folder><filename>2364866.jpg</filename><source><database>Visual Genome Version 1.2</database><image_id>2364866</image_id><coco_id>None</coco_id><flickr_id>3714196684</flickr_id></source><size><width>500</width><height>434</height><depth>3</depth></size><segmented>0</segmented><object><name>dog</name><object_id>1760233</object_id><difficult>0</difficult><bndbox><xmin>61</xmin><ymin>25</ymin><xmax>243</xmax><ymax>290</ymax></bndbox></object><object><name>frisbee</name><object_id>1760234</object_id><difficult>0</difficult><bndbox><xmin>161</xmin><ymin>77</ymin><xmax>240</xmax><ymax>113</ymax></bndbox></object><relation><subject_id>1760233</subject_id><object_id>1760234</object_id><predicate>catching</predicate></relation></annotation>