<annotation><folder>VG_100K</folder><filename>2364505.jpg</filename><source><database>Visual Genome Version 1.2</database><image_id>2364505</image_id><coco_id>303361</coco_id><flickr_id>8596823625</flickr_id></source><size><width>500</width><height>400</height><depth>3</depth></size><segmented>0</segmented><object><name>fence</name><object_id>1996295</object_id><difficult>0</difficult><bndbox><xmin>180</xmin><ymin>0</ymin><xmax>283</xmax><ymax>175</ymax></bndbox><attribute>green</attribute></object><object><name>trees</name><object_id>1996296</object_id><difficult>0</difficult><bndbox><xmin>0</xmin><ymin>3</ymin><xmax>217</xmax><ymax>153</ymax></bndbox></object><relation><subject_id>1996295</subject_id><object_id>1996296</object_id><predicate>between</predicate></relation><relation><subject_id>1996295</subject_id><object_id>1996296</object_id><predicate>between</predicate></relation></annotation>