<annotation><folder>VG_100K</folder><filename>2364566.jpg</filename><source><database>Visual Genome Version 1.2</database><image_id>2364566</image_id><coco_id>None</coco_id><flickr_id>3414253682</flickr_id></source><size><width>500</width><height>336</height><depth>3</depth></size><segmented>0</segmented><object><name>chair</name><object_id>640380</object_id><difficult>0</difficult><bndbox><xmin>53</xmin><ymin>153</ymin><xmax>119</xmax><ymax>250</ymax></bndbox></object><object><name>desk</name><object_id>640381</object_id><difficult>0</difficult><bndbox><xmin>49</xmin><ymin>134</ymin><xmax>250</xmax><ymax>233</ymax></bndbox></object><relation><subject_id>640380</subject_id><object_id>640381</object_id><predicate>under a</predicate></relation></annotation>