<annotation><folder>VG_100K</folder><filename>2364452.jpg</filename><source><database>Visual Genome Version 1.2</database><image_id>2364452</image_id><coco_id>None</coco_id><flickr_id>5055711529</flickr_id></source><size><width>500</width><height>279</height><depth>3</depth></size><segmented>0</segmented><object><name>bench</name><object_id>640936</object_id><difficult>0</difficult><bndbox><xmin>218</xmin><ymin>146</ymin><xmax>483</xmax><ymax>259</ymax></bndbox><attribute>wooden</attribute><attribute>brown</attribute></object><object><name>sea</name><object_id>640938</object_id><difficult>0</difficult><bndbox><xmin>1</xmin><ymin>87</ymin><xmax>252</xmax><ymax>196</ymax></bndbox><attribute>blue</attribute></object><relation><subject_id>640936</subject_id><object_id>640938</object_id><predicate>facing</predicate></relation><relation><subject_id>640936</subject_id><object_id>640938</object_id><predicate>facing</predicate></relation></annotation>