<annotation><folder>VG_100K</folder><filename>2364645.jpg</filename><source><database>Visual Genome Version 1.2</database><image_id>2364645</image_id><coco_id>344654</coco_id><flickr_id>7810088178</flickr_id></source><size><width>500</width><height>333</height><depth>3</depth></size><segmented>0</segmented><object><name>elephant</name><object_id>1866759</object_id><difficult>0</difficult><bndbox><xmin>12</xmin><ymin>19</ymin><xmax>468</xmax><ymax>311</ymax></bndbox><attribute>metal</attribute></object><object><name>leg</name><object_id>3888637</object_id><difficult>0</difficult><bndbox><xmin>412</xmin><ymin>200</ymin><xmax>458</xmax><ymax>271</ymax></bndbox></object><object><name>statue</name><object_id>3888643</object_id><difficult>0</difficult><bndbox><xmin>17</xmin><ymin>17</ymin><xmax>481</xmax><ymax>313</ymax></bndbox><attribute>elephant</attribute></object><object><name>table</name><object_id>3888647</object_id><difficult>0</difficult><bndbox><xmin>5</xmin><ymin>2</ymin><xmax>497</xmax><ymax>330</ymax></bndbox><attribute>white</attribute></object><object><name>sculpture</name><object_id>2110106</object_id><difficult>0</difficult><bndbox><xmin>12</xmin><ymin>13</ymin><xmax>479</xmax><ymax>317</ymax></bndbox></object><object><name>item</name><object_id>3888640</object_id><difficult>0</difficult><bndbox><xmin>26</xmin><ymin>0</ymin><xmax>262</xmax><ymax>100</ymax></bndbox></object><object><name>item</name><object_id>3888641</object_id><difficult>0</difficult><bndbox><xmin>381</xmin><ymin>0</ymin><xmax>484</xmax><ymax>74</ymax></bndbox></object><object><name>candle holder</name><object_id>2535809</object_id><difficult>0</difficult><bndbox><xmin>19</xmin><ymin>18</ymin><xmax>474</xmax><ymax>314</ymax></bndbox></object><object><name>object</name><object_id>2535808</object_id><difficult>0</difficult><bndbox><xmin>27</xmin><ymin>1</ymin><xmax>267</xmax><ymax>98</ymax></bndbox></object><relation><subject_id>3888637</subject_id><object_id>3888643</object_id><predicate>belonging to</predicate></relation><relation><subject_id>2110106</subject_id><object_id>3888647</object_id><predicate>top of</predicate></relation><relation><subject_id>3888640</subject_id><object_id>1866759</object_id><predicate>sitting on a</predicate></relation><relation><subject_id>3888641</subject_id><object_id>1866759</object_id><predicate>sitting on a</predicate></relation><relation><subject_id>2535808</subject_id><object_id>2535809</object_id><predicate>sitting on a</predicate></relation></annotation>