<annotation><folder>VG_100K</folder><filename>2364882.jpg</filename><source><database>Visual Genome Version 1.2</database><image_id>2364882</image_id><coco_id>None</coco_id><flickr_id>4626198532</flickr_id></source><size><width>357</width><height>500</height><depth>3</depth></size><segmented>0</segmented><object><name>foot</name><object_id>3887330</object_id><difficult>0</difficult><bndbox><xmin>179</xmin><ymin>442</ymin><xmax>249</xmax><ymax>478</ymax></bndbox></object><object><name>skateboard</name><object_id>2444055</object_id><difficult>0</difficult><bndbox><xmin>211</xmin><ymin>390</ymin><xmax>257</xmax><ymax>454</ymax></bndbox></object><relation><subject_id>2444055</subject_id><object_id>3887330</object_id><predicate>under a</predicate></relation></annotation>