<annotation><folder>VG_100K</folder><filename>2364507.jpg</filename><source><database>Visual Genome Version 1.2</database><image_id>2364507</image_id><coco_id>None</coco_id><flickr_id>8675843825</flickr_id></source><size><width>375</width><height>500</height><depth>3</depth></size><segmented>0</segmented><object><name>statue</name><object_id>1942037</object_id><difficult>0</difficult><bndbox><xmin>244</xmin><ymin>101</ymin><xmax>275</xmax><ymax>168</ymax></bndbox></object><object><name>column</name><object_id>1942038</object_id><difficult>0</difficult><bndbox><xmin>289</xmin><ymin>85</ymin><xmax>307</xmax><ymax>231</ymax></bndbox></object><object><name>column</name><object_id>1942039</object_id><difficult>0</difficult><bndbox><xmin>214</xmin><ymin>85</ymin><xmax>235</xmax><ymax>229</ymax></bndbox></object><relation><subject_id>1942037</subject_id><object_id>1942039</object_id><predicate>between</predicate></relation><relation><subject_id>1942037</subject_id><object_id>1942038</object_id><predicate>between</predicate></relation></annotation>