<annotation><folder>VG_100K</folder><filename>2364652.jpg</filename><source><database>Visual Genome Version 1.2</database><image_id>2364652</image_id><coco_id>538925</coco_id><flickr_id>8372991078</flickr_id></source><size><width>500</width><height>375</height><depth>3</depth></size><segmented>0</segmented><object><name>walls</name><object_id>639901</object_id><difficult>0</difficult><bndbox><xmin>112</xmin><ymin>5</ymin><xmax>264</xmax><ymax>80</ymax></bndbox><attribute>wooden</attribute><attribute>brown</attribute><attribute>white</attribute><attribute>stone</attribute></object><object><name>window</name><object_id>639902</object_id><difficult>0</difficult><bndbox><xmin>1</xmin><ymin>20</ymin><xmax>79</xmax><ymax>122</ymax></bndbox><attribute>large</attribute><attribute>white</attribute><attribute>black</attribute></object><relation><subject_id>639901</subject_id><object_id>639902</object_id><predicate>under a</predicate></relation></annotation>