<annotation><folder>VG_100K</folder><filename>2364875.jpg</filename><source><database>Visual Genome Version 1.2</database><image_id>2364875</image_id><coco_id>519880</coco_id><flickr_id>4155560684</flickr_id></source><size><width>500</width><height>500</height><depth>3</depth></size><segmented>0</segmented><object><name>tree</name><object_id>2584763</object_id><difficult>0</difficult><bndbox><xmin>421</xmin><ymin>97</ymin><xmax>491</xmax><ymax>219</ymax></bndbox></object><object><name>lights</name><object_id>2584764</object_id><difficult>0</difficult><bndbox><xmin>431</xmin><ymin>106</ymin><xmax>499</xmax><ymax>201</ymax></bndbox></object><object><name>man</name><object_id>3887365</object_id><difficult>0</difficult><bndbox><xmin>157</xmin><ymin>52</ymin><xmax>381</xmax><ymax>329</ymax></bndbox></object><object><name>skateboard</name><object_id>1955021</object_id><difficult>0</difficult><bndbox><xmin>169</xmin><ymin>238</ymin><xmax>336</xmax><ymax>360</ymax></bndbox><attribute>black</attribute></object><relation><subject_id>2584763</subject_id><object_id>2584764</object_id><predicate>hanging on a</predicate></relation><relation><subject_id>1955021</subject_id><object_id>3887365</object_id><predicate>under a</predicate></relation></annotation>