<annotation><folder>VG_100K</folder><filename>2364979.jpg</filename><source><database>Visual Genome Version 1.2</database><image_id>2364979</image_id><coco_id>None</coco_id><flickr_id>372905037</flickr_id></source><size><width>500</width><height>333</height><depth>3</depth></size><segmented>0</segmented><object><name>sign</name><object_id>637260</object_id><difficult>0</difficult><bndbox><xmin>219</xmin><ymin>158</ymin><xmax>273</xmax><ymax>197</ymax></bndbox><attribute>blue</attribute><attribute>white</attribute><attribute>yellow</attribute><attribute>rectangular</attribute></object><object><name>sign</name><object_id>637261</object_id><difficult>0</difficult><bndbox><xmin>243</xmin><ymin>140</ymin><xmax>334</xmax><ymax>166</ymax></bndbox><attribute>blue</attribute><attribute>white</attribute></object><object><name>pole</name><object_id>637262</object_id><difficult>0</difficult><bndbox><xmin>220</xmin><ymin>1</ymin><xmax>248</xmax><ymax>332</ymax></bndbox><attribute>gray</attribute><attribute>metal</attribute><attribute>leaning</attribute></object><object><name>building</name><object_id>637264</object_id><difficult>0</difficult><bndbox><xmin>427</xmin><ymin>214</ymin><xmax>500</xmax><ymax>310</ymax></bndbox><attribute>white</attribute><attribute>brick</attribute><attribute>red</attribute></object><object><name>sign</name><object_id>637267</object_id><difficult>0</difficult><bndbox><xmin>184</xmin><ymin>112</ymin><xmax>279</xmax><ymax>146</ymax></bndbox><attribute>blue</attribute><attribute>yellow</attribute><attribute>rectangular</attribute></object><object><name>patch</name><object_id>637273</object_id><difficult>0</difficult><bndbox><xmin>268</xmin><ymin>111</ymin><xmax>279</xmax><ymax>135</ymax></bndbox><attribute>yellow</attribute></object><object><name>bracket</name><object_id>637274</object_id><difficult>0</difficult><bndbox><xmin>227</xmin><ymin>135</ymin><xmax>247</xmax><ymax>147</ymax></bndbox><attribute>silver</attribute></object><object><name>triangle</name><object_id>637275</object_id><difficult>0</difficult><bndbox><xmin>218</xmin><ymin>161</ymin><xmax>227</xmax><ymax>181</ymax></bndbox><attribute>yellow</attribute></object><object><name>trim</name><object_id>637277</object_id><difficult>0</difficult><bndbox><xmin>430</xmin><ymin>217</ymin><xmax>499</xmax><ymax>277</ymax></bndbox><attribute>white</attribute></object><object><name>roof</name><object_id>637276</object_id><difficult>0</difficult><bndbox><xmin>427</xmin><ymin>216</ymin><xmax>500</xmax><ymax>276</ymax></bndbox></object><relation><subject_id>637260</subject_id><object_id>637262</object_id><predicate>attached</predicate></relation><relation><subject_id>637260</subject_id><object_id>637262</object_id><predicate>attached</predicate></relation><relation><subject_id>637261</subject_id><object_id>637262</object_id><predicate>attached</predicate></relation><relation><subject_id>637267</subject_id><object_id>637262</object_id><predicate>attached</predicate></relation><relation><subject_id>637260</subject_id><object_id>637262</object_id><predicate>attached</predicate></relation><relation><subject_id>637261</subject_id><object_id>637262</object_id><predicate>attached</predicate></relation><relation><subject_id>637267</subject_id><object_id>637262</object_id><predicate>attached</predicate></relation><relation><subject_id>637273</subject_id><object_id>637267</object_id><predicate>printed on</predicate></relation><relation><subject_id>637262</subject_id><object_id>637260</object_id><predicate>supporting</predicate></relation><relation><subject_id>637260</subject_id><object_id>637262</object_id><predicate>attached</predicate></relation><relation><subject_id>637261</subject_id><object_id>637262</object_id><predicate>attached</predicate></relation><relation><subject_id>637267</subject_id><object_id>637262</object_id><predicate>attached</predicate></relation><relation><subject_id>637274</subject_id><object_id>637267</object_id><predicate>attached</predicate></relation><relation><subject_id>637275</subject_id><object_id>637260</object_id><predicate>located on</predicate></relation><relation><subject_id>637277</subject_id><object_id>637276</object_id><predicate>on other side of</predicate></relation><relation><subject_id>637276</subject_id><object_id>637264</object_id><predicate>top of</predicate></relation><relation><subject_id>637276</subject_id><object_id>637264</object_id><predicate>top of</predicate></relation><relation><subject_id>637277</subject_id><object_id>637264</object_id><predicate>attached</predicate></relation><relation><subject_id>637260</subject_id><object_id>637262</object_id><predicate>attached</predicate></relation><relation><subject_id>637261</subject_id><object_id>637262</object_id><predicate>attached</predicate></relation><relation><subject_id>637267</subject_id><object_id>637262</object_id><predicate>attached</predicate></relation></annotation>