<annotation><folder>VG_100K</folder><filename>2364671.jpg</filename><source><database>Visual Genome Version 1.2</database><image_id>2364671</image_id><coco_id>481628</coco_id><flickr_id>9413369426</flickr_id></source><size><width>500</width><height>333</height><depth>3</depth></size><segmented>0</segmented><object><name>bird</name><object_id>2495283</object_id><difficult>0</difficult><bndbox><xmin>348</xmin><ymin>260</ymin><xmax>413</xmax><ymax>285</ymax></bndbox><attribute>gray</attribute></object><object><name>water</name><object_id>2239677</object_id><difficult>0</difficult><bndbox><xmin>1</xmin><ymin>6</ymin><xmax>496</xmax><ymax>330</ymax></bndbox><attribute>blue</attribute><attribute>calm</attribute></object><object><name>bird</name><object_id>1690414</object_id><difficult>0</difficult><bndbox><xmin>315</xmin><ymin>165</ymin><xmax>364</xmax><ymax>204</ymax></bndbox><attribute>gray</attribute></object><object><name>bird</name><object_id>2489468</object_id><difficult>0</difficult><bndbox><xmin>155</xmin><ymin>175</ymin><xmax>218</xmax><ymax>221</ymax></bndbox><attribute>gray</attribute><attribute>grey</attribute><attribute>swimming</attribute></object><object><name>bird</name><object_id>2567781</object_id><difficult>0</difficult><bndbox><xmin>58</xmin><ymin>206</ymin><xmax>116</xmax><ymax>258</ymax></bndbox><attribute>blue</attribute></object><object><name>birds</name><object_id>2239672</object_id><difficult>0</difficult><bndbox><xmin>341</xmin><ymin>259</ymin><xmax>408</xmax><ymax>298</ymax></bndbox></object><object><name>birds</name><object_id>2239673</object_id><difficult>0</difficult><bndbox><xmin>299</xmin><ymin>156</ymin><xmax>363</xmax><ymax>212</ymax></bndbox></object><object><name>birds</name><object_id>2239674</object_id><difficult>0</difficult><bndbox><xmin>153</xmin><ymin>167</ymin><xmax>222</xmax><ymax>229</ymax></bndbox></object><object><name>birds</name><object_id>2239675</object_id><difficult>0</difficult><bndbox><xmin>46</xmin><ymin>193</ymin><xmax>123</xmax><ymax>267</ymax></bndbox></object><object><name>birds</name><object_id>2239676</object_id><difficult>0</difficult><bndbox><xmin>187</xmin><ymin>74</ymin><xmax>267</xmax><ymax>134</ymax></bndbox></object><object><name>bird</name><object_id>1907457</object_id><difficult>0</difficult><bndbox><xmin>13</xmin><ymin>57</ymin><xmax>49</xmax><ymax>77</ymax></bndbox></object><object><name>bird</name><object_id>1947009</object_id><difficult>0</difficult><bndbox><xmin>196</xmin><ymin>128</ymin><xmax>258</xmax><ymax>170</ymax></bndbox></object><object><name>duck</name><object_id>1752476</object_id><difficult>0</difficult><bndbox><xmin>208</xmin><ymin>78</ymin><xmax>268</xmax><ymax>133</ymax></bndbox><attribute>white</attribute></object><object><name>duck</name><object_id>1746786</object_id><difficult>0</difficult><bndbox><xmin>59</xmin><ymin>207</ymin><xmax>116</xmax><ymax>257</ymax></bndbox></object><object><name>duck</name><object_id>2195899</object_id><difficult>0</difficult><bndbox><xmin>155</xmin><ymin>176</ymin><xmax>222</xmax><ymax>222</ymax></bndbox></object><object><name>duck</name><object_id>1746788</object_id><difficult>0</difficult><bndbox><xmin>313</xmin><ymin>165</ymin><xmax>362</xmax><ymax>204</ymax></bndbox></object><object><name>duck</name><object_id>1746789</object_id><difficult>0</difficult><bndbox><xmin>201</xmin><ymin>129</ymin><xmax>251</xmax><ymax>169</ymax></bndbox></object><object><name>duck</name><object_id>1746790</object_id><difficult>0</difficult><bndbox><xmin>196</xmin><ymin>85</ymin><xmax>256</xmax><ymax>125</ymax></bndbox></object><object><name>shade</name><object_id>2195900</object_id><difficult>0</difficult><bndbox><xmin>3</xmin><ymin>38</ymin><xmax>498</xmax><ymax>330</ymax></bndbox></object><object><name>shade</name><object_id>3888470</object_id><difficult>0</difficult><bndbox><xmin>3</xmin><ymin>65</ymin><xmax>494</xmax><ymax>331</ymax></bndbox></object><object><name>duck</name><object_id>2642078</object_id><difficult>0</difficult><bndbox><xmin>309</xmin><ymin>168</ymin><xmax>359</xmax><ymax>204</ymax></bndbox></object><object><name>duck</name><object_id>1956339</object_id><difficult>0</difficult><bndbox><xmin>347</xmin><ymin>260</ymin><xmax>413</xmax><ymax>287</ymax></bndbox></object><object><name>ducks</name><object_id>1910209</object_id><difficult>0</difficult><bndbox><xmin>55</xmin><ymin>206</ymin><xmax>118</xmax><ymax>266</ymax></bndbox></object><object><name>ducks</name><object_id>1910210</object_id><difficult>0</difficult><bndbox><xmin>11</xmin><ymin>52</ymin><xmax>51</xmax><ymax>78</ymax></bndbox></object><object><name>ducks</name><object_id>1910211</object_id><difficult>0</difficult><bndbox><xmin>239</xmin><ymin>48</ymin><xmax>281</xmax><ymax>70</ymax></bndbox></object><object><name>ducks</name><object_id>1910212</object_id><difficult>0</difficult><bndbox><xmin>195</xmin><ymin>83</ymin><xmax>254</xmax><ymax>125</ymax></bndbox></object><object><name>ducks</name><object_id>1910213</object_id><difficult>0</difficult><bndbox><xmin>200</xmin><ymin>127</ymin><xmax>255</xmax><ymax>172</ymax></bndbox></object><relation><subject_id>2495283</subject_id><object_id>2239677</object_id><predicate>swimming in</predicate></relation><relation><subject_id>1690414</subject_id><object_id>2239677</object_id><predicate>swimming in</predicate></relation><relation><subject_id>2489468</subject_id><object_id>2239677</object_id><predicate>swimming in</predicate></relation><relation><subject_id>2567781</subject_id><object_id>2239677</object_id><predicate>swimming in</predicate></relation><relation><subject_id>2239672</subject_id><object_id>2239677</object_id><predicate>swimming in</predicate></relation><relation><subject_id>2239673</subject_id><object_id>2239677</object_id><predicate>swimming in</predicate></relation><relation><subject_id>2239674</subject_id><object_id>2239677</object_id><predicate>swimming in</predicate></relation><relation><subject_id>2239675</subject_id><object_id>2239677</object_id><predicate>swimming in</predicate></relation><relation><subject_id>2239676</subject_id><object_id>2239677</object_id><predicate>swimming in</predicate></relation><relation><subject_id>1907457</subject_id><object_id>2239677</object_id><predicate>swimming in</predicate></relation><relation><subject_id>1947009</subject_id><object_id>2239677</object_id><predicate>swimming in</predicate></relation><relation><subject_id>1752476</subject_id><object_id>2239677</object_id><predicate>swimming in</predicate></relation><relation><subject_id>1746786</subject_id><object_id>2195900</object_id><predicate>swimming in</predicate></relation><relation><subject_id>2195899</subject_id><object_id>2195900</object_id><predicate>swimming in</predicate></relation><relation><subject_id>1746788</subject_id><object_id>2195900</object_id><predicate>swimming in</predicate></relation><relation><subject_id>1746789</subject_id><object_id>2195900</object_id><predicate>swimming in</predicate></relation><relation><subject_id>1746790</subject_id><object_id>2195900</object_id><predicate>swimming in</predicate></relation><relation><subject_id>2195899</subject_id><object_id>2195900</object_id><predicate>swimming in</predicate></relation><relation><subject_id>2642078</subject_id><object_id>3888470</object_id><predicate>swimming in</predicate></relation><relation><subject_id>1956339</subject_id><object_id>3888470</object_id><predicate>swimming in</predicate></relation><relation><subject_id>1910209</subject_id><object_id>2239677</object_id><predicate>swimming in</predicate></relation><relation><subject_id>1910210</subject_id><object_id>2239677</object_id><predicate>swimming in</predicate></relation><relation><subject_id>1910211</subject_id><object_id>2239677</object_id><predicate>swimming in</predicate></relation><relation><subject_id>1910212</subject_id><object_id>2239677</object_id><predicate>swimming in</predicate></relation><relation><subject_id>1910213</subject_id><object_id>2239677</object_id><predicate>swimming in</predicate></relation></annotation>