<annotation><folder>VG_100K</folder><filename>2364728.jpg</filename><source><database>Visual Genome Version 1.2</database><image_id>2364728</image_id><coco_id>49073</coco_id><flickr_id>3552330783</flickr_id></source><size><width>333</width><height>500</height><depth>3</depth></size><segmented>0</segmented><object><name>giraffe</name><object_id>2175072</object_id><difficult>0</difficult><bndbox><xmin>46</xmin><ymin>191</ymin><xmax>317</xmax><ymax>477</ymax></bndbox><attribute>smaller</attribute><attribute>young</attribute></object><object><name>giraffe</name><object_id>2175071</object_id><difficult>0</difficult><bndbox><xmin>5</xmin><ymin>26</ymin><xmax>286</xmax><ymax>286</ymax></bndbox></object><relation><subject_id>2175071</subject_id><object_id>2175072</object_id><predicate>standing with</predicate></relation></annotation>