<annotation><folder>VG_100K</folder><filename>2364803.jpg</filename><source><database>Visual Genome Version 1.2</database><image_id>2364803</image_id><coco_id>None</coco_id><flickr_id>8211216179</flickr_id></source><size><width>500</width><height>333</height><depth>3</depth></size><segmented>0</segmented><object><name>girl</name><object_id>2396201</object_id><difficult>0</difficult><bndbox><xmin>390</xmin><ymin>207</ymin><xmax>466</xmax><ymax>324</ymax></bndbox></object><object><name>couch</name><object_id>2396202</object_id><difficult>0</difficult><bndbox><xmin>343</xmin><ymin>233</ymin><xmax>498</xmax><ymax>331</ymax></bndbox></object><relation><subject_id>2396201</subject_id><object_id>2396202</object_id><predicate>laying in</predicate></relation></annotation>