<annotation><folder>VG_100K</folder><filename>2364506.jpg</filename><source><database>Visual Genome Version 1.2</database><image_id>2364506</image_id><coco_id>None</coco_id><flickr_id>8636263725</flickr_id></source><size><width>500</width><height>342</height><depth>3</depth></size><segmented>0</segmented><object><name>plank</name><object_id>2169423</object_id><difficult>0</difficult><bndbox><xmin>227</xmin><ymin>265</ymin><xmax>339</xmax><ymax>291</ymax></bndbox><attribute>wooden</attribute></object><object><name>tracks</name><object_id>2169424</object_id><difficult>0</difficult><bndbox><xmin>94</xmin><ymin>178</ymin><xmax>499</xmax><ymax>339</ymax></bndbox><attribute>train</attribute></object><relation><subject_id>2169423</subject_id><object_id>2169424</object_id><predicate>laying in</predicate></relation></annotation>