<annotation><folder>VG_100K</folder><filename>2364597.jpg</filename><source><database>Visual Genome Version 1.2</database><image_id>2364597</image_id><coco_id>None</coco_id><flickr_id>4919404030</flickr_id></source><size><width>500</width><height>333</height><depth>3</depth></size><segmented>0</segmented><object><name>house</name><object_id>2666602</object_id><difficult>0</difficult><bndbox><xmin>204</xmin><ymin>45</ymin><xmax>413</xmax><ymax>175</ymax></bndbox><attribute>is white</attribute></object><object><name>chimney</name><object_id>2316117</object_id><difficult>0</difficult><bndbox><xmin>381</xmin><ymin>75</ymin><xmax>393</xmax><ymax>96</ymax></bndbox></object><relation><subject_id>2316117</subject_id><object_id>2666602</object_id><predicate>top of</predicate></relation></annotation>