<annotation><folder>VG_100K</folder><filename>2364913.jpg</filename><source><database>Visual Genome Version 1.2</database><image_id>2364913</image_id><coco_id>None</coco_id><flickr_id>6788487180</flickr_id></source><size><width>374</width><height>500</height><depth>3</depth></size><segmented>0</segmented><object><name>wall</name><object_id>3887176</object_id><difficult>0</difficult><bndbox><xmin>11</xmin><ymin>248</ymin><xmax>134</xmax><ymax>481</ymax></bndbox></object><object><name>bottle</name><object_id>2456694</object_id><difficult>0</difficult><bndbox><xmin>49</xmin><ymin>408</ymin><xmax>76</xmax><ymax>454</ymax></bndbox><attribute>green</attribute></object><relation><subject_id>2456694</subject_id><object_id>3887176</object_id><predicate>hanging on a</predicate></relation></annotation>