<annotation><folder>VG_100K</folder><filename>2364762.jpg</filename><source><database>Visual Genome Version 1.2</database><image_id>2364762</image_id><coco_id>None</coco_id><flickr_id>5506146131</flickr_id></source><size><width>482</width><height>500</height><depth>3</depth></size><segmented>0</segmented><object><name>umbrella</name><object_id>3887970</object_id><difficult>0</difficult><bndbox><xmin>11</xmin><ymin>71</ymin><xmax>371</xmax><ymax>487</ymax></bndbox></object><object><name>woman</name><object_id>2304548</object_id><difficult>0</difficult><bndbox><xmin>29</xmin><ymin>148</ymin><xmax>302</xmax><ymax>494</ymax></bndbox></object><relation><subject_id>2304548</subject_id><object_id>3887970</object_id><predicate>under a</predicate></relation></annotation>