<annotation><folder>VG_100K</folder><filename>2364784.jpg</filename><source><database>Visual Genome Version 1.2</database><image_id>2364784</image_id><coco_id>194194</coco_id><flickr_id>6523915879</flickr_id></source><size><width>500</width><height>500</height><depth>3</depth></size><segmented>0</segmented><object><name>tree</name><object_id>638837</object_id><difficult>0</difficult><bndbox><xmin>255</xmin><ymin>101</ymin><xmax>450</xmax><ymax>380</ymax></bndbox></object><object><name>stick</name><object_id>638852</object_id><difficult>0</difficult><bndbox><xmin>181</xmin><ymin>210</ymin><xmax>205</xmax><ymax>289</ymax></bndbox></object><relation><subject_id>638852</subject_id><object_id>638837</object_id><predicate>hanging on a</predicate></relation></annotation>