<annotation><folder>VG_100K</folder><filename>2364666.jpg</filename><source><database>Visual Genome Version 1.2</database><image_id>2364666</image_id><coco_id>514506</coco_id><flickr_id>9169938826</flickr_id></source><size><width>375</width><height>500</height><depth>3</depth></size><segmented>0</segmented><object><name>person</name><object_id>2357314</object_id><difficult>0</difficult><bndbox><xmin>234</xmin><ymin>351</ymin><xmax>242</xmax><ymax>364</ymax></bndbox></object><object><name>beach</name><object_id>2466326</object_id><difficult>0</difficult><bndbox><xmin>0</xmin><ymin>347</ymin><xmax>374</xmax><ymax>498</ymax></bndbox><attribute>sandy</attribute></object><object><name>stairs</name><object_id>2005793</object_id><difficult>0</difficult><bndbox><xmin>1</xmin><ymin>312</ymin><xmax>64</xmax><ymax>400</ymax></bndbox><attribute>concrete</attribute></object><relation><subject_id>2357314</subject_id><object_id>2466326</object_id><predicate>walking towards</predicate></relation><relation><subject_id>2005793</subject_id><object_id>2466326</object_id><predicate>leading to</predicate></relation></annotation>