<annotation><folder>VG_100K</folder><filename>2364954.jpg</filename><source><database>Visual Genome Version 1.2</database><image_id>2364954</image_id><coco_id>287304</coco_id><flickr_id>9057243728</flickr_id></source><size><width>331</width><height>500</height><depth>3</depth></size><segmented>0</segmented><object><name>writing</name><object_id>3886911</object_id><difficult>0</difficult><bndbox><xmin>99</xmin><ymin>438</ymin><xmax>137</xmax><ymax>497</ymax></bndbox></object><object><name>window</name><object_id>2623173</object_id><difficult>0</difficult><bndbox><xmin>108</xmin><ymin>123</ymin><xmax>156</xmax><ymax>402</ymax></bndbox><attribute>pictured</attribute></object><object><name>line</name><object_id>3886917</object_id><difficult>0</difficult><bndbox><xmin>2</xmin><ymin>261</ymin><xmax>74</xmax><ymax>496</ymax></bndbox><attribute>black</attribute></object><object><name>windows</name><object_id>2652920</object_id><difficult>0</difficult><bndbox><xmin>1</xmin><ymin>119</ymin><xmax>157</xmax><ymax>399</ymax></bndbox></object><object><name>doors</name><object_id>2652921</object_id><difficult>0</difficult><bndbox><xmin>153</xmin><ymin>63</ymin><xmax>329</xmax><ymax>499</ymax></bndbox></object><relation><subject_id>3886911</subject_id><object_id>2623173</object_id><predicate>under a</predicate></relation><relation><subject_id>2652920</subject_id><object_id>3886917</object_id><predicate>alongside</predicate></relation><relation><subject_id>2652921</subject_id><object_id>3886917</object_id><predicate>alongside</predicate></relation></annotation>