<annotation><folder>VG_100K</folder><filename>2364823.jpg</filename><source><database>Visual Genome Version 1.2</database><image_id>2364823</image_id><coco_id>146722</coco_id><flickr_id>9046773127</flickr_id></source><size><width>500</width><height>333</height><depth>3</depth></size><segmented>0</segmented><object><name>bench</name><object_id>2378039</object_id><difficult>0</difficult><bndbox><xmin>249</xmin><ymin>198</ymin><xmax>401</xmax><ymax>283</ymax></bndbox><attribute>wooden</attribute></object><object><name>shadow</name><object_id>3887623</object_id><difficult>0</difficult><bndbox><xmin>257</xmin><ymin>238</ymin><xmax>395</xmax><ymax>314</ymax></bndbox></object><relation><subject_id>3887623</subject_id><object_id>2378039</object_id><predicate>under a</predicate></relation></annotation>