<annotation><folder>VG_100K</folder><filename>2364581.jpg</filename><source><database>Visual Genome Version 1.2</database><image_id>2364581</image_id><coco_id>48656</coco_id><flickr_id>4329432130</flickr_id></source><size><width>500</width><height>335</height><depth>3</depth></size><segmented>0</segmented><object><name>man</name><object_id>1783466</object_id><difficult>0</difficult><bndbox><xmin>223</xmin><ymin>68</ymin><xmax>380</xmax><ymax>230</ymax></bndbox></object><object><name>snow</name><object_id>1783467</object_id><difficult>0</difficult><bndbox><xmin>117</xmin><ymin>177</ymin><xmax>272</xmax><ymax>304</ymax></bndbox></object><relation><subject_id>1783466</subject_id><object_id>1783467</object_id><predicate>skiing down</predicate></relation></annotation>