<annotation><folder>VG_100K</folder><filename>2364729.jpg</filename><source><database>Visual Genome Version 1.2</database><image_id>2364729</image_id><coco_id>14432</coco_id><flickr_id>3554811583</flickr_id></source><size><width>480</width><height>360</height><depth>3</depth></size><segmented>0</segmented><object><name>oven</name><object_id>2913837</object_id><difficult>0</difficult><bndbox><xmin>65</xmin><ymin>15</ymin><xmax>424</xmax><ymax>358</ymax></bndbox><attribute>gray</attribute><attribute>white</attribute></object><object><name>stove</name><object_id>3507115</object_id><difficult>0</difficult><bndbox><xmin>309</xmin><ymin>0</ymin><xmax>477</xmax><ymax>58</ymax></bndbox></object><object><name>cup</name><object_id>2114541</object_id><difficult>0</difficult><bndbox><xmin>411</xmin><ymin>0</ymin><xmax>478</xmax><ymax>34</ymax></bndbox></object><object><name>burner</name><object_id>2114542</object_id><difficult>0</difficult><bndbox><xmin>374</xmin><ymin>9</ymin><xmax>478</xmax><ymax>50</ymax></bndbox></object><relation><subject_id>3507115</subject_id><object_id>2913837</object_id><predicate>sitting on a</predicate></relation><relation><subject_id>2114541</subject_id><object_id>2114542</object_id><predicate>sitting on a</predicate></relation></annotation>