<annotation><folder>VG_100K</folder><filename>2364522.jpg</filename><source><database>Visual Genome Version 1.2</database><image_id>2364522</image_id><coco_id>None</coco_id><flickr_id>9550119325</flickr_id></source><size><width>375</width><height>500</height><depth>3</depth></size><segmented>0</segmented><object><name>bed</name><object_id>2524726</object_id><difficult>0</difficult><bndbox><xmin>1</xmin><ymin>131</ymin><xmax>304</xmax><ymax>497</ymax></bndbox><attribute>empty</attribute></object><object><name>clothing</name><object_id>2655830</object_id><difficult>0</difficult><bndbox><xmin>32</xmin><ymin>18</ymin><xmax>234</xmax><ymax>156</ymax></bndbox></object><relation><subject_id>2655830</subject_id><object_id>2524726</object_id><predicate>hanging on a</predicate></relation></annotation>