<annotation><folder>VG_100K</folder><filename>2364485.jpg</filename><source><database>Visual Genome Version 1.2</database><image_id>2364485</image_id><coco_id>None</coco_id><flickr_id>6714817777</flickr_id></source><size><width>500</width><height>375</height><depth>3</depth></size><segmented>0</segmented><object><name>something</name><object_id>3738495</object_id><difficult>0</difficult><bndbox><xmin>4</xmin><ymin>334</ymin><xmax>33</xmax><ymax>350</ymax></bndbox></object><object><name>beach</name><object_id>2677400</object_id><difficult>0</difficult><bndbox><xmin>1</xmin><ymin>96</ymin><xmax>499</xmax><ymax>372</ymax></bndbox></object><object><name>trees</name><object_id>2691101</object_id><difficult>0</difficult><bndbox><xmin>141</xmin><ymin>123</ymin><xmax>231</xmax><ymax>159</ymax></bndbox></object><object><name>ocean</name><object_id>2691102</object_id><difficult>0</difficult><bndbox><xmin>337</xmin><ymin>132</ymin><xmax>469</xmax><ymax>229</ymax></bndbox></object><relation><subject_id>3738495</subject_id><object_id>2677400</object_id><predicate>laying in</predicate></relation><relation><subject_id>2691101</subject_id><object_id>2691102</object_id><predicate>at edge of</predicate></relation></annotation>