<annotation><folder>VG_100K</folder><filename>2364454.jpg</filename><source><database>Visual Genome Version 1.2</database><image_id>2364454</image_id><coco_id>118173</coco_id><flickr_id>5267416729</flickr_id></source><size><width>333</width><height>500</height><depth>3</depth></size><segmented>0</segmented><object><name>bar</name><object_id>3738710</object_id><difficult>0</difficult><bndbox><xmin>212</xmin><ymin>172</ymin><xmax>241</xmax><ymax>181</ymax></bndbox></object><object><name>towels</name><object_id>2627024</object_id><difficult>0</difficult><bndbox><xmin>201</xmin><ymin>169</ymin><xmax>264</xmax><ymax>226</ymax></bndbox></object><object><name>holder</name><object_id>1778203</object_id><difficult>0</difficult><bndbox><xmin>144</xmin><ymin>222</ymin><xmax>162</xmax><ymax>242</ymax></bndbox><attribute>chrome</attribute></object><object><name>wall</name><object_id>1778205</object_id><difficult>0</difficult><bndbox><xmin>71</xmin><ymin>62</ymin><xmax>235</xmax><ymax>300</ymax></bndbox></object><object><name>plant</name><object_id>2629034</object_id><difficult>0</difficult><bndbox><xmin>189</xmin><ymin>217</ymin><xmax>240</xmax><ymax>266</ymax></bndbox></object><object><name>counter</name><object_id>2629035</object_id><difficult>0</difficult><bndbox><xmin>167</xmin><ymin>229</ymin><xmax>261</xmax><ymax>321</ymax></bndbox></object><relation><subject_id>2627024</subject_id><object_id>3738710</object_id><predicate>hanging on a</predicate></relation><relation><subject_id>1778203</subject_id><object_id>1778205</object_id><predicate>mounted on</predicate></relation><relation><subject_id>2629034</subject_id><object_id>2629035</object_id><predicate>sitting on a</predicate></relation></annotation>