<annotation><folder>VG_100K</folder><filename>2364734.jpg</filename><source><database>Visual Genome Version 1.2</database><image_id>2364734</image_id><coco_id>None</coco_id><flickr_id>4029735683</flickr_id></source><size><width>500</width><height>375</height><depth>3</depth></size><segmented>0</segmented><object><name>table</name><object_id>3888109</object_id><difficult>0</difficult><bndbox><xmin>14</xmin><ymin>230</ymin><xmax>420</xmax><ymax>340</ymax></bndbox></object><object><name>drawer</name><object_id>2575457</object_id><difficult>0</difficult><bndbox><xmin>367</xmin><ymin>170</ymin><xmax>499</xmax><ymax>366</ymax></bndbox><attribute>wooden</attribute></object><relation><subject_id>2575457</subject_id><object_id>3888109</object_id><predicate>beside</predicate></relation></annotation>