<annotation><folder>VG_100K</folder><filename>2364692.jpg</filename><source><database>Visual Genome Version 1.2</database><image_id>2364692</image_id><coco_id>290379</coco_id><flickr_id>121047135</flickr_id></source><size><width>500</width><height>333</height><depth>3</depth></size><segmented>0</segmented><object><name>building</name><object_id>3888362</object_id><difficult>0</difficult><bndbox><xmin>4</xmin><ymin>2</ymin><xmax>174</xmax><ymax>330</ymax></bndbox></object><object><name>stairs</name><object_id>2189889</object_id><difficult>0</difficult><bndbox><xmin>65</xmin><ymin>123</ymin><xmax>225</xmax><ymax>320</ymax></bndbox></object><object><name>business</name><object_id>3888367</object_id><difficult>0</difficult><bndbox><xmin>0</xmin><ymin>0</ymin><xmax>221</xmax><ymax>330</ymax></bndbox></object><object><name>steps</name><object_id>3888371</object_id><difficult>0</difficult><bndbox><xmin>70</xmin><ymin>179</ymin><xmax>220</xmax><ymax>319</ymax></bndbox><attribute>gray</attribute><attribute>stone</attribute><attribute>cement</attribute></object><object><name>railings</name><object_id>2237286</object_id><difficult>0</difficult><bndbox><xmin>113</xmin><ymin>177</ymin><xmax>180</xmax><ymax>241</ymax></bndbox><attribute>black</attribute></object><object><name>steps</name><object_id>2237287</object_id><difficult>0</difficult><bndbox><xmin>119</xmin><ymin>217</ymin><xmax>161</xmax><ymax>284</ymax></bndbox><attribute>stone</attribute></object><relation><subject_id>2189889</subject_id><object_id>3888362</object_id><predicate>leading to</predicate></relation><relation><subject_id>3888371</subject_id><object_id>3888367</object_id><predicate>leading to</predicate></relation><relation><subject_id>2237286</subject_id><object_id>2237287</object_id><predicate>alongside</predicate></relation></annotation>