<annotation><folder>VG_100K</folder><filename>2364609.jpg</filename><source><database>Visual Genome Version 1.2</database><image_id>2364609</image_id><coco_id>559416</coco_id><flickr_id>5565646130</flickr_id></source><size><width>500</width><height>333</height><depth>3</depth></size><segmented>0</segmented><object><name>lamb</name><object_id>2001641</object_id><difficult>0</difficult><bndbox><xmin>349</xmin><ymin>146</ymin><xmax>376</xmax><ymax>172</ymax></bndbox></object><object><name>hill</name><object_id>2001642</object_id><difficult>0</difficult><bndbox><xmin>5</xmin><ymin>158</ymin><xmax>492</xmax><ymax>234</ymax></bndbox></object><object><name>castle</name><object_id>2464314</object_id><difficult>0</difficult><bndbox><xmin>159</xmin><ymin>130</ymin><xmax>221</xmax><ymax>167</ymax></bndbox></object><object><name>hill</name><object_id>2464315</object_id><difficult>0</difficult><bndbox><xmin>132</xmin><ymin>152</ymin><xmax>224</xmax><ymax>168</ymax></bndbox></object><relation><subject_id>2001641</subject_id><object_id>2001642</object_id><predicate>top of</predicate></relation><relation><subject_id>2464314</subject_id><object_id>2464315</object_id><predicate>top of</predicate></relation></annotation>