<annotation><folder>VG_100K</folder><filename>2364510.jpg</filename><source><database>Visual Genome Version 1.2</database><image_id>2364510</image_id><coco_id>None</coco_id><flickr_id>8709027325</flickr_id></source><size><width>500</width><height>331</height><depth>3</depth></size><segmented>0</segmented><object><name>city</name><object_id>3888802</object_id><difficult>0</difficult><bndbox><xmin>104</xmin><ymin>50</ymin><xmax>284</xmax><ymax>220</ymax></bndbox></object><object><name>bridge</name><object_id>2785758</object_id><difficult>0</difficult><bndbox><xmin>16</xmin><ymin>201</ymin><xmax>111</xmax><ymax>226</ymax></bndbox></object><object><name>boat</name><object_id>3738247</object_id><difficult>0</difficult><bndbox><xmin>30</xmin><ymin>223</ymin><xmax>111</xmax><ymax>245</ymax></bndbox></object><object><name>bridge</name><object_id>2357767</object_id><difficult>0</difficult><bndbox><xmin>14</xmin><ymin>193</ymin><xmax>104</xmax><ymax>224</ymax></bndbox></object><relation><subject_id>2785758</subject_id><object_id>3888802</object_id><predicate>built into</predicate></relation><relation><subject_id>3738247</subject_id><object_id>2357767</object_id><predicate>under a</predicate></relation></annotation>