<annotation><folder>VG_100K</folder><filename>2364793.jpg</filename><source><database>Visual Genome Version 1.2</database><image_id>2364793</image_id><coco_id>161348</coco_id><flickr_id>6992004479</flickr_id></source><size><width>500</width><height>375</height><depth>3</depth></size><segmented>0</segmented><object><name>clock</name><object_id>1687599</object_id><difficult>0</difficult><bndbox><xmin>65</xmin><ymin>59</ymin><xmax>252</xmax><ymax>357</ymax></bndbox><attribute>wooden</attribute><attribute>brown</attribute><attribute>white</attribute></object><object><name>point</name><object_id>3887854</object_id><difficult>0</difficult><bndbox><xmin>142</xmin><ymin>52</ymin><xmax>170</xmax><ymax>93</ymax></bndbox></object><object><name>clock</name><object_id>2580516</object_id><difficult>0</difficult><bndbox><xmin>51</xmin><ymin>40</ymin><xmax>276</xmax><ymax>364</ymax></bndbox></object><object><name>shelf</name><object_id>1710312</object_id><difficult>0</difficult><bndbox><xmin>5</xmin><ymin>337</ymin><xmax>497</xmax><ymax>369</ymax></bndbox></object><relation><subject_id>3887854</subject_id><object_id>2580516</object_id><predicate>top of</predicate></relation><relation><subject_id>1687599</subject_id><object_id>1710312</object_id><predicate>placed on</predicate></relation></annotation>