<annotation><folder>VG_100K</folder><filename>2364962.jpg</filename><source><database>Visual Genome Version 1.2</database><image_id>2364962</image_id><coco_id>418533</coco_id><flickr_id>9361207528</flickr_id></source><size><width>500</width><height>283</height><depth>3</depth></size><segmented>0</segmented><object><name>word</name><object_id>2543936</object_id><difficult>0</difficult><bndbox><xmin>415</xmin><ymin>136</ymin><xmax>459</xmax><ymax>159</ymax></bndbox></object><object><name>train car</name><object_id>2543937</object_id><difficult>0</difficult><bndbox><xmin>14</xmin><ymin>96</ymin><xmax>486</xmax><ymax>235</ymax></bndbox></object><object><name>word</name><object_id>3447112</object_id><difficult>0</difficult><bndbox><xmin>423</xmin><ymin>143</ymin><xmax>444</xmax><ymax>156</ymax></bndbox><attribute>black</attribute></object><object><name>window</name><object_id>3447114</object_id><difficult>0</difficult><bndbox><xmin>422</xmin><ymin>127</ymin><xmax>442</xmax><ymax>137</ymax></bndbox></object><relation><subject_id>2543936</subject_id><object_id>2543937</object_id><predicate>on other side of</predicate></relation><relation><subject_id>3447112</subject_id><object_id>3447114</object_id><predicate>under a</predicate></relation></annotation>