<annotation><folder>VG_100K</folder><filename>2364891.jpg</filename><source><database>Visual Genome Version 1.2</database><image_id>2364891</image_id><coco_id>None</coco_id><flickr_id>5186555532</flickr_id></source><size><width>500</width><height>333</height><depth>3</depth></size><segmented>0</segmented><object><name>man</name><object_id>2164617</object_id><difficult>0</difficult><bndbox><xmin>198</xmin><ymin>97</ymin><xmax>349</xmax><ymax>195</ymax></bndbox><attribute>young</attribute></object><object><name>board</name><object_id>2164618</object_id><difficult>0</difficult><bndbox><xmin>115</xmin><ymin>151</ymin><xmax>319</xmax><ymax>281</ymax></bndbox></object><object><name>ocean</name><object_id>3887303</object_id><difficult>0</difficult><bndbox><xmin>1</xmin><ymin>0</ymin><xmax>499</xmax><ymax>330</ymax></bndbox></object><object><name>man</name><object_id>2029039</object_id><difficult>0</difficult><bndbox><xmin>209</xmin><ymin>101</ymin><xmax>359</xmax><ymax>235</ymax></bndbox></object><relation><subject_id>2164617</subject_id><object_id>2164618</object_id><predicate>surfing in</predicate></relation><relation><subject_id>2029039</subject_id><object_id>3887303</object_id><predicate>surfing in</predicate></relation></annotation>