<annotation><folder>VG_100K</folder><filename>2364880.jpg</filename><source><database>Visual Genome Version 1.2</database><image_id>2364880</image_id><coco_id>None</coco_id><flickr_id>4532794032</flickr_id></source><size><width>500</width><height>333</height><depth>3</depth></size><segmented>0</segmented><object><name>ground</name><object_id>1969924</object_id><difficult>0</difficult><bndbox><xmin>0</xmin><ymin>144</ymin><xmax>499</xmax><ymax>329</ymax></bndbox></object><object><name>ball</name><object_id>1969925</object_id><difficult>0</difficult><bndbox><xmin>245</xmin><ymin>207</ymin><xmax>258</xmax><ymax>223</ymax></bndbox><attribute>white</attribute></object><object><name>ball</name><object_id>1969926</object_id><difficult>0</difficult><bndbox><xmin>401</xmin><ymin>232</ymin><xmax>417</xmax><ymax>247</ymax></bndbox><attribute>white</attribute></object><object><name>ball</name><object_id>1969927</object_id><difficult>0</difficult><bndbox><xmin>155</xmin><ymin>274</ymin><xmax>167</xmax><ymax>305</ymax></bndbox><attribute>white</attribute></object><object><name>ball</name><object_id>1969928</object_id><difficult>0</difficult><bndbox><xmin>124</xmin><ymin>216</ymin><xmax>139</xmax><ymax>228</ymax></bndbox><attribute>white</attribute></object><object><name>ball</name><object_id>1969929</object_id><difficult>0</difficult><bndbox><xmin>229</xmin><ymin>191</ymin><xmax>247</xmax><ymax>207</ymax></bndbox><attribute>white</attribute></object><relation><subject_id>1969925</subject_id><object_id>1969924</object_id><predicate>laying in</predicate></relation><relation><subject_id>1969926</subject_id><object_id>1969924</object_id><predicate>laying in</predicate></relation><relation><subject_id>1969927</subject_id><object_id>1969924</object_id><predicate>laying in</predicate></relation><relation><subject_id>1969928</subject_id><object_id>1969924</object_id><predicate>laying in</predicate></relation><relation><subject_id>1969929</subject_id><object_id>1969924</object_id><predicate>laying in</predicate></relation></annotation>