<annotation><folder>VG_100K</folder><filename>2364815.jpg</filename><source><database>Visual Genome Version 1.2</database><image_id>2364815</image_id><coco_id>None</coco_id><flickr_id>8626400727</flickr_id></source><size><width>375</width><height>500</height><depth>3</depth></size><segmented>0</segmented><object><name>cow</name><object_id>2133952</object_id><difficult>0</difficult><bndbox><xmin>117</xmin><ymin>205</ymin><xmax>342</xmax><ymax>373</ymax></bndbox><attribute>distant</attribute><attribute>white</attribute><attribute>black</attribute><attribute>big</attribute></object><object><name>cow</name><object_id>3887649</object_id><difficult>0</difficult><bndbox><xmin>66</xmin><ymin>169</ymin><xmax>84</xmax><ymax>186</ymax></bndbox></object><object><name>pasture</name><object_id>1691448</object_id><difficult>0</difficult><bndbox><xmin>0</xmin><ymin>134</ymin><xmax>373</xmax><ymax>488</ymax></bndbox></object><relation><subject_id>3887649</subject_id><object_id>1691448</object_id><predicate>grazing on</predicate></relation><relation><subject_id>2133952</subject_id><object_id>1691448</object_id><predicate>grazing on</predicate></relation></annotation>