<annotation><folder>VG_100K</folder><filename>2364499.jpg</filename><source><database>Visual Genome Version 1.2</database><image_id>2364499</image_id><coco_id>292805</coco_id><flickr_id>8277606977</flickr_id></source><size><width>500</width><height>500</height><depth>3</depth></size><segmented>0</segmented><object><name>woman</name><object_id>1847616</object_id><difficult>0</difficult><bndbox><xmin>196</xmin><ymin>46</ymin><xmax>485</xmax><ymax>495</ymax></bndbox><attribute>floral</attribute></object><object><name>platform</name><object_id>3738332</object_id><difficult>0</difficult><bndbox><xmin>14</xmin><ymin>45</ymin><xmax>496</xmax><ymax>493</ymax></bndbox></object><object><name>step</name><object_id>3738333</object_id><difficult>0</difficult><bndbox><xmin>42</xmin><ymin>214</ymin><xmax>497</xmax><ymax>498</ymax></bndbox><attribute>marble</attribute></object><object><name>scarf</name><object_id>1965984</object_id><difficult>0</difficult><bndbox><xmin>190</xmin><ymin>137</ymin><xmax>352</xmax><ymax>254</ymax></bndbox></object><object><name>chin</name><object_id>1965985</object_id><difficult>0</difficult><bndbox><xmin>308</xmin><ymin>161</ymin><xmax>328</xmax><ymax>171</ymax></bndbox></object><relation><subject_id>1847616</subject_id><object_id>3738332</object_id><predicate>sitting on a</predicate></relation><relation><subject_id>1847616</subject_id><object_id>3738333</object_id><predicate>sitting on a</predicate></relation><relation><subject_id>1965984</subject_id><object_id>1965985</object_id><predicate>under a</predicate></relation></annotation>