<annotation><folder>VG_100K</folder><filename>2364945.jpg</filename><source><database>Visual Genome Version 1.2</database><image_id>2364945</image_id><coco_id>37719</coco_id><flickr_id>8579288080</flickr_id></source><size><width>375</width><height>500</height><depth>3</depth></size><segmented>0</segmented><object><name>woman</name><object_id>3053154</object_id><difficult>0</difficult><bndbox><xmin>58</xmin><ymin>0</ymin><xmax>212</xmax><ymax>197</ymax></bndbox></object><object><name>chair</name><object_id>3053155</object_id><difficult>0</difficult><bndbox><xmin>5</xmin><ymin>60</ymin><xmax>114</xmax><ymax>280</ymax></bndbox><attribute>yellow</attribute></object><relation><subject_id>3053154</subject_id><object_id>3053155</object_id><predicate>sitting on a</predicate></relation></annotation>