<annotation><folder>VG_100K</folder><filename>2364459.jpg</filename><source><database>Visual Genome Version 1.2</database><image_id>2364459</image_id><coco_id>334947</coco_id><flickr_id>5714417129</flickr_id></source><size><width>500</width><height>374</height><depth>3</depth></size><segmented>0</segmented><object><name>paper</name><object_id>640880</object_id><difficult>0</difficult><bndbox><xmin>244</xmin><ymin>106</ymin><xmax>308</xmax><ymax>305</ymax></bndbox><attribute>white</attribute></object><object><name>hot dog</name><object_id>640881</object_id><difficult>0</difficult><bndbox><xmin>41</xmin><ymin>68</ymin><xmax>170</xmax><ymax>296</ymax></bndbox></object><relation><subject_id>640880</subject_id><object_id>640881</object_id><predicate>under a</predicate></relation><relation><subject_id>640880</subject_id><object_id>640881</object_id><predicate>under a</predicate></relation><relation><subject_id>640880</subject_id><object_id>640881</object_id><predicate>beneath</predicate></relation></annotation>