<annotation><folder>VG_100K</folder><filename>2364837.jpg</filename><source><database>Visual Genome Version 1.2</database><image_id>2364837</image_id><coco_id>None</coco_id><flickr_id>222617836</flickr_id></source><size><width>500</width><height>408</height><depth>3</depth></size><segmented>0</segmented><object><name>sidewalk</name><object_id>2646558</object_id><difficult>0</difficult><bndbox><xmin>4</xmin><ymin>200</ymin><xmax>494</xmax><ymax>396</ymax></bndbox></object><object><name>van</name><object_id>2337599</object_id><difficult>0</difficult><bndbox><xmin>383</xmin><ymin>132</ymin><xmax>443</xmax><ymax>172</ymax></bndbox><attribute>red</attribute></object><object><name>road</name><object_id>2337600</object_id><difficult>0</difficult><bndbox><xmin>318</xmin><ymin>172</ymin><xmax>339</xmax><ymax>218</ymax></bndbox></object><object><name>man</name><object_id>2646555</object_id><difficult>0</difficult><bndbox><xmin>414</xmin><ymin>123</ymin><xmax>496</xmax><ymax>344</ymax></bndbox></object><object><name>sidewalk</name><object_id>3887561</object_id><difficult>0</difficult><bndbox><xmin>331</xmin><ymin>223</ymin><xmax>476</xmax><ymax>400</ymax></bndbox></object><object><name>people</name><object_id>2453914</object_id><difficult>0</difficult><bndbox><xmin>189</xmin><ymin>118</ymin><xmax>271</xmax><ymax>148</ymax></bndbox></object><relation><subject_id>2337599</subject_id><object_id>2337600</object_id><predicate>driving down</predicate></relation><relation><subject_id>2646555</subject_id><object_id>2646558</object_id><predicate>walking towards</predicate></relation><relation><subject_id>2453914</subject_id><object_id>3887561</object_id><predicate>walking towards</predicate></relation></annotation>