<annotation><folder>VG_100K</folder><filename>2364523.jpg</filename><source><database>Visual Genome Version 1.2</database><image_id>2364523</image_id><coco_id>None</coco_id><flickr_id>9573037325</flickr_id></source><size><width>500</width><height>346</height><depth>3</depth></size><segmented>0</segmented><object><name>he</name><object_id>3738095</object_id><difficult>0</difficult><bndbox><xmin>124</xmin><ymin>28</ymin><xmax>219</xmax><ymax>345</ymax></bndbox></object><object><name>racket</name><object_id>2132560</object_id><difficult>0</difficult><bndbox><xmin>43</xmin><ymin>6</ymin><xmax>316</xmax><ymax>343</ymax></bndbox></object><relation><subject_id>3738095</subject_id><object_id>2132560</object_id><predicate>swinging</predicate></relation></annotation>