<annotation><folder>VG_100K</folder><filename>2364670.jpg</filename><source><database>Visual Genome Version 1.2</database><image_id>2364670</image_id><coco_id>None</coco_id><flickr_id>9336872726</flickr_id></source><size><width>500</width><height>375</height><depth>3</depth></size><segmented>0</segmented><object><name>water</name><object_id>3888475</object_id><difficult>0</difficult><bndbox><xmin>2</xmin><ymin>156</ymin><xmax>498</xmax><ymax>372</ymax></bndbox><attribute>calm</attribute></object><object><name>bird</name><object_id>3888473</object_id><difficult>0</difficult><bndbox><xmin>252</xmin><ymin>172</ymin><xmax>321</xmax><ymax>200</ymax></bndbox></object><object><name>canopy</name><object_id>2045886</object_id><difficult>0</difficult><bndbox><xmin>110</xmin><ymin>155</ymin><xmax>227</xmax><ymax>224</ymax></bndbox><attribute>striped</attribute></object><object><name>boat</name><object_id>2301549</object_id><difficult>0</difficult><bndbox><xmin>25</xmin><ymin>156</ymin><xmax>256</xmax><ymax>255</ymax></bndbox></object><object><name>mountain</name><object_id>2094448</object_id><difficult>0</difficult><bndbox><xmin>263</xmin><ymin>105</ymin><xmax>498</xmax><ymax>138</ymax></bndbox><attribute>brown</attribute></object><object><name>horizon</name><object_id>2094449</object_id><difficult>0</difficult><bndbox><xmin>0</xmin><ymin>116</ymin><xmax>497</xmax><ymax>124</ymax></bndbox></object><object><name>birds</name><object_id>2459122</object_id><difficult>0</difficult><bndbox><xmin>119</xmin><ymin>218</ymin><xmax>386</xmax><ymax>267</ymax></bndbox></object><relation><subject_id>3888473</subject_id><object_id>3888475</object_id><predicate>flying in</predicate></relation><relation><subject_id>2045886</subject_id><object_id>2301549</object_id><predicate>top of</predicate></relation><relation><subject_id>2094448</subject_id><object_id>2094449</object_id><predicate>visible on</predicate></relation><relation><subject_id>2459122</subject_id><object_id>3888475</object_id><predicate>floating in</predicate></relation></annotation>