<annotation><folder>VG_100K</folder><filename>2364498.jpg</filename><source><database>Visual Genome Version 1.2</database><image_id>2364498</image_id><coco_id>None</coco_id><flickr_id>8275705077</flickr_id></source><size><width>456</width><height>500</height><depth>3</depth></size><segmented>0</segmented><object><name>woman</name><object_id>1925475</object_id><difficult>0</difficult><bndbox><xmin>293</xmin><ymin>129</ymin><xmax>390</xmax><ymax>460</ymax></bndbox></object><object><name>rain</name><object_id>1925476</object_id><difficult>0</difficult><bndbox><xmin>110</xmin><ymin>193</ymin><xmax>235</xmax><ymax>290</ymax></bndbox></object><object><name>woman</name><object_id>1925279</object_id><difficult>0</difficult><bndbox><xmin>302</xmin><ymin>135</ymin><xmax>383</xmax><ymax>216</ymax></bndbox></object><object><name>street</name><object_id>1925280</object_id><difficult>0</difficult><bndbox><xmin>167</xmin><ymin>233</ymin><xmax>289</xmax><ymax>446</ymax></bndbox></object><object><name>car</name><object_id>3738337</object_id><difficult>0</difficult><bndbox><xmin>127</xmin><ymin>87</ymin><xmax>183</xmax><ymax>212</ymax></bndbox><attribute>black</attribute></object><object><name>street</name><object_id>3888825</object_id><difficult>0</difficult><bndbox><xmin>128</xmin><ymin>271</ymin><xmax>191</xmax><ymax>341</ymax></bndbox></object><relation><subject_id>1925475</subject_id><object_id>1925476</object_id><predicate>walking towards</predicate></relation><relation><subject_id>1925279</subject_id><object_id>1925280</object_id><predicate>walking towards</predicate></relation><relation><subject_id>3738337</subject_id><object_id>3888825</object_id><predicate>driving down</predicate></relation></annotation>