<annotation><folder>VG_100K</folder><filename>2364582.jpg</filename><source><database>Visual Genome Version 1.2</database><image_id>2364582</image_id><coco_id>73946</coco_id><flickr_id>4345743530</flickr_id></source><size><width>500</width><height>334</height><depth>3</depth></size><segmented>0</segmented><object><name>guy</name><object_id>3737528</object_id><difficult>0</difficult><bndbox><xmin>275</xmin><ymin>50</ymin><xmax>495</xmax><ymax>330</ymax></bndbox></object><object><name>guy</name><object_id>3737527</object_id><difficult>0</difficult><bndbox><xmin>85</xmin><ymin>62</ymin><xmax>223</xmax><ymax>332</ymax></bndbox></object><object><name>surfboard</name><object_id>2152178</object_id><difficult>0</difficult><bndbox><xmin>199</xmin><ymin>26</ymin><xmax>359</xmax><ymax>331</ymax></bndbox></object><object><name>surfboard</name><object_id>1917390</object_id><difficult>0</difficult><bndbox><xmin>196</xmin><ymin>35</ymin><xmax>350</xmax><ymax>304</ymax></bndbox><attribute>black</attribute></object><object><name>rack</name><object_id>3888777</object_id><difficult>0</difficult><bndbox><xmin>0</xmin><ymin>80</ymin><xmax>116</xmax><ymax>194</ymax></bndbox></object><object><name>towel</name><object_id>1701666</object_id><difficult>0</difficult><bndbox><xmin>2</xmin><ymin>91</ymin><xmax>110</xmax><ymax>211</ymax></bndbox></object><object><name>man</name><object_id>1917389</object_id><difficult>0</difficult><bndbox><xmin>246</xmin><ymin>303</ymin><xmax>306</xmax><ymax>332</ymax></bndbox></object><object><name>man</name><object_id>1825415</object_id><difficult>0</difficult><bndbox><xmin>83</xmin><ymin>61</ymin><xmax>221</xmax><ymax>332</ymax></bndbox></object><object><name>man</name><object_id>2360736</object_id><difficult>0</difficult><bndbox><xmin>285</xmin><ymin>61</ymin><xmax>451</xmax><ymax>251</ymax></bndbox></object><relation><subject_id>3737528</subject_id><object_id>2152178</object_id><predicate>biting</predicate></relation><relation><subject_id>3737527</subject_id><object_id>2152178</object_id><predicate>biting</predicate></relation><relation><subject_id>1701666</subject_id><object_id>3888777</object_id><predicate>hanging on a</predicate></relation><relation><subject_id>1917389</subject_id><object_id>1917390</object_id><predicate>under a</predicate></relation><relation><subject_id>1825415</subject_id><object_id>1917390</object_id><predicate>biting</predicate></relation><relation><subject_id>2360736</subject_id><object_id>1917390</object_id><predicate>biting</predicate></relation></annotation>