<annotation><folder>VG_100K</folder><filename>2364676.jpg</filename><source><database>Visual Genome Version 1.2</database><image_id>2364676</image_id><coco_id>None</coco_id><flickr_id>9734047826</flickr_id></source><size><width>333</width><height>500</height><depth>3</depth></size><segmented>0</segmented><object><name>truck</name><object_id>1859652</object_id><difficult>0</difficult><bndbox><xmin>20</xmin><ymin>381</ymin><xmax>295</xmax><ymax>471</ymax></bndbox><attribute>blue</attribute></object><object><name>logo</name><object_id>2384164</object_id><difficult>0</difficult><bndbox><xmin>89</xmin><ymin>396</ymin><xmax>146</xmax><ymax>416</ymax></bndbox></object><relation><subject_id>2384164</subject_id><object_id>1859652</object_id><predicate>written on</predicate></relation></annotation>