<annotation><folder>VG_100K</folder><filename>2364562.jpg</filename><source><database>Visual Genome Version 1.2</database><image_id>2364562</image_id><coco_id>None</coco_id><flickr_id>3060424682</flickr_id></source><size><width>500</width><height>375</height><depth>3</depth></size><segmented>0</segmented><object><name>clock</name><object_id>2481995</object_id><difficult>0</difficult><bndbox><xmin>15</xmin><ymin>0</ymin><xmax>52</xmax><ymax>37</ymax></bndbox></object><object><name>door</name><object_id>2481996</object_id><difficult>0</difficult><bndbox><xmin>1</xmin><ymin>21</ymin><xmax>85</xmax><ymax>251</ymax></bndbox></object><object><name>windows</name><object_id>3737750</object_id><difficult>0</difficult><bndbox><xmin>351</xmin><ymin>14</ymin><xmax>451</xmax><ymax>180</ymax></bndbox></object><object><name>windows</name><object_id>3737749</object_id><difficult>0</difficult><bndbox><xmin>255</xmin><ymin>19</ymin><xmax>355</xmax><ymax>169</ymax></bndbox></object><object><name>windows</name><object_id>3737748</object_id><difficult>0</difficult><bndbox><xmin>168</xmin><ymin>25</ymin><xmax>264</xmax><ymax>179</ymax></bndbox></object><object><name>sofa</name><object_id>2144372</object_id><difficult>0</difficult><bndbox><xmin>138</xmin><ymin>124</ymin><xmax>423</xmax><ymax>297</ymax></bndbox><attribute>white</attribute></object><relation><subject_id>2481995</subject_id><object_id>2481996</object_id><predicate>hanging on a</predicate></relation><relation><subject_id>2144372</subject_id><object_id>3737750</object_id><predicate>under a</predicate></relation><relation><subject_id>2144372</subject_id><object_id>3737749</object_id><predicate>under a</predicate></relation><relation><subject_id>2144372</subject_id><object_id>3737748</object_id><predicate>under a</predicate></relation></annotation>