<annotation><folder>VG_100K</folder><filename>2364471.jpg</filename><source><database>Visual Genome Version 1.2</database><image_id>2364471</image_id><coco_id>145896</coco_id><flickr_id>6336062629</flickr_id></source><size><width>500</width><height>312</height><depth>3</depth></size><segmented>0</segmented><object><name>building</name><object_id>640858</object_id><difficult>0</difficult><bndbox><xmin>96</xmin><ymin>97</ymin><xmax>283</xmax><ymax>310</ymax></bndbox></object><object><name>square</name><object_id>640860</object_id><difficult>0</difficult><bndbox><xmin>201</xmin><ymin>98</ymin><xmax>215</xmax><ymax>109</ymax></bndbox></object><relation><subject_id>640860</subject_id><object_id>640858</object_id><predicate>top of</predicate></relation></annotation>