<annotation><folder>VG_100K</folder><filename>2364600.jpg</filename><source><database>Visual Genome Version 1.2</database><image_id>2364600</image_id><coco_id>None</coco_id><flickr_id>5012358430</flickr_id></source><size><width>500</width><height>375</height><depth>3</depth></size><segmented>0</segmented><object><name>boat</name><object_id>2130551</object_id><difficult>0</difficult><bndbox><xmin>18</xmin><ymin>2</ymin><xmax>344</xmax><ymax>173</ymax></bndbox></object><object><name>ropes</name><object_id>2130550</object_id><difficult>0</difficult><bndbox><xmin>1</xmin><ymin>127</ymin><xmax>69</xmax><ymax>170</ymax></bndbox></object><relation><subject_id>2130550</subject_id><object_id>2130551</object_id><predicate>attached</predicate></relation></annotation>