<annotation><folder>VG_100K</folder><filename>2364462.jpg</filename><source><database>Visual Genome Version 1.2</database><image_id>2364462</image_id><coco_id>12240</coco_id><flickr_id>5833445129</flickr_id></source><size><width>500</width><height>375</height><depth>3</depth></size><segmented>0</segmented><object><name>man</name><object_id>2123661</object_id><difficult>0</difficult><bndbox><xmin>278</xmin><ymin>109</ymin><xmax>310</xmax><ymax>149</ymax></bndbox></object><object><name>woman</name><object_id>2123662</object_id><difficult>0</difficult><bndbox><xmin>266</xmin><ymin>109</ymin><xmax>283</xmax><ymax>143</ymax></bndbox></object><object><name>elephant</name><object_id>2123663</object_id><difficult>0</difficult><bndbox><xmin>233</xmin><ymin>144</ymin><xmax>352</xmax><ymax>319</ymax></bndbox></object><relation><subject_id>2123661</subject_id><object_id>2123663</object_id><predicate>top of</predicate></relation><relation><subject_id>2123662</subject_id><object_id>2123663</object_id><predicate>top of</predicate></relation></annotation>