<annotation><folder>VG_100K</folder><filename>2364840.jpg</filename><source><database>Visual Genome Version 1.2</database><image_id>2364840</image_id><coco_id>None</coco_id><flickr_id>473535636</flickr_id></source><size><width>500</width><height>475</height><depth>3</depth></size><segmented>0</segmented><object><name>wall</name><object_id>4071521</object_id><difficult>0</difficult><bndbox><xmin>346</xmin><ymin>11</ymin><xmax>491</xmax><ymax>283</ymax></bndbox></object><object><name>base</name><object_id>4071520</object_id><difficult>0</difficult><bndbox><xmin>346</xmin><ymin>280</ymin><xmax>487</xmax><ymax>303</ymax></bndbox><attribute>black</attribute></object><relation><subject_id>4071520</subject_id><object_id>4071521</object_id><predicate>under a</predicate></relation></annotation>