<annotation><folder>VG_100K</folder><filename>2364640.jpg</filename><source><database>Visual Genome Version 1.2</database><image_id>2364640</image_id><coco_id>None</coco_id><flickr_id>7661175078</flickr_id></source><size><width>500</width><height>364</height><depth>3</depth></size><segmented>0</segmented><object><name>boy</name><object_id>639971</object_id><difficult>0</difficult><bndbox><xmin>196</xmin><ymin>19</ymin><xmax>435</xmax><ymax>314</ymax></bndbox><attribute>posing</attribute><attribute>sitting</attribute></object><object><name>girl</name><object_id>639972</object_id><difficult>0</difficult><bndbox><xmin>77</xmin><ymin>64</ymin><xmax>240</xmax><ymax>315</ymax></bndbox></object><object><name>tie</name><object_id>639975</object_id><difficult>0</difficult><bndbox><xmin>250</xmin><ymin>103</ymin><xmax>276</xmax><ymax>134</ymax></bndbox><attribute>black</attribute></object><object><name>ears</name><object_id>639979</object_id><difficult>0</difficult><bndbox><xmin>227</xmin><ymin>55</ymin><xmax>292</xmax><ymax>84</ymax></bndbox></object><object><name>head</name><object_id>639980</object_id><difficult>0</difficult><bndbox><xmin>189</xmin><ymin>23</ymin><xmax>312</xmax><ymax>124</ymax></bndbox></object><object><name>children</name><object_id>639990</object_id><difficult>0</difficult><bndbox><xmin>0</xmin><ymin>4</ymin><xmax>499</xmax><ymax>321</ymax></bndbox></object><object><name>tree</name><object_id>639991</object_id><difficult>0</difficult><bndbox><xmin>8</xmin><ymin>6</ymin><xmax>478</xmax><ymax>64</ymax></bndbox></object><object><name>sweater</name><object_id>639992</object_id><difficult>0</difficult><bndbox><xmin>196</xmin><ymin>92</ymin><xmax>317</xmax><ymax>199</ymax></bndbox></object><object><name>ground</name><object_id>639994</object_id><difficult>0</difficult><bndbox><xmin>7</xmin><ymin>223</ymin><xmax>499</xmax><ymax>363</ymax></bndbox></object><relation><subject_id>639979</subject_id><object_id>639980</object_id><predicate>on other side of</predicate></relation><relation><subject_id>639990</subject_id><object_id>639991</object_id><predicate>under a</predicate></relation><relation><subject_id>639975</subject_id><object_id>639992</object_id><predicate>under a</predicate></relation><relation><subject_id>639972</subject_id><object_id>639994</object_id><predicate>sitting on a</predicate></relation><relation><subject_id>639971</subject_id><object_id>639994</object_id><predicate>sitting on a</predicate></relation></annotation>