<annotation><folder>VG_100K</folder><filename>2364856.jpg</filename><source><database>Visual Genome Version 1.2</database><image_id>2364856</image_id><coco_id>43816</coco_id><flickr_id>2320943284</flickr_id></source><size><width>500</width><height>333</height><depth>3</depth></size><segmented>0</segmented><object><name>hands</name><object_id>1998979</object_id><difficult>0</difficult><bndbox><xmin>222</xmin><ymin>132</ymin><xmax>261</xmax><ymax>159</ymax></bndbox><attribute>swinging</attribute></object><object><name>bat</name><object_id>1998980</object_id><difficult>0</difficult><bndbox><xmin>240</xmin><ymin>140</ymin><xmax>332</xmax><ymax>174</ymax></bndbox></object><relation><subject_id>1998979</subject_id><object_id>1998980</object_id><predicate>swinging</predicate></relation></annotation>