<annotation><folder>VG_100K</folder><filename>2364478.jpg</filename><source><database>Visual Genome Version 1.2</database><image_id>2364478</image_id><coco_id>None</coco_id><flickr_id>6495610677</flickr_id></source><size><width>500</width><height>333</height><depth>3</depth></size><segmented>0</segmented><object><name>elephant</name><object_id>2955481</object_id><difficult>0</difficult><bndbox><xmin>164</xmin><ymin>95</ymin><xmax>366</xmax><ymax>230</ymax></bndbox><attribute>grey</attribute></object><object><name>grass</name><object_id>2567634</object_id><difficult>0</difficult><bndbox><xmin>4</xmin><ymin>177</ymin><xmax>498</xmax><ymax>329</ymax></bndbox><attribute>brown</attribute><attribute>short</attribute><attribute>green</attribute></object><object><name>trees</name><object_id>3388335</object_id><difficult>0</difficult><bndbox><xmin>0</xmin><ymin>0</ymin><xmax>500</xmax><ymax>268</ymax></bndbox></object><relation><subject_id>2955481</subject_id><object_id>3388335</object_id><predicate>among</predicate></relation><relation><subject_id>2955481</subject_id><object_id>2567634</object_id><predicate>among</predicate></relation></annotation>