<annotation><folder>VG_100K</folder><filename>2364493.jpg</filename><source><database>Visual Genome Version 1.2</database><image_id>2364493</image_id><coco_id>None</coco_id><flickr_id>7096461977</flickr_id></source><size><width>500</width><height>359</height><depth>3</depth></size><segmented>0</segmented><object><name>motorcycle</name><object_id>1781934</object_id><difficult>0</difficult><bndbox><xmin>239</xmin><ymin>230</ymin><xmax>372</xmax><ymax>320</ymax></bndbox></object><object><name>parking lot</name><object_id>1779768</object_id><difficult>0</difficult><bndbox><xmin>3</xmin><ymin>277</ymin><xmax>498</xmax><ymax>355</ymax></bndbox><attribute>asphalt</attribute></object><object><name>line</name><object_id>1779764</object_id><difficult>0</difficult><bndbox><xmin>466</xmin><ymin>273</ymin><xmax>498</xmax><ymax>296</ymax></bndbox><attribute>white</attribute></object><object><name>license plate</name><object_id>1781933</object_id><difficult>0</difficult><bndbox><xmin>234</xmin><ymin>259</ymin><xmax>247</xmax><ymax>270</ymax></bndbox><attribute>white</attribute></object><object><name>jug</name><object_id>3738378</object_id><difficult>0</difficult><bndbox><xmin>395</xmin><ymin>140</ymin><xmax>419</xmax><ymax>187</ymax></bndbox><attribute>brown</attribute></object><object><name>statue</name><object_id>3738381</object_id><difficult>0</difficult><bndbox><xmin>282</xmin><ymin>49</ymin><xmax>421</xmax><ymax>239</ymax></bndbox><attribute>wooden</attribute></object><relation><subject_id>1779764</subject_id><object_id>1779768</object_id><predicate>drawn on</predicate></relation><relation><subject_id>1781933</subject_id><object_id>1781934</object_id><predicate>on back of</predicate></relation><relation><subject_id>3738378</subject_id><object_id>3738381</object_id><predicate>on other side of</predicate></relation></annotation>