<annotation><folder>VG_100K</folder><filename>2364941.jpg</filename><source><database>Visual Genome Version 1.2</database><image_id>2364941</image_id><coco_id>186797</coco_id><flickr_id>8450509780</flickr_id></source><size><width>375</width><height>500</height><depth>3</depth></size><segmented>0</segmented><object><name>street sign</name><object_id>637530</object_id><difficult>0</difficult><bndbox><xmin>134</xmin><ymin>77</ymin><xmax>270</xmax><ymax>104</ymax></bndbox><attribute>blue</attribute><attribute>white</attribute></object><object><name>street sign</name><object_id>637531</object_id><difficult>0</difficult><bndbox><xmin>132</xmin><ymin>101</ymin><xmax>201</xmax><ymax>123</ymax></bndbox><attribute>blue</attribute><attribute>white</attribute></object><object><name>pole</name><object_id>637535</object_id><difficult>0</difficult><bndbox><xmin>69</xmin><ymin>0</ymin><xmax>140</xmax><ymax>455</ymax></bndbox></object><object><name>sidewalk</name><object_id>637541</object_id><difficult>0</difficult><bndbox><xmin>296</xmin><ymin>316</ymin><xmax>374</xmax><ymax>499</ymax></bndbox></object><relation><subject_id>637541</subject_id><object_id>637535</object_id><predicate>beside</predicate></relation><relation><subject_id>637530</subject_id><object_id>637535</object_id><predicate>on other side of</predicate></relation><relation><subject_id>637531</subject_id><object_id>637535</object_id><predicate>on other side of</predicate></relation></annotation>