<annotation><folder>VG_100K</folder><filename>2364521.jpg</filename><source><database>Visual Genome Version 1.2</database><image_id>2364521</image_id><coco_id>349566</coco_id><flickr_id>9501792725</flickr_id></source><size><width>333</width><height>500</height><depth>3</depth></size><segmented>0</segmented><object><name>giraffe</name><object_id>3738106</object_id><difficult>0</difficult><bndbox><xmin>14</xmin><ymin>56</ymin><xmax>256</xmax><ymax>381</ymax></bndbox><attribute>baby</attribute></object><object><name>hay</name><object_id>3738119</object_id><difficult>0</difficult><bndbox><xmin>0</xmin><ymin>53</ymin><xmax>331</xmax><ymax>498</ymax></bndbox></object><object><name>hay</name><object_id>1888000</object_id><difficult>0</difficult><bndbox><xmin>103</xmin><ymin>61</ymin><xmax>259</xmax><ymax>104</ymax></bndbox></object><object><name>hay</name><object_id>1888001</object_id><difficult>0</difficult><bndbox><xmin>264</xmin><ymin>70</ymin><xmax>332</xmax><ymax>275</ymax></bndbox></object><object><name>hay</name><object_id>1888002</object_id><difficult>0</difficult><bndbox><xmin>4</xmin><ymin>132</ymin><xmax>73</xmax><ymax>308</ymax></bndbox></object><object><name>hay</name><object_id>1888003</object_id><difficult>0</difficult><bndbox><xmin>6</xmin><ymin>382</ymin><xmax>324</xmax><ymax>494</ymax></bndbox></object><object><name>giraffe</name><object_id>1779147</object_id><difficult>0</difficult><bndbox><xmin>33</xmin><ymin>90</ymin><xmax>264</xmax><ymax>348</ymax></bndbox><attribute>baby</attribute></object><object><name>hoof</name><object_id>1844523</object_id><difficult>0</difficult><bndbox><xmin>93</xmin><ymin>345</ymin><xmax>122</xmax><ymax>375</ymax></bndbox></object><object><name>hoof</name><object_id>1844524</object_id><difficult>0</difficult><bndbox><xmin>178</xmin><ymin>341</ymin><xmax>214</xmax><ymax>379</ymax></bndbox></object><object><name>hoof</name><object_id>1844525</object_id><difficult>0</difficult><bndbox><xmin>199</xmin><ymin>320</ymin><xmax>224</xmax><ymax>356</ymax></bndbox></object><object><name>hoof</name><object_id>1844526</object_id><difficult>0</difficult><bndbox><xmin>219</xmin><ymin>309</ymin><xmax>248</xmax><ymax>357</ymax></bndbox></object><relation><subject_id>3738106</subject_id><object_id>1888003</object_id><predicate>walking towards</predicate></relation><relation><subject_id>3738106</subject_id><object_id>1888002</object_id><predicate>walking towards</predicate></relation><relation><subject_id>3738106</subject_id><object_id>1888001</object_id><predicate>walking towards</predicate></relation><relation><subject_id>3738106</subject_id><object_id>1888000</object_id><predicate>walking towards</predicate></relation><relation><subject_id>3738106</subject_id><object_id>3738119</object_id><predicate>walking towards</predicate></relation><relation><subject_id>1779147</subject_id><object_id>3738119</object_id><predicate>walking towards</predicate></relation><relation><subject_id>1844523</subject_id><object_id>3738106</object_id><predicate>belonging to</predicate></relation><relation><subject_id>1844524</subject_id><object_id>3738106</object_id><predicate>belonging to</predicate></relation><relation><subject_id>1844525</subject_id><object_id>3738106</object_id><predicate>belonging to</predicate></relation><relation><subject_id>1844526</subject_id><object_id>3738106</object_id><predicate>belonging to</predicate></relation></annotation>