<annotation><folder>VG_100K</folder><filename>2364650.jpg</filename><source><database>Visual Genome Version 1.2</database><image_id>2364650</image_id><coco_id>None</coco_id><flickr_id>8151314378</flickr_id></source><size><width>500</width><height>332</height><depth>3</depth></size><segmented>0</segmented><object><name>kids</name><object_id>3443339</object_id><difficult>0</difficult><bndbox><xmin>0</xmin><ymin>12</ymin><xmax>453</xmax><ymax>315</ymax></bndbox></object><object><name>ground</name><object_id>3888583</object_id><difficult>0</difficult><bndbox><xmin>23</xmin><ymin>270</ymin><xmax>203</xmax><ymax>330</ymax></bndbox></object><relation><subject_id>3888583</subject_id><object_id>3443339</object_id><predicate>under a</predicate></relation></annotation>