<annotation><folder>VG_100K</folder><filename>2364529.jpg</filename><source><database>Visual Genome Version 1.2</database><image_id>2364529</image_id><coco_id>446307</coco_id><flickr_id>10174788825</flickr_id></source><size><width>500</width><height>306</height><depth>3</depth></size><segmented>0</segmented><object><name>awning</name><object_id>3738044</object_id><difficult>0</difficult><bndbox><xmin>6</xmin><ymin>60</ymin><xmax>246</xmax><ymax>131</ymax></bndbox></object><object><name>bench</name><object_id>2557972</object_id><difficult>0</difficult><bndbox><xmin>28</xmin><ymin>153</ymin><xmax>91</xmax><ymax>180</ymax></bndbox><attribute>white</attribute><attribute>wood</attribute></object><object><name>line</name><object_id>2844666</object_id><difficult>0</difficult><bndbox><xmin>306</xmin><ymin>153</ymin><xmax>333</xmax><ymax>304</ymax></bndbox><attribute>yellow</attribute></object><object><name>tracks</name><object_id>2844667</object_id><difficult>0</difficult><bndbox><xmin>0</xmin><ymin>175</ymin><xmax>293</xmax><ymax>304</ymax></bndbox></object><object><name>train tracks</name><object_id>3348832</object_id><difficult>0</difficult><bndbox><xmin>156</xmin><ymin>197</ymin><xmax>250</xmax><ymax>303</ymax></bndbox></object><object><name>train</name><object_id>3348833</object_id><difficult>0</difficult><bndbox><xmin>217</xmin><ymin>99</ymin><xmax>327</xmax><ymax>184</ymax></bndbox></object><relation><subject_id>2557972</subject_id><object_id>3738044</object_id><predicate>under a</predicate></relation><relation><subject_id>2844666</subject_id><object_id>2844667</object_id><predicate>beside</predicate></relation><relation><subject_id>3348832</subject_id><object_id>3348833</object_id><predicate>beside</predicate></relation></annotation>