<annotation><folder>VG_100K</folder><filename>2364632.jpg</filename><source><database>Visual Genome Version 1.2</database><image_id>2364632</image_id><coco_id>None</coco_id><flickr_id>7436358178</flickr_id></source><size><width>500</width><height>333</height><depth>3</depth></size><segmented>0</segmented><object><name>truck</name><object_id>2230322</object_id><difficult>0</difficult><bndbox><xmin>32</xmin><ymin>73</ymin><xmax>401</xmax><ymax>275</ymax></bndbox><attribute>blue</attribute><attribute>gray</attribute></object><object><name>street</name><object_id>1849517</object_id><difficult>0</difficult><bndbox><xmin>19</xmin><ymin>134</ymin><xmax>440</xmax><ymax>328</ymax></bndbox><attribute>grey</attribute></object><object><name>truck</name><object_id>2679239</object_id><difficult>0</difficult><bndbox><xmin>34</xmin><ymin>46</ymin><xmax>388</xmax><ymax>266</ymax></bndbox><attribute>blue</attribute><attribute>gray</attribute></object><object><name>bed</name><object_id>2424088</object_id><difficult>0</difficult><bndbox><xmin>20</xmin><ymin>75</ymin><xmax>210</xmax><ymax>189</ymax></bndbox><attribute>grey</attribute></object><object><name>truck</name><object_id>2424089</object_id><difficult>0</difficult><bndbox><xmin>47</xmin><ymin>61</ymin><xmax>389</xmax><ymax>258</ymax></bndbox></object><object><name>cab</name><object_id>2679240</object_id><difficult>0</difficult><bndbox><xmin>199</xmin><ymin>109</ymin><xmax>389</xmax><ymax>269</ymax></bndbox><attribute>blue</attribute></object><relation><subject_id>1849517</subject_id><object_id>2230322</object_id><predicate>under a</predicate></relation><relation><subject_id>2424088</subject_id><object_id>2424089</object_id><predicate>attached</predicate></relation><relation><subject_id>2679239</subject_id><object_id>2679240</object_id><predicate>attached</predicate></relation></annotation>