<annotation><folder>VG_100K</folder><filename>2364777.jpg</filename><source><database>Visual Genome Version 1.2</database><image_id>2364777</image_id><coco_id>None</coco_id><flickr_id>6014246031</flickr_id></source><size><width>375</width><height>500</height><depth>3</depth></size><segmented>0</segmented><object><name>sink</name><object_id>638888</object_id><difficult>0</difficult><bndbox><xmin>247</xmin><ymin>340</ymin><xmax>375</xmax><ymax>450</ymax></bndbox><attribute>white</attribute><attribute>rectangle</attribute></object><object><name>mirror</name><object_id>638889</object_id><difficult>0</difficult><bndbox><xmin>331</xmin><ymin>76</ymin><xmax>374</xmax><ymax>312</ymax></bndbox></object><object><name>wall</name><object_id>638890</object_id><difficult>0</difficult><bndbox><xmin>180</xmin><ymin>0</ymin><xmax>375</xmax><ymax>499</ymax></bndbox><attribute>tile</attribute><attribute>white</attribute><attribute>tiled</attribute></object><object><name>light</name><object_id>638894</object_id><difficult>0</difficult><bndbox><xmin>364</xmin><ymin>64</ymin><xmax>375</xmax><ymax>100</ymax></bndbox><attribute>clear</attribute><attribute>silver</attribute></object><object><name>drawer</name><object_id>638912</object_id><difficult>0</difficult><bndbox><xmin>259</xmin><ymin>441</ymin><xmax>374</xmax><ymax>500</ymax></bndbox><attribute>plastic</attribute></object><object><name>pipe</name><object_id>638916</object_id><difficult>0</difficult><bndbox><xmin>336</xmin><ymin>437</ymin><xmax>349</xmax><ymax>464</ymax></bndbox><attribute>metal</attribute></object><relation><subject_id>638889</subject_id><object_id>638890</object_id><predicate>attached</predicate></relation><relation><subject_id>638912</subject_id><object_id>638888</object_id><predicate>under a</predicate></relation><relation><subject_id>638916</subject_id><object_id>638888</object_id><predicate>under a</predicate></relation><relation><subject_id>638894</subject_id><object_id>638889</object_id><predicate>top of</predicate></relation><relation><subject_id>638916</subject_id><object_id>638888</object_id><predicate>under a</predicate></relation><relation><subject_id>638912</subject_id><object_id>638888</object_id><predicate>under a</predicate></relation><relation><subject_id>638894</subject_id><object_id>638890</object_id><predicate>attached</predicate></relation></annotation>