<annotation><folder>VG_100K</folder><filename>2364920.jpg</filename><source><database>Visual Genome Version 1.2</database><image_id>2364920</image_id><coco_id>502593</coco_id><flickr_id>7275803380</flickr_id></source><size><width>500</width><height>375</height><depth>3</depth></size><segmented>0</segmented><object><name>sheep</name><object_id>637768</object_id><difficult>0</difficult><bndbox><xmin>201</xmin><ymin>156</ymin><xmax>277</xmax><ymax>263</ymax></bndbox><attribute>brown</attribute><attribute>dark brown</attribute><attribute>black</attribute></object><object><name>lamb</name><object_id>637769</object_id><difficult>0</difficult><bndbox><xmin>178</xmin><ymin>210</ymin><xmax>257</xmax><ymax>258</ymax></bndbox><attribute>white</attribute><attribute>black</attribute></object><object><name>roof</name><object_id>637776</object_id><difficult>0</difficult><bndbox><xmin>103</xmin><ymin>80</ymin><xmax>159</xmax><ymax>100</ymax></bndbox></object><object><name>house</name><object_id>637777</object_id><difficult>0</difficult><bndbox><xmin>125</xmin><ymin>85</ymin><xmax>158</xmax><ymax>124</ymax></bndbox></object><relation><subject_id>637776</subject_id><object_id>637777</object_id><predicate>top of</predicate></relation><relation><subject_id>637776</subject_id><object_id>637777</object_id><predicate>top of</predicate></relation><relation><subject_id>637776</subject_id><object_id>637777</object_id><predicate>top of</predicate></relation><relation><subject_id>637776</subject_id><object_id>637777</object_id><predicate>top of</predicate></relation><relation><subject_id>637776</subject_id><object_id>637777</object_id><predicate>top of</predicate></relation><relation><subject_id>637769</subject_id><object_id>637768</object_id><predicate>under a</predicate></relation></annotation>