<annotation><folder>VG_100K</folder><filename>2364736.jpg</filename><source><database>Visual Genome Version 1.2</database><image_id>2364736</image_id><coco_id>None</coco_id><flickr_id>4255564783</flickr_id></source><size><width>500</width><height>334</height><depth>3</depth></size><segmented>0</segmented><object><name>dirt</name><object_id>3458470</object_id><difficult>0</difficult><bndbox><xmin>3</xmin><ymin>258</ymin><xmax>494</xmax><ymax>328</ymax></bndbox></object><object><name>baseball player</name><object_id>3726622</object_id><difficult>0</difficult><bndbox><xmin>165</xmin><ymin>114</ymin><xmax>325</xmax><ymax>306</ymax></bndbox></object><object><name>man</name><object_id>2884914</object_id><difficult>0</difficult><bndbox><xmin>177</xmin><ymin>125</ymin><xmax>324</xmax><ymax>299</ymax></bndbox><attribute>wearing</attribute><attribute>playing</attribute></object><object><name>bat</name><object_id>3726648</object_id><difficult>0</difficult><bndbox><xmin>305</xmin><ymin>88</ymin><xmax>392</xmax><ymax>168</ymax></bndbox></object><object><name>player</name><object_id>2517038</object_id><difficult>0</difficult><bndbox><xmin>159</xmin><ymin>114</ymin><xmax>349</xmax><ymax>311</ymax></bndbox></object><object><name>ball</name><object_id>2517039</object_id><difficult>0</difficult><bndbox><xmin>106</xmin><ymin>183</ymin><xmax>133</xmax><ymax>220</ymax></bndbox></object><relation><subject_id>3458470</subject_id><object_id>3726622</object_id><predicate>under a</predicate></relation><relation><subject_id>2884914</subject_id><object_id>3726648</object_id><predicate>swinging</predicate></relation><relation><subject_id>2517038</subject_id><object_id>2517039</object_id><predicate>hitting</predicate></relation></annotation>