<annotation><folder>VG_100K</folder><filename>2364961.jpg</filename><source><database>Visual Genome Version 1.2</database><image_id>2364961</image_id><coco_id>351588</coco_id><flickr_id>9353414428</flickr_id></source><size><width>500</width><height>333</height><depth>3</depth></size><segmented>0</segmented><object><name>lady</name><object_id>1694041</object_id><difficult>0</difficult><bndbox><xmin>205</xmin><ymin>70</ymin><xmax>265</xmax><ymax>228</ymax></bndbox><attribute>jumping</attribute></object><object><name>ball</name><object_id>2679955</object_id><difficult>0</difficult><bndbox><xmin>389</xmin><ymin>87</ymin><xmax>399</xmax><ymax>94</ymax></bndbox></object><object><name>tennis ball</name><object_id>1816814</object_id><difficult>0</difficult><bndbox><xmin>387</xmin><ymin>85</ymin><xmax>399</xmax><ymax>95</ymax></bndbox></object><object><name>woman</name><object_id>3886833</object_id><difficult>0</difficult><bndbox><xmin>200</xmin><ymin>70</ymin><xmax>267</xmax><ymax>225</ymax></bndbox></object><object><name>left hand</name><object_id>3886834</object_id><difficult>0</difficult><bndbox><xmin>250</xmin><ymin>83</ymin><xmax>260</xmax><ymax>93</ymax></bndbox></object><object><name>side</name><object_id>3886835</object_id><difficult>0</difficult><bndbox><xmin>0</xmin><ymin>180</ymin><xmax>484</xmax><ymax>268</ymax></bndbox><attribute>red</attribute></object><object><name>tennis court</name><object_id>2595352</object_id><difficult>0</difficult><bndbox><xmin>1</xmin><ymin>173</ymin><xmax>498</xmax><ymax>332</ymax></bndbox></object><object><name>area</name><object_id>1994895</object_id><difficult>0</difficult><bndbox><xmin>0</xmin><ymin>219</ymin><xmax>500</xmax><ymax>331</ymax></bndbox><attribute>green</attribute></object><relation><subject_id>1694041</subject_id><object_id>2679955</object_id><predicate>hitting</predicate></relation><relation><subject_id>1694041</subject_id><object_id>1816814</object_id><predicate>hitting</predicate></relation><relation><subject_id>3886834</subject_id><object_id>3886833</object_id><predicate>belonging to</predicate></relation><relation><subject_id>3886835</subject_id><object_id>2595352</object_id><predicate>belonging to</predicate></relation><relation><subject_id>1994895</subject_id><object_id>2595352</object_id><predicate>belonging to</predicate></relation></annotation>