<annotation><folder>VG_100K</folder><filename>2364898.jpg</filename><source><database>Visual Genome Version 1.2</database><image_id>2364898</image_id><coco_id>None</coco_id><flickr_id>5597046732</flickr_id></source><size><width>500</width><height>303</height><depth>3</depth></size><segmented>0</segmented><object><name>umbrella</name><object_id>637910</object_id><difficult>0</difficult><bndbox><xmin>67</xmin><ymin>136</ymin><xmax>208</xmax><ymax>231</ymax></bndbox><attribute>blue</attribute><attribute>black</attribute><attribute>red</attribute></object><object><name>person</name><object_id>637926</object_id><difficult>0</difficult><bndbox><xmin>233</xmin><ymin>186</ymin><xmax>336</xmax><ymax>264</ymax></bndbox><attribute>sitting</attribute></object><relation><subject_id>637926</subject_id><object_id>637910</object_id><predicate>under a</predicate></relation><relation><subject_id>637926</subject_id><object_id>637910</object_id><predicate>under a</predicate></relation></annotation>