<annotation><folder>VG_100K</folder><filename>2364951.jpg</filename><source><database>Visual Genome Version 1.2</database><image_id>2364951</image_id><coco_id>None</coco_id><flickr_id>8790526228</flickr_id></source><size><width>500</width><height>333</height><depth>3</depth></size><segmented>0</segmented><object><name>people</name><object_id>2448236</object_id><difficult>0</difficult><bndbox><xmin>451</xmin><ymin>183</ymin><xmax>481</xmax><ymax>226</ymax></bndbox></object><object><name>stairs</name><object_id>2448237</object_id><difficult>0</difficult><bndbox><xmin>412</xmin><ymin>224</ymin><xmax>461</xmax><ymax>256</ymax></bndbox></object><relation><subject_id>2448236</subject_id><object_id>2448237</object_id><predicate>top of</predicate></relation></annotation>