<annotation><folder>VG_100K</folder><filename>2364701.jpg</filename><source><database>Visual Genome Version 1.2</database><image_id>2364701</image_id><coco_id>174773</coco_id><flickr_id>339612335</flickr_id></source><size><width>500</width><height>375</height><depth>3</depth></size><segmented>0</segmented><object><name>white</name><object_id>3888291</object_id><difficult>0</difficult><bndbox><xmin>4</xmin><ymin>228</ymin><xmax>35</xmax><ymax>257</ymax></bndbox></object><object><name>person</name><object_id>1890574</object_id><difficult>0</difficult><bndbox><xmin>8</xmin><ymin>215</ymin><xmax>38</xmax><ymax>259</ymax></bndbox></object><object><name>ground</name><object_id>1890575</object_id><difficult>0</difficult><bndbox><xmin>0</xmin><ymin>169</ymin><xmax>365</xmax><ymax>374</ymax></bndbox></object><object><name>woman</name><object_id>2399228</object_id><difficult>0</difficult><bndbox><xmin>338</xmin><ymin>141</ymin><xmax>497</xmax><ymax>373</ymax></bndbox></object><object><name>woman</name><object_id>2399229</object_id><difficult>0</difficult><bndbox><xmin>251</xmin><ymin>147</ymin><xmax>383</xmax><ymax>337</ymax></bndbox></object><object><name>woman</name><object_id>3888302</object_id><difficult>0</difficult><bndbox><xmin>61</xmin><ymin>98</ymin><xmax>274</xmax><ymax>372</ymax></bndbox><attribute>one</attribute></object><object><name>umbrella</name><object_id>2399231</object_id><difficult>0</difficult><bndbox><xmin>0</xmin><ymin>0</ymin><xmax>452</xmax><ymax>113</ymax></bndbox><attribute>red</attribute></object><object><name>umbrella</name><object_id>2344964</object_id><difficult>0</difficult><bndbox><xmin>1</xmin><ymin>1</ymin><xmax>449</xmax><ymax>112</ymax></bndbox><attribute>white</attribute><attribute>red</attribute></object><object><name>lady</name><object_id>1679090</object_id><difficult>0</difficult><bndbox><xmin>247</xmin><ymin>139</ymin><xmax>375</xmax><ymax>374</ymax></bndbox><attribute>one</attribute></object><relation><subject_id>1890574</subject_id><object_id>3888291</object_id><predicate>dressed in</predicate></relation><relation><subject_id>1890574</subject_id><object_id>1890575</object_id><predicate>sitting on a</predicate></relation><relation><subject_id>2399228</subject_id><object_id>2399231</object_id><predicate>under a</predicate></relation><relation><subject_id>2399229</subject_id><object_id>2399231</object_id><predicate>under a</predicate></relation><relation><subject_id>3888302</subject_id><object_id>2399231</object_id><predicate>under a</predicate></relation><relation><subject_id>1679090</subject_id><object_id>2344964</object_id><predicate>under a</predicate></relation></annotation>