<annotation><folder>VG_100K</folder><filename>2364870.jpg</filename><source><database>Visual Genome Version 1.2</database><image_id>2364870</image_id><coco_id>None</coco_id><flickr_id>3806277484</flickr_id></source><size><width>375</width><height>500</height><depth>3</depth></size><segmented>0</segmented><object><name>hotdog</name><object_id>758457</object_id><difficult>0</difficult><bndbox><xmin>188</xmin><ymin>281</ymin><xmax>369</xmax><ymax>499</ymax></bndbox><attribute>full</attribute><attribute>red</attribute></object><object><name>paper</name><object_id>758461</object_id><difficult>0</difficult><bndbox><xmin>147</xmin><ymin>237</ymin><xmax>374</xmax><ymax>498</ymax></bndbox></object><relation><subject_id>758461</subject_id><object_id>758457</object_id><predicate>under a</predicate></relation></annotation>