<annotation><folder>VG_100K</folder><filename>2364661.jpg</filename><source><database>Visual Genome Version 1.2</database><image_id>2364661</image_id><coco_id>378419</coco_id><flickr_id>8735936026</flickr_id></source><size><width>500</width><height>332</height><depth>3</depth></size><segmented>0</segmented><object><name>flowers</name><object_id>1685617</object_id><difficult>0</difficult><bndbox><xmin>291</xmin><ymin>167</ymin><xmax>371</xmax><ymax>227</ymax></bndbox></object><object><name>fence</name><object_id>3888514</object_id><difficult>0</difficult><bndbox><xmin>0</xmin><ymin>100</ymin><xmax>386</xmax><ymax>321</ymax></bndbox></object><object><name>chair</name><object_id>3888518</object_id><difficult>0</difficult><bndbox><xmin>448</xmin><ymin>186</ymin><xmax>486</xmax><ymax>226</ymax></bndbox></object><object><name>woman</name><object_id>1918658</object_id><difficult>0</difficult><bndbox><xmin>456</xmin><ymin>160</ymin><xmax>487</xmax><ymax>224</ymax></bndbox></object><relation><subject_id>1685617</subject_id><object_id>3888514</object_id><predicate>hanging on a</predicate></relation><relation><subject_id>1918658</subject_id><object_id>3888518</object_id><predicate>sitting on a</predicate></relation></annotation>