<annotation><folder>VG_100K</folder><filename>2364976.jpg</filename><source><database>Visual Genome Version 1.2</database><image_id>2364976</image_id><coco_id>478518</coco_id><flickr_id>186392837</flickr_id></source><size><width>375</width><height>500</height><depth>3</depth></size><segmented>0</segmented><object><name>cup</name><object_id>2702373</object_id><difficult>0</difficult><bndbox><xmin>75</xmin><ymin>186</ymin><xmax>268</xmax><ymax>433</ymax></bndbox><attribute>clear</attribute></object><object><name>water</name><object_id>3886720</object_id><difficult>0</difficult><bndbox><xmin>91</xmin><ymin>242</ymin><xmax>259</xmax><ymax>432</ymax></bndbox></object><object><name>cup</name><object_id>1932291</object_id><difficult>0</difficult><bndbox><xmin>66</xmin><ymin>188</ymin><xmax>282</xmax><ymax>437</ymax></bndbox></object><object><name>bird</name><object_id>2209657</object_id><difficult>0</difficult><bndbox><xmin>133</xmin><ymin>88</ymin><xmax>265</xmax><ymax>216</ymax></bndbox><attribute>black</attribute></object><object><name>bird</name><object_id>3886721</object_id><difficult>0</difficult><bndbox><xmin>129</xmin><ymin>89</ymin><xmax>267</xmax><ymax>208</ymax></bndbox></object><relation><subject_id>1932291</subject_id><object_id>3886720</object_id><predicate>standing with</predicate></relation><relation><subject_id>3886720</subject_id><object_id>3886721</object_id><predicate>beneath</predicate></relation><relation><subject_id>2209657</subject_id><object_id>2702373</object_id><predicate>top of</predicate></relation></annotation>