<annotation><folder>VG_100K</folder><filename>2364605.jpg</filename><source><database>Visual Genome Version 1.2</database><image_id>2364605</image_id><coco_id>63886</coco_id><flickr_id>5419397230</flickr_id></source><size><width>500</width><height>409</height><depth>3</depth></size><segmented>0</segmented><object><name>wire</name><object_id>3737338</object_id><difficult>0</difficult><bndbox><xmin>137</xmin><ymin>59</ymin><xmax>185</xmax><ymax>146</ymax></bndbox></object><object><name>wire</name><object_id>3737337</object_id><difficult>0</difficult><bndbox><xmin>419</xmin><ymin>73</ymin><xmax>471</xmax><ymax>148</ymax></bndbox></object><object><name>wire</name><object_id>3737336</object_id><difficult>0</difficult><bndbox><xmin>326</xmin><ymin>26</ymin><xmax>486</xmax><ymax>128</ymax></bndbox></object><object><name>wire</name><object_id>3737335</object_id><difficult>0</difficult><bndbox><xmin>65</xmin><ymin>29</ymin><xmax>127</xmax><ymax>127</ymax></bndbox></object><object><name>ceiling</name><object_id>1984690</object_id><difficult>0</difficult><bndbox><xmin>379</xmin><ymin>42</ymin><xmax>435</xmax><ymax>89</ymax></bndbox></object><relation><subject_id>3737338</subject_id><object_id>1984690</object_id><predicate>hanging on a</predicate></relation><relation><subject_id>3737337</subject_id><object_id>1984690</object_id><predicate>hanging on a</predicate></relation><relation><subject_id>3737336</subject_id><object_id>1984690</object_id><predicate>hanging on a</predicate></relation><relation><subject_id>3737335</subject_id><object_id>1984690</object_id><predicate>hanging on a</predicate></relation></annotation>