<annotation><folder>VG_100K</folder><filename>2364817.jpg</filename><source><database>Visual Genome Version 1.2</database><image_id>2364817</image_id><coco_id>None</coco_id><flickr_id>8686238127</flickr_id></source><size><width>500</width><height>375</height><depth>3</depth></size><segmented>0</segmented><object><name>bench</name><object_id>1680245</object_id><difficult>0</difficult><bndbox><xmin>68</xmin><ymin>68</ymin><xmax>440</xmax><ymax>291</ymax></bndbox><attribute>black</attribute></object><object><name>grass</name><object_id>1928956</object_id><difficult>0</difficult><bndbox><xmin>5</xmin><ymin>34</ymin><xmax>497</xmax><ymax>374</ymax></bndbox><attribute>brown</attribute><attribute>short</attribute><attribute>green</attribute></object><object><name>ball</name><object_id>1680244</object_id><difficult>0</difficult><bndbox><xmin>86</xmin><ymin>72</ymin><xmax>101</xmax><ymax>87</ymax></bndbox><attribute>wooden</attribute><attribute>decorative</attribute></object><object><name>shadow</name><object_id>2653534</object_id><difficult>0</difficult><bndbox><xmin>117</xmin><ymin>255</ymin><xmax>499</xmax><ymax>355</ymax></bndbox></object><relation><subject_id>1928956</subject_id><object_id>1680245</object_id><predicate>under a</predicate></relation><relation><subject_id>1680244</subject_id><object_id>1680245</object_id><predicate>atop</predicate></relation><relation><subject_id>2653534</subject_id><object_id>1680245</object_id><predicate>under a</predicate></relation></annotation>