<annotation><folder>VG_100K</folder><filename>2364658.jpg</filename><source><database>Visual Genome Version 1.2</database><image_id>2364658</image_id><coco_id>None</coco_id><flickr_id>8633584126</flickr_id></source><size><width>487</width><height>500</height><depth>3</depth></size><segmented>0</segmented><object><name>bird</name><object_id>2141321</object_id><difficult>0</difficult><bndbox><xmin>174</xmin><ymin>50</ymin><xmax>262</xmax><ymax>146</ymax></bndbox><attribute>small</attribute></object><object><name>post</name><object_id>1687682</object_id><difficult>0</difficult><bndbox><xmin>107</xmin><ymin>140</ymin><xmax>353</xmax><ymax>498</ymax></bndbox></object><relation><subject_id>2141321</subject_id><object_id>1687682</object_id><predicate>top of</predicate></relation></annotation>