<annotation><folder>VG_100K</folder><filename>2364956.jpg</filename><source><database>Visual Genome Version 1.2</database><image_id>2364956</image_id><coco_id>490306</coco_id><flickr_id>9132847928</flickr_id></source><size><width>375</width><height>500</height><depth>3</depth></size><segmented>0</segmented><object><name>grass</name><object_id>2604924</object_id><difficult>0</difficult><bndbox><xmin>3</xmin><ymin>199</ymin><xmax>374</xmax><ymax>496</ymax></bndbox><attribute>green</attribute></object><object><name>leaf</name><object_id>2604925</object_id><difficult>0</difficult><bndbox><xmin>39</xmin><ymin>403</ymin><xmax>69</xmax><ymax>427</ymax></bndbox></object><relation><subject_id>2604925</subject_id><object_id>2604924</object_id><predicate>top of</predicate></relation></annotation>