<annotation><folder>VG_100K</folder><filename>2364575.jpg</filename><source><database>Visual Genome Version 1.2</database><image_id>2364575</image_id><coco_id>None</coco_id><flickr_id>3929462082</flickr_id></source><size><width>500</width><height>375</height><depth>3</depth></size><segmented>0</segmented><object><name>television</name><object_id>640292</object_id><difficult>0</difficult><bndbox><xmin>224</xmin><ymin>18</ymin><xmax>277</xmax><ymax>105</ymax></bndbox></object><object><name>glass</name><object_id>640294</object_id><difficult>0</difficult><bndbox><xmin>405</xmin><ymin>257</ymin><xmax>448</xmax><ymax>320</ymax></bndbox></object><object><name>water</name><object_id>640295</object_id><difficult>0</difficult><bndbox><xmin>416</xmin><ymin>282</ymin><xmax>441</xmax><ymax>310</ymax></bndbox></object><object><name>beer</name><object_id>640300</object_id><difficult>0</difficult><bndbox><xmin>271</xmin><ymin>240</ymin><xmax>286</xmax><ymax>277</ymax></bndbox></object><object><name>bottle</name><object_id>640301</object_id><difficult>0</difficult><bndbox><xmin>269</xmin><ymin>208</ymin><xmax>295</xmax><ymax>274</ymax></bndbox></object><object><name>straw</name><object_id>640306</object_id><difficult>0</difficult><bndbox><xmin>381</xmin><ymin>279</ymin><xmax>406</xmax><ymax>366</ymax></bndbox></object><object><name>glass</name><object_id>640307</object_id><difficult>0</difficult><bndbox><xmin>387</xmin><ymin>291</ymin><xmax>426</xmax><ymax>368</ymax></bndbox></object><object><name>wall</name><object_id>640321</object_id><difficult>0</difficult><bndbox><xmin>176</xmin><ymin>55</ymin><xmax>429</xmax><ymax>144</ymax></bndbox></object><relation><subject_id>640294</subject_id><object_id>640295</object_id><predicate>containing</predicate></relation><relation><subject_id>640301</subject_id><object_id>640300</object_id><predicate>containing</predicate></relation><relation><subject_id>640307</subject_id><object_id>640306</object_id><predicate>containing</predicate></relation><relation><subject_id>640292</subject_id><object_id>640321</object_id><predicate>hanging on a</predicate></relation></annotation>