<annotation><folder>VG_100K</folder><filename>2364473.jpg</filename><source><database>Visual Genome Version 1.2</database><image_id>2364473</image_id><coco_id>None</coco_id><flickr_id>6354904529</flickr_id></source><size><width>500</width><height>333</height><depth>3</depth></size><segmented>0</segmented><object><name>print</name><object_id>640813</object_id><difficult>0</difficult><bndbox><xmin>72</xmin><ymin>55</ymin><xmax>150</xmax><ymax>131</ymax></bndbox><attribute>large</attribute></object><object><name>wall</name><object_id>640814</object_id><difficult>0</difficult><bndbox><xmin>53</xmin><ymin>35</ymin><xmax>183</xmax><ymax>169</ymax></bndbox></object><object><name>light fixture</name><object_id>640817</object_id><difficult>0</difficult><bndbox><xmin>98</xmin><ymin>16</ymin><xmax>134</xmax><ymax>71</ymax></bndbox></object><object><name>room</name><object_id>640818</object_id><difficult>0</difficult><bndbox><xmin>3</xmin><ymin>1</ymin><xmax>212</xmax><ymax>206</ymax></bndbox></object><object><name>ceiling</name><object_id>640833</object_id><difficult>0</difficult><bndbox><xmin>3</xmin><ymin>2</ymin><xmax>301</xmax><ymax>51</ymax></bndbox></object><relation><subject_id>640817</subject_id><object_id>640818</object_id><predicate>hanging on a</predicate></relation><relation><subject_id>640817</subject_id><object_id>640833</object_id><predicate>hanging on a</predicate></relation><relation><subject_id>640813</subject_id><object_id>640814</object_id><predicate>hanging on a</predicate></relation><relation><subject_id>640813</subject_id><object_id>640814</object_id><predicate>mounted on</predicate></relation></annotation>