<annotation><folder>VG_100K</folder><filename>2364434.jpg</filename><source><database>Visual Genome Version 1.2</database><image_id>2364434</image_id><coco_id>None</coco_id><flickr_id>4105090681</flickr_id></source><size><width>500</width><height>353</height><depth>3</depth></size><segmented>0</segmented><object><name>table</name><object_id>3738883</object_id><difficult>0</difficult><bndbox><xmin>24</xmin><ymin>196</ymin><xmax>483</xmax><ymax>346</ymax></bndbox></object><object><name>laptop</name><object_id>2171684</object_id><difficult>0</difficult><bndbox><xmin>27</xmin><ymin>78</ymin><xmax>234</xmax><ymax>238</ymax></bndbox><attribute>computer</attribute></object><relation><subject_id>2171684</subject_id><object_id>3738883</object_id><predicate>sitting on a</predicate></relation></annotation>