<annotation><folder>VG_100K</folder><filename>2364936.jpg</filename><source><database>Visual Genome Version 1.2</database><image_id>2364936</image_id><coco_id>None</coco_id><flickr_id>8207394880</flickr_id></source><size><width>500</width><height>333</height><depth>3</depth></size><segmented>0</segmented><object><name>trunk</name><object_id>3887050</object_id><difficult>0</difficult><bndbox><xmin>105</xmin><ymin>0</ymin><xmax>175</xmax><ymax>245</ymax></bndbox></object><object><name>sheep</name><object_id>3887049</object_id><difficult>0</difficult><bndbox><xmin>50</xmin><ymin>184</ymin><xmax>113</xmax><ymax>247</ymax></bndbox></object><object><name>sheep</name><object_id>3887048</object_id><difficult>0</difficult><bndbox><xmin>85</xmin><ymin>220</ymin><xmax>143</xmax><ymax>258</ymax></bndbox></object><object><name>sheep</name><object_id>3887047</object_id><difficult>0</difficult><bndbox><xmin>145</xmin><ymin>216</ymin><xmax>190</xmax><ymax>256</ymax></bndbox></object><relation><subject_id>3887049</subject_id><object_id>3887050</object_id><predicate>beside</predicate></relation><relation><subject_id>3887048</subject_id><object_id>3887050</object_id><predicate>beside</predicate></relation><relation><subject_id>3887047</subject_id><object_id>3887050</object_id><predicate>beside</predicate></relation></annotation>