<annotation><folder>VG_100K</folder><filename>2364812.jpg</filename><source><database>Visual Genome Version 1.2</database><image_id>2364812</image_id><coco_id>None</coco_id><flickr_id>8524293979</flickr_id></source><size><width>500</width><height>333</height><depth>3</depth></size><segmented>0</segmented><object><name>sidewalk</name><object_id>3887699</object_id><difficult>0</difficult><bndbox><xmin>118</xmin><ymin>313</ymin><xmax>188</xmax><ymax>333</ymax></bndbox></object><object><name>person</name><object_id>3887698</object_id><difficult>0</difficult><bndbox><xmin>99</xmin><ymin>283</ymin><xmax>152</xmax><ymax>333</ymax></bndbox></object><relation><subject_id>3887698</subject_id><object_id>3887699</object_id><predicate>walking towards</predicate></relation></annotation>