<annotation><folder>VG_100K</folder><filename>2364611.jpg</filename><source><database>Visual Genome Version 1.2</database><image_id>2364611</image_id><coco_id>138891</coco_id><flickr_id>5735205730</flickr_id></source><size><width>500</width><height>333</height><depth>3</depth></size><segmented>0</segmented><object><name>man</name><object_id>2644054</object_id><difficult>0</difficult><bndbox><xmin>12</xmin><ymin>175</ymin><xmax>59</xmax><ymax>292</ymax></bndbox></object><object><name>plaque</name><object_id>2644055</object_id><difficult>0</difficult><bndbox><xmin>58</xmin><ymin>220</ymin><xmax>81</xmax><ymax>232</ymax></bndbox></object><relation><subject_id>2644054</subject_id><object_id>2644055</object_id><predicate>leaning on</predicate></relation></annotation>