<annotation><folder>VG_100K</folder><filename>2364926.jpg</filename><source><database>Visual Genome Version 1.2</database><image_id>2364926</image_id><coco_id>None</coco_id><flickr_id>7526796080</flickr_id></source><size><width>375</width><height>500</height><depth>3</depth></size><segmented>0</segmented><object><name>elephant</name><object_id>637740</object_id><difficult>0</difficult><bndbox><xmin>13</xmin><ymin>310</ymin><xmax>312</xmax><ymax>479</ymax></bndbox><attribute>large</attribute><attribute>gray</attribute></object><object><name>seat</name><object_id>637741</object_id><difficult>0</difficult><bndbox><xmin>21</xmin><ymin>162</ymin><xmax>254</xmax><ymax>299</ymax></bndbox><attribute>metal</attribute><attribute>red</attribute></object><object><name>rope</name><object_id>637742</object_id><difficult>0</difficult><bndbox><xmin>166</xmin><ymin>229</ymin><xmax>229</xmax><ymax>311</ymax></bndbox></object><object><name>tail</name><object_id>637743</object_id><difficult>0</difficult><bndbox><xmin>35</xmin><ymin>406</ymin><xmax>109</xmax><ymax>464</ymax></bndbox></object><object><name>cushion</name><object_id>637744</object_id><difficult>0</difficult><bndbox><xmin>95</xmin><ymin>267</ymin><xmax>179</xmax><ymax>305</ymax></bndbox><attribute>black</attribute></object><object><name>strap</name><object_id>637748</object_id><difficult>0</difficult><bndbox><xmin>241</xmin><ymin>282</ymin><xmax>267</xmax><ymax>365</ymax></bndbox></object><object><name>man</name><object_id>637751</object_id><difficult>0</difficult><bndbox><xmin>209</xmin><ymin>169</ymin><xmax>269</xmax><ymax>296</ymax></bndbox></object><relation><subject_id>637744</subject_id><object_id>637741</object_id><predicate>under a</predicate></relation><relation><subject_id>637741</subject_id><object_id>637740</object_id><predicate>attached</predicate></relation><relation><subject_id>637748</subject_id><object_id>637743</object_id><predicate>under a</predicate></relation><relation><subject_id>637751</subject_id><object_id>637740</object_id><predicate>leading to</predicate></relation><relation><subject_id>637742</subject_id><object_id>637741</object_id><predicate>attached</predicate></relation></annotation>