<annotation><folder>VG_100K</folder><filename>2364654.jpg</filename><source><database>Visual Genome Version 1.2</database><image_id>2364654</image_id><coco_id>360771</coco_id><flickr_id>8463925978</flickr_id></source><size><width>500</width><height>375</height><depth>3</depth></size><segmented>0</segmented><object><name>painting</name><object_id>2243726</object_id><difficult>0</difficult><bndbox><xmin>50</xmin><ymin>2</ymin><xmax>280</xmax><ymax>99</ymax></bndbox></object><object><name>wall</name><object_id>2666642</object_id><difficult>0</difficult><bndbox><xmin>2</xmin><ymin>4</ymin><xmax>499</xmax><ymax>318</ymax></bndbox><attribute>yellow</attribute></object><relation><subject_id>2243726</subject_id><object_id>2666642</object_id><predicate>hanging on a</predicate></relation></annotation>