<annotation><folder>VG_100K</folder><filename>2364636.jpg</filename><source><database>Visual Genome Version 1.2</database><image_id>2364636</image_id><coco_id>543454</coco_id><flickr_id>7565394078</flickr_id></source><size><width>500</width><height>333</height><depth>3</depth></size><segmented>0</segmented><object><name>woman</name><object_id>2915261</object_id><difficult>0</difficult><bndbox><xmin>1</xmin><ymin>0</ymin><xmax>291</xmax><ymax>331</ymax></bndbox><attribute>white</attribute><attribute>asian</attribute></object><object><name>broccoli</name><object_id>2081173</object_id><difficult>0</difficult><bndbox><xmin>187</xmin><ymin>154</ymin><xmax>489</xmax><ymax>331</ymax></bndbox></object><object><name>woman</name><object_id>2072197</object_id><difficult>0</difficult><bndbox><xmin>9</xmin><ymin>6</ymin><xmax>290</xmax><ymax>281</ymax></bndbox></object><object><name>broccoli</name><object_id>2072198</object_id><difficult>0</difficult><bndbox><xmin>202</xmin><ymin>172</ymin><xmax>498</xmax><ymax>325</ymax></bndbox></object><relation><subject_id>2915261</subject_id><object_id>2081173</object_id><predicate>sniffing</predicate></relation><relation><subject_id>2072197</subject_id><object_id>2072198</object_id><predicate>sniffing</predicate></relation><relation><subject_id>2915261</subject_id><object_id>2081173</object_id><predicate>sniffing</predicate></relation></annotation>