<annotation><folder>VG_100K</folder><filename>2364745.jpg</filename><source><database>Visual Genome Version 1.2</database><image_id>2364745</image_id><coco_id>None</coco_id><flickr_id>4584511431</flickr_id></source><size><width>333</width><height>500</height><depth>3</depth></size><segmented>0</segmented><object><name>teddy bear</name><object_id>3888063</object_id><difficult>0</difficult><bndbox><xmin>70</xmin><ymin>151</ymin><xmax>248</xmax><ymax>376</ymax></bndbox></object><object><name>tag</name><object_id>2429190</object_id><difficult>0</difficult><bndbox><xmin>200</xmin><ymin>199</ymin><xmax>245</xmax><ymax>266</ymax></bndbox><attribute>white</attribute></object><object><name>ear</name><object_id>2429192</object_id><difficult>0</difficult><bndbox><xmin>188</xmin><ymin>173</ymin><xmax>217</xmax><ymax>224</ymax></bndbox></object><object><name>wall</name><object_id>2458458</object_id><difficult>0</difficult><bndbox><xmin>113</xmin><ymin>65</ymin><xmax>205</xmax><ymax>148</ymax></bndbox></object><object><name>tag</name><object_id>2570792</object_id><difficult>0</difficult><bndbox><xmin>89</xmin><ymin>262</ymin><xmax>163</xmax><ymax>298</ymax></bndbox></object><relation><subject_id>2429190</subject_id><object_id>2429192</object_id><predicate>attached</predicate></relation><relation><subject_id>3888063</subject_id><object_id>2458458</object_id><predicate>sitting on a</predicate></relation><relation><subject_id>2570792</subject_id><object_id>3888063</object_id><predicate>attached</predicate></relation></annotation>