<annotation><folder>VG_100K</folder><filename>2364724.jpg</filename><source><database>Visual Genome Version 1.2</database><image_id>2364724</image_id><coco_id>None</coco_id><flickr_id>3195953083</flickr_id></source><size><width>334</width><height>500</height><depth>3</depth></size><segmented>0</segmented><object><name>fence</name><object_id>639446</object_id><difficult>0</difficult><bndbox><xmin>103</xmin><ymin>316</ymin><xmax>207</xmax><ymax>425</ymax></bndbox><attribute>gray</attribute><attribute>metal</attribute></object><object><name>street</name><object_id>639447</object_id><difficult>0</difficult><bndbox><xmin>105</xmin><ymin>302</ymin><xmax>332</xmax><ymax>475</ymax></bndbox></object><object><name>overpass</name><object_id>639451</object_id><difficult>0</difficult><bndbox><xmin>4</xmin><ymin>199</ymin><xmax>259</xmax><ymax>247</ymax></bndbox></object><object><name>sign</name><object_id>639453</object_id><difficult>0</difficult><bndbox><xmin>118</xmin><ymin>214</ymin><xmax>137</xmax><ymax>230</ymax></bndbox></object><object><name>car</name><object_id>639461</object_id><difficult>0</difficult><bndbox><xmin>102</xmin><ymin>296</ymin><xmax>135</xmax><ymax>324</ymax></bndbox><attribute>black</attribute><attribute>driving</attribute></object><relation><subject_id>639446</subject_id><object_id>639447</object_id><predicate>alongside</predicate></relation><relation><subject_id>639453</subject_id><object_id>639451</object_id><predicate>hanging on a</predicate></relation><relation><subject_id>639461</subject_id><object_id>639451</object_id><predicate>under a</predicate></relation></annotation>