<annotation><folder>VG_100K</folder><filename>2364593.jpg</filename><source><database>Visual Genome Version 1.2</database><image_id>2364593</image_id><coco_id>484296</coco_id><flickr_id>4743702630</flickr_id></source><size><width>500</width><height>375</height><depth>3</depth></size><segmented>0</segmented><object><name>zebra</name><object_id>758796</object_id><difficult>0</difficult><bndbox><xmin>294</xmin><ymin>165</ymin><xmax>471</xmax><ymax>287</ymax></bndbox><attribute>baby</attribute><attribute>pictured</attribute></object><object><name>ground</name><object_id>758797</object_id><difficult>0</difficult><bndbox><xmin>0</xmin><ymin>130</ymin><xmax>494</xmax><ymax>375</ymax></bndbox><attribute>dirt</attribute></object><object><name>zebra</name><object_id>758798</object_id><difficult>0</difficult><bndbox><xmin>18</xmin><ymin>33</ymin><xmax>243</xmax><ymax>249</ymax></bndbox><attribute>white</attribute></object><object><name>tree</name><object_id>758799</object_id><difficult>0</difficult><bndbox><xmin>1</xmin><ymin>2</ymin><xmax>70</xmax><ymax>225</ymax></bndbox></object><object><name>tree</name><object_id>758801</object_id><difficult>0</difficult><bndbox><xmin>271</xmin><ymin>4</ymin><xmax>399</xmax><ymax>134</ymax></bndbox><attribute>tall</attribute></object><object><name>head</name><object_id>758802</object_id><difficult>0</difficult><bndbox><xmin>19</xmin><ymin>34</ymin><xmax>58</xmax><ymax>117</ymax></bndbox></object><object><name>sunlight</name><object_id>758804</object_id><difficult>0</difficult><bndbox><xmin>286</xmin><ymin>181</ymin><xmax>432</xmax><ymax>295</ymax></bndbox></object><relation><subject_id>758796</subject_id><object_id>758797</object_id><predicate>laying in</predicate></relation><relation><subject_id>758801</subject_id><object_id>758797</object_id><predicate>at edge of</predicate></relation><relation><subject_id>758802</subject_id><object_id>758799</object_id><predicate>against</predicate></relation><relation><subject_id>758796</subject_id><object_id>758804</object_id><predicate>laying in</predicate></relation><relation><subject_id>758798</subject_id><object_id>758799</object_id><predicate>among</predicate></relation><relation><subject_id>758801</subject_id><object_id>758797</object_id><predicate>top of</predicate></relation><relation><subject_id>758796</subject_id><object_id>758797</object_id><predicate>laying in</predicate></relation></annotation>