<annotation><folder>VG_100K</folder><filename>2364588.jpg</filename><source><database>Visual Genome Version 1.2</database><image_id>2364588</image_id><coco_id>382715</coco_id><flickr_id>4488927130</flickr_id></source><size><width>332</width><height>500</height><depth>3</depth></size><segmented>0</segmented><object><name>street</name><object_id>640166</object_id><difficult>0</difficult><bndbox><xmin>0</xmin><ymin>170</ymin><xmax>331</xmax><ymax>499</ymax></bndbox></object><object><name>arrow</name><object_id>640168</object_id><difficult>0</difficult><bndbox><xmin>0</xmin><ymin>288</ymin><xmax>64</xmax><ymax>324</ymax></bndbox><attribute>white</attribute></object><object><name>bicycle</name><object_id>640171</object_id><difficult>0</difficult><bndbox><xmin>13</xmin><ymin>185</ymin><xmax>48</xmax><ymax>232</ymax></bndbox></object><object><name>car</name><object_id>640173</object_id><difficult>0</difficult><bndbox><xmin>202</xmin><ymin>159</ymin><xmax>269</xmax><ymax>190</ymax></bndbox><attribute>blue</attribute></object><object><name>woman</name><object_id>640174</object_id><difficult>0</difficult><bndbox><xmin>35</xmin><ymin>161</ymin><xmax>62</xmax><ymax>218</ymax></bndbox></object><object><name>sidewalk</name><object_id>640175</object_id><difficult>0</difficult><bndbox><xmin>0</xmin><ymin>192</ymin><xmax>239</xmax><ymax>246</ymax></bndbox></object><object><name>car</name><object_id>640181</object_id><difficult>0</difficult><bndbox><xmin>234</xmin><ymin>168</ymin><xmax>331</xmax><ymax>239</ymax></bndbox><attribute>silver</attribute></object><object><name>skateboard</name><object_id>640182</object_id><difficult>0</difficult><bndbox><xmin>111</xmin><ymin>398</ymin><xmax>173</xmax><ymax>444</ymax></bndbox><attribute>black</attribute></object><relation><subject_id>640168</subject_id><object_id>640166</object_id><predicate>painted</predicate></relation><relation><subject_id>640173</subject_id><object_id>640166</object_id><predicate>top of</predicate></relation><relation><subject_id>640174</subject_id><object_id>640175</object_id><predicate>walking towards</predicate></relation><relation><subject_id>640181</subject_id><object_id>640166</object_id><predicate>waiting at</predicate></relation><relation><subject_id>640174</subject_id><object_id>640175</object_id><predicate>walking towards</predicate></relation><relation><subject_id>640182</subject_id><object_id>640166</object_id><predicate>top of</predicate></relation><relation><subject_id>640168</subject_id><object_id>640166</object_id><predicate>painted</predicate></relation><relation><subject_id>640171</subject_id><object_id>640175</object_id><predicate>top of</predicate></relation><relation><subject_id>640173</subject_id><object_id>640166</object_id><predicate>top of</predicate></relation><relation><subject_id>640181</subject_id><object_id>640166</object_id><predicate>top of</predicate></relation><relation><subject_id>640174</subject_id><object_id>640175</object_id><predicate>walking towards</predicate></relation></annotation>