<annotation><folder>VG_100K</folder><filename>2364818.jpg</filename><source><database>Visual Genome Version 1.2</database><image_id>2364818</image_id><coco_id>None</coco_id><flickr_id>8727226627</flickr_id></source><size><width>500</width><height>335</height><depth>3</depth></size><segmented>0</segmented><object><name>man</name><object_id>2035419</object_id><difficult>0</difficult><bndbox><xmin>314</xmin><ymin>60</ymin><xmax>374</xmax><ymax>235</ymax></bndbox></object><object><name>room</name><object_id>2035420</object_id><difficult>0</difficult><bndbox><xmin>2</xmin><ymin>9</ymin><xmax>498</xmax><ymax>332</ymax></bndbox></object><relation><subject_id>2035419</subject_id><object_id>2035420</object_id><predicate>walking towards</predicate></relation></annotation>