<annotation><folder>VG_100K</folder><filename>2364887.jpg</filename><source><database>Visual Genome Version 1.2</database><image_id>2364887</image_id><coco_id>None</coco_id><flickr_id>4936248132</flickr_id></source><size><width>500</width><height>375</height><depth>3</depth></size><segmented>0</segmented><object><name>car</name><object_id>638056</object_id><difficult>0</difficult><bndbox><xmin>93</xmin><ymin>122</ymin><xmax>161</xmax><ymax>176</ymax></bndbox><attribute>green</attribute></object><object><name>window</name><object_id>638058</object_id><difficult>0</difficult><bndbox><xmin>99</xmin><ymin>128</ymin><xmax>129</xmax><ymax>136</ymax></bndbox></object><relation><subject_id>638058</subject_id><object_id>638056</object_id><predicate>on back of</predicate></relation></annotation>