<annotation><folder>VG_100K</folder><filename>2364943.jpg</filename><source><database>Visual Genome Version 1.2</database><image_id>2364943</image_id><coco_id>None</coco_id><flickr_id>8505213380</flickr_id></source><size><width>500</width><height>500</height><depth>3</depth></size><segmented>0</segmented><object><name>ground</name><object_id>3886986</object_id><difficult>0</difficult><bndbox><xmin>348</xmin><ymin>271</ymin><xmax>408</xmax><ymax>304</ymax></bndbox></object><object><name>log</name><object_id>1890950</object_id><difficult>0</difficult><bndbox><xmin>312</xmin><ymin>258</ymin><xmax>357</xmax><ymax>278</ymax></bndbox></object><object><name>elephant</name><object_id>2237288</object_id><difficult>0</difficult><bndbox><xmin>171</xmin><ymin>226</ymin><xmax>218</xmax><ymax>266</ymax></bndbox></object><object><name>elephant</name><object_id>2237289</object_id><difficult>0</difficult><bndbox><xmin>243</xmin><ymin>247</ymin><xmax>286</xmax><ymax>289</ymax></bndbox></object><object><name>platform</name><object_id>2237290</object_id><difficult>0</difficult><bndbox><xmin>185</xmin><ymin>299</ymin><xmax>237</xmax><ymax>332</ymax></bndbox></object><object><name>trailer</name><object_id>2299710</object_id><difficult>0</difficult><bndbox><xmin>323</xmin><ymin>196</ymin><xmax>460</xmax><ymax>226</ymax></bndbox><attribute>white</attribute></object><object><name>window</name><object_id>2299711</object_id><difficult>0</difficult><bndbox><xmin>389</xmin><ymin>211</ymin><xmax>399</xmax><ymax>224</ymax></bndbox></object><object><name>window</name><object_id>2299712</object_id><difficult>0</difficult><bndbox><xmin>346</xmin><ymin>209</ymin><xmax>353</xmax><ymax>223</ymax></bndbox></object><object><name>elephant</name><object_id>1773268</object_id><difficult>0</difficult><bndbox><xmin>128</xmin><ymin>230</ymin><xmax>238</xmax><ymax>295</ymax></bndbox></object><object><name>ear</name><object_id>1773269</object_id><difficult>0</difficult><bndbox><xmin>190</xmin><ymin>223</ymin><xmax>205</xmax><ymax>247</ymax></bndbox></object><object><name>log</name><object_id>1758048</object_id><difficult>0</difficult><bndbox><xmin>313</xmin><ymin>257</ymin><xmax>348</xmax><ymax>279</ymax></bndbox></object><object><name>road</name><object_id>1758049</object_id><difficult>0</difficult><bndbox><xmin>7</xmin><ymin>256</ymin><xmax>499</xmax><ymax>395</ymax></bndbox></object><relation><subject_id>1890950</subject_id><object_id>3886986</object_id><predicate>laying in</predicate></relation><relation><subject_id>2237288</subject_id><object_id>2237290</object_id><predicate>walking towards</predicate></relation><relation><subject_id>2237289</subject_id><object_id>2237290</object_id><predicate>walking towards</predicate></relation><relation><subject_id>2299711</subject_id><object_id>2299710</object_id><predicate>built into</predicate></relation><relation><subject_id>2299712</subject_id><object_id>2299710</object_id><predicate>built into</predicate></relation><relation><subject_id>1773269</subject_id><object_id>1773268</object_id><predicate>belonging to</predicate></relation><relation><subject_id>1758048</subject_id><object_id>1758049</object_id><predicate>laying in</predicate></relation></annotation>