<annotation><folder>VG_100K</folder><filename>2364642.jpg</filename><source><database>Visual Genome Version 1.2</database><image_id>2364642</image_id><coco_id>None</coco_id><flickr_id>7764234678</flickr_id></source><size><width>500</width><height>334</height><depth>3</depth></size><segmented>0</segmented><object><name>basket</name><object_id>2105166</object_id><difficult>0</difficult><bndbox><xmin>212</xmin><ymin>86</ymin><xmax>294</xmax><ymax>199</ymax></bndbox></object><object><name>flowers</name><object_id>2105168</object_id><difficult>0</difficult><bndbox><xmin>205</xmin><ymin>123</ymin><xmax>240</xmax><ymax>166</ymax></bndbox><attribute>purple</attribute><attribute>yellow</attribute></object><object><name>concrete</name><object_id>3888666</object_id><difficult>0</difficult><bndbox><xmin>92</xmin><ymin>249</ymin><xmax>353</xmax><ymax>316</ymax></bndbox><attribute>grey</attribute></object><object><name>bench</name><object_id>1798913</object_id><difficult>0</difficult><bndbox><xmin>33</xmin><ymin>85</ymin><xmax>406</xmax><ymax>315</ymax></bndbox></object><relation><subject_id>2105168</subject_id><object_id>2105166</object_id><predicate>are inside</predicate></relation><relation><subject_id>3888666</subject_id><object_id>1798913</object_id><predicate>under a</predicate></relation></annotation>