<annotation><folder>VG_100K</folder><filename>2364725.jpg</filename><source><database>Visual Genome Version 1.2</database><image_id>2364725</image_id><coco_id>14628</coco_id><flickr_id>3347221683</flickr_id></source><size><width>500</width><height>334</height><depth>3</depth></size><segmented>0</segmented><object><name>table</name><object_id>639411</object_id><difficult>0</difficult><bndbox><xmin>140</xmin><ymin>241</ymin><xmax>236</xmax><ymax>321</ymax></bndbox><attribute>wood</attribute></object><object><name>carpet</name><object_id>639425</object_id><difficult>0</difficult><bndbox><xmin>112</xmin><ymin>231</ymin><xmax>379</xmax><ymax>331</ymax></bndbox></object><relation><subject_id>639425</subject_id><object_id>639411</object_id><predicate>under a</predicate></relation><relation><subject_id>639425</subject_id><object_id>639411</object_id><predicate>under a</predicate></relation></annotation>