<annotation><folder>VG_100K</folder><filename>2364789.jpg</filename><source><database>Visual Genome Version 1.2</database><image_id>2364789</image_id><coco_id>None</coco_id><flickr_id>6908675079</flickr_id></source><size><width>375</width><height>500</height><depth>3</depth></size><segmented>0</segmented><object><name>cake</name><object_id>638809</object_id><difficult>0</difficult><bndbox><xmin>60</xmin><ymin>161</ymin><xmax>358</xmax><ymax>455</ymax></bndbox><attribute>blue</attribute></object><object><name>train</name><object_id>638813</object_id><difficult>0</difficult><bndbox><xmin>137</xmin><ymin>159</ymin><xmax>231</xmax><ymax>276</ymax></bndbox></object><relation><subject_id>638813</subject_id><object_id>638809</object_id><predicate>top of</predicate></relation><relation><subject_id>638813</subject_id><object_id>638809</object_id><predicate>atop</predicate></relation><relation><subject_id>638813</subject_id><object_id>638809</object_id><predicate>atop</predicate></relation></annotation>