<annotation><folder>VG_100K</folder><filename>2364446.jpg</filename><source><database>Visual Genome Version 1.2</database><image_id>2364446</image_id><coco_id>None</coco_id><flickr_id>4874552929</flickr_id></source><size><width>375</width><height>500</height><depth>3</depth></size><segmented>0</segmented><object><name>sign</name><object_id>2579046</object_id><difficult>0</difficult><bndbox><xmin>140</xmin><ymin>245</ymin><xmax>313</xmax><ymax>332</ymax></bndbox><attribute>wood</attribute><attribute>black</attribute></object><object><name>post</name><object_id>3738776</object_id><difficult>0</difficult><bndbox><xmin>165</xmin><ymin>319</ymin><xmax>208</xmax><ymax>498</ymax></bndbox></object><relation><subject_id>3738776</subject_id><object_id>2579046</object_id><predicate>under a</predicate></relation></annotation>