<annotation><folder>VG_100K</folder><filename>2364766.jpg</filename><source><database>Visual Genome Version 1.2</database><image_id>2364766</image_id><coco_id>561979</coco_id><flickr_id>5702669731</flickr_id></source><size><width>500</width><height>333</height><depth>3</depth></size><segmented>0</segmented><object><name>dog</name><object_id>639026</object_id><difficult>0</difficult><bndbox><xmin>266</xmin><ymin>202</ymin><xmax>282</xmax><ymax>232</ymax></bndbox><attribute>looking</attribute><attribute>sitting</attribute><attribute>black</attribute><attribute>watching</attribute></object><object><name>ocean</name><object_id>639031</object_id><difficult>0</difficult><bndbox><xmin>179</xmin><ymin>169</ymin><xmax>500</xmax><ymax>226</ymax></bndbox><attribute>blue</attribute><attribute>beautiful</attribute></object><object><name>boats</name><object_id>639040</object_id><difficult>0</difficult><bndbox><xmin>8</xmin><ymin>28</ymin><xmax>488</xmax><ymax>264</ymax></bndbox></object><relation><subject_id>639026</subject_id><object_id>639040</object_id><predicate>between</predicate></relation><relation><subject_id>639031</subject_id><object_id>639040</object_id><predicate>between</predicate></relation></annotation>