<annotation><folder>VG_100K</folder><filename>2364821.jpg</filename><source><database>Visual Genome Version 1.2</database><image_id>2364821</image_id><coco_id>None</coco_id><flickr_id>8990630327</flickr_id></source><size><width>357</width><height>500</height><depth>3</depth></size><segmented>0</segmented><object><name>bus</name><object_id>638553</object_id><difficult>0</difficult><bndbox><xmin>79</xmin><ymin>190</ymin><xmax>342</xmax><ymax>458</ymax></bndbox><attribute>large</attribute><attribute>green</attribute></object><object><name>driver</name><object_id>638555</object_id><difficult>0</difficult><bndbox><xmin>232</xmin><ymin>280</ymin><xmax>274</xmax><ymax>317</ymax></bndbox></object><object><name>pedestrian</name><object_id>638570</object_id><difficult>0</difficult><bndbox><xmin>8</xmin><ymin>290</ymin><xmax>48</xmax><ymax>398</ymax></bndbox></object><object><name>sidewalk</name><object_id>638571</object_id><difficult>0</difficult><bndbox><xmin>6</xmin><ymin>351</ymin><xmax>85</xmax><ymax>422</ymax></bndbox></object><relation><subject_id>638555</subject_id><object_id>638553</object_id><predicate>driving down</predicate></relation><relation><subject_id>638570</subject_id><object_id>638571</object_id><predicate>walking towards</predicate></relation></annotation>