<annotation><folder>VG_100K</folder><filename>2364492.jpg</filename><source><database>Visual Genome Version 1.2</database><image_id>2364492</image_id><coco_id>None</coco_id><flickr_id>7082782577</flickr_id></source><size><width>500</width><height>375</height><depth>3</depth></size><segmented>0</segmented><object><name>man</name><object_id>1935669</object_id><difficult>0</difficult><bndbox><xmin>0</xmin><ymin>137</ymin><xmax>251</xmax><ymax>228</ymax></bndbox></object><object><name>surf board</name><object_id>1852679</object_id><difficult>0</difficult><bndbox><xmin>167</xmin><ymin>187</ymin><xmax>384</xmax><ymax>226</ymax></bndbox></object><object><name>man</name><object_id>2620250</object_id><difficult>0</difficult><bndbox><xmin>5</xmin><ymin>129</ymin><xmax>250</xmax><ymax>231</ymax></bndbox></object><object><name>surfboard</name><object_id>2038920</object_id><difficult>0</difficult><bndbox><xmin>138</xmin><ymin>164</ymin><xmax>420</xmax><ymax>273</ymax></bndbox></object><object><name>part</name><object_id>3888842</object_id><difficult>0</difficult><bndbox><xmin>362</xmin><ymin>242</ymin><xmax>374</xmax><ymax>260</ymax></bndbox></object><object><name>ocean</name><object_id>1942947</object_id><difficult>0</difficult><bndbox><xmin>333</xmin><ymin>217</ymin><xmax>462</xmax><ymax>271</ymax></bndbox></object><object><name>part</name><object_id>3888843</object_id><difficult>0</difficult><bndbox><xmin>92</xmin><ymin>193</ymin><xmax>115</xmax><ymax>207</ymax></bndbox></object><object><name>short</name><object_id>1836247</object_id><difficult>0</difficult><bndbox><xmin>47</xmin><ymin>186</ymin><xmax>147</xmax><ymax>233</ymax></bndbox></object><relation><subject_id>1935669</subject_id><object_id>1852679</object_id><predicate>top of</predicate></relation><relation><subject_id>2620250</subject_id><object_id>2038920</object_id><predicate>laying in</predicate></relation><relation><subject_id>1942947</subject_id><object_id>3888842</object_id><predicate>seen in</predicate></relation><relation><subject_id>1836247</subject_id><object_id>3888843</object_id><predicate>seen in</predicate></relation></annotation>