<annotation><folder>VG_100K</folder><filename>2364868.jpg</filename><source><database>Visual Genome Version 1.2</database><image_id>2364868</image_id><coco_id>None</coco_id><flickr_id>3742297484</flickr_id></source><size><width>500</width><height>375</height><depth>3</depth></size><segmented>0</segmented><object><name>wall</name><object_id>2709704</object_id><difficult>0</difficult><bndbox><xmin>8</xmin><ymin>24</ymin><xmax>94</xmax><ymax>179</ymax></bndbox></object><object><name>name</name><object_id>2709705</object_id><difficult>0</difficult><bndbox><xmin>4</xmin><ymin>54</ymin><xmax>59</xmax><ymax>91</ymax></bndbox></object><object><name>sign</name><object_id>2794008</object_id><difficult>0</difficult><bndbox><xmin>14</xmin><ymin>90</ymin><xmax>52</xmax><ymax>102</ymax></bndbox></object><object><name>wall</name><object_id>2794009</object_id><difficult>0</difficult><bndbox><xmin>0</xmin><ymin>37</ymin><xmax>82</xmax><ymax>128</ymax></bndbox></object><object><name>trailer</name><object_id>3887415</object_id><difficult>0</difficult><bndbox><xmin>222</xmin><ymin>103</ymin><xmax>375</xmax><ymax>140</ymax></bndbox></object><object><name>fruit</name><object_id>2552513</object_id><difficult>0</difficult><bndbox><xmin>329</xmin><ymin>112</ymin><xmax>361</xmax><ymax>139</ymax></bndbox><attribute>orange</attribute><attribute>green</attribute></object><relation><subject_id>2709705</subject_id><object_id>2709704</object_id><predicate>painted</predicate></relation><relation><subject_id>2794008</subject_id><object_id>2794009</object_id><predicate>painted</predicate></relation><relation><subject_id>2552513</subject_id><object_id>3887415</object_id><predicate>painted</predicate></relation></annotation>