<annotation><folder>VG_100K</folder><filename>2364679.jpg</filename><source><database>Visual Genome Version 1.2</database><image_id>2364679</image_id><coco_id>533502</coco_id><flickr_id>9849950326</flickr_id></source><size><width>500</width><height>333</height><depth>3</depth></size><segmented>0</segmented><object><name>stool</name><object_id>639732</object_id><difficult>0</difficult><bndbox><xmin>388</xmin><ymin>148</ymin><xmax>490</xmax><ymax>332</ymax></bndbox><attribute>chrome</attribute><attribute>metal</attribute></object><object><name>counter</name><object_id>639733</object_id><difficult>0</difficult><bndbox><xmin>318</xmin><ymin>141</ymin><xmax>500</xmax><ymax>168</ymax></bndbox><attribute>black</attribute></object><object><name>oven</name><object_id>639745</object_id><difficult>0</difficult><bndbox><xmin>258</xmin><ymin>190</ymin><xmax>322</xmax><ymax>276</ymax></bndbox><attribute>stainless steel</attribute><attribute>silver</attribute></object><object><name>drawers</name><object_id>639751</object_id><difficult>0</difficult><bndbox><xmin>323</xmin><ymin>163</ymin><xmax>399</xmax><ymax>201</ymax></bndbox><attribute>brown</attribute></object><object><name>drawers</name><object_id>639752</object_id><difficult>0</difficult><bndbox><xmin>43</xmin><ymin>174</ymin><xmax>128</xmax><ymax>201</ymax></bndbox></object><object><name>sink</name><object_id>639753</object_id><difficult>0</difficult><bndbox><xmin>46</xmin><ymin>173</ymin><xmax>173</xmax><ymax>174</ymax></bndbox></object><object><name>drawers</name><object_id>639754</object_id><difficult>0</difficult><bndbox><xmin>122</xmin><ymin>176</ymin><xmax>194</xmax><ymax>198</ymax></bndbox></object><object><name>drawer</name><object_id>639755</object_id><difficult>0</difficult><bndbox><xmin>260</xmin><ymin>259</ymin><xmax>324</xmax><ymax>300</ymax></bndbox><attribute>silver</attribute></object><object><name>cabinet</name><object_id>639758</object_id><difficult>0</difficult><bndbox><xmin>125</xmin><ymin>199</ymin><xmax>194</xmax><ymax>278</ymax></bndbox><attribute>little</attribute></object><relation><subject_id>639732</subject_id><object_id>639733</object_id><predicate>under a</predicate></relation><relation><subject_id>639751</subject_id><object_id>639733</object_id><predicate>under a</predicate></relation><relation><subject_id>639752</subject_id><object_id>639753</object_id><predicate>under a</predicate></relation><relation><subject_id>639754</subject_id><object_id>639753</object_id><predicate>under a</predicate></relation><relation><subject_id>639755</subject_id><object_id>639745</object_id><predicate>under a</predicate></relation><relation><subject_id>639758</subject_id><object_id>639753</object_id><predicate>under a</predicate></relation></annotation>