<annotation><folder>VG_100K</folder><filename>2364859.jpg</filename><source><database>Visual Genome Version 1.2</database><image_id>2364859</image_id><coco_id>391401</coco_id><flickr_id>2744322184</flickr_id></source><size><width>500</width><height>375</height><depth>3</depth></size><segmented>0</segmented><object><name>mat</name><object_id>2356686</object_id><difficult>0</difficult><bndbox><xmin>175</xmin><ymin>249</ymin><xmax>347</xmax><ymax>367</ymax></bndbox><attribute>white</attribute></object><object><name>vase</name><object_id>2356687</object_id><difficult>0</difficult><bndbox><xmin>181</xmin><ymin>198</ymin><xmax>336</xmax><ymax>320</ymax></bndbox></object><relation><subject_id>2356686</subject_id><object_id>2356687</object_id><predicate>under a</predicate></relation></annotation>