<annotation><folder>VG_100K</folder><filename>2364765.jpg</filename><source><database>Visual Genome Version 1.2</database><image_id>2364765</image_id><coco_id>None</coco_id><flickr_id>5669029831</flickr_id></source><size><width>500</width><height>500</height><depth>3</depth></size><segmented>0</segmented><object><name>lady</name><object_id>3887960</object_id><difficult>0</difficult><bndbox><xmin>27</xmin><ymin>10</ymin><xmax>407</xmax><ymax>483</ymax></bndbox></object><object><name>water</name><object_id>2104465</object_id><difficult>0</difficult><bndbox><xmin>55</xmin><ymin>30</ymin><xmax>225</xmax><ymax>221</ymax></bndbox><attribute>blue</attribute><attribute>fake</attribute></object><relation><subject_id>3887960</subject_id><object_id>2104465</object_id><predicate>surfing in</predicate></relation></annotation>