<annotation><folder>VG_100K</folder><filename>2364928.jpg</filename><source><database>Visual Genome Version 1.2</database><image_id>2364928</image_id><coco_id>None</coco_id><flickr_id>7543549180</flickr_id></source><size><width>500</width><height>374</height><depth>3</depth></size><segmented>0</segmented><object><name>board</name><object_id>3887094</object_id><difficult>0</difficult><bndbox><xmin>189</xmin><ymin>327</ymin><xmax>336</xmax><ymax>372</ymax></bndbox></object><object><name>man</name><object_id>2518475</object_id><difficult>0</difficult><bndbox><xmin>171</xmin><ymin>22</ymin><xmax>369</xmax><ymax>264</ymax></bndbox></object><relation><subject_id>3887094</subject_id><object_id>2518475</object_id><predicate>under a</predicate></relation></annotation>