<annotation><folder>VG_100K</folder><filename>2364753.jpg</filename><source><database>Visual Genome Version 1.2</database><image_id>2364753</image_id><coco_id>551998</coco_id><flickr_id>5037965831</flickr_id></source><size><width>333</width><height>500</height><depth>3</depth></size><segmented>0</segmented><object><name>table</name><object_id>2685118</object_id><difficult>0</difficult><bndbox><xmin>141</xmin><ymin>161</ymin><xmax>282</xmax><ymax>247</ymax></bndbox><attribute>white</attribute></object><object><name>bowl</name><object_id>2685119</object_id><difficult>0</difficult><bndbox><xmin>181</xmin><ymin>251</ymin><xmax>291</xmax><ymax>336</ymax></bndbox></object><relation><subject_id>2685118</subject_id><object_id>2685119</object_id><predicate>under a</predicate></relation></annotation>