<annotation><folder>VG_100K</folder><filename>2364989.jpg</filename><source><database>Visual Genome Version 1.2</database><image_id>2364989</image_id><coco_id>None</coco_id><flickr_id>1005493637</flickr_id></source><size><width>500</width><height>195</height><depth>3</depth></size><segmented>0</segmented><object><name>player</name><object_id>758268</object_id><difficult>0</difficult><bndbox><xmin>74</xmin><ymin>26</ymin><xmax>202</xmax><ymax>169</ymax></bndbox></object><object><name>cap</name><object_id>758278</object_id><difficult>0</difficult><bndbox><xmin>352</xmin><ymin>58</ymin><xmax>369</xmax><ymax>67</ymax></bndbox><attribute>red</attribute></object><object><name>helmet</name><object_id>758277</object_id><difficult>0</difficult><bndbox><xmin>344</xmin><ymin>44</ymin><xmax>367</xmax><ymax>62</ymax></bndbox><attribute>blue</attribute></object><object><name>home plate</name><object_id>758280</object_id><difficult>0</difficult><bndbox><xmin>122</xmin><ymin>171</ymin><xmax>167</xmax><ymax>180</ymax></bndbox></object><object><name>baseball field</name><object_id>758281</object_id><difficult>0</difficult><bndbox><xmin>0</xmin><ymin>129</ymin><xmax>253</xmax><ymax>192</ymax></bndbox></object><object><name>shirt</name><object_id>758284</object_id><difficult>0</difficult><bndbox><xmin>432</xmin><ymin>69</ymin><xmax>499</xmax><ymax>125</ymax></bndbox><attribute>blue</attribute><attribute>light blue</attribute><attribute>black</attribute></object><object><name>dirt</name><object_id>758289</object_id><difficult>0</difficult><bndbox><xmin>1</xmin><ymin>142</ymin><xmax>252</xmax><ymax>193</ymax></bndbox></object><object><name>dirt</name><object_id>758290</object_id><difficult>0</difficult><bndbox><xmin>252</xmin><ymin>159</ymin><xmax>500</xmax><ymax>194</ymax></bndbox></object><object><name>baseball field</name><object_id>758291</object_id><difficult>0</difficult><bndbox><xmin>253</xmin><ymin>146</ymin><xmax>499</xmax><ymax>194</ymax></bndbox></object><object><name>foot</name><object_id>758292</object_id><difficult>0</difficult><bndbox><xmin>268</xmin><ymin>147</ymin><xmax>282</xmax><ymax>171</ymax></bndbox></object><object><name>leg</name><object_id>758293</object_id><difficult>0</difficult><bndbox><xmin>268</xmin><ymin>88</ymin><xmax>315</xmax><ymax>169</ymax></bndbox></object><object><name>foot</name><object_id>758294</object_id><difficult>0</difficult><bndbox><xmin>328</xmin><ymin>166</ymin><xmax>350</xmax><ymax>175</ymax></bndbox></object><object><name>leg</name><object_id>758295</object_id><difficult>0</difficult><bndbox><xmin>311</xmin><ymin>112</ymin><xmax>337</xmax><ymax>166</ymax></bndbox></object><object><name>shadow</name><object_id>758299</object_id><difficult>0</difficult><bndbox><xmin>89</xmin><ymin>158</ymin><xmax>199</xmax><ymax>169</ymax></bndbox></object><object><name>writing</name><object_id>758302</object_id><difficult>0</difficult><bndbox><xmin>454</xmin><ymin>69</ymin><xmax>485</xmax><ymax>89</ymax></bndbox><attribute>black</attribute></object><object><name>shirt</name><object_id>758303</object_id><difficult>0</difficult><bndbox><xmin>107</xmin><ymin>44</ymin><xmax>173</xmax><ymax>102</ymax></bndbox><attribute>white</attribute><attribute>red</attribute><attribute>burgundy</attribute></object><object><name>letters</name><object_id>758304</object_id><difficult>0</difficult><bndbox><xmin>147</xmin><ymin>58</ymin><xmax>157</xmax><ymax>91</ymax></bndbox><attribute>gray</attribute></object><relation><subject_id>758278</subject_id><object_id>758277</object_id><predicate>under a</predicate></relation><relation><subject_id>758280</subject_id><object_id>758281</object_id><predicate>top of</predicate></relation><relation><subject_id>758268</subject_id><object_id>758281</object_id><predicate>top of</predicate></relation><relation><subject_id>758289</subject_id><object_id>758281</object_id><predicate>top of</predicate></relation><relation><subject_id>758290</subject_id><object_id>758291</object_id><predicate>top of</predicate></relation><relation><subject_id>758292</subject_id><object_id>758293</object_id><predicate>attached</predicate></relation><relation><subject_id>758294</subject_id><object_id>758295</object_id><predicate>attached</predicate></relation><relation><subject_id>758299</subject_id><object_id>758289</object_id><predicate>top of</predicate></relation><relation><subject_id>758302</subject_id><object_id>758284</object_id><predicate>printed on</predicate></relation><relation><subject_id>758304</subject_id><object_id>758303</object_id><predicate>printed on</predicate></relation></annotation>