<annotation><folder>VG_100K</folder><filename>2364442.jpg</filename><source><database>Visual Genome Version 1.2</database><image_id>2364442</image_id><coco_id>237996</coco_id><flickr_id>4546173129</flickr_id></source><size><width>500</width><height>333</height><depth>3</depth></size><segmented>0</segmented><object><name>laptop</name><object_id>640985</object_id><difficult>0</difficult><bndbox><xmin>196</xmin><ymin>73</ymin><xmax>325</xmax><ymax>167</ymax></bndbox><attribute>open</attribute><attribute>black</attribute></object><object><name>watch</name><object_id>640990</object_id><difficult>0</difficult><bndbox><xmin>325</xmin><ymin>121</ymin><xmax>341</xmax><ymax>136</ymax></bndbox></object><object><name>wrist</name><object_id>640991</object_id><difficult>0</difficult><bndbox><xmin>315</xmin><ymin>122</ymin><xmax>331</xmax><ymax>136</ymax></bndbox></object><object><name>blanket</name><object_id>640995</object_id><difficult>0</difficult><bndbox><xmin>285</xmin><ymin>161</ymin><xmax>329</xmax><ymax>178</ymax></bndbox><attribute>blue</attribute></object><relation><subject_id>640995</subject_id><object_id>640985</object_id><predicate>under a</predicate></relation><relation><subject_id>640991</subject_id><object_id>640990</object_id><predicate>under a</predicate></relation></annotation>