<annotation><folder>VG_100K</folder><filename>2364718.jpg</filename><source><database>Visual Genome Version 1.2</database><image_id>2364718</image_id><coco_id>None</coco_id><flickr_id>2595266283</flickr_id></source><size><width>500</width><height>375</height><depth>3</depth></size><segmented>0</segmented><object><name>fridge</name><object_id>3437927</object_id><difficult>0</difficult><bndbox><xmin>147</xmin><ymin>170</ymin><xmax>274</xmax><ymax>374</ymax></bndbox></object><object><name>shades</name><object_id>3016491</object_id><difficult>0</difficult><bndbox><xmin>32</xmin><ymin>132</ymin><xmax>149</xmax><ymax>182</ymax></bndbox><attribute>white</attribute></object><object><name>window</name><object_id>3415937</object_id><difficult>0</difficult><bndbox><xmin>36</xmin><ymin>131</ymin><xmax>152</xmax><ymax>319</ymax></bndbox></object><object><name>door</name><object_id>3888199</object_id><difficult>0</difficult><bndbox><xmin>190</xmin><ymin>169</ymin><xmax>267</xmax><ymax>373</ymax></bndbox><attribute>silver</attribute></object><object><name>door</name><object_id>3888198</object_id><difficult>0</difficult><bndbox><xmin>145</xmin><ymin>174</ymin><xmax>197</xmax><ymax>323</ymax></bndbox><attribute>silver</attribute></object><object><name>kitchen</name><object_id>3138879</object_id><difficult>0</difficult><bndbox><xmin>1</xmin><ymin>50</ymin><xmax>466</xmax><ymax>374</ymax></bndbox></object><object><name>window</name><object_id>2733641</object_id><difficult>0</difficult><bndbox><xmin>41</xmin><ymin>185</ymin><xmax>136</xmax><ymax>297</ymax></bndbox><attribute>square</attribute></object><object><name>wall</name><object_id>2733642</object_id><difficult>0</difficult><bndbox><xmin>3</xmin><ymin>121</ymin><xmax>40</xmax><ymax>268</ymax></bndbox></object><object><name>window</name><object_id>1718675</object_id><difficult>0</difficult><bndbox><xmin>47</xmin><ymin>187</ymin><xmax>156</xmax><ymax>305</ymax></bndbox></object><object><name>blinds</name><object_id>1718676</object_id><difficult>0</difficult><bndbox><xmin>29</xmin><ymin>125</ymin><xmax>149</xmax><ymax>189</ymax></bndbox><attribute>white</attribute></object><relation><subject_id>3016491</subject_id><object_id>3415937</object_id><predicate>hanging on a</predicate></relation><relation><subject_id>3888199</subject_id><object_id>3437927</object_id><predicate>leading to</predicate></relation><relation><subject_id>3888198</subject_id><object_id>3437927</object_id><predicate>leading to</predicate></relation><relation><subject_id>3437927</subject_id><object_id>3138879</object_id><predicate>are inside</predicate></relation><relation><subject_id>2733641</subject_id><object_id>2733642</object_id><predicate>adorning</predicate></relation><relation><subject_id>1718676</subject_id><object_id>1718675</object_id><predicate>hanging on a</predicate></relation></annotation>