<annotation><folder>VG_100K</folder><filename>2364934.jpg</filename><source><database>Visual Genome Version 1.2</database><image_id>2364934</image_id><coco_id>577373</coco_id><flickr_id>7778023980</flickr_id></source><size><width>500</width><height>333</height><depth>3</depth></size><segmented>0</segmented><object><name>woman</name><object_id>1708808</object_id><difficult>0</difficult><bndbox><xmin>77</xmin><ymin>79</ymin><xmax>217</xmax><ymax>294</ymax></bndbox></object><object><name>frisbee</name><object_id>1708809</object_id><difficult>0</difficult><bndbox><xmin>209</xmin><ymin>157</ymin><xmax>244</xmax><ymax>199</ymax></bndbox><attribute>white</attribute></object><object><name>girl</name><object_id>2138468</object_id><difficult>0</difficult><bndbox><xmin>86</xmin><ymin>80</ymin><xmax>223</xmax><ymax>295</ymax></bndbox></object><object><name>frisbee</name><object_id>2009194</object_id><difficult>0</difficult><bndbox><xmin>211</xmin><ymin>163</ymin><xmax>246</xmax><ymax>199</ymax></bndbox><attribute>white</attribute></object><relation><subject_id>1708808</subject_id><object_id>1708809</object_id><predicate>catching</predicate></relation><relation><subject_id>2138468</subject_id><object_id>2009194</object_id><predicate>catching</predicate></relation></annotation>