<annotation><folder>VG_100K</folder><filename>2364730.jpg</filename><source><database>Visual Genome Version 1.2</database><image_id>2364730</image_id><coco_id>399205</coco_id><flickr_id>3567742683</flickr_id></source><size><width>500</width><height>375</height><depth>3</depth></size><segmented>0</segmented><object><name>poster</name><object_id>639380</object_id><difficult>0</difficult><bndbox><xmin>188</xmin><ymin>71</ymin><xmax>223</xmax><ymax>131</ymax></bndbox><attribute>yellow</attribute></object><object><name>lamppost</name><object_id>639381</object_id><difficult>0</difficult><bndbox><xmin>222</xmin><ymin>14</ymin><xmax>237</xmax><ymax>78</ymax></bndbox></object><relation><subject_id>639380</subject_id><object_id>639381</object_id><predicate>attached</predicate></relation></annotation>