<annotation><folder>VG_100K</folder><filename>2364596.jpg</filename><source><database>Visual Genome Version 1.2</database><image_id>2364596</image_id><coco_id>None</coco_id><flickr_id>4917203230</flickr_id></source><size><width>500</width><height>375</height><depth>3</depth></size><segmented>0</segmented><object><name>cage</name><object_id>3737409</object_id><difficult>0</difficult><bndbox><xmin>10</xmin><ymin>54</ymin><xmax>483</xmax><ymax>372</ymax></bndbox></object><object><name>hay</name><object_id>2101395</object_id><difficult>0</difficult><bndbox><xmin>326</xmin><ymin>292</ymin><xmax>385</xmax><ymax>345</ymax></bndbox></object><relation><subject_id>2101395</subject_id><object_id>3737409</object_id><predicate>are inside</predicate></relation></annotation>