<annotation><folder>VG_100K</folder><filename>2364504.jpg</filename><source><database>Visual Genome Version 1.2</database><image_id>2364504</image_id><coco_id>35489</coco_id><flickr_id>8578110677</flickr_id></source><size><width>374</width><height>500</height><depth>3</depth></size><segmented>0</segmented><object><name>car</name><object_id>3738302</object_id><difficult>0</difficult><bndbox><xmin>6</xmin><ymin>4</ymin><xmax>366</xmax><ymax>493</ymax></bndbox></object><object><name>dog</name><object_id>2133936</object_id><difficult>0</difficult><bndbox><xmin>8</xmin><ymin>26</ymin><xmax>372</xmax><ymax>433</ymax></bndbox></object><relation><subject_id>2133936</subject_id><object_id>3738302</object_id><predicate>sitting on a</predicate></relation></annotation>