<annotation><folder>VG_100K</folder><filename>2364760.jpg</filename><source><database>Visual Genome Version 1.2</database><image_id>2364760</image_id><coco_id>561861</coco_id><flickr_id>5391813031</flickr_id></source><size><width>500</width><height>294</height><depth>3</depth></size><segmented>0</segmented><object><name>sign</name><object_id>639132</object_id><difficult>0</difficult><bndbox><xmin>116</xmin><ymin>195</ymin><xmax>159</xmax><ymax>216</ymax></bndbox></object><object><name>sign</name><object_id>639134</object_id><difficult>0</difficult><bndbox><xmin>113</xmin><ymin>151</ymin><xmax>160</xmax><ymax>195</ymax></bndbox><attribute>white</attribute><attribute>red</attribute></object><relation><subject_id>639132</subject_id><object_id>639134</object_id><predicate>under a</predicate></relation></annotation>