<annotation><folder>VG_100K</folder><filename>2364918.jpg</filename><source><database>Visual Genome Version 1.2</database><image_id>2364918</image_id><coco_id>320905</coco_id><flickr_id>7195599480</flickr_id></source><size><width>500</width><height>375</height><depth>3</depth></size><segmented>0</segmented><object><name>pen</name><object_id>637799</object_id><difficult>0</difficult><bndbox><xmin>3</xmin><ymin>181</ymin><xmax>340</xmax><ymax>367</ymax></bndbox></object><object><name>tree</name><object_id>637803</object_id><difficult>0</difficult><bndbox><xmin>315</xmin><ymin>63</ymin><xmax>408</xmax><ymax>181</ymax></bndbox></object><relation><subject_id>637803</subject_id><object_id>637799</object_id><predicate>beyond</predicate></relation></annotation>