<annotation><folder>VG_100K</folder><filename>2364991.jpg</filename><source><database>Visual Genome Version 1.2</database><image_id>2364991</image_id><coco_id>None</coco_id><flickr_id>1463871837</flickr_id></source><size><width>500</width><height>248</height><depth>3</depth></size><segmented>0</segmented><object><name>refrigerator</name><object_id>2349044</object_id><difficult>0</difficult><bndbox><xmin>379</xmin><ymin>10</ymin><xmax>466</xmax><ymax>233</ymax></bndbox><attribute>white</attribute><attribute>old</attribute><attribute>sitting</attribute></object><object><name>curb</name><object_id>2444094</object_id><difficult>0</difficult><bndbox><xmin>360</xmin><ymin>210</ymin><xmax>497</xmax><ymax>247</ymax></bndbox></object><relation><subject_id>2349044</subject_id><object_id>2444094</object_id><predicate>sitting on a</predicate></relation></annotation>