<annotation><folder>VG_100K</folder><filename>2364570.jpg</filename><source><database>Visual Genome Version 1.2</database><image_id>2364570</image_id><coco_id>None</coco_id><flickr_id>3472608482</flickr_id></source><size><width>500</width><height>333</height><depth>3</depth></size><segmented>0</segmented><object><name>game</name><object_id>3737654</object_id><difficult>0</difficult><bndbox><xmin>123</xmin><ymin>118</ymin><xmax>209</xmax><ymax>199</ymax></bndbox></object><object><name>girl</name><object_id>2691052</object_id><difficult>0</difficult><bndbox><xmin>381</xmin><ymin>144</ymin><xmax>498</xmax><ymax>331</ymax></bndbox></object><relation><subject_id>2691052</subject_id><object_id>3737654</object_id><predicate>playing with</predicate></relation></annotation>