<annotation><folder>VG_100K</folder><filename>2364545.jpg</filename><source><database>Visual Genome Version 1.2</database><image_id>2364545</image_id><coco_id>29155</coco_id><flickr_id>2008202334</flickr_id></source><size><width>492</width><height>500</height><depth>3</depth></size><segmented>0</segmented><object><name>sign</name><object_id>3157343</object_id><difficult>0</difficult><bndbox><xmin>8</xmin><ymin>112</ymin><xmax>374</xmax><ymax>438</ymax></bndbox><attribute>orange</attribute></object><object><name>people</name><object_id>3389590</object_id><difficult>0</difficult><bndbox><xmin>292</xmin><ymin>202</ymin><xmax>334</xmax><ymax>249</ymax></bndbox></object><object><name>sidewalk</name><object_id>2975010</object_id><difficult>0</difficult><bndbox><xmin>0</xmin><ymin>235</ymin><xmax>492</xmax><ymax>498</ymax></bndbox></object><object><name>people</name><object_id>3737912</object_id><difficult>0</difficult><bndbox><xmin>295</xmin><ymin>203</ymin><xmax>332</xmax><ymax>253</ymax></bndbox><attribute>two</attribute></object><object><name>sidewalk</name><object_id>2266526</object_id><difficult>0</difficult><bndbox><xmin>249</xmin><ymin>206</ymin><xmax>451</xmax><ymax>489</ymax></bndbox></object><object><name>street</name><object_id>3737917</object_id><difficult>0</difficult><bndbox><xmin>3</xmin><ymin>257</ymin><xmax>52</xmax><ymax>350</ymax></bndbox></object><object><name>car</name><object_id>2546923</object_id><difficult>0</difficult><bndbox><xmin>4</xmin><ymin>205</ymin><xmax>99</xmax><ymax>285</ymax></bndbox><attribute>tan</attribute></object><object><name>building</name><object_id>3737918</object_id><difficult>0</difficult><bndbox><xmin>334</xmin><ymin>47</ymin><xmax>490</xmax><ymax>303</ymax></bndbox></object><object><name>sidewalk</name><object_id>2152232</object_id><difficult>0</difficult><bndbox><xmin>281</xmin><ymin>238</ymin><xmax>467</xmax><ymax>498</ymax></bndbox></object><object><name>sticker</name><object_id>1844044</object_id><difficult>0</difficult><bndbox><xmin>62</xmin><ymin>231</ymin><xmax>166</xmax><ymax>281</ymax></bndbox></object><object><name>street</name><object_id>3737919</object_id><difficult>0</difficult><bndbox><xmin>0</xmin><ymin>260</ymin><xmax>50</xmax><ymax>350</ymax></bndbox></object><object><name>trees</name><object_id>2360694</object_id><difficult>0</difficult><bndbox><xmin>5</xmin><ymin>93</ymin><xmax>103</xmax><ymax>185</ymax></bndbox></object><relation><subject_id>3389590</subject_id><object_id>2975010</object_id><predicate>walking towards</predicate></relation><relation><subject_id>3737912</subject_id><object_id>2266526</object_id><predicate>walking towards</predicate></relation><relation><subject_id>2546923</subject_id><object_id>3737917</object_id><predicate>driving down</predicate></relation><relation><subject_id>3737918</subject_id><object_id>2152232</object_id><predicate>alongside</predicate></relation><relation><subject_id>1844044</subject_id><object_id>3157343</object_id><predicate>stuck in</predicate></relation><relation><subject_id>2360694</subject_id><object_id>3737919</object_id><predicate>across</predicate></relation></annotation>