<annotation><folder>VG_100K</folder><filename>2364532.jpg</filename><source><database>Visual Genome Version 1.2</database><image_id>2364532</image_id><coco_id>None</coco_id><flickr_id>10230596325</flickr_id></source><size><width>500</width><height>357</height><depth>3</depth></size><segmented>0</segmented><object><name>flamingo</name><object_id>1905856</object_id><difficult>0</difficult><bndbox><xmin>232</xmin><ymin>21</ymin><xmax>319</xmax><ymax>131</ymax></bndbox><attribute>pink</attribute></object><object><name>head</name><object_id>3888800</object_id><difficult>0</difficult><bndbox><xmin>279</xmin><ymin>17</ymin><xmax>300</xmax><ymax>50</ymax></bndbox></object><relation><subject_id>3888800</subject_id><object_id>1905856</object_id><predicate>belonging to</predicate></relation></annotation>