<annotation><folder>VG_100K</folder><filename>2364768.jpg</filename><source><database>Visual Genome Version 1.2</database><image_id>2364768</image_id><coco_id>None</coco_id><flickr_id>5732861431</flickr_id></source><size><width>333</width><height>500</height><depth>3</depth></size><segmented>0</segmented><object><name>man</name><object_id>2618490</object_id><difficult>0</difficult><bndbox><xmin>65</xmin><ymin>127</ymin><xmax>197</xmax><ymax>477</ymax></bndbox></object><object><name>frisbee</name><object_id>2618491</object_id><difficult>0</difficult><bndbox><xmin>185</xmin><ymin>44</ymin><xmax>235</xmax><ymax>67</ymax></bndbox></object><object><name>frisbee</name><object_id>3168879</object_id><difficult>0</difficult><bndbox><xmin>175</xmin><ymin>35</ymin><xmax>245</xmax><ymax>75</ymax></bndbox><attribute>yellow</attribute></object><object><name>boy</name><object_id>2156936</object_id><difficult>0</difficult><bndbox><xmin>63</xmin><ymin>126</ymin><xmax>196</xmax><ymax>480</ymax></bndbox></object><relation><subject_id>2618490</subject_id><object_id>2618491</object_id><predicate>catching</predicate></relation><relation><subject_id>2156936</subject_id><object_id>3168879</object_id><predicate>catching</predicate></relation></annotation>