<annotation><folder>VG_100K</folder><filename>2364441.jpg</filename><source><database>Visual Genome Version 1.2</database><image_id>2364441</image_id><coco_id>None</coco_id><flickr_id>4506474729</flickr_id></source><size><width>375</width><height>500</height><depth>3</depth></size><segmented>0</segmented><object><name>lights</name><object_id>759019</object_id><difficult>0</difficult><bndbox><xmin>331</xmin><ymin>2</ymin><xmax>373</xmax><ymax>499</ymax></bndbox><attribute>bright</attribute></object><object><name>mirror</name><object_id>759020</object_id><difficult>0</difficult><bndbox><xmin>2</xmin><ymin>1</ymin><xmax>328</xmax><ymax>434</ymax></bndbox></object><object><name>television</name><object_id>759029</object_id><difficult>0</difficult><bndbox><xmin>86</xmin><ymin>88</ymin><xmax>148</xmax><ymax>223</ymax></bndbox><attribute>large</attribute></object><object><name>wall</name><object_id>759030</object_id><difficult>0</difficult><bndbox><xmin>0</xmin><ymin>3</ymin><xmax>134</xmax><ymax>435</ymax></bndbox></object><object><name>light</name><object_id>759031</object_id><difficult>0</difficult><bndbox><xmin>239</xmin><ymin>1</ymin><xmax>309</xmax><ymax>24</ymax></bndbox></object><object><name>ceiling</name><object_id>759032</object_id><difficult>0</difficult><bndbox><xmin>139</xmin><ymin>1</ymin><xmax>303</xmax><ymax>54</ymax></bndbox></object><relation><subject_id>759019</subject_id><object_id>759020</object_id><predicate>beside</predicate></relation><relation><subject_id>759031</subject_id><object_id>759032</object_id><predicate>attached</predicate></relation><relation><subject_id>759029</subject_id><object_id>759030</object_id><predicate>hanging on a</predicate></relation><relation><subject_id>759029</subject_id><object_id>759030</object_id><predicate>attached</predicate></relation></annotation>