<annotation><folder>VG_100K</folder><filename>2364447.jpg</filename><source><database>Visual Genome Version 1.2</database><image_id>2364447</image_id><coco_id>490619</coco_id><flickr_id>4898712029</flickr_id></source><size><width>500</width><height>333</height><depth>3</depth></size><segmented>0</segmented><object><name>sheep</name><object_id>640960</object_id><difficult>0</difficult><bndbox><xmin>94</xmin><ymin>87</ymin><xmax>160</xmax><ymax>162</ymax></bndbox><attribute>dark</attribute><attribute>black</attribute></object><object><name>pen</name><object_id>640976</object_id><difficult>0</difficult><bndbox><xmin>12</xmin><ymin>8</ymin><xmax>482</xmax><ymax>319</ymax></bndbox></object><relation><subject_id>640960</subject_id><object_id>640976</object_id><predicate>are inside</predicate></relation></annotation>