<annotation><folder>VG_100K</folder><filename>2364573.jpg</filename><source><database>Visual Genome Version 1.2</database><image_id>2364573</image_id><coco_id>497928</coco_id><flickr_id>3720395182</flickr_id></source><size><width>500</width><height>281</height><depth>3</depth></size><segmented>0</segmented><object><name>tv</name><object_id>758846</object_id><difficult>0</difficult><bndbox><xmin>165</xmin><ymin>39</ymin><xmax>292</xmax><ymax>130</ymax></bndbox><attribute>flat</attribute><attribute>here</attribute></object><object><name>wall</name><object_id>758847</object_id><difficult>0</difficult><bndbox><xmin>0</xmin><ymin>2</ymin><xmax>499</xmax><ymax>188</ymax></bndbox><attribute>white</attribute></object><object><name>cover</name><object_id>758856</object_id><difficult>0</difficult><bndbox><xmin>182</xmin><ymin>169</ymin><xmax>499</xmax><ymax>280</ymax></bndbox><attribute>white</attribute><attribute>here</attribute></object><object><name>couch</name><object_id>758857</object_id><difficult>0</difficult><bndbox><xmin>184</xmin><ymin>165</ymin><xmax>498</xmax><ymax>280</ymax></bndbox><attribute>white</attribute><attribute>here</attribute></object><object><name>carton</name><object_id>758861</object_id><difficult>0</difficult><bndbox><xmin>377</xmin><ymin>149</ymin><xmax>405</xmax><ymax>180</ymax></bndbox></object><relation><subject_id>758846</subject_id><object_id>758847</object_id><predicate>mounted on</predicate></relation><relation><subject_id>758861</subject_id><object_id>758847</object_id><predicate>against</predicate></relation><relation><subject_id>758856</subject_id><object_id>758857</object_id><predicate>draped over</predicate></relation></annotation>