<annotation><folder>VG_100K</folder><filename>2364648.jpg</filename><source><database>Visual Genome Version 1.2</database><image_id>2364648</image_id><coco_id>None</coco_id><flickr_id>7967294878</flickr_id></source><size><width>500</width><height>358</height><depth>3</depth></size><segmented>0</segmented><object><name>boy</name><object_id>2363124</object_id><difficult>0</difficult><bndbox><xmin>151</xmin><ymin>6</ymin><xmax>414</xmax><ymax>323</ymax></bndbox><attribute>black</attribute><attribute>playing</attribute><attribute>red</attribute></object><object><name>game</name><object_id>3888602</object_id><difficult>0</difficult><bndbox><xmin>43</xmin><ymin>137</ymin><xmax>488</xmax><ymax>356</ymax></bndbox></object><object><name>game</name><object_id>3888607</object_id><difficult>0</difficult><bndbox><xmin>9</xmin><ymin>246</ymin><xmax>491</xmax><ymax>321</ymax></bndbox></object><relation><subject_id>2363124</subject_id><object_id>3888602</object_id><predicate>playing with</predicate></relation><relation><subject_id>2363124</subject_id><object_id>3888607</object_id><predicate>playing with</predicate></relation></annotation>