<annotation><folder>VG_100K</folder><filename>2364949.jpg</filename><source><database>Visual Genome Version 1.2</database><image_id>2364949</image_id><coco_id>239593</coco_id><flickr_id>8688010528</flickr_id></source><size><width>500</width><height>332</height><depth>3</depth></size><segmented>0</segmented><object><name>shelter</name><object_id>3165031</object_id><difficult>0</difficult><bndbox><xmin>10</xmin><ymin>166</ymin><xmax>499</xmax><ymax>189</ymax></bndbox></object><object><name>train</name><object_id>3165032</object_id><difficult>0</difficult><bndbox><xmin>2</xmin><ymin>193</ymin><xmax>499</xmax><ymax>242</ymax></bndbox></object><object><name>post</name><object_id>2188675</object_id><difficult>0</difficult><bndbox><xmin>387</xmin><ymin>122</ymin><xmax>403</xmax><ymax>269</ymax></bndbox><attribute>tall</attribute></object><object><name>train tracks</name><object_id>2188676</object_id><difficult>0</difficult><bndbox><xmin>5</xmin><ymin>272</ymin><xmax>497</xmax><ymax>326</ymax></bndbox></object><relation><subject_id>3165031</subject_id><object_id>3165032</object_id><predicate>on other side of</predicate></relation><relation><subject_id>2188675</subject_id><object_id>2188676</object_id><predicate>between</predicate></relation></annotation>