<annotation><folder>VG_100K</folder><filename>2364534.jpg</filename><source><database>Visual Genome Version 1.2</database><image_id>2364534</image_id><coco_id>573815</coco_id><flickr_id>51642134</flickr_id></source><size><width>500</width><height>400</height><depth>3</depth></size><segmented>0</segmented><object><name>office</name><object_id>3888788</object_id><difficult>0</difficult><bndbox><xmin>1</xmin><ymin>2</ymin><xmax>484</xmax><ymax>397</ymax></bndbox></object><object><name>phone</name><object_id>2460068</object_id><difficult>0</difficult><bndbox><xmin>360</xmin><ymin>168</ymin><xmax>494</xmax><ymax>253</ymax></bndbox></object><object><name>computer</name><object_id>3888789</object_id><difficult>0</difficult><bndbox><xmin>193</xmin><ymin>27</ymin><xmax>368</xmax><ymax>190</ymax></bndbox></object><object><name>stand</name><object_id>1990401</object_id><difficult>0</difficult><bndbox><xmin>220</xmin><ymin>183</ymin><xmax>335</xmax><ymax>233</ymax></bndbox></object><object><name>mouse</name><object_id>1935549</object_id><difficult>0</difficult><bndbox><xmin>279</xmin><ymin>237</ymin><xmax>341</xmax><ymax>270</ymax></bndbox><attribute>white</attribute></object><object><name>mouse pad</name><object_id>1935550</object_id><difficult>0</difficult><bndbox><xmin>249</xmin><ymin>214</ymin><xmax>369</xmax><ymax>274</ymax></bndbox></object><object><name>writing</name><object_id>3888790</object_id><difficult>0</difficult><bndbox><xmin>12</xmin><ymin>52</ymin><xmax>78</xmax><ymax>73</ymax></bndbox></object><object><name>sign</name><object_id>2242824</object_id><difficult>0</difficult><bndbox><xmin>5</xmin><ymin>40</ymin><xmax>92</xmax><ymax>82</ymax></bndbox></object><object><name>computer monitor</name><object_id>1892923</object_id><difficult>0</difficult><bndbox><xmin>399</xmin><ymin>25</ymin><xmax>472</xmax><ymax>110</ymax></bndbox></object><object><name>back</name><object_id>1892924</object_id><difficult>0</difficult><bndbox><xmin>403</xmin><ymin>22</ymin><xmax>470</xmax><ymax>104</ymax></bndbox></object><object><name>wall</name><object_id>3888791</object_id><difficult>0</difficult><bndbox><xmin>0</xmin><ymin>37</ymin><xmax>408</xmax><ymax>177</ymax></bndbox></object><object><name>paper</name><object_id>2390303</object_id><difficult>0</difficult><bndbox><xmin>64</xmin><ymin>42</ymin><xmax>215</xmax><ymax>106</ymax></bndbox></object><relation><subject_id>2460068</subject_id><object_id>3888788</object_id><predicate>sitting on a</predicate></relation><relation><subject_id>3888789</subject_id><object_id>1990401</object_id><predicate>top of</predicate></relation><relation><subject_id>1935549</subject_id><object_id>1935550</object_id><predicate>sitting on a</predicate></relation><relation><subject_id>3888790</subject_id><object_id>2242824</object_id><predicate>printed on</predicate></relation><relation><subject_id>1892924</subject_id><object_id>1892923</object_id><predicate>belonging to</predicate></relation><relation><subject_id>2390303</subject_id><object_id>3888791</object_id><predicate>hanging on a</predicate></relation></annotation>