<annotation><folder>VG_100K</folder><filename>2364973.jpg</filename><source><database>Visual Genome Version 1.2</database><image_id>2364973</image_id><coco_id>457214</coco_id><flickr_id>149218637</flickr_id></source><size><width>500</width><height>333</height><depth>3</depth></size><segmented>0</segmented><object><name>bed</name><object_id>2179732</object_id><difficult>0</difficult><bndbox><xmin>6</xmin><ymin>17</ymin><xmax>486</xmax><ymax>319</ymax></bndbox></object><object><name>basket</name><object_id>2179731</object_id><difficult>0</difficult><bndbox><xmin>5</xmin><ymin>250</ymin><xmax>95</xmax><ymax>323</ymax></bndbox><attribute>wicker</attribute></object><relation><subject_id>2179731</subject_id><object_id>2179732</object_id><predicate>under a</predicate></relation></annotation>