<annotation><folder>VG_100K</folder><filename>2364769.jpg</filename><source><database>Visual Genome Version 1.2</database><image_id>2364769</image_id><coco_id>None</coco_id><flickr_id>5752237431</flickr_id></source><size><width>500</width><height>331</height><depth>3</depth></size><segmented>0</segmented><object><name>magazine</name><object_id>638974</object_id><difficult>0</difficult><bndbox><xmin>0</xmin><ymin>199</ymin><xmax>278</xmax><ymax>330</ymax></bndbox><attribute>open</attribute></object><object><name>table</name><object_id>638975</object_id><difficult>0</difficult><bndbox><xmin>4</xmin><ymin>1</ymin><xmax>499</xmax><ymax>329</ymax></bndbox><attribute>wooden</attribute><attribute>brown</attribute><attribute>wood</attribute></object><relation><subject_id>638975</subject_id><object_id>638974</object_id><predicate>under a</predicate></relation></annotation>