<annotation><folder>VG_100K</folder><filename>2364872.jpg</filename><source><database>Visual Genome Version 1.2</database><image_id>2364872</image_id><coco_id>315181</coco_id><flickr_id>3937889384</flickr_id></source><size><width>500</width><height>375</height><depth>3</depth></size><segmented>0</segmented><object><name>paper</name><object_id>1908379</object_id><difficult>0</difficult><bndbox><xmin>52</xmin><ymin>247</ymin><xmax>400</xmax><ymax>341</ymax></bndbox></object><object><name>sandwich</name><object_id>1908380</object_id><difficult>0</difficult><bndbox><xmin>37</xmin><ymin>13</ymin><xmax>494</xmax><ymax>240</ymax></bndbox></object><relation><subject_id>1908379</subject_id><object_id>1908380</object_id><predicate>under a</predicate></relation></annotation>