<annotation><folder>VG_100K</folder><filename>2364792.jpg</filename><source><database>Visual Genome Version 1.2</database><image_id>2364792</image_id><coco_id>450860</coco_id><flickr_id>6945532179</flickr_id></source><size><width>500</width><height>333</height><depth>3</depth></size><segmented>0</segmented><object><name>player</name><object_id>638759</object_id><difficult>0</difficult><bndbox><xmin>370</xmin><ymin>82</ymin><xmax>440</xmax><ymax>266</ymax></bndbox></object><object><name>field</name><object_id>638760</object_id><difficult>0</difficult><bndbox><xmin>0</xmin><ymin>101</ymin><xmax>498</xmax><ymax>332</ymax></bndbox></object><relation><subject_id>638759</subject_id><object_id>638760</object_id><predicate>playing with</predicate></relation></annotation>