<annotation><folder>VG_100K</folder><filename>2364576.jpg</filename><source><database>Visual Genome Version 1.2</database><image_id>2364576</image_id><coco_id>None</coco_id><flickr_id>3991196482</flickr_id></source><size><width>333</width><height>500</height><depth>3</depth></size><segmented>0</segmented><object><name>mirror</name><object_id>3737568</object_id><difficult>0</difficult><bndbox><xmin>0</xmin><ymin>295</ymin><xmax>250</xmax><ymax>474</ymax></bndbox><attribute>square</attribute></object><object><name>bottle</name><object_id>3737592</object_id><difficult>0</difficult><bndbox><xmin>144</xmin><ymin>165</ymin><xmax>245</xmax><ymax>348</ymax></bndbox><attribute>green</attribute></object><relation><subject_id>3737592</subject_id><object_id>3737568</object_id><predicate>reflected on</predicate></relation></annotation>