<annotation><folder>VG_100K</folder><filename>2364709.jpg</filename><source><database>Visual Genome Version 1.2</database><image_id>2364709</image_id><coco_id>517998</coco_id><flickr_id>1771216635</flickr_id></source><size><width>500</width><height>375</height><depth>3</depth></size><segmented>0</segmented><object><name>rack</name><object_id>3888248</object_id><difficult>0</difficult><bndbox><xmin>373</xmin><ymin>53</ymin><xmax>423</xmax><ymax>160</ymax></bndbox></object><object><name>bananas</name><object_id>2631962</object_id><difficult>0</difficult><bndbox><xmin>374</xmin><ymin>55</ymin><xmax>401</xmax><ymax>128</ymax></bndbox></object><object><name>banana</name><object_id>2282871</object_id><difficult>0</difficult><bndbox><xmin>386</xmin><ymin>94</ymin><xmax>406</xmax><ymax>118</ymax></bndbox><attribute>bunch</attribute></object><object><name>rack</name><object_id>2282873</object_id><difficult>0</difficult><bndbox><xmin>399</xmin><ymin>105</ymin><xmax>422</xmax><ymax>125</ymax></bndbox><attribute>metal</attribute></object><relation><subject_id>2631962</subject_id><object_id>3888248</object_id><predicate>hanging on a</predicate></relation><relation><subject_id>2282871</subject_id><object_id>2282873</object_id><predicate>hanging on a</predicate></relation><relation><subject_id>2282871</subject_id><object_id>2282873</object_id><predicate>hanging on a</predicate></relation></annotation>