<annotation><folder>VG_100K</folder><filename>2364598.jpg</filename><source><database>Visual Genome Version 1.2</database><image_id>2364598</image_id><coco_id>None</coco_id><flickr_id>4948172630</flickr_id></source><size><width>500</width><height>400</height><depth>3</depth></size><segmented>0</segmented><object><name>liquid</name><object_id>3342780</object_id><difficult>0</difficult><bndbox><xmin>115</xmin><ymin>315</ymin><xmax>250</xmax><ymax>380</ymax></bndbox></object><object><name>container</name><object_id>3342781</object_id><difficult>0</difficult><bndbox><xmin>97</xmin><ymin>253</ymin><xmax>257</xmax><ymax>382</ymax></bndbox><attribute>blue</attribute></object><object><name>decoration</name><object_id>3737383</object_id><difficult>0</difficult><bndbox><xmin>170</xmin><ymin>1</ymin><xmax>375</xmax><ymax>147</ymax></bndbox></object><object><name>vase</name><object_id>2616198</object_id><difficult>0</difficult><bndbox><xmin>256</xmin><ymin>157</ymin><xmax>408</xmax><ymax>381</ymax></bndbox><attribute>white</attribute></object><relation><subject_id>3342780</subject_id><object_id>3342781</object_id><predicate>are inside</predicate></relation><relation><subject_id>3737383</subject_id><object_id>2616198</object_id><predicate>sticking out of</predicate></relation></annotation>