<annotation><folder>VG_100K</folder><filename>2364908.jpg</filename><source><database>Visual Genome Version 1.2</database><image_id>2364908</image_id><coco_id>323695</coco_id><flickr_id>6219819232</flickr_id></source><size><width>500</width><height>373</height><depth>3</depth></size><segmented>0</segmented><object><name>car</name><object_id>2235964</object_id><difficult>0</difficult><bndbox><xmin>175</xmin><ymin>202</ymin><xmax>360</xmax><ymax>356</ymax></bndbox></object><object><name>logo</name><object_id>2038373</object_id><difficult>0</difficult><bndbox><xmin>263</xmin><ymin>265</ymin><xmax>279</xmax><ymax>282</ymax></bndbox></object><object><name>poles</name><object_id>3887209</object_id><difficult>0</difficult><bndbox><xmin>202</xmin><ymin>5</ymin><xmax>352</xmax><ymax>257</ymax></bndbox></object><object><name>road</name><object_id>3887210</object_id><difficult>0</difficult><bndbox><xmin>84</xmin><ymin>230</ymin><xmax>450</xmax><ymax>370</ymax></bndbox></object><object><name>lights</name><object_id>1665355</object_id><difficult>0</difficult><bndbox><xmin>152</xmin><ymin>228</ymin><xmax>170</xmax><ymax>249</ymax></bndbox></object><object><name>lights</name><object_id>1665354</object_id><difficult>0</difficult><bndbox><xmin>188</xmin><ymin>263</ymin><xmax>217</xmax><ymax>304</ymax></bndbox></object><object><name>lights</name><object_id>1665353</object_id><difficult>0</difficult><bndbox><xmin>319</xmin><ymin>267</ymin><xmax>357</xmax><ymax>309</ymax></bndbox></object><object><name>car</name><object_id>1665358</object_id><difficult>0</difficult><bndbox><xmin>189</xmin><ymin>205</ymin><xmax>351</xmax><ymax>348</ymax></bndbox></object><object><name>lights</name><object_id>1665357</object_id><difficult>0</difficult><bndbox><xmin>226</xmin><ymin>226</ymin><xmax>235</xmax><ymax>236</ymax></bndbox></object><object><name>lights</name><object_id>1665356</object_id><difficult>0</difficult><bndbox><xmin>9</xmin><ymin>218</ymin><xmax>37</xmax><ymax>270</ymax></bndbox></object><object><name>buildings</name><object_id>3887221</object_id><difficult>0</difficult><bndbox><xmin>16</xmin><ymin>129</ymin><xmax>444</xmax><ymax>220</ymax></bndbox></object><object><name>road</name><object_id>1972078</object_id><difficult>0</difficult><bndbox><xmin>201</xmin><ymin>217</ymin><xmax>375</xmax><ymax>338</ymax></bndbox></object><relation><subject_id>2038373</subject_id><object_id>2235964</object_id><predicate>on back of</predicate></relation><relation><subject_id>3887209</subject_id><object_id>3887210</object_id><predicate>alongside</predicate></relation><relation><subject_id>1665355</subject_id><object_id>1665358</object_id><predicate>on back of</predicate></relation><relation><subject_id>1665354</subject_id><object_id>1665358</object_id><predicate>on back of</predicate></relation><relation><subject_id>1665353</subject_id><object_id>1665358</object_id><predicate>on back of</predicate></relation><relation><subject_id>1665357</subject_id><object_id>1665358</object_id><predicate>on back of</predicate></relation><relation><subject_id>1665356</subject_id><object_id>1665358</object_id><predicate>on back of</predicate></relation><relation><subject_id>3887221</subject_id><object_id>1972078</object_id><predicate>on other side of</predicate></relation></annotation>