<annotation><folder>VG_100K</folder><filename>2364783.jpg</filename><source><database>Visual Genome Version 1.2</database><image_id>2364783</image_id><coco_id>None</coco_id><flickr_id>6403695231</flickr_id></source><size><width>500</width><height>333</height><depth>3</depth></size><segmented>0</segmented><object><name>table</name><object_id>1780289</object_id><difficult>0</difficult><bndbox><xmin>1</xmin><ymin>210</ymin><xmax>461</xmax><ymax>325</ymax></bndbox><attribute>wooden</attribute></object><object><name>computer</name><object_id>1780290</object_id><difficult>0</difficult><bndbox><xmin>75</xmin><ymin>98</ymin><xmax>340</xmax><ymax>269</ymax></bndbox></object><object><name>man</name><object_id>2585006</object_id><difficult>0</difficult><bndbox><xmin>313</xmin><ymin>15</ymin><xmax>437</xmax><ymax>251</ymax></bndbox></object><object><name>cellphone</name><object_id>2470498</object_id><difficult>0</difficult><bndbox><xmin>373</xmin><ymin>102</ymin><xmax>388</xmax><ymax>120</ymax></bndbox></object><object><name>book</name><object_id>2662013</object_id><difficult>0</difficult><bndbox><xmin>459</xmin><ymin>248</ymin><xmax>498</xmax><ymax>289</ymax></bndbox></object><object><name>table</name><object_id>2662014</object_id><difficult>0</difficult><bndbox><xmin>1</xmin><ymin>203</ymin><xmax>498</xmax><ymax>331</ymax></bndbox></object><relation><subject_id>1780289</subject_id><object_id>1780290</object_id><predicate>beneath</predicate></relation><relation><subject_id>2585006</subject_id><object_id>2470498</object_id><predicate>talking on</predicate></relation><relation><subject_id>2662013</subject_id><object_id>2662014</object_id><predicate>resting on</predicate></relation></annotation>