<annotation><folder>VG_100K</folder><filename>2364606.jpg</filename><source><database>Visual Genome Version 1.2</database><image_id>2364606</image_id><coco_id>None</coco_id><flickr_id>5485850330</flickr_id></source><size><width>500</width><height>357</height><depth>3</depth></size><segmented>0</segmented><object><name>plane</name><object_id>1658645</object_id><difficult>0</difficult><bndbox><xmin>27</xmin><ymin>8</ymin><xmax>349</xmax><ymax>309</ymax></bndbox></object><object><name>terrain</name><object_id>1658644</object_id><difficult>0</difficult><bndbox><xmin>1</xmin><ymin>11</ymin><xmax>485</xmax><ymax>351</ymax></bndbox></object><relation><subject_id>1658644</subject_id><object_id>1658645</object_id><predicate>under a</predicate></relation></annotation>