<annotation><folder>VG_100K</folder><filename>2364592.jpg</filename><source><database>Visual Genome Version 1.2</database><image_id>2364592</image_id><coco_id>None</coco_id><flickr_id>4679171030</flickr_id></source><size><width>500</width><height>375</height><depth>3</depth></size><segmented>0</segmented><object><name>bed</name><object_id>758813</object_id><difficult>0</difficult><bndbox><xmin>30</xmin><ymin>35</ymin><xmax>499</xmax><ymax>374</ymax></bndbox></object><object><name>room</name><object_id>3737439</object_id><difficult>0</difficult><bndbox><xmin>4</xmin><ymin>2</ymin><xmax>496</xmax><ymax>371</ymax></bndbox></object><object><name>table</name><object_id>758816</object_id><difficult>0</difficult><bndbox><xmin>0</xmin><ymin>133</ymin><xmax>38</xmax><ymax>227</ymax></bndbox><attribute>white</attribute></object><object><name>number</name><object_id>758818</object_id><difficult>0</difficult><bndbox><xmin>1</xmin><ymin>126</ymin><xmax>9</xmax><ymax>135</ymax></bndbox><attribute>red</attribute></object><object><name>clock</name><object_id>758819</object_id><difficult>0</difficult><bndbox><xmin>1</xmin><ymin>123</ymin><xmax>13</xmax><ymax>147</ymax></bndbox></object><object><name>pillow</name><object_id>758820</object_id><difficult>0</difficult><bndbox><xmin>127</xmin><ymin>60</ymin><xmax>269</xmax><ymax>177</ymax></bndbox><attribute>pictured</attribute></object><object><name>pillow</name><object_id>758821</object_id><difficult>0</difficult><bndbox><xmin>38</xmin><ymin>73</ymin><xmax>142</xmax><ymax>174</ymax></bndbox><attribute>pictured</attribute></object><object><name>pillow</name><object_id>758822</object_id><difficult>0</difficult><bndbox><xmin>241</xmin><ymin>57</ymin><xmax>297</xmax><ymax>119</ymax></bndbox><attribute>pictured</attribute></object><object><name>pillow</name><object_id>758823</object_id><difficult>0</difficult><bndbox><xmin>157</xmin><ymin>35</ymin><xmax>254</xmax><ymax>64</ymax></bndbox><attribute>blue</attribute><attribute>pictured</attribute></object><object><name>pillow</name><object_id>758824</object_id><difficult>0</difficult><bndbox><xmin>27</xmin><ymin>42</ymin><xmax>157</xmax><ymax>152</ymax></bndbox><attribute>blue</attribute><attribute>pictured</attribute></object><object><name>flower</name><object_id>758825</object_id><difficult>0</difficult><bndbox><xmin>310</xmin><ymin>210</ymin><xmax>323</xmax><ymax>220</ymax></bndbox></object><object><name>sheet</name><object_id>758826</object_id><difficult>0</difficult><bndbox><xmin>36</xmin><ymin>115</ymin><xmax>498</xmax><ymax>375</ymax></bndbox></object><object><name>flower</name><object_id>758827</object_id><difficult>0</difficult><bndbox><xmin>223</xmin><ymin>179</ymin><xmax>235</xmax><ymax>187</ymax></bndbox></object><object><name>flower</name><object_id>758828</object_id><difficult>0</difficult><bndbox><xmin>155</xmin><ymin>253</ymin><xmax>172</xmax><ymax>266</ymax></bndbox><attribute>red</attribute></object><object><name>flower</name><object_id>758829</object_id><difficult>0</difficult><bndbox><xmin>347</xmin><ymin>164</ymin><xmax>358</xmax><ymax>174</ymax></bndbox></object><object><name>flower</name><object_id>758830</object_id><difficult>0</difficult><bndbox><xmin>366</xmin><ymin>303</ymin><xmax>385</xmax><ymax>320</ymax></bndbox></object><object><name>line</name><object_id>758831</object_id><difficult>0</difficult><bndbox><xmin>168</xmin><ymin>62</ymin><xmax>197</xmax><ymax>165</ymax></bndbox></object><object><name>line</name><object_id>758832</object_id><difficult>0</difficult><bndbox><xmin>211</xmin><ymin>59</ymin><xmax>240</xmax><ymax>155</ymax></bndbox></object><object><name>glasses</name><object_id>758834</object_id><difficult>0</difficult><bndbox><xmin>0</xmin><ymin>155</ymin><xmax>21</xmax><ymax>167</ymax></bndbox></object><relation><subject_id>758813</subject_id><object_id>3737439</object_id><predicate>are inside</predicate></relation><relation><subject_id>758818</subject_id><object_id>758819</object_id><predicate>are inside</predicate></relation><relation><subject_id>758820</subject_id><object_id>758813</object_id><predicate>top of</predicate></relation><relation><subject_id>758821</subject_id><object_id>758813</object_id><predicate>top of</predicate></relation><relation><subject_id>758822</subject_id><object_id>758813</object_id><predicate>top of</predicate></relation><relation><subject_id>758823</subject_id><object_id>758813</object_id><predicate>top of</predicate></relation><relation><subject_id>758824</subject_id><object_id>758813</object_id><predicate>top of</predicate></relation><relation><subject_id>758825</subject_id><object_id>758826</object_id><predicate>top of</predicate></relation><relation><subject_id>758827</subject_id><object_id>758826</object_id><predicate>top of</predicate></relation><relation><subject_id>758828</subject_id><object_id>758826</object_id><predicate>top of</predicate></relation><relation><subject_id>758829</subject_id><object_id>758826</object_id><predicate>top of</predicate></relation><relation><subject_id>758830</subject_id><object_id>758826</object_id><predicate>top of</predicate></relation><relation><subject_id>758831</subject_id><object_id>758820</object_id><predicate>top of</predicate></relation><relation><subject_id>758832</subject_id><object_id>758820</object_id><predicate>top of</predicate></relation><relation><subject_id>758834</subject_id><object_id>758816</object_id><predicate>top of</predicate></relation><relation><subject_id>758820</subject_id><object_id>758813</object_id><predicate>top of</predicate></relation><relation><subject_id>758824</subject_id><object_id>758813</object_id><predicate>top of</predicate></relation><relation><subject_id>758821</subject_id><object_id>758813</object_id><predicate>top of</predicate></relation><relation><subject_id>758823</subject_id><object_id>758813</object_id><predicate>top of</predicate></relation><relation><subject_id>758828</subject_id><object_id>758826</object_id><predicate>top of</predicate></relation><relation><subject_id>758830</subject_id><object_id>758826</object_id><predicate>top of</predicate></relation><relation><subject_id>758829</subject_id><object_id>758826</object_id><predicate>top of</predicate></relation><relation><subject_id>758827</subject_id><object_id>758826</object_id><predicate>top of</predicate></relation></annotation>