<annotation><folder>VG_100K</folder><filename>2364514.jpg</filename><source><database>Visual Genome Version 1.2</database><image_id>2364514</image_id><coco_id>None</coco_id><flickr_id>8787669525</flickr_id></source><size><width>500</width><height>333</height><depth>3</depth></size><segmented>0</segmented><object><name>child</name><object_id>2405328</object_id><difficult>0</difficult><bndbox><xmin>227</xmin><ymin>32</ymin><xmax>414</xmax><ymax>331</ymax></bndbox></object><object><name>baseball field</name><object_id>2405329</object_id><difficult>0</difficult><bndbox><xmin>9</xmin><ymin>77</ymin><xmax>491</xmax><ymax>323</ymax></bndbox></object><relation><subject_id>2405328</subject_id><object_id>2405329</object_id><predicate>playing with</predicate></relation></annotation>