<annotation><folder>VG_100K</folder><filename>2364858.jpg</filename><source><database>Visual Genome Version 1.2</database><image_id>2364858</image_id><coco_id>None</coco_id><flickr_id>2475651684</flickr_id></source><size><width>500</width><height>375</height><depth>3</depth></size><segmented>0</segmented><object><name>cup</name><object_id>758480</object_id><difficult>0</difficult><bndbox><xmin>1</xmin><ymin>153</ymin><xmax>171</xmax><ymax>308</ymax></bndbox><attribute>plastic</attribute></object><object><name>straw</name><object_id>758482</object_id><difficult>0</difficult><bndbox><xmin>49</xmin><ymin>2</ymin><xmax>104</xmax><ymax>100</ymax></bndbox></object><object><name>paper</name><object_id>758487</object_id><difficult>0</difficult><bndbox><xmin>4</xmin><ymin>1</ymin><xmax>500</xmax><ymax>374</ymax></bndbox><attribute>white</attribute></object><object><name>table</name><object_id>758491</object_id><difficult>0</difficult><bndbox><xmin>2</xmin><ymin>3</ymin><xmax>185</xmax><ymax>375</ymax></bndbox><attribute>brown</attribute></object><object><name>sandwich</name><object_id>758483</object_id><difficult>0</difficult><bndbox><xmin>167</xmin><ymin>108</ymin><xmax>481</xmax><ymax>265</ymax></bndbox></object><object><name>drink</name><object_id>758492</object_id><difficult>0</difficult><bndbox><xmin>0</xmin><ymin>64</ymin><xmax>179</xmax><ymax>179</ymax></bndbox><attribute>yellow</attribute></object><relation><subject_id>758482</subject_id><object_id>758480</object_id><predicate>sticking out of</predicate></relation><relation><subject_id>758483</subject_id><object_id>758487</object_id><predicate>top of</predicate></relation><relation><subject_id>758487</subject_id><object_id>758483</object_id><predicate>under a</predicate></relation><relation><subject_id>758482</subject_id><object_id>758480</object_id><predicate>are inside</predicate></relation><relation><subject_id>758492</subject_id><object_id>758491</object_id><predicate>sitting on a</predicate></relation><relation><subject_id>758483</subject_id><object_id>758491</object_id><predicate>sitting on a</predicate></relation><relation><subject_id>758482</subject_id><object_id>758480</object_id><predicate>are inside</predicate></relation></annotation>