<annotation><folder>VG_100K</folder><filename>2364541.jpg</filename><source><database>Visual Genome Version 1.2</database><image_id>2364541</image_id><coco_id>318523</coco_id><flickr_id>617151134</flickr_id></source><size><width>500</width><height>375</height><depth>3</depth></size><segmented>0</segmented><object><name>slice</name><object_id>3737943</object_id><difficult>0</difficult><bndbox><xmin>104</xmin><ymin>152</ymin><xmax>177</xmax><ymax>277</ymax></bndbox></object><object><name>rose</name><object_id>2342057</object_id><difficult>0</difficult><bndbox><xmin>129</xmin><ymin>170</ymin><xmax>178</xmax><ymax>215</ymax></bndbox><attribute>little</attribute></object><object><name>platter</name><object_id>3737955</object_id><difficult>0</difficult><bndbox><xmin>0</xmin><ymin>85</ymin><xmax>363</xmax><ymax>280</ymax></bndbox><attribute>grey</attribute></object><object><name>donuts</name><object_id>2605451</object_id><difficult>0</difficult><bndbox><xmin>40</xmin><ymin>84</ymin><xmax>347</xmax><ymax>266</ymax></bndbox></object><object><name>bag</name><object_id>2311554</object_id><difficult>0</difficult><bndbox><xmin>0</xmin><ymin>326</ymin><xmax>100</xmax><ymax>374</ymax></bndbox><attribute>yellow</attribute></object><relation><subject_id>2342057</subject_id><object_id>3737943</object_id><predicate>top of</predicate></relation><relation><subject_id>2605451</subject_id><object_id>3737955</object_id><predicate>top of</predicate></relation><relation><subject_id>2311554</subject_id><object_id>3737955</object_id><predicate>under a</predicate></relation></annotation>