<annotation><folder>VG_100K</folder><filename>2364586.jpg</filename><source><database>Visual Genome Version 1.2</database><image_id>2364586</image_id><coco_id>32038</coco_id><flickr_id>4423705330</flickr_id></source><size><width>333</width><height>500</height><depth>3</depth></size><segmented>0</segmented><object><name>pizza</name><object_id>3737504</object_id><difficult>0</difficult><bndbox><xmin>2</xmin><ymin>119</ymin><xmax>322</xmax><ymax>303</ymax></bndbox><attribute>large</attribute><attribute>cooked</attribute><attribute>cut</attribute><attribute>big</attribute></object><object><name>floor</name><object_id>1703987</object_id><difficult>0</difficult><bndbox><xmin>25</xmin><ymin>403</ymin><xmax>110</xmax><ymax>462</ymax></bndbox><attribute>brick</attribute><attribute>red</attribute></object><object><name>table</name><object_id>1703988</object_id><difficult>0</difficult><bndbox><xmin>3</xmin><ymin>249</ymin><xmax>330</xmax><ymax>404</ymax></bndbox></object><object><name>plate</name><object_id>1660637</object_id><difficult>0</difficult><bndbox><xmin>15</xmin><ymin>117</ymin><xmax>79</xmax><ymax>138</ymax></bndbox><attribute>white</attribute></object><object><name>table</name><object_id>2701355</object_id><difficult>0</difficult><bndbox><xmin>1</xmin><ymin>272</ymin><xmax>332</xmax><ymax>409</ymax></bndbox><attribute>wooden</attribute></object><relation><subject_id>1703987</subject_id><object_id>1703988</object_id><predicate>under a</predicate></relation><relation><subject_id>1660637</subject_id><object_id>3737504</object_id><predicate>under a</predicate></relation><relation><subject_id>2701355</subject_id><object_id>3737504</object_id><predicate>under a</predicate></relation></annotation>