<annotation><folder>VG_100K</folder><filename>2364481.jpg</filename><source><database>Visual Genome Version 1.2</database><image_id>2364481</image_id><coco_id>None</coco_id><flickr_id>6612104677</flickr_id></source><size><width>500</width><height>375</height><depth>3</depth></size><segmented>0</segmented><object><name>box</name><object_id>1898720</object_id><difficult>0</difficult><bndbox><xmin>0</xmin><ymin>1</ymin><xmax>497</xmax><ymax>372</ymax></bndbox><attribute>white</attribute></object><object><name>pizza</name><object_id>2432238</object_id><difficult>0</difficult><bndbox><xmin>33</xmin><ymin>15</ymin><xmax>474</xmax><ymax>373</ymax></bndbox><attribute>large</attribute></object><relation><subject_id>1898720</subject_id><object_id>2432238</object_id><predicate>under a</predicate></relation></annotation>