<annotation><folder>VG_100K</folder><filename>2364517.jpg</filename><source><database>Visual Genome Version 1.2</database><image_id>2364517</image_id><coco_id>9859</coco_id><flickr_id>9123512725</flickr_id></source><size><width>478</width><height>500</height><depth>3</depth></size><segmented>0</segmented><object><name>train</name><object_id>2110958</object_id><difficult>0</difficult><bndbox><xmin>161</xmin><ymin>141</ymin><xmax>414</xmax><ymax>408</ymax></bndbox></object><object><name>reflection</name><object_id>1764788</object_id><difficult>0</difficult><bndbox><xmin>367</xmin><ymin>202</ymin><xmax>392</xmax><ymax>258</ymax></bndbox></object><relation><subject_id>1764788</subject_id><object_id>2110958</object_id><predicate>on other side of</predicate></relation></annotation>