<annotation><folder>VG_100K</folder><filename>2364851.jpg</filename><source><database>Visual Genome Version 1.2</database><image_id>2364851</image_id><coco_id>37456</coco_id><flickr_id>2055487336</flickr_id></source><size><width>500</width><height>333</height><depth>3</depth></size><segmented>0</segmented><object><name>coffee table</name><object_id>638271</object_id><difficult>0</difficult><bndbox><xmin>216</xmin><ymin>197</ymin><xmax>482</xmax><ymax>327</ymax></bndbox><attribute>brown</attribute><attribute>full</attribute></object><object><name>statue</name><object_id>638284</object_id><difficult>0</difficult><bndbox><xmin>237</xmin><ymin>59</ymin><xmax>306</xmax><ymax>162</ymax></bndbox></object><object><name>table</name><object_id>638285</object_id><difficult>0</difficult><bndbox><xmin>230</xmin><ymin>150</ymin><xmax>291</xmax><ymax>208</ymax></bndbox></object><object><name>cup</name><object_id>638286</object_id><difficult>0</difficult><bndbox><xmin>407</xmin><ymin>236</ymin><xmax>433</xmax><ymax>261</ymax></bndbox></object><relation><subject_id>638284</subject_id><object_id>638285</object_id><predicate>atop</predicate></relation><relation><subject_id>638286</subject_id><object_id>638271</object_id><predicate>atop</predicate></relation></annotation>