<annotation><folder>VG_100K</folder><filename>2364649.jpg</filename><source><database>Visual Genome Version 1.2</database><image_id>2364649</image_id><coco_id>None</coco_id><flickr_id>8087045978</flickr_id></source><size><width>500</width><height>333</height><depth>3</depth></size><segmented>0</segmented><object><name>tennis</name><object_id>3888595</object_id><difficult>0</difficult><bndbox><xmin>6</xmin><ymin>14</ymin><xmax>492</xmax><ymax>329</ymax></bndbox></object><object><name>man</name><object_id>2063041</object_id><difficult>0</difficult><bndbox><xmin>13</xmin><ymin>37</ymin><xmax>38</xmax><ymax>97</ymax></bndbox></object><object><name>man</name><object_id>1935037</object_id><difficult>0</difficult><bndbox><xmin>258</xmin><ymin>36</ymin><xmax>443</xmax><ymax>292</ymax></bndbox></object><object><name>fence</name><object_id>2639292</object_id><difficult>0</difficult><bndbox><xmin>0</xmin><ymin>9</ymin><xmax>498</xmax><ymax>130</ymax></bndbox></object><object><name>tennis net</name><object_id>2207093</object_id><difficult>0</difficult><bndbox><xmin>3</xmin><ymin>79</ymin><xmax>369</xmax><ymax>138</ymax></bndbox></object><object><name>man</name><object_id>2207095</object_id><difficult>0</difficult><bndbox><xmin>15</xmin><ymin>37</ymin><xmax>40</xmax><ymax>102</ymax></bndbox></object><object><name>bushes</name><object_id>2639291</object_id><difficult>0</difficult><bndbox><xmin>155</xmin><ymin>73</ymin><xmax>353</xmax><ymax>107</ymax></bndbox></object><relation><subject_id>2063041</subject_id><object_id>3888595</object_id><predicate>playing with</predicate></relation><relation><subject_id>1935037</subject_id><object_id>3888595</object_id><predicate>playing with</predicate></relation><relation><subject_id>2207093</subject_id><object_id>1935037</object_id><predicate>between</predicate></relation><relation><subject_id>2207093</subject_id><object_id>2207095</object_id><predicate>between</predicate></relation><relation><subject_id>2639291</subject_id><object_id>2639292</object_id><predicate>on other side of</predicate></relation></annotation>