<annotation><folder>VG_100K</folder><filename>2364811.jpg</filename><source><database>Visual Genome Version 1.2</database><image_id>2364811</image_id><coco_id>319142</coco_id><flickr_id>8520880779</flickr_id></source><size><width>500</width><height>461</height><depth>3</depth></size><segmented>0</segmented><object><name>dog</name><object_id>638662</object_id><difficult>0</difficult><bndbox><xmin>99</xmin><ymin>65</ymin><xmax>450</xmax><ymax>392</ymax></bndbox></object><object><name>blanket</name><object_id>638669</object_id><difficult>0</difficult><bndbox><xmin>1</xmin><ymin>53</ymin><xmax>492</xmax><ymax>459</ymax></bndbox><attribute>beautiful</attribute><attribute>patterned</attribute><attribute>white</attribute><attribute>black</attribute></object><object><name>pillow</name><object_id>638671</object_id><difficult>0</difficult><bndbox><xmin>2</xmin><ymin>3</ymin><xmax>499</xmax><ymax>451</ymax></bndbox><attribute>white</attribute><attribute>beige</attribute></object><object><name>head</name><object_id>638675</object_id><difficult>0</difficult><bndbox><xmin>104</xmin><ymin>63</ymin><xmax>450</xmax><ymax>390</ymax></bndbox></object><relation><subject_id>638662</subject_id><object_id>638671</object_id><predicate>laying in</predicate></relation><relation><subject_id>638662</subject_id><object_id>638669</object_id><predicate>under a</predicate></relation><relation><subject_id>638662</subject_id><object_id>638671</object_id><predicate>top of</predicate></relation><relation><subject_id>638671</subject_id><object_id>638662</object_id><predicate>under a</predicate></relation><relation><subject_id>638671</subject_id><object_id>638662</object_id><predicate>under a</predicate></relation><relation><subject_id>638671</subject_id><object_id>638675</object_id><predicate>under a</predicate></relation></annotation>