<annotation><folder>VG_100K</folder><filename>2364904.jpg</filename><source><database>Visual Genome Version 1.2</database><image_id>2364904</image_id><coco_id>None</coco_id><flickr_id>6040836232</flickr_id></source><size><width>500</width><height>333</height><depth>3</depth></size><segmented>0</segmented><object><name>grass</name><object_id>2480027</object_id><difficult>0</difficult><bndbox><xmin>2</xmin><ymin>197</ymin><xmax>499</xmax><ymax>332</ymax></bndbox><attribute>green</attribute></object><object><name>zebras</name><object_id>2008795</object_id><difficult>0</difficult><bndbox><xmin>181</xmin><ymin>105</ymin><xmax>339</xmax><ymax>254</ymax></bndbox></object><relation><subject_id>2480027</subject_id><object_id>2008795</object_id><predicate>under a</predicate></relation></annotation>