<annotation><folder>VG_100K</folder><filename>2364993.jpg</filename><source><database>Visual Genome Version 1.2</database><image_id>2364993</image_id><coco_id>57460</coco_id><flickr_id>2047738337</flickr_id></source><size><width>500</width><height>375</height><depth>3</depth></size><segmented>0</segmented><object><name>cat</name><object_id>1682811</object_id><difficult>0</difficult><bndbox><xmin>16</xmin><ymin>116</ymin><xmax>494</xmax><ymax>348</ymax></bndbox><attribute>tan</attribute></object><object><name>laptop</name><object_id>3886669</object_id><difficult>0</difficult><bndbox><xmin>57</xmin><ymin>0</ymin><xmax>388</xmax><ymax>328</ymax></bndbox><attribute>computer</attribute><attribute>black</attribute></object><object><name>head</name><object_id>3886660</object_id><difficult>0</difficult><bndbox><xmin>11</xmin><ymin>160</ymin><xmax>197</xmax><ymax>309</ymax></bndbox></object><object><name>cat</name><object_id>1915913</object_id><difficult>0</difficult><bndbox><xmin>25</xmin><ymin>115</ymin><xmax>487</xmax><ymax>329</ymax></bndbox><attribute>tan</attribute><attribute>sleeping</attribute></object><object><name>ear</name><object_id>2570707</object_id><difficult>0</difficult><bndbox><xmin>108</xmin><ymin>155</ymin><xmax>157</xmax><ymax>206</ymax></bndbox></object><object><name>ear</name><object_id>2570708</object_id><difficult>0</difficult><bndbox><xmin>15</xmin><ymin>204</ymin><xmax>74</xmax><ymax>242</ymax></bndbox></object><object><name>tail</name><object_id>3886661</object_id><difficult>0</difficult><bndbox><xmin>367</xmin><ymin>174</ymin><xmax>484</xmax><ymax>354</ymax></bndbox></object><object><name>cat</name><object_id>3886666</object_id><difficult>0</difficult><bndbox><xmin>7</xmin><ymin>122</ymin><xmax>484</xmax><ymax>363</ymax></bndbox><attribute>tan</attribute></object><object><name>fur</name><object_id>1682810</object_id><difficult>0</difficult><bndbox><xmin>261</xmin><ymin>149</ymin><xmax>366</xmax><ymax>229</ymax></bndbox></object><object><name>nose</name><object_id>2134696</object_id><difficult>0</difficult><bndbox><xmin>121</xmin><ymin>272</ymin><xmax>143</xmax><ymax>289</ymax></bndbox></object><object><name>computer</name><object_id>3886667</object_id><difficult>0</difficult><bndbox><xmin>38</xmin><ymin>0</ymin><xmax>394</xmax><ymax>337</ymax></bndbox></object><relation><subject_id>1682811</subject_id><object_id>3886669</object_id><predicate>sleeping on</predicate></relation><relation><subject_id>3886660</subject_id><object_id>1915913</object_id><predicate>belonging to</predicate></relation><relation><subject_id>2570707</subject_id><object_id>1682811</object_id><predicate>belonging to</predicate></relation><relation><subject_id>2570708</subject_id><object_id>1682811</object_id><predicate>belonging to</predicate></relation><relation><subject_id>3886661</subject_id><object_id>3886666</object_id><predicate>belonging to</predicate></relation><relation><subject_id>1682810</subject_id><object_id>1682811</object_id><predicate>belonging to</predicate></relation><relation><subject_id>2134696</subject_id><object_id>3886666</object_id><predicate>belonging to</predicate></relation><relation><subject_id>1682811</subject_id><object_id>3886669</object_id><predicate>sleeping on</predicate></relation><relation><subject_id>3886666</subject_id><object_id>3886667</object_id><predicate>sleeping on</predicate></relation></annotation>