<annotation><folder>VG_100K</folder><filename>2364895.jpg</filename><source><database>Visual Genome Version 1.2</database><image_id>2364895</image_id><coco_id>20188</coco_id><flickr_id>5443344932</flickr_id></source><size><width>353</width><height>500</height><depth>3</depth></size><segmented>0</segmented><object><name>man</name><object_id>637937</object_id><difficult>0</difficult><bndbox><xmin>19</xmin><ymin>53</ymin><xmax>351</xmax><ymax>389</ymax></bndbox></object><object><name>skateboard</name><object_id>637938</object_id><difficult>0</difficult><bndbox><xmin>237</xmin><ymin>335</ymin><xmax>351</xmax><ymax>422</ymax></bndbox><attribute>wooden</attribute><attribute>white</attribute><attribute>black</attribute></object><object><name>sidewalk</name><object_id>637944</object_id><difficult>0</difficult><bndbox><xmin>2</xmin><ymin>360</ymin><xmax>348</xmax><ymax>500</ymax></bndbox><attribute>paved</attribute></object><object><name>wheel</name><object_id>637949</object_id><difficult>0</difficult><bndbox><xmin>267</xmin><ymin>378</ymin><xmax>289</xmax><ymax>401</ymax></bndbox></object><object><name>cigarette</name><object_id>637963</object_id><difficult>0</difficult><bndbox><xmin>242</xmin><ymin>419</ymin><xmax>273</xmax><ymax>434</ymax></bndbox></object><relation><subject_id>637937</subject_id><object_id>637938</object_id><predicate>sitting on a</predicate></relation><relation><subject_id>637937</subject_id><object_id>637938</object_id><predicate>sitting on a</predicate></relation><relation><subject_id>637949</subject_id><object_id>637938</object_id><predicate>attached</predicate></relation><relation><subject_id>637963</subject_id><object_id>637944</object_id><predicate>are inside</predicate></relation></annotation>