<annotation><folder>VG_100K</folder><filename>2364680.jpg</filename><source><database>Visual Genome Version 1.2</database><image_id>2364680</image_id><coco_id>None</coco_id><flickr_id>9862647626</flickr_id></source><size><width>357</width><height>500</height><depth>3</depth></size><segmented>0</segmented><object><name>woman</name><object_id>3888449</object_id><difficult>0</difficult><bndbox><xmin>84</xmin><ymin>174</ymin><xmax>189</xmax><ymax>433</ymax></bndbox></object><object><name>chair</name><object_id>3888450</object_id><difficult>0</difficult><bndbox><xmin>87</xmin><ymin>303</ymin><xmax>235</xmax><ymax>430</ymax></bndbox></object><relation><subject_id>3888449</subject_id><object_id>3888450</object_id><predicate>sitting on a</predicate></relation></annotation>