<annotation><folder>VG_100K</folder><filename>2364994.jpg</filename><source><database>Visual Genome Version 1.2</database><image_id>2364994</image_id><coco_id>300896</coco_id><flickr_id>2285714385</flickr_id></source><size><width>500</width><height>270</height><depth>3</depth></size><segmented>0</segmented><object><name>shoe</name><object_id>3886650</object_id><difficult>0</difficult><bndbox><xmin>0</xmin><ymin>166</ymin><xmax>111</xmax><ymax>232</ymax></bndbox><attribute>red</attribute></object><object><name>girl</name><object_id>1703538</object_id><difficult>0</difficult><bndbox><xmin>1</xmin><ymin>2</ymin><xmax>114</xmax><ymax>230</ymax></bndbox></object><object><name>suitcase</name><object_id>2471232</object_id><difficult>0</difficult><bndbox><xmin>164</xmin><ymin>0</ymin><xmax>338</xmax><ymax>109</ymax></bndbox></object><object><name>surface</name><object_id>1703536</object_id><difficult>0</difficult><bndbox><xmin>2</xmin><ymin>2</ymin><xmax>498</xmax><ymax>268</ymax></bndbox><attribute>red</attribute></object><object><name>line</name><object_id>3886649</object_id><difficult>0</difficult><bndbox><xmin>3</xmin><ymin>208</ymin><xmax>111</xmax><ymax>232</ymax></bndbox><attribute>white</attribute></object><object><name>lady</name><object_id>3886652</object_id><difficult>0</difficult><bndbox><xmin>0</xmin><ymin>1</ymin><xmax>112</xmax><ymax>235</ymax></bndbox></object><relation><subject_id>1703536</subject_id><object_id>1703538</object_id><predicate>under a</predicate></relation><relation><subject_id>3886649</subject_id><object_id>3886650</object_id><predicate>on other side of</predicate></relation><relation><subject_id>3886652</subject_id><object_id>2471232</object_id><predicate>standing with</predicate></relation></annotation>