<annotation><folder>VG_100K</folder><filename>2364832.jpg</filename><source><database>Visual Genome Version 1.2</database><image_id>2364832</image_id><coco_id>None</coco_id><flickr_id>68192936</flickr_id></source><size><width>500</width><height>375</height><depth>3</depth></size><segmented>0</segmented><object><name>kite</name><object_id>4071589</object_id><difficult>0</difficult><bndbox><xmin>301</xmin><ymin>92</ymin><xmax>484</xmax><ymax>338</ymax></bndbox><attribute>large</attribute><attribute>pink</attribute><attribute>yellow</attribute><attribute>red</attribute></object><object><name>sky</name><object_id>4071559</object_id><difficult>0</difficult><bndbox><xmin>2</xmin><ymin>1</ymin><xmax>479</xmax><ymax>372</ymax></bndbox><attribute>blue</attribute><attribute>clear</attribute><attribute>sunny</attribute><attribute>cloudless</attribute></object><relation><subject_id>4071589</subject_id><object_id>4071559</object_id><predicate>flying in</predicate></relation><relation><subject_id>4071589</subject_id><object_id>4071559</object_id><predicate>flying in</predicate></relation></annotation>