<annotation><folder>VG_100K</folder><filename>2364501.jpg</filename><source><database>Visual Genome Version 1.2</database><image_id>2364501</image_id><coco_id>563292</coco_id><flickr_id>8380659577</flickr_id></source><size><width>335</width><height>500</height><depth>3</depth></size><segmented>0</segmented><object><name>post</name><object_id>2639564</object_id><difficult>0</difficult><bndbox><xmin>164</xmin><ymin>30</ymin><xmax>173</xmax><ymax>57</ymax></bndbox></object><object><name>tower</name><object_id>2139543</object_id><difficult>0</difficult><bndbox><xmin>98</xmin><ymin>31</ymin><xmax>223</xmax><ymax>379</ymax></bndbox><attribute>tall</attribute></object><object><name>cross</name><object_id>1815744</object_id><difficult>0</difficult><bndbox><xmin>165</xmin><ymin>31</ymin><xmax>171</xmax><ymax>40</ymax></bndbox></object><object><name>roof</name><object_id>3738324</object_id><difficult>0</difficult><bndbox><xmin>19</xmin><ymin>296</ymin><xmax>134</xmax><ymax>414</ymax></bndbox></object><object><name>building</name><object_id>2512647</object_id><difficult>0</difficult><bndbox><xmin>93</xmin><ymin>133</ymin><xmax>228</xmax><ymax>255</ymax></bndbox></object><relation><subject_id>2639564</subject_id><object_id>2139543</object_id><predicate>top of</predicate></relation><relation><subject_id>1815744</subject_id><object_id>2139543</object_id><predicate>top of</predicate></relation><relation><subject_id>3738324</subject_id><object_id>2512647</object_id><predicate>top of</predicate></relation></annotation>