<annotation><folder>VG_100K</folder><filename>2364967.jpg</filename><source><database>Visual Genome Version 1.2</database><image_id>2364967</image_id><coco_id>None</coco_id><flickr_id>9666828228</flickr_id></source><size><width>500</width><height>332</height><depth>3</depth></size><segmented>0</segmented><object><name>awning</name><object_id>2168968</object_id><difficult>0</difficult><bndbox><xmin>2</xmin><ymin>2</ymin><xmax>201</xmax><ymax>136</ymax></bndbox></object><object><name>platform</name><object_id>3068090</object_id><difficult>0</difficult><bndbox><xmin>5</xmin><ymin>164</ymin><xmax>338</xmax><ymax>327</ymax></bndbox></object><relation><subject_id>2168968</subject_id><object_id>3068090</object_id><predicate>part of</predicate></relation></annotation>