<annotation><folder>VG_100K</folder><filename>2364907.jpg</filename><source><database>Visual Genome Version 1.2</database><image_id>2364907</image_id><coco_id>None</coco_id><flickr_id>6197846932</flickr_id></source><size><width>500</width><height>358</height><depth>3</depth></size><segmented>0</segmented><object><name>woman</name><object_id>2058556</object_id><difficult>0</difficult><bndbox><xmin>194</xmin><ymin>3</ymin><xmax>321</xmax><ymax>355</ymax></bndbox></object><object><name>phone</name><object_id>1758356</object_id><difficult>0</difficult><bndbox><xmin>192</xmin><ymin>42</ymin><xmax>262</xmax><ymax>99</ymax></bndbox></object><relation><subject_id>2058556</subject_id><object_id>1758356</object_id><predicate>talking on</predicate></relation></annotation>