<annotation><folder>VG_100K</folder><filename>2364543.jpg</filename><source><database>Visual Genome Version 1.2</database><image_id>2364543</image_id><coco_id>None</coco_id><flickr_id>1704122334</flickr_id></source><size><width>500</width><height>375</height><depth>3</depth></size><segmented>0</segmented><object><name>ball</name><object_id>1844715</object_id><difficult>0</difficult><bndbox><xmin>169</xmin><ymin>117</ymin><xmax>240</xmax><ymax>177</ymax></bndbox></object><object><name>mouth</name><object_id>1844716</object_id><difficult>0</difficult><bndbox><xmin>140</xmin><ymin>102</ymin><xmax>262</xmax><ymax>193</ymax></bndbox></object><object><name>ball</name><object_id>2722834</object_id><difficult>0</difficult><bndbox><xmin>168</xmin><ymin>120</ymin><xmax>250</xmax><ymax>184</ymax></bndbox><attribute>yellow</attribute></object><object><name>mouth</name><object_id>2722835</object_id><difficult>0</difficult><bndbox><xmin>176</xmin><ymin>74</ymin><xmax>252</xmax><ymax>199</ymax></bndbox></object><relation><subject_id>1844715</subject_id><object_id>1844716</object_id><predicate>are inside</predicate></relation><relation><subject_id>2722834</subject_id><object_id>2722835</object_id><predicate>are inside</predicate></relation></annotation>