<annotation><folder>VG_100K</folder><filename>2364966.jpg</filename><source><database>Visual Genome Version 1.2</database><image_id>2364966</image_id><coco_id>None</coco_id><flickr_id>9517474128</flickr_id></source><size><width>334</width><height>500</height><depth>3</depth></size><segmented>0</segmented><object><name>fork</name><object_id>637391</object_id><difficult>0</difficult><bndbox><xmin>278</xmin><ymin>1</ymin><xmax>332</xmax><ymax>190</ymax></bndbox><attribute>silver</attribute></object><object><name>plate</name><object_id>637399</object_id><difficult>0</difficult><bndbox><xmin>1</xmin><ymin>0</ymin><xmax>277</xmax><ymax>145</ymax></bndbox></object><relation><subject_id>637391</subject_id><object_id>637399</object_id><predicate>beside</predicate></relation></annotation>