<annotation><folder>VG_100K</folder><filename>2364773.jpg</filename><source><database>Visual Genome Version 1.2</database><image_id>2364773</image_id><coco_id>None</coco_id><flickr_id>5926304331</flickr_id></source><size><width>500</width><height>332</height><depth>3</depth></size><segmented>0</segmented><object><name>river</name><object_id>1725067</object_id><difficult>0</difficult><bndbox><xmin>3</xmin><ymin>70</ymin><xmax>499</xmax><ymax>330</ymax></bndbox></object><object><name>man</name><object_id>2544437</object_id><difficult>0</difficult><bndbox><xmin>272</xmin><ymin>60</ymin><xmax>438</xmax><ymax>209</ymax></bndbox></object><relation><subject_id>2544437</subject_id><object_id>1725067</object_id><predicate>surfing in</predicate></relation></annotation>