<annotation><folder>VG_100K</folder><filename>2364626.jpg</filename><source><database>Visual Genome Version 1.2</database><image_id>2364626</image_id><coco_id>None</coco_id><flickr_id>7253075078</flickr_id></source><size><width>500</width><height>334</height><depth>3</depth></size><segmented>0</segmented><object><name>man</name><object_id>1772388</object_id><difficult>0</difficult><bndbox><xmin>224</xmin><ymin>65</ymin><xmax>384</xmax><ymax>275</ymax></bndbox><attribute>swinging</attribute></object><object><name>bat</name><object_id>2694936</object_id><difficult>0</difficult><bndbox><xmin>243</xmin><ymin>29</ymin><xmax>321</xmax><ymax>97</ymax></bndbox></object><relation><subject_id>1772388</subject_id><object_id>2694936</object_id><predicate>swinging</predicate></relation></annotation>