<annotation><folder>VG_100K</folder><filename>2364938.jpg</filename><source><database>Visual Genome Version 1.2</database><image_id>2364938</image_id><coco_id>262715</coco_id><flickr_id>8257313980</flickr_id></source><size><width>500</width><height>287</height><depth>3</depth></size><segmented>0</segmented><object><name>field</name><object_id>3887027</object_id><difficult>0</difficult><bndbox><xmin>5</xmin><ymin>76</ymin><xmax>479</xmax><ymax>277</ymax></bndbox></object><object><name>airplanes</name><object_id>2407326</object_id><difficult>0</difficult><bndbox><xmin>368</xmin><ymin>82</ymin><xmax>499</xmax><ymax>179</ymax></bndbox><attribute>many</attribute></object><relation><subject_id>3887027</subject_id><object_id>2407326</object_id><predicate>standing with</predicate></relation></annotation>