<annotation><folder>VG_100K</folder><filename>2364935.jpg</filename><source><database>Visual Genome Version 1.2</database><image_id>2364935</image_id><coco_id>None</coco_id><flickr_id>7873464780</flickr_id></source><size><width>500</width><height>333</height><depth>3</depth></size><segmented>0</segmented><object><name>bear</name><object_id>637621</object_id><difficult>0</difficult><bndbox><xmin>289</xmin><ymin>164</ymin><xmax>316</xmax><ymax>189</ymax></bndbox><attribute>brown</attribute><attribute>walking</attribute><attribute>black</attribute></object><object><name>grassy area</name><object_id>637630</object_id><difficult>0</difficult><bndbox><xmin>130</xmin><ymin>147</ymin><xmax>349</xmax><ymax>226</ymax></bndbox></object><relation><subject_id>637621</subject_id><object_id>637630</object_id><predicate>walking towards</predicate></relation></annotation>