<annotation><folder>VG_100K</folder><filename>2364888.jpg</filename><source><database>Visual Genome Version 1.2</database><image_id>2364888</image_id><coco_id>554367</coco_id><flickr_id>4990576532</flickr_id></source><size><width>500</width><height>332</height><depth>3</depth></size><segmented>0</segmented><object><name>giraffe</name><object_id>638033</object_id><difficult>0</difficult><bndbox><xmin>185</xmin><ymin>22</ymin><xmax>337</xmax><ymax>304</ymax></bndbox><attribute>brown</attribute><attribute>eating</attribute><attribute>here</attribute><attribute>watching</attribute></object><object><name>stick</name><object_id>638044</object_id><difficult>0</difficult><bndbox><xmin>138</xmin><ymin>256</ymin><xmax>263</xmax><ymax>307</ymax></bndbox></object><relation><subject_id>638044</subject_id><object_id>638033</object_id><predicate>under a</predicate></relation></annotation>