<annotation><folder>VG_100K</folder><filename>2364763.jpg</filename><source><database>Visual Genome Version 1.2</database><image_id>2364763</image_id><coco_id>24813</coco_id><flickr_id>5590589931</flickr_id></source><size><width>500</width><height>334</height><depth>3</depth></size><segmented>0</segmented><object><name>man</name><object_id>639048</object_id><difficult>0</difficult><bndbox><xmin>377</xmin><ymin>211</ymin><xmax>392</xmax><ymax>259</ymax></bndbox><attribute>walking</attribute></object><object><name>surf board</name><object_id>639049</object_id><difficult>0</difficult><bndbox><xmin>343</xmin><ymin>222</ymin><xmax>378</xmax><ymax>245</ymax></bndbox><attribute>white</attribute></object><object><name>trees</name><object_id>639050</object_id><difficult>0</difficult><bndbox><xmin>159</xmin><ymin>12</ymin><xmax>265</xmax><ymax>77</ymax></bndbox><attribute>leafy</attribute><attribute>green</attribute></object><object><name>hill</name><object_id>639051</object_id><difficult>0</difficult><bndbox><xmin>1</xmin><ymin>1</ymin><xmax>375</xmax><ymax>201</ymax></bndbox><attribute>grassy</attribute></object><object><name>water</name><object_id>639063</object_id><difficult>0</difficult><bndbox><xmin>403</xmin><ymin>194</ymin><xmax>499</xmax><ymax>259</ymax></bndbox><attribute>blue</attribute><attribute>calm</attribute></object><object><name>arm</name><object_id>639068</object_id><difficult>0</difficult><bndbox><xmin>375</xmin><ymin>219</ymin><xmax>382</xmax><ymax>227</ymax></bndbox></object><relation><subject_id>639050</subject_id><object_id>639051</object_id><predicate>top of</predicate></relation><relation><subject_id>639050</subject_id><object_id>639051</object_id><predicate>top of</predicate></relation><relation><subject_id>639049</subject_id><object_id>639068</object_id><predicate>under a</predicate></relation><relation><subject_id>639048</subject_id><object_id>639063</object_id><predicate>sticking out of</predicate></relation><relation><subject_id>639049</subject_id><object_id>639068</object_id><predicate>under a</predicate></relation></annotation>