<annotation><folder>VG_100K</folder><filename>2364795.jpg</filename><source><database>Visual Genome Version 1.2</database><image_id>2364795</image_id><coco_id>483897</coco_id><flickr_id>7044379879</flickr_id></source><size><width>500</width><height>333</height><depth>3</depth></size><segmented>0</segmented><object><name>horse</name><object_id>1971223</object_id><difficult>0</difficult><bndbox><xmin>187</xmin><ymin>125</ymin><xmax>331</xmax><ymax>312</ymax></bndbox></object><object><name>stairs</name><object_id>1848292</object_id><difficult>0</difficult><bndbox><xmin>26</xmin><ymin>232</ymin><xmax>386</xmax><ymax>309</ymax></bndbox></object><object><name>staircase</name><object_id>3887837</object_id><difficult>0</difficult><bndbox><xmin>138</xmin><ymin>246</ymin><xmax>467</xmax><ymax>331</ymax></bndbox></object><object><name>rider</name><object_id>3887838</object_id><difficult>0</difficult><bndbox><xmin>202</xmin><ymin>77</ymin><xmax>275</xmax><ymax>251</ymax></bndbox></object><object><name>horse</name><object_id>2456072</object_id><difficult>0</difficult><bndbox><xmin>176</xmin><ymin>143</ymin><xmax>374</xmax><ymax>315</ymax></bndbox></object><relation><subject_id>1971223</subject_id><object_id>1848292</object_id><predicate>walking towards</predicate></relation><relation><subject_id>3887838</subject_id><object_id>3887837</object_id><predicate>moving</predicate></relation><relation><subject_id>2456072</subject_id><object_id>3887837</object_id><predicate>moving</predicate></relation></annotation>