<annotation><folder>VG_100K</folder><filename>2364595.jpg</filename><source><database>Visual Genome Version 1.2</database><image_id>2364595</image_id><coco_id>461687</coco_id><flickr_id>4845764730</flickr_id></source><size><width>500</width><height>395</height><depth>3</depth></size><segmented>0</segmented><object><name>rock</name><object_id>3737419</object_id><difficult>0</difficult><bndbox><xmin>349</xmin><ymin>301</ymin><xmax>400</xmax><ymax>329</ymax></bndbox></object><object><name>bench</name><object_id>2417600</object_id><difficult>0</difficult><bndbox><xmin>296</xmin><ymin>250</ymin><xmax>418</xmax><ymax>320</ymax></bndbox></object><relation><subject_id>3737419</subject_id><object_id>2417600</object_id><predicate>under a</predicate></relation></annotation>