<annotation><folder>VG_100K</folder><filename>2364500.jpg</filename><source><database>Visual Genome Version 1.2</database><image_id>2364500</image_id><coco_id>74343</coco_id><flickr_id>8328238677</flickr_id></source><size><width>500</width><height>333</height><depth>3</depth></size><segmented>0</segmented><object><name>clock</name><object_id>758930</object_id><difficult>0</difficult><bndbox><xmin>180</xmin><ymin>67</ymin><xmax>395</xmax><ymax>326</ymax></bndbox><attribute>golden</attribute><attribute>round</attribute><attribute>fancy</attribute></object><object><name>table</name><object_id>758931</object_id><difficult>0</difficult><bndbox><xmin>8</xmin><ymin>293</ymin><xmax>498</xmax><ymax>332</ymax></bndbox></object><relation><subject_id>758931</subject_id><object_id>758930</object_id><predicate>beneath</predicate></relation></annotation>