<annotation><folder>VG_100K</folder><filename>2364580.jpg</filename><source><database>Visual Genome Version 1.2</database><image_id>2364580</image_id><coco_id>277172</coco_id><flickr_id>4104113482</flickr_id></source><size><width>375</width><height>500</height><depth>3</depth></size><segmented>0</segmented><object><name>building</name><object_id>3737538</object_id><difficult>0</difficult><bndbox><xmin>137</xmin><ymin>40</ymin><xmax>222</xmax><ymax>97</ymax></bndbox></object><object><name>steps</name><object_id>2268062</object_id><difficult>0</difficult><bndbox><xmin>121</xmin><ymin>105</ymin><xmax>186</xmax><ymax>159</ymax></bndbox></object><relation><subject_id>2268062</subject_id><object_id>3737538</object_id><predicate>built into</predicate></relation></annotation>