<annotation><folder>VG_100K</folder><filename>2364551.jpg</filename><source><database>Visual Genome Version 1.2</database><image_id>2364551</image_id><coco_id>None</coco_id><flickr_id>2561043282</flickr_id></source><size><width>500</width><height>375</height><depth>3</depth></size><segmented>0</segmented><object><name>building</name><object_id>3737825</object_id><difficult>0</difficult><bndbox><xmin>4</xmin><ymin>3</ymin><xmax>499</xmax><ymax>371</ymax></bndbox></object><object><name>letters</name><object_id>2000497</object_id><difficult>0</difficult><bndbox><xmin>308</xmin><ymin>85</ymin><xmax>498</xmax><ymax>195</ymax></bndbox></object><object><name>sign</name><object_id>2101064</object_id><difficult>0</difficult><bndbox><xmin>138</xmin><ymin>191</ymin><xmax>183</xmax><ymax>316</ymax></bndbox><attribute>small</attribute><attribute>white</attribute><attribute>red</attribute></object><object><name>container</name><object_id>1657935</object_id><difficult>0</difficult><bndbox><xmin>183</xmin><ymin>120</ymin><xmax>199</xmax><ymax>150</ymax></bndbox><attribute>small</attribute><attribute>yellow</attribute></object><object><name>clock</name><object_id>1941261</object_id><difficult>0</difficult><bndbox><xmin>67</xmin><ymin>32</ymin><xmax>169</xmax><ymax>139</ymax></bndbox></object><relation><subject_id>2000497</subject_id><object_id>3737825</object_id><predicate>on other side of</predicate></relation><relation><subject_id>2101064</subject_id><object_id>3737825</object_id><predicate>on other side of</predicate></relation><relation><subject_id>1657935</subject_id><object_id>3737825</object_id><predicate>on other side of</predicate></relation><relation><subject_id>1941261</subject_id><object_id>3737825</object_id><predicate>attached</predicate></relation></annotation>