<annotation><folder>VG_100K</folder><filename>2364567.jpg</filename><source><database>Visual Genome Version 1.2</database><image_id>2364567</image_id><coco_id>None</coco_id><flickr_id>3424130682</flickr_id></source><size><width>500</width><height>333</height><depth>3</depth></size><segmented>0</segmented><object><name>hands</name><object_id>3737671</object_id><difficult>0</difficult><bndbox><xmin>253</xmin><ymin>80</ymin><xmax>286</xmax><ymax>108</ymax></bndbox></object><object><name>hands</name><object_id>3737670</object_id><difficult>0</difficult><bndbox><xmin>203</xmin><ymin>79</ymin><xmax>235</xmax><ymax>114</ymax></bndbox></object><object><name>handles</name><object_id>3737669</object_id><difficult>0</difficult><bndbox><xmin>235</xmin><ymin>92</ymin><xmax>243</xmax><ymax>102</ymax></bndbox></object><object><name>handles</name><object_id>3737668</object_id><difficult>0</difficult><bndbox><xmin>252</xmin><ymin>91</ymin><xmax>268</xmax><ymax>101</ymax></bndbox></object><relation><subject_id>3737671</subject_id><object_id>3737668</object_id><predicate>gripping</predicate></relation><relation><subject_id>3737670</subject_id><object_id>3737669</object_id><predicate>gripping</predicate></relation></annotation>