<annotation><folder>VG_100K</folder><filename>2364515.jpg</filename><source><database>Visual Genome Version 1.2</database><image_id>2364515</image_id><coco_id>20671</coco_id><flickr_id>8919296825</flickr_id></source><size><width>500</width><height>375</height><depth>3</depth></size><segmented>0</segmented><object><name>car</name><object_id>3738170</object_id><difficult>0</difficult><bndbox><xmin>4</xmin><ymin>3</ymin><xmax>484</xmax><ymax>353</ymax></bndbox><attribute>white</attribute><attribute>back</attribute></object><object><name>car</name><object_id>3516702</object_id><difficult>0</difficult><bndbox><xmin>128</xmin><ymin>87</ymin><xmax>263</xmax><ymax>135</ymax></bndbox></object><object><name>steering wheel</name><object_id>3673774</object_id><difficult>0</difficult><bndbox><xmin>171</xmin><ymin>68</ymin><xmax>221</xmax><ymax>121</ymax></bndbox></object><object><name>head</name><object_id>3738165</object_id><difficult>0</difficult><bndbox><xmin>157</xmin><ymin>129</ymin><xmax>237</xmax><ymax>209</ymax></bndbox></object><object><name>he</name><object_id>3179028</object_id><difficult>0</difficult><bndbox><xmin>153</xmin><ymin>58</ymin><xmax>407</xmax><ymax>275</ymax></bndbox></object><object><name>man</name><object_id>2972687</object_id><difficult>0</difficult><bndbox><xmin>192</xmin><ymin>83</ymin><xmax>339</xmax><ymax>221</ymax></bndbox></object><object><name>dog</name><object_id>2972688</object_id><difficult>0</difficult><bndbox><xmin>149</xmin><ymin>119</ymin><xmax>279</xmax><ymax>310</ymax></bndbox></object><relation><subject_id>3673774</subject_id><object_id>3516702</object_id><predicate>are inside</predicate></relation><relation><subject_id>3179028</subject_id><object_id>3738165</object_id><predicate>petting</predicate></relation><relation><subject_id>2972687</subject_id><object_id>3738170</object_id><predicate>on back of</predicate></relation><relation><subject_id>2972687</subject_id><object_id>2972688</object_id><predicate>petting</predicate></relation></annotation>