<annotation><folder>VG_100K</folder><filename>2364435.jpg</filename><source><database>Visual Genome Version 1.2</database><image_id>2364435</image_id><coco_id>259640</coco_id><flickr_id>4126424581</flickr_id></source><size><width>500</width><height>333</height><depth>3</depth></size><segmented>0</segmented><object><name>sign</name><object_id>2147036</object_id><difficult>0</difficult><bndbox><xmin>316</xmin><ymin>47</ymin><xmax>436</xmax><ymax>161</ymax></bndbox></object><object><name>building</name><object_id>2147037</object_id><difficult>0</difficult><bndbox><xmin>273</xmin><ymin>44</ymin><xmax>498</xmax><ymax>244</ymax></bndbox></object><relation><subject_id>2147036</subject_id><object_id>2147037</object_id><predicate>painted</predicate></relation></annotation>