<annotation><folder>VG_100K</folder><filename>2364931.jpg</filename><source><database>Visual Genome Version 1.2</database><image_id>2364931</image_id><coco_id>None</coco_id><flickr_id>7637711780</flickr_id></source><size><width>500</width><height>500</height><depth>3</depth></size><segmented>0</segmented><object><name>surfer</name><object_id>758359</object_id><difficult>0</difficult><bndbox><xmin>239</xmin><ymin>203</ymin><xmax>271</xmax><ymax>237</ymax></bndbox></object><object><name>clouds</name><object_id>758360</object_id><difficult>0</difficult><bndbox><xmin>21</xmin><ymin>23</ymin><xmax>453</xmax><ymax>145</ymax></bndbox><attribute>white</attribute></object><object><name>sky</name><object_id>758361</object_id><difficult>0</difficult><bndbox><xmin>18</xmin><ymin>19</ymin><xmax>474</xmax><ymax>205</ymax></bndbox><attribute>blue</attribute></object><object><name>ocean</name><object_id>758362</object_id><difficult>0</difficult><bndbox><xmin>15</xmin><ymin>204</ymin><xmax>477</xmax><ymax>300</ymax></bndbox><attribute>large</attribute><attribute>green</attribute><attribute>crashing</attribute></object><object><name>board</name><object_id>758363</object_id><difficult>0</difficult><bndbox><xmin>238</xmin><ymin>235</ymin><xmax>255</xmax><ymax>247</ymax></bndbox><attribute>yellow</attribute></object><relation><subject_id>758359</subject_id><object_id>758362</object_id><predicate>surfing in</predicate></relation><relation><subject_id>758360</subject_id><object_id>758361</object_id><predicate>across</predicate></relation><relation><subject_id>758359</subject_id><object_id>758362</object_id><predicate>surfing in</predicate></relation><relation><subject_id>758363</subject_id><object_id>758359</object_id><predicate>under a</predicate></relation></annotation>