<annotation><folder>VG_100K</folder><filename>2364910.jpg</filename><source><database>Visual Genome Version 1.2</database><image_id>2364910</image_id><coco_id>None</coco_id><flickr_id>6247714232</flickr_id></source><size><width>500</width><height>416</height><depth>3</depth></size><segmented>0</segmented><object><name>banana</name><object_id>637879</object_id><difficult>0</difficult><bndbox><xmin>18</xmin><ymin>55</ymin><xmax>272</xmax><ymax>380</ymax></bndbox><attribute>blue</attribute><attribute>curved</attribute><attribute>large</attribute><attribute>smooth</attribute><attribute>long</attribute></object><object><name>surface</name><object_id>637880</object_id><difficult>0</difficult><bndbox><xmin>10</xmin><ymin>12</ymin><xmax>271</xmax><ymax>404</ymax></bndbox><attribute>white</attribute></object><object><name>lemon</name><object_id>637882</object_id><difficult>0</difficult><bndbox><xmin>308</xmin><ymin>232</ymin><xmax>469</xmax><ymax>374</ymax></bndbox><attribute>red</attribute></object><object><name>apple</name><object_id>637883</object_id><difficult>0</difficult><bndbox><xmin>324</xmin><ymin>36</ymin><xmax>452</xmax><ymax>175</ymax></bndbox><attribute>purple</attribute><attribute>small</attribute><attribute>smooth</attribute></object><object><name>surface</name><object_id>637885</object_id><difficult>0</difficult><bndbox><xmin>284</xmin><ymin>215</ymin><xmax>487</xmax><ymax>404</ymax></bndbox><attribute>white</attribute></object><object><name>surface</name><object_id>637886</object_id><difficult>0</difficult><bndbox><xmin>286</xmin><ymin>14</ymin><xmax>489</xmax><ymax>202</ymax></bndbox><attribute>white</attribute></object><object><name>fruit</name><object_id>637887</object_id><difficult>0</difficult><bndbox><xmin>19</xmin><ymin>36</ymin><xmax>470</xmax><ymax>380</ymax></bndbox></object><object><name>surface</name><object_id>637888</object_id><difficult>0</difficult><bndbox><xmin>12</xmin><ymin>13</ymin><xmax>487</xmax><ymax>404</ymax></bndbox></object><relation><subject_id>637879</subject_id><object_id>637880</object_id><predicate>top of</predicate></relation><relation><subject_id>637879</subject_id><object_id>637880</object_id><predicate>top of</predicate></relation><relation><subject_id>637883</subject_id><object_id>637886</object_id><predicate>top of</predicate></relation><relation><subject_id>637879</subject_id><object_id>637880</object_id><predicate>sitting on a</predicate></relation><relation><subject_id>637882</subject_id><object_id>637885</object_id><predicate>sitting on a</predicate></relation><relation><subject_id>637883</subject_id><object_id>637886</object_id><predicate>sitting on a</predicate></relation><relation><subject_id>637882</subject_id><object_id>637885</object_id><predicate>top of</predicate></relation><relation><subject_id>637883</subject_id><object_id>637886</object_id><predicate>top of</predicate></relation><relation><subject_id>637887</subject_id><object_id>637888</object_id><predicate>top of</predicate></relation></annotation>