<annotation><folder>VG_100K</folder><filename>2364468.jpg</filename><source><database>Visual Genome Version 1.2</database><image_id>2364468</image_id><coco_id>326499</coco_id><flickr_id>6271359529</flickr_id></source><size><width>500</width><height>333</height><depth>3</depth></size><segmented>0</segmented><object><name>skateboarder</name><object_id>2235035</object_id><difficult>0</difficult><bndbox><xmin>13</xmin><ymin>7</ymin><xmax>495</xmax><ymax>269</ymax></bndbox></object><object><name>ground</name><object_id>2235036</object_id><difficult>0</difficult><bndbox><xmin>0</xmin><ymin>182</ymin><xmax>498</xmax><ymax>332</ymax></bndbox></object><object><name>man</name><object_id>3738608</object_id><difficult>0</difficult><bndbox><xmin>13</xmin><ymin>7</ymin><xmax>492</xmax><ymax>268</ymax></bndbox></object><object><name>arm</name><object_id>2589022</object_id><difficult>0</difficult><bndbox><xmin>263</xmin><ymin>15</ymin><xmax>496</xmax><ymax>81</ymax></bndbox></object><object><name>bench</name><object_id>3738612</object_id><difficult>0</difficult><bndbox><xmin>3</xmin><ymin>3</ymin><xmax>497</xmax><ymax>191</ymax></bndbox><attribute>long</attribute></object><object><name>ground</name><object_id>1948438</object_id><difficult>0</difficult><bndbox><xmin>1</xmin><ymin>178</ymin><xmax>499</xmax><ymax>292</ymax></bndbox></object><relation><subject_id>2235035</subject_id><object_id>2235036</object_id><predicate>touching</predicate></relation><relation><subject_id>2589022</subject_id><object_id>3738608</object_id><predicate>sticking out of</predicate></relation><relation><subject_id>1948438</subject_id><object_id>3738612</object_id><predicate>under a</predicate></relation></annotation>