<annotation><folder>VG_100K</folder><filename>2364528.jpg</filename><source><database>Visual Genome Version 1.2</database><image_id>2364528</image_id><coco_id>None</coco_id><flickr_id>10057825825</flickr_id></source><size><width>500</width><height>310</height><depth>3</depth></size><segmented>0</segmented><object><name>head</name><object_id>3738075</object_id><difficult>0</difficult><bndbox><xmin>129</xmin><ymin>50</ymin><xmax>228</xmax><ymax>169</ymax></bndbox></object><object><name>glasses</name><object_id>3131537</object_id><difficult>0</difficult><bndbox><xmin>132</xmin><ymin>39</ymin><xmax>227</xmax><ymax>73</ymax></bndbox></object><relation><subject_id>3131537</subject_id><object_id>3738075</object_id><predicate>top of</predicate></relation></annotation>