<annotation><folder>VG_100K</folder><filename>2364905.jpg</filename><source><database>Visual Genome Version 1.2</database><image_id>2364905</image_id><coco_id>153052</coco_id><flickr_id>6061960132</flickr_id></source><size><width>500</width><height>333</height><depth>3</depth></size><segmented>0</segmented><object><name>player</name><object_id>758396</object_id><difficult>0</difficult><bndbox><xmin>239</xmin><ymin>181</ymin><xmax>268</xmax><ymax>262</ymax></bndbox></object><object><name>person</name><object_id>758397</object_id><difficult>0</difficult><bndbox><xmin>169</xmin><ymin>173</ymin><xmax>200</xmax><ymax>256</ymax></bndbox><attribute>white</attribute></object><object><name>field</name><object_id>758398</object_id><difficult>0</difficult><bndbox><xmin>4</xmin><ymin>163</ymin><xmax>498</xmax><ymax>332</ymax></bndbox><attribute>green</attribute><attribute>grassy</attribute></object><object><name>number</name><object_id>758410</object_id><difficult>0</difficult><bndbox><xmin>103</xmin><ymin>202</ymin><xmax>116</xmax><ymax>221</ymax></bndbox></object><object><name>jersey</name><object_id>758411</object_id><difficult>0</difficult><bndbox><xmin>100</xmin><ymin>199</ymin><xmax>121</xmax><ymax>223</ymax></bndbox></object><relation><subject_id>758397</subject_id><object_id>758398</object_id><predicate>top of</predicate></relation><relation><subject_id>758396</subject_id><object_id>758398</object_id><predicate>playing with</predicate></relation><relation><subject_id>758410</subject_id><object_id>758411</object_id><predicate>top of</predicate></relation></annotation>