<annotation><folder>VG_100K</folder><filename>2364940.jpg</filename><source><database>Visual Genome Version 1.2</database><image_id>2364940</image_id><coco_id>None</coco_id><flickr_id>8392220080</flickr_id></source><size><width>500</width><height>375</height><depth>3</depth></size><segmented>0</segmented><object><name>train</name><object_id>637577</object_id><difficult>0</difficult><bndbox><xmin>269</xmin><ymin>74</ymin><xmax>401</xmax><ymax>180</ymax></bndbox><attribute>red</attribute></object><object><name>tracks</name><object_id>637578</object_id><difficult>0</difficult><bndbox><xmin>383</xmin><ymin>171</ymin><xmax>438</xmax><ymax>233</ymax></bndbox></object><object><name>track</name><object_id>637586</object_id><difficult>0</difficult><bndbox><xmin>387</xmin><ymin>179</ymin><xmax>403</xmax><ymax>187</ymax></bndbox></object><object><name>road</name><object_id>637589</object_id><difficult>0</difficult><bndbox><xmin>106</xmin><ymin>251</ymin><xmax>216</xmax><ymax>356</ymax></bndbox></object><object><name>trees</name><object_id>637600</object_id><difficult>0</difficult><bndbox><xmin>145</xmin><ymin>39</ymin><xmax>199</xmax><ymax>101</ymax></bndbox></object><relation><subject_id>637600</subject_id><object_id>637578</object_id><predicate>beside</predicate></relation><relation><subject_id>637589</subject_id><object_id>637578</object_id><predicate>between</predicate></relation><relation><subject_id>637586</subject_id><object_id>637577</object_id><predicate>under a</predicate></relation></annotation>