<annotation><folder>VG_100K</folder><filename>2364833.jpg</filename><source><database>Visual Genome Version 1.2</database><image_id>2364833</image_id><coco_id>240455</coco_id><flickr_id>158239536</flickr_id></source><size><width>500</width><height>375</height><depth>3</depth></size><segmented>0</segmented><object><name>counter</name><object_id>3887584</object_id><difficult>0</difficult><bndbox><xmin>77</xmin><ymin>191</ymin><xmax>233</xmax><ymax>287</ymax></bndbox></object><object><name>fridge</name><object_id>1691466</object_id><difficult>0</difficult><bndbox><xmin>166</xmin><ymin>154</ymin><xmax>283</xmax><ymax>321</ymax></bndbox></object><relation><subject_id>1691466</subject_id><object_id>3887584</object_id><predicate>under a</predicate></relation></annotation>