<annotation><folder>VG_100K</folder><filename>2364602.jpg</filename><source><database>Visual Genome Version 1.2</database><image_id>2364602</image_id><coco_id>491098</coco_id><flickr_id>5035227430</flickr_id></source><size><width>500</width><height>375</height><depth>3</depth></size><segmented>0</segmented><object><name>wall</name><object_id>3737360</object_id><difficult>0</difficult><bndbox><xmin>3</xmin><ymin>24</ymin><xmax>480</xmax><ymax>212</ymax></bndbox></object><object><name>chandelier</name><object_id>2358521</object_id><difficult>0</difficult><bndbox><xmin>128</xmin><ymin>2</ymin><xmax>203</xmax><ymax>129</ymax></bndbox></object><object><name>plant</name><object_id>2358520</object_id><difficult>0</difficult><bndbox><xmin>133</xmin><ymin>128</ymin><xmax>199</xmax><ymax>168</ymax></bndbox><attribute>hanging</attribute></object><object><name>candle</name><object_id>2303662</object_id><difficult>0</difficult><bndbox><xmin>360</xmin><ymin>61</ymin><xmax>385</xmax><ymax>98</ymax></bndbox></object><object><name>light</name><object_id>1782924</object_id><difficult>0</difficult><bndbox><xmin>131</xmin><ymin>3</ymin><xmax>201</xmax><ymax>128</ymax></bndbox><attribute>hanging</attribute></object><object><name>light</name><object_id>1782925</object_id><difficult>0</difficult><bndbox><xmin>362</xmin><ymin>62</ymin><xmax>383</xmax><ymax>96</ymax></bndbox></object><object><name>candles</name><object_id>1782926</object_id><difficult>0</difficult><bndbox><xmin>367</xmin><ymin>65</ymin><xmax>376</xmax><ymax>92</ymax></bndbox></object><object><name>candles</name><object_id>1782927</object_id><difficult>0</difficult><bndbox><xmin>139</xmin><ymin>78</ymin><xmax>194</xmax><ymax>123</ymax></bndbox></object><object><name>candles</name><object_id>1782928</object_id><difficult>0</difficult><bndbox><xmin>77</xmin><ymin>149</ymin><xmax>254</xmax><ymax>223</ymax></bndbox></object><object><name>flowers</name><object_id>3737363</object_id><difficult>0</difficult><bndbox><xmin>253</xmin><ymin>143</ymin><xmax>337</xmax><ymax>195</ymax></bndbox></object><object><name>vase</name><object_id>1840846</object_id><difficult>0</difficult><bndbox><xmin>273</xmin><ymin>191</ymin><xmax>309</xmax><ymax>223</ymax></bndbox></object><relation><subject_id>2358520</subject_id><object_id>2358521</object_id><predicate>hanging on a</predicate></relation><relation><subject_id>2303662</subject_id><object_id>3737360</object_id><predicate>hanging on a</predicate></relation><relation><subject_id>1782924</subject_id><object_id>1782928</object_id><predicate>containing</predicate></relation><relation><subject_id>1782924</subject_id><object_id>1782927</object_id><predicate>containing</predicate></relation><relation><subject_id>1782924</subject_id><object_id>1782926</object_id><predicate>containing</predicate></relation><relation><subject_id>1782925</subject_id><object_id>1782928</object_id><predicate>containing</predicate></relation><relation><subject_id>1782925</subject_id><object_id>1782927</object_id><predicate>containing</predicate></relation><relation><subject_id>1782925</subject_id><object_id>1782926</object_id><predicate>containing</predicate></relation><relation><subject_id>1840846</subject_id><object_id>3737363</object_id><predicate>containing</predicate></relation></annotation>