<annotation><folder>VG_100K</folder><filename>2364846.jpg</filename><source><database>Visual Genome Version 1.2</database><image_id>2364846</image_id><coco_id>None</coco_id><flickr_id>1385529236</flickr_id></source><size><width>500</width><height>378</height><depth>3</depth></size><segmented>0</segmented><object><name>waves</name><object_id>3887531</object_id><difficult>0</difficult><bndbox><xmin>11</xmin><ymin>13</ymin><xmax>332</xmax><ymax>338</ymax></bndbox><attribute>blue</attribute><attribute>white</attribute></object><object><name>person</name><object_id>3413136</object_id><difficult>0</difficult><bndbox><xmin>166</xmin><ymin>100</ymin><xmax>272</xmax><ymax>230</ymax></bndbox><attribute>young</attribute></object><relation><subject_id>3413136</subject_id><object_id>3887531</object_id><predicate>surfing in</predicate></relation></annotation>