<annotation><folder>VG_100K</folder><filename>2364819.jpg</filename><source><database>Visual Genome Version 1.2</database><image_id>2364819</image_id><coco_id>550980</coco_id><flickr_id>8894929127</flickr_id></source><size><width>434</width><height>500</height><depth>3</depth></size><segmented>0</segmented><object><name>track</name><object_id>638613</object_id><difficult>0</difficult><bndbox><xmin>1</xmin><ymin>432</ymin><xmax>111</xmax><ymax>500</ymax></bndbox></object><object><name>gravel</name><object_id>638614</object_id><difficult>0</difficult><bndbox><xmin>0</xmin><ymin>403</ymin><xmax>123</xmax><ymax>498</ymax></bndbox></object><relation><subject_id>638614</subject_id><object_id>638613</object_id><predicate>surrounding</predicate></relation></annotation>