<annotation><folder>VG_100K</folder><filename>2364620.jpg</filename><source><database>Visual Genome Version 1.2</database><image_id>2364620</image_id><coco_id>None</coco_id><flickr_id>6872731478</flickr_id></source><size><width>500</width><height>333</height><depth>3</depth></size><segmented>0</segmented><object><name>window</name><object_id>2534721</object_id><difficult>0</difficult><bndbox><xmin>25</xmin><ymin>1</ymin><xmax>355</xmax><ymax>172</ymax></bndbox></object><object><name>light</name><object_id>2534720</object_id><difficult>0</difficult><bndbox><xmin>50</xmin><ymin>1</ymin><xmax>90</xmax><ymax>75</ymax></bndbox></object><relation><subject_id>2534720</subject_id><object_id>2534721</object_id><predicate>reflected on</predicate></relation></annotation>