<annotation><folder>VG_100K</folder><filename>2364714.jpg</filename><source><database>Visual Genome Version 1.2</database><image_id>2364714</image_id><coco_id>133013</coco_id><flickr_id>2386865783</flickr_id></source><size><width>500</width><height>328</height><depth>3</depth></size><segmented>0</segmented><object><name>plane</name><object_id>639516</object_id><difficult>0</difficult><bndbox><xmin>10</xmin><ymin>108</ymin><xmax>404</xmax><ymax>224</ymax></bndbox><attribute>large</attribute><attribute>white</attribute></object><object><name>man</name><object_id>639534</object_id><difficult>0</difficult><bndbox><xmin>109</xmin><ymin>219</ymin><xmax>118</xmax><ymax>232</ymax></bndbox></object><object><name>wheel</name><object_id>639535</object_id><difficult>0</difficult><bndbox><xmin>120</xmin><ymin>222</ymin><xmax>130</xmax><ymax>235</ymax></bndbox></object><relation><subject_id>639534</subject_id><object_id>639535</object_id><predicate>working on</predicate></relation><relation><subject_id>639534</subject_id><object_id>639516</object_id><predicate>under a</predicate></relation></annotation>