<annotation><folder>VG_100K</folder><filename>2364947.jpg</filename><source><database>Visual Genome Version 1.2</database><image_id>2364947</image_id><coco_id>265449</coco_id><flickr_id>8637137328</flickr_id></source><size><width>500</width><height>375</height><depth>3</depth></size><segmented>0</segmented><object><name>poles</name><object_id>3886954</object_id><difficult>0</difficult><bndbox><xmin>350</xmin><ymin>65</ymin><xmax>474</xmax><ymax>153</ymax></bndbox></object><object><name>roof</name><object_id>1945835</object_id><difficult>0</difficult><bndbox><xmin>458</xmin><ymin>12</ymin><xmax>489</xmax><ymax>33</ymax></bndbox><attribute>white</attribute></object><relation><subject_id>1945835</subject_id><object_id>3886954</object_id><predicate>under a</predicate></relation></annotation>