<annotation><folder>VG_100K</folder><filename>2364946.jpg</filename><source><database>Visual Genome Version 1.2</database><image_id>2364946</image_id><coco_id>None</coco_id><flickr_id>8604502628</flickr_id></source><size><width>500</width><height>295</height><depth>3</depth></size><segmented>0</segmented><object><name>train</name><object_id>637490</object_id><difficult>0</difficult><bndbox><xmin>57</xmin><ymin>112</ymin><xmax>242</xmax><ymax>210</ymax></bndbox><attribute>moving</attribute><attribute>yellow</attribute></object><object><name>tracks</name><object_id>637491</object_id><difficult>0</difficult><bndbox><xmin>187</xmin><ymin>213</ymin><xmax>484</xmax><ymax>294</ymax></bndbox></object><object><name>window</name><object_id>637508</object_id><difficult>0</difficult><bndbox><xmin>153</xmin><ymin>136</ymin><xmax>167</xmax><ymax>166</ymax></bndbox></object><object><name>window</name><object_id>637509</object_id><difficult>0</difficult><bndbox><xmin>125</xmin><ymin>140</ymin><xmax>149</xmax><ymax>164</ymax></bndbox></object><object><name>tracks</name><object_id>637510</object_id><difficult>0</difficult><bndbox><xmin>16</xmin><ymin>153</ymin><xmax>270</xmax><ymax>295</ymax></bndbox><attribute>brown</attribute></object><object><name>platform</name><object_id>637517</object_id><difficult>0</difficult><bndbox><xmin>0</xmin><ymin>164</ymin><xmax>204</xmax><ymax>294</ymax></bndbox></object><object><name>window</name><object_id>637521</object_id><difficult>0</difficult><bndbox><xmin>89</xmin><ymin>143</ymin><xmax>102</xmax><ymax>159</ymax></bndbox></object><object><name>window</name><object_id>637522</object_id><difficult>0</difficult><bndbox><xmin>102</xmin><ymin>142</ymin><xmax>110</xmax><ymax>157</ymax></bndbox></object><relation><subject_id>637508</subject_id><object_id>637490</object_id><predicate>on other side of</predicate></relation><relation><subject_id>637509</subject_id><object_id>637490</object_id><predicate>on other side of</predicate></relation><relation><subject_id>637521</subject_id><object_id>637490</object_id><predicate>on other side of</predicate></relation><relation><subject_id>637522</subject_id><object_id>637490</object_id><predicate>on other side of</predicate></relation><relation><subject_id>637510</subject_id><object_id>637517</object_id><predicate>beside</predicate></relation><relation><subject_id>637491</subject_id><object_id>637490</object_id><predicate>beneath</predicate></relation><relation><subject_id>637510</subject_id><object_id>637490</object_id><predicate>beside</predicate></relation><relation><subject_id>637490</subject_id><object_id>637491</object_id><predicate>top of</predicate></relation></annotation>