<annotation><folder>VG_100K</folder><filename>2364450.jpg</filename><source><database>Visual Genome Version 1.2</database><image_id>2364450</image_id><coco_id>None</coco_id><flickr_id>4984212829</flickr_id></source><size><width>500</width><height>333</height><depth>3</depth></size><segmented>0</segmented><object><name>fur</name><object_id>2586564</object_id><difficult>0</difficult><bndbox><xmin>232</xmin><ymin>93</ymin><xmax>287</xmax><ymax>127</ymax></bndbox><attribute>white</attribute><attribute>long</attribute></object><object><name>ear</name><object_id>2586565</object_id><difficult>0</difficult><bndbox><xmin>246</xmin><ymin>92</ymin><xmax>333</xmax><ymax>146</ymax></bndbox></object><relation><subject_id>2586564</subject_id><object_id>2586565</object_id><predicate>are inside</predicate></relation></annotation>