<annotation><folder>VG_100K</folder><filename>2364673.jpg</filename><source><database>Visual Genome Version 1.2</database><image_id>2364673</image_id><coco_id>315719</coco_id><flickr_id>9523522126</flickr_id></source><size><width>500</width><height>333</height><depth>3</depth></size><segmented>0</segmented><object><name>bike</name><object_id>639797</object_id><difficult>0</difficult><bndbox><xmin>145</xmin><ymin>118</ymin><xmax>470</xmax><ymax>333</ymax></bndbox><attribute>large</attribute><attribute>white</attribute></object><object><name>car</name><object_id>639805</object_id><difficult>0</difficult><bndbox><xmin>128</xmin><ymin>86</ymin><xmax>337</xmax><ymax>240</ymax></bndbox><attribute>black</attribute><attribute>parked</attribute></object><object><name>crosswalk</name><object_id>639806</object_id><difficult>0</difficult><bndbox><xmin>1</xmin><ymin>257</ymin><xmax>261</xmax><ymax>302</ymax></bndbox><attribute>white</attribute></object><object><name>street</name><object_id>639807</object_id><difficult>0</difficult><bndbox><xmin>0</xmin><ymin>128</ymin><xmax>499</xmax><ymax>332</ymax></bndbox></object><object><name>license plate</name><object_id>639809</object_id><difficult>0</difficult><bndbox><xmin>34</xmin><ymin>122</ymin><xmax>48</xmax><ymax>132</ymax></bndbox><attribute>yellow</attribute></object><object><name>car</name><object_id>639810</object_id><difficult>0</difficult><bndbox><xmin>7</xmin><ymin>84</ymin><xmax>107</xmax><ymax>142</ymax></bndbox><attribute>black</attribute></object><object><name>license plate</name><object_id>639816</object_id><difficult>0</difficult><bndbox><xmin>195</xmin><ymin>149</ymin><xmax>233</xmax><ymax>168</ymax></bndbox></object><relation><subject_id>639806</subject_id><object_id>639807</object_id><predicate>painted</predicate></relation><relation><subject_id>639809</subject_id><object_id>639810</object_id><predicate>attached</predicate></relation><relation><subject_id>639797</subject_id><object_id>639807</object_id><predicate>top of</predicate></relation><relation><subject_id>639810</subject_id><object_id>639807</object_id><predicate>driving down</predicate></relation><relation><subject_id>639806</subject_id><object_id>639807</object_id><predicate>painted</predicate></relation><relation><subject_id>639806</subject_id><object_id>639807</object_id><predicate>painted</predicate></relation><relation><subject_id>639816</subject_id><object_id>639805</object_id><predicate>attached</predicate></relation></annotation>