<annotation><folder>VG_100K</folder><filename>2364838.jpg</filename><source><database>Visual Genome Version 1.2</database><image_id>2364838</image_id><coco_id>389760</coco_id><flickr_id>229097036</flickr_id></source><size><width>375</width><height>500</height><depth>3</depth></size><segmented>0</segmented><object><name>belt</name><object_id>3887550</object_id><difficult>0</difficult><bndbox><xmin>124</xmin><ymin>212</ymin><xmax>233</xmax><ymax>498</ymax></bndbox></object><object><name>suitcases</name><object_id>2021516</object_id><difficult>0</difficult><bndbox><xmin>135</xmin><ymin>216</ymin><xmax>241</xmax><ymax>469</ymax></bndbox></object><object><name>cart</name><object_id>2153042</object_id><difficult>0</difficult><bndbox><xmin>0</xmin><ymin>125</ymin><xmax>81</xmax><ymax>285</ymax></bndbox><attribute>yellow</attribute></object><object><name>luggage</name><object_id>2153043</object_id><difficult>0</difficult><bndbox><xmin>14</xmin><ymin>144</ymin><xmax>49</xmax><ymax>202</ymax></bndbox></object><relation><subject_id>2021516</subject_id><object_id>3887550</object_id><predicate>top of</predicate></relation><relation><subject_id>2153043</subject_id><object_id>2153042</object_id><predicate>top of</predicate></relation></annotation>