<annotation><folder>VG_100K</folder><filename>2364705.jpg</filename><source><database>Visual Genome Version 1.2</database><image_id>2364705</image_id><coco_id>90777</coco_id><flickr_id>504018535</flickr_id></source><size><width>500</width><height>375</height><depth>3</depth></size><segmented>0</segmented><object><name>sign</name><object_id>639603</object_id><difficult>0</difficult><bndbox><xmin>381</xmin><ymin>252</ymin><xmax>398</xmax><ymax>273</ymax></bndbox><attribute>white</attribute><attribute>black</attribute></object><object><name>left</name><object_id>639604</object_id><difficult>0</difficult><bndbox><xmin>384</xmin><ymin>252</ymin><xmax>388</xmax><ymax>258</ymax></bndbox></object><object><name>flag</name><object_id>639607</object_id><difficult>0</difficult><bndbox><xmin>117</xmin><ymin>233</ymin><xmax>127</xmax><ymax>242</ymax></bndbox><attribute>american</attribute></object><object><name>street</name><object_id>639613</object_id><difficult>0</difficult><bndbox><xmin>2</xmin><ymin>315</ymin><xmax>495</xmax><ymax>349</ymax></bndbox></object><object><name>city</name><object_id>639618</object_id><difficult>0</difficult><bndbox><xmin>0</xmin><ymin>202</ymin><xmax>497</xmax><ymax>287</ymax></bndbox></object><object><name>background</name><object_id>639619</object_id><difficult>0</difficult><bndbox><xmin>0</xmin><ymin>110</ymin><xmax>492</xmax><ymax>289</ymax></bndbox></object><object><name>water</name><object_id>639620</object_id><difficult>0</difficult><bndbox><xmin>217</xmin><ymin>288</ymin><xmax>499</xmax><ymax>315</ymax></bndbox></object><object><name>buildings</name><object_id>639641</object_id><difficult>0</difficult><bndbox><xmin>326</xmin><ymin>209</ymin><xmax>442</xmax><ymax>287</ymax></bndbox><attribute>tall</attribute></object><relation><subject_id>639603</subject_id><object_id>639604</object_id><predicate>pointing</predicate></relation><relation><subject_id>639618</subject_id><object_id>639619</object_id><predicate>seen in</predicate></relation><relation><subject_id>639620</subject_id><object_id>639613</object_id><predicate>beyond</predicate></relation><relation><subject_id>639618</subject_id><object_id>639620</object_id><predicate>across</predicate></relation><relation><subject_id>639607</subject_id><object_id>639641</object_id><predicate>across</predicate></relation></annotation>