<annotation><folder>VG_100K</folder><filename>2364565.jpg</filename><source><database>Visual Genome Version 1.2</database><image_id>2364565</image_id><coco_id>None</coco_id><flickr_id>3302219382</flickr_id></source><size><width>344</width><height>500</height><depth>3</depth></size><segmented>0</segmented><object><name>shoe</name><object_id>3737682</object_id><difficult>0</difficult><bndbox><xmin>180</xmin><ymin>223</ymin><xmax>221</xmax><ymax>259</ymax></bndbox></object><object><name>ground</name><object_id>2309440</object_id><difficult>0</difficult><bndbox><xmin>208</xmin><ymin>62</ymin><xmax>298</xmax><ymax>104</ymax></bndbox></object><relation><subject_id>2309440</subject_id><object_id>3737682</object_id><predicate>under a</predicate></relation></annotation>