<annotation><folder>VG_100K</folder><filename>2364719.jpg</filename><source><database>Visual Genome Version 1.2</database><image_id>2364719</image_id><coco_id>211945</coco_id><flickr_id>2676594383</flickr_id></source><size><width>500</width><height>260</height><depth>3</depth></size><segmented>0</segmented><object><name>road</name><object_id>2181940</object_id><difficult>0</difficult><bndbox><xmin>1</xmin><ymin>33</ymin><xmax>498</xmax><ymax>258</ymax></bndbox></object><object><name>leash</name><object_id>1685538</object_id><difficult>0</difficult><bndbox><xmin>458</xmin><ymin>89</ymin><xmax>494</xmax><ymax>122</ymax></bndbox></object><object><name>dog</name><object_id>1685537</object_id><difficult>0</difficult><bndbox><xmin>413</xmin><ymin>69</ymin><xmax>491</xmax><ymax>258</ymax></bndbox><attribute>black</attribute></object><object><name>curb</name><object_id>2181939</object_id><difficult>0</difficult><bndbox><xmin>1</xmin><ymin>1</ymin><xmax>498</xmax><ymax>103</ymax></bndbox><attribute>red</attribute></object><object><name>enclosure</name><object_id>3888192</object_id><difficult>0</difficult><bndbox><xmin>2</xmin><ymin>1</ymin><xmax>484</xmax><ymax>100</ymax></bndbox></object><object><name>border</name><object_id>1925161</object_id><difficult>0</difficult><bndbox><xmin>318</xmin><ymin>71</ymin><xmax>391</xmax><ymax>116</ymax></bndbox><attribute>red</attribute></object><relation><subject_id>1685537</subject_id><object_id>1685538</object_id><predicate>walking towards</predicate></relation><relation><subject_id>2181939</subject_id><object_id>2181940</object_id><predicate>on other side of</predicate></relation><relation><subject_id>1925161</subject_id><object_id>3888192</object_id><predicate>line</predicate></relation></annotation>