<annotation><folder>VG_100K</folder><filename>2364490.jpg</filename><source><database>Visual Genome Version 1.2</database><image_id>2364490</image_id><coco_id>496662</coco_id><flickr_id>7020727577</flickr_id></source><size><width>500</width><height>331</height><depth>3</depth></size><segmented>0</segmented><object><name>elephant</name><object_id>3738417</object_id><difficult>0</difficult><bndbox><xmin>35</xmin><ymin>93</ymin><xmax>247</xmax><ymax>243</ymax></bndbox><attribute>small</attribute><attribute>smaller</attribute><attribute>young</attribute></object><object><name>elephant</name><object_id>1679668</object_id><difficult>0</difficult><bndbox><xmin>179</xmin><ymin>24</ymin><xmax>497</xmax><ymax>264</ymax></bndbox></object><relation><subject_id>1679668</subject_id><object_id>3738417</object_id><predicate>facing</predicate></relation></annotation>