<annotation><folder>VG_100K</folder><filename>2364638.jpg</filename><source><database>Visual Genome Version 1.2</database><image_id>2364638</image_id><coco_id>None</coco_id><flickr_id>7576393178</flickr_id></source><size><width>500</width><height>333</height><depth>3</depth></size><segmented>0</segmented><object><name>tire</name><object_id>1693391</object_id><difficult>0</difficult><bndbox><xmin>319</xmin><ymin>209</ymin><xmax>364</xmax><ymax>235</ymax></bndbox><attribute>black</attribute><attribute>round</attribute></object><object><name>wing</name><object_id>1693392</object_id><difficult>0</difficult><bndbox><xmin>334</xmin><ymin>148</ymin><xmax>498</xmax><ymax>195</ymax></bndbox></object><relation><subject_id>1693391</subject_id><object_id>1693392</object_id><predicate>under a</predicate></relation></annotation>