<annotation><folder>VG_100K</folder><filename>2364831.jpg</filename><source><database>Visual Genome Version 1.2</database><image_id>2364831</image_id><coco_id>252968</coco_id><flickr_id>9693478627</flickr_id></source><size><width>500</width><height>281</height><depth>3</depth></size><segmented>0</segmented><object><name>train</name><object_id>758505</object_id><difficult>0</difficult><bndbox><xmin>1</xmin><ymin>82</ymin><xmax>347</xmax><ymax>164</ymax></bndbox><attribute>blue</attribute><attribute>yellow</attribute></object><object><name>tracks</name><object_id>758506</object_id><difficult>0</difficult><bndbox><xmin>326</xmin><ymin>156</ymin><xmax>375</xmax><ymax>175</ymax></bndbox><attribute>metal</attribute></object><object><name>door</name><object_id>758516</object_id><difficult>0</difficult><bndbox><xmin>198</xmin><ymin>96</ymin><xmax>208</xmax><ymax>133</ymax></bndbox></object><relation><subject_id>758505</subject_id><object_id>758506</object_id><predicate>top of</predicate></relation><relation><subject_id>758516</subject_id><object_id>758505</object_id><predicate>on other side of</predicate></relation></annotation>