<annotation><folder>VG_100K</folder><filename>2364944.jpg</filename><source><database>Visual Genome Version 1.2</database><image_id>2364944</image_id><coco_id>None</coco_id><flickr_id>8505790180</flickr_id></source><size><width>333</width><height>500</height><depth>3</depth></size><segmented>0</segmented><object><name>light</name><object_id>3886972</object_id><difficult>0</difficult><bndbox><xmin>97</xmin><ymin>110</ymin><xmax>124</xmax><ymax>139</ymax></bndbox></object><object><name>pole</name><object_id>2468593</object_id><difficult>0</difficult><bndbox><xmin>83</xmin><ymin>87</ymin><xmax>140</xmax><ymax>145</ymax></bndbox><attribute>bent</attribute></object><object><name>light</name><object_id>3886978</object_id><difficult>0</difficult><bndbox><xmin>169</xmin><ymin>270</ymin><xmax>176</xmax><ymax>284</ymax></bndbox></object><object><name>toilet</name><object_id>2607109</object_id><difficult>0</difficult><bndbox><xmin>156</xmin><ymin>243</ymin><xmax>194</xmax><ymax>329</ymax></bndbox></object><relation><subject_id>3886972</subject_id><object_id>2468593</object_id><predicate>attached</predicate></relation><relation><subject_id>3886978</subject_id><object_id>2607109</object_id><predicate>reflecting off</predicate></relation></annotation>