<annotation><folder>VG_100K</folder><filename>2364655.jpg</filename><source><database>Visual Genome Version 1.2</database><image_id>2364655</image_id><coco_id>317367</coco_id><flickr_id>8483166878</flickr_id></source><size><width>500</width><height>500</height><depth>3</depth></size><segmented>0</segmented><object><name>lake</name><object_id>2063965</object_id><difficult>0</difficult><bndbox><xmin>1</xmin><ymin>247</ymin><xmax>497</xmax><ymax>497</ymax></bndbox></object><object><name>building</name><object_id>2063961</object_id><difficult>0</difficult><bndbox><xmin>405</xmin><ymin>185</ymin><xmax>499</xmax><ymax>242</ymax></bndbox></object><relation><subject_id>2063961</subject_id><object_id>2063965</object_id><predicate>beside</predicate></relation></annotation>