<annotation><folder>VG_100K</folder><filename>2364445.jpg</filename><source><database>Visual Genome Version 1.2</database><image_id>2364445</image_id><coco_id>None</coco_id><flickr_id>4735052729</flickr_id></source><size><width>375</width><height>500</height><depth>3</depth></size><segmented>0</segmented><object><name>wall</name><object_id>3738782</object_id><difficult>0</difficult><bndbox><xmin>3</xmin><ymin>32</ymin><xmax>363</xmax><ymax>394</ymax></bndbox></object><object><name>beam</name><object_id>2338357</object_id><difficult>0</difficult><bndbox><xmin>36</xmin><ymin>73</ymin><xmax>59</xmax><ymax>286</ymax></bndbox><attribute>wood</attribute></object><object><name>beam</name><object_id>2338358</object_id><difficult>0</difficult><bndbox><xmin>123</xmin><ymin>73</ymin><xmax>146</xmax><ymax>296</ymax></bndbox><attribute>wood</attribute></object><object><name>beam</name><object_id>2338359</object_id><difficult>0</difficult><bndbox><xmin>145</xmin><ymin>73</ymin><xmax>176</xmax><ymax>402</ymax></bndbox><attribute>wood</attribute></object><object><name>beam</name><object_id>2338360</object_id><difficult>0</difficult><bndbox><xmin>196</xmin><ymin>76</ymin><xmax>236</xmax><ymax>396</ymax></bndbox><attribute>wood</attribute></object><object><name>beam</name><object_id>2338361</object_id><difficult>0</difficult><bndbox><xmin>241</xmin><ymin>79</ymin><xmax>294</xmax><ymax>394</ymax></bndbox><attribute>wood</attribute></object><relation><subject_id>2338357</subject_id><object_id>3738782</object_id><predicate>line</predicate></relation><relation><subject_id>2338358</subject_id><object_id>3738782</object_id><predicate>line</predicate></relation><relation><subject_id>2338359</subject_id><object_id>3738782</object_id><predicate>line</predicate></relation><relation><subject_id>2338360</subject_id><object_id>3738782</object_id><predicate>line</predicate></relation><relation><subject_id>2338361</subject_id><object_id>3738782</object_id><predicate>line</predicate></relation></annotation>