<annotation><folder>VG_100K</folder><filename>2364720.jpg</filename><source><database>Visual Genome Version 1.2</database><image_id>2364720</image_id><coco_id>45230</coco_id><flickr_id>2884709283</flickr_id></source><size><width>500</width><height>333</height><depth>3</depth></size><segmented>0</segmented><object><name>bananas</name><object_id>1803806</object_id><difficult>0</difficult><bndbox><xmin>159</xmin><ymin>100</ymin><xmax>175</xmax><ymax>121</ymax></bndbox></object><object><name>bananas</name><object_id>1803807</object_id><difficult>0</difficult><bndbox><xmin>157</xmin><ymin>122</ymin><xmax>165</xmax><ymax>146</ymax></bndbox></object><object><name>bananas</name><object_id>1803808</object_id><difficult>0</difficult><bndbox><xmin>138</xmin><ymin>96</ymin><xmax>150</xmax><ymax>116</ymax></bndbox></object><object><name>bananas</name><object_id>1803809</object_id><difficult>0</difficult><bndbox><xmin>136</xmin><ymin>97</ymin><xmax>149</xmax><ymax>114</ymax></bndbox></object><object><name>bananas</name><object_id>1803810</object_id><difficult>0</difficult><bndbox><xmin>135</xmin><ymin>98</ymin><xmax>151</xmax><ymax>114</ymax></bndbox></object><object><name>ceiling</name><object_id>2108589</object_id><difficult>0</difficult><bndbox><xmin>0</xmin><ymin>0</ymin><xmax>497</xmax><ymax>111</ymax></bndbox><attribute>wooden</attribute></object><relation><subject_id>1803806</subject_id><object_id>2108589</object_id><predicate>hanging on a</predicate></relation><relation><subject_id>1803807</subject_id><object_id>2108589</object_id><predicate>hanging on a</predicate></relation><relation><subject_id>1803808</subject_id><object_id>2108589</object_id><predicate>hanging on a</predicate></relation><relation><subject_id>1803809</subject_id><object_id>2108589</object_id><predicate>hanging on a</predicate></relation><relation><subject_id>1803810</subject_id><object_id>2108589</object_id><predicate>hanging on a</predicate></relation></annotation>