<annotation><folder>VG_100K</folder><filename>2364794.jpg</filename><source><database>Visual Genome Version 1.2</database><image_id>2364794</image_id><coco_id>None</coco_id><flickr_id>7022809379</flickr_id></source><size><width>333</width><height>500</height><depth>3</depth></size><segmented>0</segmented><object><name>tennis court</name><object_id>2236806</object_id><difficult>0</difficult><bndbox><xmin>2</xmin><ymin>338</ymin><xmax>329</xmax><ymax>497</ymax></bndbox></object><object><name>fence</name><object_id>1973919</object_id><difficult>0</difficult><bndbox><xmin>2</xmin><ymin>2</ymin><xmax>331</xmax><ymax>341</ymax></bndbox><attribute>black</attribute><attribute>green</attribute><attribute>chain link</attribute></object><object><name>pole</name><object_id>3887844</object_id><difficult>0</difficult><bndbox><xmin>273</xmin><ymin>1</ymin><xmax>292</xmax><ymax>329</ymax></bndbox></object><relation><subject_id>1973919</subject_id><object_id>2236806</object_id><predicate>separating</predicate></relation><relation><subject_id>3887844</subject_id><object_id>1973919</object_id><predicate>in middle of</predicate></relation></annotation>