<annotation><folder>VG_100K</folder><filename>2364797.jpg</filename><source><database>Visual Genome Version 1.2</database><image_id>2364797</image_id><coco_id>None</coco_id><flickr_id>7131207879</flickr_id></source><size><width>500</width><height>500</height><depth>3</depth></size><segmented>0</segmented><object><name>cheese</name><object_id>2632307</object_id><difficult>0</difficult><bndbox><xmin>266</xmin><ymin>215</ymin><xmax>320</xmax><ymax>272</ymax></bndbox></object><object><name>pizza</name><object_id>1775712</object_id><difficult>0</difficult><bndbox><xmin>26</xmin><ymin>177</ymin><xmax>486</xmax><ymax>486</ymax></bndbox></object><object><name>pizza</name><object_id>2179568</object_id><difficult>0</difficult><bndbox><xmin>72</xmin><ymin>12</ymin><xmax>426</xmax><ymax>171</ymax></bndbox></object><object><name>cheese</name><object_id>2423575</object_id><difficult>0</difficult><bndbox><xmin>318</xmin><ymin>122</ymin><xmax>345</xmax><ymax>154</ymax></bndbox></object><object><name>cheese</name><object_id>3887834</object_id><difficult>0</difficult><bndbox><xmin>12</xmin><ymin>186</ymin><xmax>485</xmax><ymax>432</ymax></bndbox></object><object><name>toppings</name><object_id>2702890</object_id><difficult>0</difficult><bndbox><xmin>105</xmin><ymin>54</ymin><xmax>392</xmax><ymax>119</ymax></bndbox><attribute>cooked</attribute></object><object><name>toppings</name><object_id>2702891</object_id><difficult>0</difficult><bndbox><xmin>50</xmin><ymin>219</ymin><xmax>471</xmax><ymax>395</ymax></bndbox><attribute>cooked</attribute></object><object><name>pizza</name><object_id>2537917</object_id><difficult>0</difficult><bndbox><xmin>0</xmin><ymin>161</ymin><xmax>500</xmax><ymax>498</ymax></bndbox><attribute>shiny</attribute></object><object><name>cheese</name><object_id>3887835</object_id><difficult>0</difficult><bndbox><xmin>81</xmin><ymin>15</ymin><xmax>359</xmax><ymax>155</ymax></bndbox></object><object><name>topping</name><object_id>2080957</object_id><difficult>0</difficult><bndbox><xmin>117</xmin><ymin>368</ymin><xmax>202</xmax><ymax>436</ymax></bndbox><attribute>cooked</attribute></object><object><name>topping</name><object_id>2080958</object_id><difficult>0</difficult><bndbox><xmin>250</xmin><ymin>85</ymin><xmax>312</xmax><ymax>129</ymax></bndbox><attribute>cooked</attribute></object><object><name>topping</name><object_id>2080959</object_id><difficult>0</difficult><bndbox><xmin>364</xmin><ymin>308</ymin><xmax>424</xmax><ymax>355</ymax></bndbox><attribute>cooked</attribute></object><object><name>topping</name><object_id>2080960</object_id><difficult>0</difficult><bndbox><xmin>324</xmin><ymin>91</ymin><xmax>389</xmax><ymax>126</ymax></bndbox><attribute>cooked</attribute></object><object><name>topping</name><object_id>2080961</object_id><difficult>0</difficult><bndbox><xmin>187</xmin><ymin>61</ymin><xmax>215</xmax><ymax>88</ymax></bndbox><attribute>cooked</attribute></object><object><name>toppings</name><object_id>1721882</object_id><difficult>0</difficult><bndbox><xmin>62</xmin><ymin>244</ymin><xmax>284</xmax><ymax>446</ymax></bndbox><attribute>cooked</attribute></object><object><name>pizza</name><object_id>1721883</object_id><difficult>0</difficult><bndbox><xmin>67</xmin><ymin>186</ymin><xmax>458</xmax><ymax>480</ymax></bndbox></object><object><name>toppings</name><object_id>2341872</object_id><difficult>0</difficult><bndbox><xmin>49</xmin><ymin>201</ymin><xmax>466</xmax><ymax>455</ymax></bndbox></object><relation><subject_id>2632307</subject_id><object_id>1775712</object_id><predicate>top of</predicate></relation><relation><subject_id>2423575</subject_id><object_id>2179568</object_id><predicate>top of</predicate></relation><relation><subject_id>3887834</subject_id><object_id>1775712</object_id><predicate>top of</predicate></relation><relation><subject_id>2702890</subject_id><object_id>2179568</object_id><predicate>top of</predicate></relation><relation><subject_id>2702891</subject_id><object_id>2537917</object_id><predicate>top of</predicate></relation><relation><subject_id>3887834</subject_id><object_id>2537917</object_id><predicate>top of</predicate></relation><relation><subject_id>3887835</subject_id><object_id>2179568</object_id><predicate>top of</predicate></relation><relation><subject_id>2080957</subject_id><object_id>2537917</object_id><predicate>top of</predicate></relation><relation><subject_id>2080958</subject_id><object_id>2179568</object_id><predicate>top of</predicate></relation><relation><subject_id>2080959</subject_id><object_id>2537917</object_id><predicate>top of</predicate></relation><relation><subject_id>2080960</subject_id><object_id>2179568</object_id><predicate>top of</predicate></relation><relation><subject_id>2080961</subject_id><object_id>2179568</object_id><predicate>top of</predicate></relation><relation><subject_id>3887834</subject_id><object_id>1721883</object_id><predicate>top of</predicate></relation><relation><subject_id>1721882</subject_id><object_id>1721883</object_id><predicate>top of</predicate></relation><relation><subject_id>2341872</subject_id><object_id>2537917</object_id><predicate>top of</predicate></relation></annotation>