<annotation><folder>VG_100K</folder><filename>2364921.jpg</filename><source><database>Visual Genome Version 1.2</database><image_id>2364921</image_id><coco_id>None</coco_id><flickr_id>7311984280</flickr_id></source><size><width>374</width><height>500</height><depth>3</depth></size><segmented>0</segmented><object><name>hotdog</name><object_id>3887123</object_id><difficult>0</difficult><bndbox><xmin>81</xmin><ymin>77</ymin><xmax>169</xmax><ymax>220</ymax></bndbox></object><object><name>lettuce</name><object_id>1936234</object_id><difficult>0</difficult><bndbox><xmin>65</xmin><ymin>33</ymin><xmax>186</xmax><ymax>200</ymax></bndbox><attribute>green</attribute></object><relation><subject_id>1936234</subject_id><object_id>3887123</object_id><predicate>top of</predicate></relation></annotation>