<annotation><folder>VG_100K</folder><filename>2364520.jpg</filename><source><database>Visual Genome Version 1.2</database><image_id>2364520</image_id><coco_id>20549</coco_id><flickr_id>9417996425</flickr_id></source><size><width>500</width><height>392</height><depth>3</depth></size><segmented>0</segmented><object><name>bus</name><object_id>640640</object_id><difficult>0</difficult><bndbox><xmin>194</xmin><ymin>73</ymin><xmax>463</xmax><ymax>347</ymax></bndbox><attribute>large</attribute><attribute>white</attribute><attribute>yellow</attribute><attribute>driving</attribute></object><object><name>road</name><object_id>640658</object_id><difficult>0</difficult><bndbox><xmin>22</xmin><ymin>281</ymin><xmax>178</xmax><ymax>369</ymax></bndbox></object><relation><subject_id>640658</subject_id><object_id>640640</object_id><predicate>under a</predicate></relation></annotation>