<annotation><folder>VG_100K</folder><filename>2364873.jpg</filename><source><database>Visual Genome Version 1.2</database><image_id>2364873</image_id><coco_id>None</coco_id><flickr_id>4078697884</flickr_id></source><size><width>375</width><height>500</height><depth>3</depth></size><segmented>0</segmented><object><name>eggs</name><object_id>1915818</object_id><difficult>0</difficult><bndbox><xmin>234</xmin><ymin>71</ymin><xmax>328</xmax><ymax>90</ymax></bndbox><attribute>brown</attribute></object><object><name>egg</name><object_id>1915819</object_id><difficult>0</difficult><bndbox><xmin>327</xmin><ymin>76</ymin><xmax>338</xmax><ymax>94</ymax></bndbox><attribute>white</attribute></object><object><name>pen</name><object_id>2007380</object_id><difficult>0</difficult><bndbox><xmin>294</xmin><ymin>403</ymin><xmax>317</xmax><ymax>461</ymax></bndbox><attribute>black</attribute></object><object><name>cup</name><object_id>2007382</object_id><difficult>0</difficult><bndbox><xmin>246</xmin><ymin>421</ymin><xmax>330</xmax><ymax>498</ymax></bndbox></object><object><name>pattern</name><object_id>3887389</object_id><difficult>0</difficult><bndbox><xmin>206</xmin><ymin>467</ymin><xmax>220</xmax><ymax>481</ymax></bndbox><attribute>square</attribute><attribute>green</attribute></object><object><name>tile</name><object_id>3887388</object_id><difficult>0</difficult><bndbox><xmin>191</xmin><ymin>460</ymin><xmax>238</xmax><ymax>493</ymax></bndbox><attribute>white</attribute><attribute>pale</attribute></object><relation><subject_id>1915819</subject_id><object_id>1915818</object_id><predicate>on end of</predicate></relation><relation><subject_id>2007380</subject_id><object_id>2007382</object_id><predicate>sitting on a</predicate></relation><relation><subject_id>3887389</subject_id><object_id>3887388</object_id><predicate>in center of</predicate></relation></annotation>