<annotation><folder>VG_100K</folder><filename>2364896.jpg</filename><source><database>Visual Genome Version 1.2</database><image_id>2364896</image_id><coco_id>211325</coco_id><flickr_id>5484700932</flickr_id></source><size><width>500</width><height>333</height><depth>3</depth></size><segmented>0</segmented><object><name>ocean</name><object_id>3887287</object_id><difficult>0</difficult><bndbox><xmin>6</xmin><ymin>4</ymin><xmax>456</xmax><ymax>313</ymax></bndbox><attribute>green</attribute></object><object><name>person</name><object_id>1866444</object_id><difficult>0</difficult><bndbox><xmin>279</xmin><ymin>192</ymin><xmax>336</xmax><ymax>259</ymax></bndbox></object><object><name>person</name><object_id>3887288</object_id><difficult>0</difficult><bndbox><xmin>278</xmin><ymin>184</ymin><xmax>330</xmax><ymax>250</ymax></bndbox></object><object><name>ocean</name><object_id>2107855</object_id><difficult>0</difficult><bndbox><xmin>126</xmin><ymin>24</ymin><xmax>306</xmax><ymax>171</ymax></bndbox><attribute>green</attribute></object><object><name>person</name><object_id>1758304</object_id><difficult>0</difficult><bndbox><xmin>261</xmin><ymin>192</ymin><xmax>330</xmax><ymax>247</ymax></bndbox></object><object><name>ocean</name><object_id>1758305</object_id><difficult>0</difficult><bndbox><xmin>3</xmin><ymin>2</ymin><xmax>498</xmax><ymax>325</ymax></bndbox><attribute>green</attribute></object><object><name>water</name><object_id>3887295</object_id><difficult>0</difficult><bndbox><xmin>4</xmin><ymin>5</ymin><xmax>475</xmax><ymax>330</ymax></bndbox></object><object><name>man</name><object_id>2036690</object_id><difficult>0</difficult><bndbox><xmin>98</xmin><ymin>234</ymin><xmax>178</xmax><ymax>262</ymax></bndbox></object><object><name>surfboard</name><object_id>2036691</object_id><difficult>0</difficult><bndbox><xmin>102</xmin><ymin>243</ymin><xmax>162</xmax><ymax>258</ymax></bndbox></object><object><name>water</name><object_id>3887294</object_id><difficult>0</difficult><bndbox><xmin>11</xmin><ymin>7</ymin><xmax>483</xmax><ymax>307</ymax></bndbox></object><object><name>man</name><object_id>1706782</object_id><difficult>0</difficult><bndbox><xmin>352</xmin><ymin>86</ymin><xmax>417</xmax><ymax>146</ymax></bndbox></object><object><name>man</name><object_id>1801929</object_id><difficult>0</difficult><bndbox><xmin>216</xmin><ymin>233</ymin><xmax>256</xmax><ymax>316</ymax></bndbox></object><object><name>man</name><object_id>1739190</object_id><difficult>0</difficult><bndbox><xmin>470</xmin><ymin>46</ymin><xmax>499</xmax><ymax>70</ymax></bndbox></object><object><name>people</name><object_id>2369137</object_id><difficult>0</difficult><bndbox><xmin>264</xmin><ymin>191</ymin><xmax>336</xmax><ymax>243</ymax></bndbox></object><relation><subject_id>1866444</subject_id><object_id>3887287</object_id><predicate>surfing in</predicate></relation><relation><subject_id>3887288</subject_id><object_id>2107855</object_id><predicate>surfing in</predicate></relation><relation><subject_id>1758304</subject_id><object_id>1758305</object_id><predicate>surfing in</predicate></relation><relation><subject_id>2036690</subject_id><object_id>2036691</object_id><predicate>laying in</predicate></relation><relation><subject_id>1706782</subject_id><object_id>3887294</object_id><predicate>surfing in</predicate></relation><relation><subject_id>1801929</subject_id><object_id>3887295</object_id><predicate>surfing in</predicate></relation><relation><subject_id>1739190</subject_id><object_id>3887295</object_id><predicate>surfing in</predicate></relation><relation><subject_id>2369137</subject_id><object_id>3887295</object_id><predicate>playing with</predicate></relation></annotation>