<annotation><folder>VG_100K</folder><filename>2364627.jpg</filename><source><database>Visual Genome Version 1.2</database><image_id>2364627</image_id><coco_id>84615</coco_id><flickr_id>7269359878</flickr_id></source><size><width>500</width><height>421</height><depth>3</depth></size><segmented>0</segmented><object><name>horse</name><object_id>640023</object_id><difficult>0</difficult><bndbox><xmin>331</xmin><ymin>134</ymin><xmax>373</xmax><ymax>184</ymax></bndbox><attribute>standing</attribute><attribute>light brown</attribute><attribute>multicolored</attribute></object><object><name>field</name><object_id>640024</object_id><difficult>0</difficult><bndbox><xmin>368</xmin><ymin>132</ymin><xmax>498</xmax><ymax>420</ymax></bndbox><attribute>green</attribute><attribute>grassy</attribute></object><object><name>hand</name><object_id>640027</object_id><difficult>0</difficult><bndbox><xmin>14</xmin><ymin>175</ymin><xmax>184</xmax><ymax>326</ymax></bndbox></object><object><name>horse</name><object_id>640028</object_id><difficult>0</difficult><bndbox><xmin>34</xmin><ymin>1</ymin><xmax>378</xmax><ymax>421</ymax></bndbox><attribute>white</attribute><attribute>calm</attribute><attribute>young</attribute></object><relation><subject_id>640027</subject_id><object_id>640028</object_id><predicate>petting</predicate></relation><relation><subject_id>640027</subject_id><object_id>640028</object_id><predicate>petting</predicate></relation><relation><subject_id>640027</subject_id><object_id>640028</object_id><predicate>touching</predicate></relation><relation><subject_id>640027</subject_id><object_id>640023</object_id><predicate>petting</predicate></relation><relation><subject_id>640024</subject_id><object_id>640023</object_id><predicate>beneath</predicate></relation><relation><subject_id>640027</subject_id><object_id>640028</object_id><predicate>petting</predicate></relation></annotation>