<annotation><folder>VG_100K</folder><filename>2364960.jpg</filename><source><database>Visual Genome Version 1.2</database><image_id>2364960</image_id><coco_id>None</coco_id><flickr_id>9329781728</flickr_id></source><size><width>500</width><height>375</height><depth>3</depth></size><segmented>0</segmented><object><name>gravel</name><object_id>3886845</object_id><difficult>0</difficult><bndbox><xmin>210</xmin><ymin>124</ymin><xmax>260</xmax><ymax>142</ymax></bndbox></object><object><name>gravel</name><object_id>3886844</object_id><difficult>0</difficult><bndbox><xmin>267</xmin><ymin>124</ymin><xmax>341</xmax><ymax>132</ymax></bndbox></object><object><name>car</name><object_id>3886843</object_id><difficult>0</difficult><bndbox><xmin>174</xmin><ymin>148</ymin><xmax>189</xmax><ymax>232</ymax></bndbox></object><object><name>car</name><object_id>3886842</object_id><difficult>0</difficult><bndbox><xmin>185</xmin><ymin>149</ymin><xmax>204</xmax><ymax>239</ymax></bndbox></object><object><name>car</name><object_id>3886841</object_id><difficult>0</difficult><bndbox><xmin>195</xmin><ymin>143</ymin><xmax>216</xmax><ymax>241</ymax></bndbox></object><object><name>car</name><object_id>3886840</object_id><difficult>0</difficult><bndbox><xmin>214</xmin><ymin>139</ymin><xmax>236</xmax><ymax>240</ymax></bndbox></object><object><name>car</name><object_id>3886839</object_id><difficult>0</difficult><bndbox><xmin>231</xmin><ymin>130</ymin><xmax>355</xmax><ymax>240</ymax></bndbox></object><object><name>train</name><object_id>2445583</object_id><difficult>0</difficult><bndbox><xmin>146</xmin><ymin>110</ymin><xmax>407</xmax><ymax>266</ymax></bndbox><attribute>small</attribute></object><object><name>box</name><object_id>1872834</object_id><difficult>0</difficult><bndbox><xmin>165</xmin><ymin>265</ymin><xmax>286</xmax><ymax>357</ymax></bndbox><attribute>wooden</attribute></object><object><name>box</name><object_id>1872835</object_id><difficult>0</difficult><bndbox><xmin>81</xmin><ymin>271</ymin><xmax>186</xmax><ymax>358</ymax></bndbox><attribute>wooden</attribute></object><object><name>train tracks</name><object_id>1806393</object_id><difficult>0</difficult><bndbox><xmin>82</xmin><ymin>211</ymin><xmax>498</xmax><ymax>298</ymax></bndbox></object><object><name>gravel</name><object_id>3886853</object_id><difficult>0</difficult><bndbox><xmin>200</xmin><ymin>127</ymin><xmax>262</xmax><ymax>147</ymax></bndbox></object><object><name>gravel</name><object_id>3886852</object_id><difficult>0</difficult><bndbox><xmin>264</xmin><ymin>122</ymin><xmax>345</xmax><ymax>132</ymax></bndbox></object><object><name>train car</name><object_id>3886849</object_id><difficult>0</difficult><bndbox><xmin>199</xmin><ymin>143</ymin><xmax>219</xmax><ymax>242</ymax></bndbox><attribute>red</attribute></object><object><name>train car</name><object_id>3886847</object_id><difficult>0</difficult><bndbox><xmin>233</xmin><ymin>133</ymin><xmax>353</xmax><ymax>244</ymax></bndbox><attribute>red</attribute></object><object><name>rock</name><object_id>3886868</object_id><difficult>0</difficult><bndbox><xmin>396</xmin><ymin>282</ymin><xmax>406</xmax><ymax>287</ymax></bndbox></object><object><name>rock</name><object_id>3886867</object_id><difficult>0</difficult><bndbox><xmin>325</xmin><ymin>332</ymin><xmax>334</xmax><ymax>341</ymax></bndbox></object><object><name>rock</name><object_id>3886866</object_id><difficult>0</difficult><bndbox><xmin>373</xmin><ymin>320</ymin><xmax>385</xmax><ymax>327</ymax></bndbox></object><object><name>rock</name><object_id>3886865</object_id><difficult>0</difficult><bndbox><xmin>460</xmin><ymin>317</ymin><xmax>465</xmax><ymax>324</ymax></bndbox></object><object><name>rock</name><object_id>3886864</object_id><difficult>0</difficult><bndbox><xmin>342</xmin><ymin>305</ymin><xmax>362</xmax><ymax>313</ymax></bndbox></object><object><name>track</name><object_id>3886863</object_id><difficult>0</difficult><bndbox><xmin>90</xmin><ymin>211</ymin><xmax>485</xmax><ymax>257</ymax></bndbox></object><object><name>track</name><object_id>3886862</object_id><difficult>0</difficult><bndbox><xmin>69</xmin><ymin>210</ymin><xmax>485</xmax><ymax>298</ymax></bndbox></object><relation><subject_id>3886843</subject_id><object_id>2445583</object_id><predicate>formed in</predicate></relation><relation><subject_id>3886842</subject_id><object_id>2445583</object_id><predicate>formed in</predicate></relation><relation><subject_id>3886841</subject_id><object_id>2445583</object_id><predicate>formed in</predicate></relation><relation><subject_id>3886841</subject_id><object_id>3886845</object_id><predicate>standing with</predicate></relation><relation><subject_id>3886840</subject_id><object_id>2445583</object_id><predicate>formed in</predicate></relation><relation><subject_id>3886839</subject_id><object_id>2445583</object_id><predicate>formed in</predicate></relation><relation><subject_id>3886839</subject_id><object_id>3886844</object_id><predicate>standing with</predicate></relation><relation><subject_id>1872834</subject_id><object_id>1806393</object_id><predicate>laying in</predicate></relation><relation><subject_id>1872835</subject_id><object_id>1806393</object_id><predicate>laying in</predicate></relation><relation><subject_id>3886849</subject_id><object_id>3886853</object_id><predicate>standing with</predicate></relation><relation><subject_id>3886847</subject_id><object_id>3886852</object_id><predicate>standing with</predicate></relation><relation><subject_id>3886868</subject_id><object_id>3886863</object_id><predicate>laying in</predicate></relation><relation><subject_id>3886867</subject_id><object_id>3886863</object_id><predicate>laying in</predicate></relation><relation><subject_id>3886866</subject_id><object_id>3886862</object_id><predicate>laying in</predicate></relation><relation><subject_id>3886865</subject_id><object_id>3886862</object_id><predicate>laying in</predicate></relation><relation><subject_id>3886864</subject_id><object_id>3886862</object_id><predicate>laying in</predicate></relation></annotation>