<annotation><folder>VG_100K</folder><filename>2364743.jpg</filename><source><database>Visual Genome Version 1.2</database><image_id>2364743</image_id><coco_id>132706</coco_id><flickr_id>4516698231</flickr_id></source><size><width>332</width><height>500</height><depth>3</depth></size><segmented>0</segmented><object><name>plate</name><object_id>1897577</object_id><difficult>0</difficult><bndbox><xmin>0</xmin><ymin>338</ymin><xmax>330</xmax><ymax>460</ymax></bndbox><attribute>white</attribute></object><object><name>table</name><object_id>1776115</object_id><difficult>0</difficult><bndbox><xmin>1</xmin><ymin>348</ymin><xmax>331</xmax><ymax>499</ymax></bndbox><attribute>tan</attribute></object><relation><subject_id>1776115</subject_id><object_id>1897577</object_id><predicate>under a</predicate></relation></annotation>