<annotation><folder>VG_100K</folder><filename>2364849.jpg</filename><source><database>Visual Genome Version 1.2</database><image_id>2364849</image_id><coco_id>131627</coco_id><flickr_id>1863144136</flickr_id></source><size><width>500</width><height>375</height><depth>3</depth></size><segmented>0</segmented><object><name>street sign</name><object_id>638307</object_id><difficult>0</difficult><bndbox><xmin>314</xmin><ymin>244</ymin><xmax>436</xmax><ymax>372</ymax></bndbox></object><object><name>pole</name><object_id>638318</object_id><difficult>0</difficult><bndbox><xmin>417</xmin><ymin>197</ymin><xmax>500</xmax><ymax>374</ymax></bndbox><attribute>steel</attribute></object><object><name>sticker</name><object_id>638323</object_id><difficult>0</difficult><bndbox><xmin>336</xmin><ymin>274</ymin><xmax>368</xmax><ymax>350</ymax></bndbox></object><object><name>stoplight</name><object_id>638324</object_id><difficult>0</difficult><bndbox><xmin>314</xmin><ymin>1</ymin><xmax>499</xmax><ymax>374</ymax></bndbox></object><object><name>light</name><object_id>638332</object_id><difficult>0</difficult><bndbox><xmin>390</xmin><ymin>0</ymin><xmax>499</xmax><ymax>173</ymax></bndbox></object><relation><subject_id>638323</subject_id><object_id>638324</object_id><predicate>on back of</predicate></relation><relation><subject_id>638332</subject_id><object_id>638318</object_id><predicate>top of</predicate></relation><relation><subject_id>638323</subject_id><object_id>638307</object_id><predicate>on back of</predicate></relation><relation><subject_id>638323</subject_id><object_id>638307</object_id><predicate>on back of</predicate></relation></annotation>