<annotation><folder>VG_100K</folder><filename>2364584.jpg</filename><source><database>Visual Genome Version 1.2</database><image_id>2364584</image_id><coco_id>102056</coco_id><flickr_id>4378780730</flickr_id></source><size><width>500</width><height>335</height><depth>3</depth></size><segmented>0</segmented><object><name>bus</name><object_id>1735954</object_id><difficult>0</difficult><bndbox><xmin>11</xmin><ymin>90</ymin><xmax>433</xmax><ymax>302</ymax></bndbox></object><object><name>pole</name><object_id>2292328</object_id><difficult>0</difficult><bndbox><xmin>239</xmin><ymin>117</ymin><xmax>247</xmax><ymax>232</ymax></bndbox><attribute>yellow</attribute></object><relation><subject_id>2292328</subject_id><object_id>1735954</object_id><predicate>are inside</predicate></relation></annotation>