<annotation><folder>VG_100K</folder><filename>2365310.jpg</filename><source><database>Visual Genome Version 1.2</database><image_id>2365310</image_id><coco_id>52661</coco_id><flickr_id>3066774387</flickr_id></source><size><width>500</width><height>334</height><depth>3</depth></size><segmented>0</segmented><object><name>boat</name><object_id>635128</object_id><difficult>0</difficult><bndbox><xmin>55</xmin><ymin>1</ymin><xmax>500</xmax><ymax>248</ymax></bndbox><attribute>large</attribute><attribute>blue</attribute><attribute>white</attribute><attribute>maroon</attribute></object><object><name>harbor</name><object_id>635138</object_id><difficult>0</difficult><bndbox><xmin>0</xmin><ymin>230</ymin><xmax>499</xmax><ymax>332</ymax></bndbox><attribute>smooth</attribute></object><object><name>pole</name><object_id>635139</object_id><difficult>0</difficult><bndbox><xmin>289</xmin><ymin>249</ymin><xmax>402</xmax><ymax>280</ymax></bndbox><attribute>white</attribute><attribute>black</attribute><attribute>horizontal</attribute></object><object><name>pole</name><object_id>635140</object_id><difficult>0</difficult><bndbox><xmin>209</xmin><ymin>234</ymin><xmax>253</xmax><ymax>250</ymax></bndbox><attribute>white</attribute><attribute>black</attribute><attribute>horizontal</attribute></object><object><name>truck</name><object_id>635144</object_id><difficult>0</difficult><bndbox><xmin>110</xmin><ymin>173</ymin><xmax>190</xmax><ymax>258</ymax></bndbox><attribute>green</attribute><attribute>old</attribute><attribute>parked</attribute></object><object><name>truck</name><object_id>635145</object_id><difficult>0</difficult><bndbox><xmin>31</xmin><ymin>173</ymin><xmax>94</xmax><ymax>243</ymax></bndbox><attribute>parked</attribute></object><object><name>shadow</name><object_id>635147</object_id><difficult>0</difficult><bndbox><xmin>35</xmin><ymin>295</ymin><xmax>146</xmax><ymax>333</ymax></bndbox></object><object><name>shadow</name><object_id>635148</object_id><difficult>0</difficult><bndbox><xmin>0</xmin><ymin>288</ymin><xmax>30</xmax><ymax>302</ymax></bndbox></object><object><name>fabric</name><object_id>635157</object_id><difficult>0</difficult><bndbox><xmin>351</xmin><ymin>138</ymin><xmax>499</xmax><ymax>177</ymax></bndbox><attribute>blue</attribute></object><object><name>ladder</name><object_id>635158</object_id><difficult>0</difficult><bndbox><xmin>319</xmin><ymin>1</ymin><xmax>352</xmax><ymax>154</ymax></bndbox></object><object><name>ladder</name><object_id>635159</object_id><difficult>0</difficult><bndbox><xmin>267</xmin><ymin>61</ymin><xmax>288</xmax><ymax>136</ymax></bndbox></object><object><name>ladder</name><object_id>635160</object_id><difficult>0</difficult><bndbox><xmin>398</xmin><ymin>69</ymin><xmax>408</xmax><ymax>171</ymax></bndbox></object><object><name>ladder</name><object_id>635161</object_id><difficult>0</difficult><bndbox><xmin>387</xmin><ymin>81</ymin><xmax>399</xmax><ymax>169</ymax></bndbox></object><object><name>reflection</name><object_id>635173</object_id><difficult>0</difficult><bndbox><xmin>256</xmin><ymin>151</ymin><xmax>432</xmax><ymax>234</ymax></bndbox></object><relation><subject_id>635147</subject_id><object_id>635138</object_id><predicate>top of</predicate></relation><relation><subject_id>635148</subject_id><object_id>635138</object_id><predicate>top of</predicate></relation><relation><subject_id>635157</subject_id><object_id>635128</object_id><predicate>top of</predicate></relation><relation><subject_id>635158</subject_id><object_id>635128</object_id><predicate>top of</predicate></relation><relation><subject_id>635159</subject_id><object_id>635128</object_id><predicate>top of</predicate></relation><relation><subject_id>635160</subject_id><object_id>635128</object_id><predicate>top of</predicate></relation><relation><subject_id>635161</subject_id><object_id>635128</object_id><predicate>top of</predicate></relation><relation><subject_id>635139</subject_id><object_id>635138</object_id><predicate>top of</predicate></relation><relation><subject_id>635140</subject_id><object_id>635138</object_id><predicate>top of</predicate></relation><relation><subject_id>635144</subject_id><object_id>635138</object_id><predicate>top of</predicate></relation><relation><subject_id>635145</subject_id><object_id>635138</object_id><predicate>top of</predicate></relation><relation><subject_id>635157</subject_id><object_id>635128</object_id><predicate>top of</predicate></relation><relation><subject_id>635173</subject_id><object_id>635128</object_id><predicate>top of</predicate></relation></annotation>