<annotation><folder>VG_100K</folder><filename>2365350.jpg</filename><source><database>Visual Genome Version 1.2</database><image_id>2365350</image_id><coco_id>None</coco_id><flickr_id>6018638535</flickr_id></source><size><width>500</width><height>285</height><depth>3</depth></size><segmented>0</segmented><object><name>cow</name><object_id>2333746</object_id><difficult>0</difficult><bndbox><xmin>182</xmin><ymin>60</ymin><xmax>444</xmax><ymax>272</ymax></bndbox><attribute>large</attribute><attribute>brown</attribute><attribute>big</attribute></object><object><name>cow</name><object_id>3884698</object_id><difficult>0</difficult><bndbox><xmin>271</xmin><ymin>20</ymin><xmax>330</xmax><ymax>70</ymax></bndbox><attribute>brown</attribute></object><object><name>grass</name><object_id>2535783</object_id><difficult>0</difficult><bndbox><xmin>4</xmin><ymin>1</ymin><xmax>498</xmax><ymax>283</ymax></bndbox><attribute>tall</attribute></object><object><name>grass</name><object_id>2319344</object_id><difficult>0</difficult><bndbox><xmin>179</xmin><ymin>57</ymin><xmax>446</xmax><ymax>264</ymax></bndbox></object><relation><subject_id>3884698</subject_id><object_id>2319344</object_id><predicate>grazing on</predicate></relation><relation><subject_id>2333746</subject_id><object_id>2535783</object_id><predicate>grazing on</predicate></relation></annotation>