<annotation><folder>VG_100K</folder><filename>2365222.jpg</filename><source><database>Visual Genome Version 1.2</database><image_id>2365222</image_id><coco_id>None</coco_id><flickr_id>7345568182</flickr_id></source><size><width>390</width><height>500</height><depth>3</depth></size><segmented>0</segmented><object><name>street</name><object_id>3885373</object_id><difficult>0</difficult><bndbox><xmin>0</xmin><ymin>27</ymin><xmax>380</xmax><ymax>490</ymax></bndbox></object><object><name>woman</name><object_id>2596910</object_id><difficult>0</difficult><bndbox><xmin>23</xmin><ymin>131</ymin><xmax>146</xmax><ymax>437</ymax></bndbox></object><relation><subject_id>2596910</subject_id><object_id>3885373</object_id><predicate>walking towards</predicate></relation></annotation>