<annotation><folder>VG_100K</folder><filename>2365128.jpg</filename><source><database>Visual Genome Version 1.2</database><image_id>2365128</image_id><coco_id>None</coco_id><flickr_id>1149328938</flickr_id></source><size><width>500</width><height>375</height><depth>3</depth></size><segmented>0</segmented><object><name>ground</name><object_id>3885957</object_id><difficult>0</difficult><bndbox><xmin>1</xmin><ymin>118</ymin><xmax>499</xmax><ymax>373</ymax></bndbox></object><object><name>man</name><object_id>2957698</object_id><difficult>0</difficult><bndbox><xmin>83</xmin><ymin>212</ymin><xmax>346</xmax><ymax>299</ymax></bndbox></object><object><name>sidewalk</name><object_id>3885963</object_id><difficult>0</difficult><bndbox><xmin>2</xmin><ymin>117</ymin><xmax>474</xmax><ymax>371</ymax></bndbox><attribute>brick</attribute><attribute>paved</attribute></object><object><name>man</name><object_id>3365309</object_id><difficult>0</difficult><bndbox><xmin>90</xmin><ymin>233</ymin><xmax>327</xmax><ymax>278</ymax></bndbox></object><relation><subject_id>2957698</subject_id><object_id>3885957</object_id><predicate>laying in</predicate></relation><relation><subject_id>3365309</subject_id><object_id>3885963</object_id><predicate>laying in</predicate></relation></annotation>