<annotation><folder>VG_100K</folder><filename>2365230.jpg</filename><source><database>Visual Genome Version 1.2</database><image_id>2365230</image_id><coco_id>None</coco_id><flickr_id>7667814582</flickr_id></source><size><width>500</width><height>238</height><depth>3</depth></size><segmented>0</segmented><object><name>building</name><object_id>635735</object_id><difficult>0</difficult><bndbox><xmin>135</xmin><ymin>59</ymin><xmax>247</xmax><ymax>90</ymax></bndbox><attribute>white</attribute></object><object><name>building</name><object_id>3885312</object_id><difficult>0</difficult><bndbox><xmin>104</xmin><ymin>60</ymin><xmax>117</xmax><ymax>78</ymax></bndbox></object><object><name>building</name><object_id>3885311</object_id><difficult>0</difficult><bndbox><xmin>130</xmin><ymin>56</ymin><xmax>150</xmax><ymax>77</ymax></bndbox></object><object><name>water</name><object_id>3885310</object_id><difficult>0</difficult><bndbox><xmin>18</xmin><ymin>72</ymin><xmax>483</xmax><ymax>150</ymax></bndbox></object><relation><subject_id>3885312</subject_id><object_id>3885310</object_id><predicate>overlooking</predicate></relation><relation><subject_id>3885311</subject_id><object_id>3885310</object_id><predicate>overlooking</predicate></relation><relation><subject_id>635735</subject_id><object_id>3885310</object_id><predicate>overlooking</predicate></relation></annotation>