<annotation><folder>VG_100K</folder><filename>2365163.jpg</filename><source><database>Visual Genome Version 1.2</database><image_id>2365163</image_id><coco_id>None</coco_id><flickr_id>3733744186</flickr_id></source><size><width>500</width><height>375</height><depth>3</depth></size><segmented>0</segmented><object><name>head</name><object_id>1934577</object_id><difficult>0</difficult><bndbox><xmin>61</xmin><ymin>127</ymin><xmax>219</xmax><ymax>261</ymax></bndbox></object><object><name>dog</name><object_id>1963888</object_id><difficult>0</difficult><bndbox><xmin>106</xmin><ymin>130</ymin><xmax>488</xmax><ymax>271</ymax></bndbox><attribute>large</attribute></object><object><name>dog</name><object_id>1813097</object_id><difficult>0</difficult><bndbox><xmin>65</xmin><ymin>135</ymin><xmax>482</xmax><ymax>272</ymax></bndbox><attribute>brown</attribute><attribute>white</attribute></object><object><name>ear</name><object_id>1887070</object_id><difficult>0</difficult><bndbox><xmin>44</xmin><ymin>168</ymin><xmax>121</xmax><ymax>227</ymax></bndbox></object><object><name>dog</name><object_id>2460270</object_id><difficult>0</difficult><bndbox><xmin>132</xmin><ymin>139</ymin><xmax>478</xmax><ymax>280</ymax></bndbox></object><object><name>eye</name><object_id>1875455</object_id><difficult>0</difficult><bndbox><xmin>171</xmin><ymin>162</ymin><xmax>197</xmax><ymax>187</ymax></bndbox></object><object><name>eye</name><object_id>2018463</object_id><difficult>0</difficult><bndbox><xmin>134</xmin><ymin>201</ymin><xmax>151</xmax><ymax>228</ymax></bndbox></object><object><name>nose</name><object_id>2660431</object_id><difficult>0</difficult><bndbox><xmin>178</xmin><ymin>222</ymin><xmax>209</xmax><ymax>254</ymax></bndbox></object><object><name>leash</name><object_id>3885736</object_id><difficult>0</difficult><bndbox><xmin>176</xmin><ymin>176</ymin><xmax>236</xmax><ymax>374</ymax></bndbox><attribute>leather</attribute><attribute>brown</attribute></object><object><name>design</name><object_id>2495597</object_id><difficult>0</difficult><bndbox><xmin>217</xmin><ymin>205</ymin><xmax>236</xmax><ymax>223</ymax></bndbox><attribute>black</attribute></object><object><name>design</name><object_id>2495598</object_id><difficult>0</difficult><bndbox><xmin>215</xmin><ymin>192</ymin><xmax>232</xmax><ymax>207</ymax></bndbox><attribute>black</attribute></object><object><name>design</name><object_id>2495599</object_id><difficult>0</difficult><bndbox><xmin>205</xmin><ymin>178</ymin><xmax>225</xmax><ymax>193</ymax></bndbox><attribute>black</attribute></object><object><name>design</name><object_id>2495600</object_id><difficult>0</difficult><bndbox><xmin>196</xmin><ymin>168</ymin><xmax>216</xmax><ymax>184</ymax></bndbox><attribute>black</attribute></object><object><name>seat</name><object_id>3885732</object_id><difficult>0</difficult><bndbox><xmin>54</xmin><ymin>91</ymin><xmax>494</xmax><ymax>370</ymax></bndbox></object><relation><subject_id>1934577</subject_id><object_id>1963888</object_id><predicate>part of</predicate></relation><relation><subject_id>1887070</subject_id><object_id>1813097</object_id><predicate>part of</predicate></relation><relation><subject_id>1875455</subject_id><object_id>2460270</object_id><predicate>part of</predicate></relation><relation><subject_id>2018463</subject_id><object_id>1813097</object_id><predicate>part of</predicate></relation><relation><subject_id>2660431</subject_id><object_id>1813097</object_id><predicate>part of</predicate></relation><relation><subject_id>2495597</subject_id><object_id>3885736</object_id><predicate>printed on</predicate></relation><relation><subject_id>2495598</subject_id><object_id>3885736</object_id><predicate>printed on</predicate></relation><relation><subject_id>2495599</subject_id><object_id>3885736</object_id><predicate>printed on</predicate></relation><relation><subject_id>2495600</subject_id><object_id>3885736</object_id><predicate>printed on</predicate></relation><relation><subject_id>1813097</subject_id><object_id>3885732</object_id><predicate>laying in</predicate></relation></annotation>