<annotation><folder>VG_100K</folder><filename>2365200.jpg</filename><source><database>Visual Genome Version 1.2</database><image_id>2365200</image_id><coco_id>392650</coco_id><flickr_id>5651827334</flickr_id></source><size><width>500</width><height>273</height><depth>3</depth></size><segmented>0</segmented><object><name>plane</name><object_id>3885511</object_id><difficult>0</difficult><bndbox><xmin>0</xmin><ymin>21</ymin><xmax>486</xmax><ymax>253</ymax></bndbox><attribute>white</attribute><attribute>long</attribute></object><object><name>plane</name><object_id>1919279</object_id><difficult>0</difficult><bndbox><xmin>6</xmin><ymin>10</ymin><xmax>498</xmax><ymax>242</ymax></bndbox></object><object><name>wing</name><object_id>3885524</object_id><difficult>0</difficult><bndbox><xmin>251</xmin><ymin>151</ymin><xmax>361</xmax><ymax>199</ymax></bndbox></object><object><name>wing</name><object_id>3885523</object_id><difficult>0</difficult><bndbox><xmin>37</xmin><ymin>152</ymin><xmax>275</xmax><ymax>205</ymax></bndbox></object><object><name>nose</name><object_id>3885526</object_id><difficult>0</difficult><bndbox><xmin>449</xmin><ymin>29</ymin><xmax>488</xmax><ymax>63</ymax></bndbox></object><object><name>wheels</name><object_id>3885525</object_id><difficult>0</difficult><bndbox><xmin>461</xmin><ymin>69</ymin><xmax>476</xmax><ymax>84</ymax></bndbox></object><object><name>tail</name><object_id>2037165</object_id><difficult>0</difficult><bndbox><xmin>2</xmin><ymin>176</ymin><xmax>219</xmax><ymax>258</ymax></bndbox></object><relation><subject_id>3885524</subject_id><object_id>1919279</object_id><predicate>under a</predicate></relation><relation><subject_id>3885523</subject_id><object_id>1919279</object_id><predicate>under a</predicate></relation><relation><subject_id>3885525</subject_id><object_id>3885526</object_id><predicate>under a</predicate></relation><relation><subject_id>2037165</subject_id><object_id>3885511</object_id><predicate>on back of</predicate></relation></annotation>