<annotation><folder>VG_100K</folder><filename>2365108.jpg</filename><source><database>Visual Genome Version 1.2</database><image_id>2365108</image_id><coco_id>None</coco_id><flickr_id>9643247329</flickr_id></source><size><width>500</width><height>332</height><depth>3</depth></size><segmented>0</segmented><object><name>man</name><object_id>636472</object_id><difficult>0</difficult><bndbox><xmin>68</xmin><ymin>78</ymin><xmax>228</xmax><ymax>242</ymax></bndbox><attribute>playing</attribute></object><object><name>ball</name><object_id>636473</object_id><difficult>0</difficult><bndbox><xmin>203</xmin><ymin>202</ymin><xmax>238</xmax><ymax>229</ymax></bndbox><attribute>gray</attribute><attribute>white</attribute><attribute>black</attribute></object><object><name>man</name><object_id>636474</object_id><difficult>0</difficult><bndbox><xmin>276</xmin><ymin>103</ymin><xmax>357</xmax><ymax>241</ymax></bndbox><attribute>playing</attribute></object><relation><subject_id>636472</subject_id><object_id>636473</object_id><predicate>playing with</predicate></relation><relation><subject_id>636474</subject_id><object_id>636473</object_id><predicate>playing with</predicate></relation></annotation>