<annotation><folder>VG_100K</folder><filename>2365042.jpg</filename><source><database>Visual Genome Version 1.2</database><image_id>2365042</image_id><coco_id>197296</coco_id><flickr_id>4965188233</flickr_id></source><size><width>500</width><height>375</height><depth>3</depth></size><segmented>0</segmented><object><name>pony</name><object_id>1783232</object_id><difficult>0</difficult><bndbox><xmin>111</xmin><ymin>64</ymin><xmax>477</xmax><ymax>286</ymax></bndbox></object><object><name>ocean</name><object_id>3075232</object_id><difficult>0</difficult><bndbox><xmin>2</xmin><ymin>1</ymin><xmax>499</xmax><ymax>205</ymax></bndbox></object><object><name>horse</name><object_id>3096475</object_id><difficult>0</difficult><bndbox><xmin>118</xmin><ymin>66</ymin><xmax>474</xmax><ymax>285</ymax></bndbox><attribute>brown</attribute><attribute>walking</attribute><attribute>white</attribute><attribute>tan</attribute><attribute>beige</attribute></object><object><name>beach</name><object_id>3886418</object_id><difficult>0</difficult><bndbox><xmin>0</xmin><ymin>0</ymin><xmax>499</xmax><ymax>370</ymax></bndbox></object><relation><subject_id>1783232</subject_id><object_id>3075232</object_id><predicate>standing near</predicate></relation><relation><subject_id>3096475</subject_id><object_id>3886418</object_id><predicate>walking towards</predicate></relation></annotation>