<annotation><folder>VG_100K</folder><filename>2365254.jpg</filename><source><database>Visual Genome Version 1.2</database><image_id>2365254</image_id><coco_id>248142</coco_id><flickr_id>8521834882</flickr_id></source><size><width>500</width><height>375</height><depth>3</depth></size><segmented>0</segmented><object><name>person</name><object_id>1994997</object_id><difficult>0</difficult><bndbox><xmin>327</xmin><ymin>196</ymin><xmax>337</xmax><ymax>211</ymax></bndbox></object><object><name>water</name><object_id>1994998</object_id><difficult>0</difficult><bndbox><xmin>272</xmin><ymin>173</ymin><xmax>498</xmax><ymax>202</ymax></bndbox></object><relation><subject_id>1994997</subject_id><object_id>1994998</object_id><predicate>standing near</predicate></relation></annotation>