<annotation><folder>VG_100K</folder><filename>2365346.jpg</filename><source><database>Visual Genome Version 1.2</database><image_id>2365346</image_id><coco_id>458716</coco_id><flickr_id>5788353935</flickr_id></source><size><width>375</width><height>500</height><depth>3</depth></size><segmented>0</segmented><object><name>robe</name><object_id>634906</object_id><difficult>0</difficult><bndbox><xmin>85</xmin><ymin>206</ymin><xmax>202</xmax><ymax>368</ymax></bndbox><attribute>white</attribute></object><object><name>hook</name><object_id>634914</object_id><difficult>0</difficult><bndbox><xmin>130</xmin><ymin>179</ymin><xmax>148</xmax><ymax>197</ymax></bndbox><attribute>gold</attribute></object><relation><subject_id>634906</subject_id><object_id>634914</object_id><predicate>hanging on a</predicate></relation></annotation>