<annotation><folder>VG_100K</folder><filename>2365030.jpg</filename><source><database>Visual Genome Version 1.2</database><image_id>2365030</image_id><coco_id>172310</coco_id><flickr_id>4566789533</flickr_id></source><size><width>500</width><height>375</height><depth>3</depth></size><segmented>0</segmented><object><name>skateboard</name><object_id>636961</object_id><difficult>0</difficult><bndbox><xmin>256</xmin><ymin>229</ymin><xmax>443</xmax><ymax>315</ymax></bndbox><attribute>brown</attribute></object><object><name>dog</name><object_id>636962</object_id><difficult>0</difficult><bndbox><xmin>246</xmin><ymin>146</ymin><xmax>452</xmax><ymax>279</ymax></bndbox><attribute>brown</attribute><attribute>white</attribute><attribute>black</attribute></object><relation><subject_id>636961</subject_id><object_id>636962</object_id><predicate>under a</predicate></relation><relation><subject_id>636961</subject_id><object_id>636962</object_id><predicate>under a</predicate></relation></annotation>