<annotation><folder>VG_100K</folder><filename>2365307.jpg</filename><source><database>Visual Genome Version 1.2</database><image_id>2365307</image_id><coco_id>None</coco_id><flickr_id>2927386887</flickr_id></source><size><width>500</width><height>333</height><depth>3</depth></size><segmented>0</segmented><object><name>apples</name><object_id>2455977</object_id><difficult>0</difficult><bndbox><xmin>88</xmin><ymin>140</ymin><xmax>238</xmax><ymax>327</ymax></bndbox><attribute>red</attribute></object><object><name>tree</name><object_id>2455978</object_id><difficult>0</difficult><bndbox><xmin>14</xmin><ymin>14</ymin><xmax>254</xmax><ymax>325</ymax></bndbox></object><relation><subject_id>2455977</subject_id><object_id>2455978</object_id><predicate>hanging on a</predicate></relation></annotation>