<annotation><folder>VG_100K</folder><filename>2365352.jpg</filename><source><database>Visual Genome Version 1.2</database><image_id>2365352</image_id><coco_id>439712</coco_id><flickr_id>6143620735</flickr_id></source><size><width>500</width><height>422</height><depth>3</depth></size><segmented>0</segmented><object><name>woman</name><object_id>2402595</object_id><difficult>0</difficult><bndbox><xmin>10</xmin><ymin>135</ymin><xmax>157</xmax><ymax>416</ymax></bndbox></object><object><name>street</name><object_id>1865147</object_id><difficult>0</difficult><bndbox><xmin>293</xmin><ymin>339</ymin><xmax>393</xmax><ymax>367</ymax></bndbox></object><object><name>plant</name><object_id>2687329</object_id><difficult>0</difficult><bndbox><xmin>336</xmin><ymin>300</ymin><xmax>358</xmax><ymax>318</ymax></bndbox><attribute>growing</attribute><attribute>green</attribute></object><object><name>stairs</name><object_id>2687330</object_id><difficult>0</difficult><bndbox><xmin>144</xmin><ymin>120</ymin><xmax>444</xmax><ymax>312</ymax></bndbox></object><relation><subject_id>2402595</subject_id><object_id>1865147</object_id><predicate>walking towards</predicate></relation><relation><subject_id>2687329</subject_id><object_id>2687330</object_id><predicate>beneath</predicate></relation></annotation>