<annotation><folder>VG_100K</folder><filename>2365227.jpg</filename><source><database>Visual Genome Version 1.2</database><image_id>2365227</image_id><coco_id>28494</coco_id><flickr_id>7513375682</flickr_id></source><size><width>500</width><height>333</height><depth>3</depth></size><segmented>0</segmented><object><name>field</name><object_id>3885361</object_id><difficult>0</difficult><bndbox><xmin>6</xmin><ymin>14</ymin><xmax>497</xmax><ymax>325</ymax></bndbox><attribute>large</attribute><attribute>grassy</attribute></object><object><name>zebra</name><object_id>2019393</object_id><difficult>0</difficult><bndbox><xmin>347</xmin><ymin>141</ymin><xmax>434</xmax><ymax>232</ymax></bndbox></object><object><name>leg</name><object_id>3885353</object_id><difficult>0</difficult><bndbox><xmin>156</xmin><ymin>202</ymin><xmax>192</xmax><ymax>238</ymax></bndbox></object><object><name>zebra</name><object_id>1955144</object_id><difficult>0</difficult><bndbox><xmin>361</xmin><ymin>132</ymin><xmax>452</xmax><ymax>224</ymax></bndbox></object><object><name>zebra</name><object_id>1887401</object_id><difficult>0</difficult><bndbox><xmin>346</xmin><ymin>149</ymin><xmax>424</xmax><ymax>224</ymax></bndbox></object><relation><subject_id>2019393</subject_id><object_id>3885361</object_id><predicate>grazing on</predicate></relation><relation><subject_id>3885353</subject_id><object_id>1955144</object_id><predicate>touching</predicate></relation><relation><subject_id>1887401</subject_id><object_id>3885361</object_id><predicate>grazing on</predicate></relation></annotation>