<annotation><folder>VG_100K</folder><filename>2365078.jpg</filename><source><database>Visual Genome Version 1.2</database><image_id>2365078</image_id><coco_id>237309</coco_id><flickr_id>7165706681</flickr_id></source><size><width>500</width><height>375</height><depth>3</depth></size><segmented>0</segmented><object><name>sidewalk</name><object_id>1682651</object_id><difficult>0</difficult><bndbox><xmin>399</xmin><ymin>224</ymin><xmax>489</xmax><ymax>311</ymax></bndbox></object><object><name>people</name><object_id>1682650</object_id><difficult>0</difficult><bndbox><xmin>417</xmin><ymin>202</ymin><xmax>494</xmax><ymax>279</ymax></bndbox></object><object><name>light post</name><object_id>2551530</object_id><difficult>0</difficult><bndbox><xmin>440</xmin><ymin>20</ymin><xmax>466</xmax><ymax>225</ymax></bndbox></object><object><name>road</name><object_id>1735278</object_id><difficult>0</difficult><bndbox><xmin>3</xmin><ymin>236</ymin><xmax>475</xmax><ymax>373</ymax></bndbox></object><object><name>person</name><object_id>1675923</object_id><difficult>0</difficult><bndbox><xmin>440</xmin><ymin>220</ymin><xmax>457</xmax><ymax>262</ymax></bndbox></object><relation><subject_id>1682650</subject_id><object_id>1682651</object_id><predicate>walking towards</predicate></relation><relation><subject_id>2551530</subject_id><object_id>1735278</object_id><predicate>on other side of</predicate></relation><relation><subject_id>1675923</subject_id><object_id>1735278</object_id><predicate>on other side of</predicate></relation></annotation>