<annotation><folder>VG_100K</folder><filename>2365380.jpg</filename><source><database>Visual Genome Version 1.2</database><image_id>2365380</image_id><coco_id>None</coco_id><flickr_id>8098951583</flickr_id></source><size><width>500</width><height>500</height><depth>3</depth></size><segmented>0</segmented><object><name>girl</name><object_id>634626</object_id><difficult>0</difficult><bndbox><xmin>221</xmin><ymin>2</ymin><xmax>306</xmax><ymax>310</ymax></bndbox><attribute>riding</attribute></object><object><name>horse</name><object_id>634627</object_id><difficult>0</difficult><bndbox><xmin>133</xmin><ymin>75</ymin><xmax>389</xmax><ymax>499</ymax></bndbox></object><object><name>hat</name><object_id>634628</object_id><difficult>0</difficult><bndbox><xmin>223</xmin><ymin>2</ymin><xmax>295</xmax><ymax>35</ymax></bndbox></object><relation><subject_id>634626</subject_id><object_id>634627</object_id><predicate>sitting on a</predicate></relation><relation><subject_id>634628</subject_id><object_id>634626</object_id><predicate>on head of</predicate></relation><relation><subject_id>634626</subject_id><object_id>634627</object_id><predicate>on back of</predicate></relation></annotation>