<annotation><folder>VG_100K</folder><filename>2365296.jpg</filename><source><database>Visual Genome Version 1.2</database><image_id>2365296</image_id><coco_id>255056</coco_id><flickr_id>2500127887</flickr_id></source><size><width>500</width><height>310</height><depth>3</depth></size><segmented>0</segmented><object><name>boy</name><object_id>635255</object_id><difficult>0</difficult><bndbox><xmin>212</xmin><ymin>231</ymin><xmax>252</xmax><ymax>302</ymax></bndbox><attribute>small</attribute><attribute>standing</attribute><attribute>little</attribute><attribute>walking</attribute><attribute>playing</attribute></object><object><name>person</name><object_id>3884944</object_id><difficult>0</difficult><bndbox><xmin>394</xmin><ymin>165</ymin><xmax>400</xmax><ymax>169</ymax></bndbox></object><object><name>person</name><object_id>3884952</object_id><difficult>0</difficult><bndbox><xmin>399</xmin><ymin>162</ymin><xmax>406</xmax><ymax>168</ymax></bndbox></object><object><name>beach</name><object_id>3884949</object_id><difficult>0</difficult><bndbox><xmin>0</xmin><ymin>166</ymin><xmax>484</xmax><ymax>308</ymax></bndbox><attribute>sandy</attribute></object><object><name>trash</name><object_id>635264</object_id><difficult>0</difficult><bndbox><xmin>397</xmin><ymin>199</ymin><xmax>416</xmax><ymax>210</ymax></bndbox></object><object><name>person</name><object_id>3884951</object_id><difficult>0</difficult><bndbox><xmin>394</xmin><ymin>163</ymin><xmax>400</xmax><ymax>169</ymax></bndbox></object><object><name>shore</name><object_id>3884954</object_id><difficult>0</difficult><bndbox><xmin>0</xmin><ymin>167</ymin><xmax>484</xmax><ymax>307</ymax></bndbox></object><relation><subject_id>3884944</subject_id><object_id>3884949</object_id><predicate>playing with</predicate></relation><relation><subject_id>3884952</subject_id><object_id>3884949</object_id><predicate>playing with</predicate></relation><relation><subject_id>635255</subject_id><object_id>3884949</object_id><predicate>playing with</predicate></relation><relation><subject_id>635264</subject_id><object_id>3884949</object_id><predicate>laying in</predicate></relation><relation><subject_id>3884951</subject_id><object_id>3884954</object_id><predicate>playing with</predicate></relation><relation><subject_id>3884952</subject_id><object_id>3884954</object_id><predicate>playing with</predicate></relation><relation><subject_id>635255</subject_id><object_id>3884949</object_id><predicate>playing with</predicate></relation></annotation>