<annotation><folder>VG_100K</folder><filename>2365029.jpg</filename><source><database>Visual Genome Version 1.2</database><image_id>2365029</image_id><coco_id>272544</coco_id><flickr_id>4472502333</flickr_id></source><size><width>500</width><height>375</height><depth>3</depth></size><segmented>0</segmented><object><name>sky</name><object_id>3886500</object_id><difficult>0</difficult><bndbox><xmin>3</xmin><ymin>4</ymin><xmax>498</xmax><ymax>314</ymax></bndbox></object><object><name>kite</name><object_id>2451735</object_id><difficult>0</difficult><bndbox><xmin>296</xmin><ymin>97</ymin><xmax>329</xmax><ymax>132</ymax></bndbox><attribute>colorful</attribute></object><object><name>kite</name><object_id>1874197</object_id><difficult>0</difficult><bndbox><xmin>258</xmin><ymin>201</ymin><xmax>310</xmax><ymax>251</ymax></bndbox><attribute>colorful</attribute></object><object><name>kite</name><object_id>2537493</object_id><difficult>0</difficult><bndbox><xmin>240</xmin><ymin>46</ymin><xmax>250</xmax><ymax>57</ymax></bndbox><attribute>colorful</attribute></object><object><name>kite</name><object_id>2537494</object_id><difficult>0</difficult><bndbox><xmin>295</xmin><ymin>96</ymin><xmax>330</xmax><ymax>130</ymax></bndbox><attribute>colorful</attribute></object><object><name>kite</name><object_id>2537495</object_id><difficult>0</difficult><bndbox><xmin>375</xmin><ymin>139</ymin><xmax>388</xmax><ymax>151</ymax></bndbox><attribute>colorful</attribute></object><object><name>kite</name><object_id>2537496</object_id><difficult>0</difficult><bndbox><xmin>485</xmin><ymin>261</ymin><xmax>498</xmax><ymax>269</ymax></bndbox><attribute>colorful</attribute></object><object><name>kite</name><object_id>2537497</object_id><difficult>0</difficult><bndbox><xmin>339</xmin><ymin>158</ymin><xmax>353</xmax><ymax>171</ymax></bndbox><attribute>colorful</attribute></object><object><name>kite</name><object_id>2187620</object_id><difficult>0</difficult><bndbox><xmin>340</xmin><ymin>187</ymin><xmax>456</xmax><ymax>249</ymax></bndbox><attribute>colorful</attribute></object><object><name>kite</name><object_id>2227836</object_id><difficult>0</difficult><bndbox><xmin>258</xmin><ymin>197</ymin><xmax>325</xmax><ymax>264</ymax></bndbox><attribute>colorful</attribute></object><object><name>kite</name><object_id>1954592</object_id><difficult>0</difficult><bndbox><xmin>111</xmin><ymin>220</ymin><xmax>338</xmax><ymax>298</ymax></bndbox><attribute>colorful</attribute></object><relation><subject_id>2451735</subject_id><object_id>3886500</object_id><predicate>flying in</predicate></relation><relation><subject_id>1874197</subject_id><object_id>3886500</object_id><predicate>flying in</predicate></relation><relation><subject_id>2537493</subject_id><object_id>3886500</object_id><predicate>flying in</predicate></relation><relation><subject_id>2537494</subject_id><object_id>3886500</object_id><predicate>flying in</predicate></relation><relation><subject_id>2537495</subject_id><object_id>3886500</object_id><predicate>flying in</predicate></relation><relation><subject_id>2537496</subject_id><object_id>3886500</object_id><predicate>flying in</predicate></relation><relation><subject_id>2537497</subject_id><object_id>3886500</object_id><predicate>flying in</predicate></relation><relation><subject_id>2187620</subject_id><object_id>3886500</object_id><predicate>flying in</predicate></relation><relation><subject_id>2227836</subject_id><object_id>3886500</object_id><predicate>flying in</predicate></relation><relation><subject_id>1954592</subject_id><object_id>3886500</object_id><predicate>flying in</predicate></relation></annotation>