<annotation><folder>VG_100K</folder><filename>2365256.jpg</filename><source><database>Visual Genome Version 1.2</database><image_id>2365256</image_id><coco_id>75668</coco_id><flickr_id>8579654182</flickr_id></source><size><width>500</width><height>500</height><depth>3</depth></size><segmented>0</segmented><object><name>bus</name><object_id>3885168</object_id><difficult>0</difficult><bndbox><xmin>62</xmin><ymin>236</ymin><xmax>243</xmax><ymax>348</ymax></bndbox><attribute>blue</attribute></object><object><name>street</name><object_id>2567717</object_id><difficult>0</difficult><bndbox><xmin>75</xmin><ymin>261</ymin><xmax>328</xmax><ymax>472</ymax></bndbox></object><object><name>street</name><object_id>3885165</object_id><difficult>0</difficult><bndbox><xmin>0</xmin><ymin>281</ymin><xmax>380</xmax><ymax>497</ymax></bndbox></object><object><name>bus</name><object_id>2186309</object_id><difficult>0</difficult><bndbox><xmin>44</xmin><ymin>218</ymin><xmax>259</xmax><ymax>348</ymax></bndbox><attribute>red</attribute></object><object><name>pole</name><object_id>3885166</object_id><difficult>0</difficult><bndbox><xmin>384</xmin><ymin>102</ymin><xmax>424</xmax><ymax>359</ymax></bndbox></object><object><name>sign</name><object_id>1748501</object_id><difficult>0</difficult><bndbox><xmin>314</xmin><ymin>154</ymin><xmax>351</xmax><ymax>190</ymax></bndbox><attribute>white</attribute><attribute>street</attribute><attribute>black</attribute></object><object><name>sign</name><object_id>1748502</object_id><difficult>0</difficult><bndbox><xmin>350</xmin><ymin>150</ymin><xmax>400</xmax><ymax>189</ymax></bndbox><attribute>white</attribute><attribute>street</attribute><attribute>black</attribute></object><relation><subject_id>3885168</subject_id><object_id>2567717</object_id><predicate>driving down</predicate></relation><relation><subject_id>2186309</subject_id><object_id>3885165</object_id><predicate>driving down</predicate></relation><relation><subject_id>1748501</subject_id><object_id>3885166</object_id><predicate>mounted on</predicate></relation><relation><subject_id>1748502</subject_id><object_id>3885166</object_id><predicate>mounted on</predicate></relation></annotation>