<annotation><folder>VG_100K</folder><filename>2365369.jpg</filename><source><database>Visual Genome Version 1.2</database><image_id>2365369</image_id><coco_id>None</coco_id><flickr_id>7043342483</flickr_id></source><size><width>333</width><height>500</height><depth>3</depth></size><segmented>0</segmented><object><name>woman</name><object_id>2750403</object_id><difficult>0</difficult><bndbox><xmin>37</xmin><ymin>242</ymin><xmax>95</xmax><ymax>386</ymax></bndbox></object><object><name>umbrella</name><object_id>2750404</object_id><difficult>0</difficult><bndbox><xmin>6</xmin><ymin>213</ymin><xmax>103</xmax><ymax>252</ymax></bndbox></object><object><name>person</name><object_id>2198781</object_id><difficult>0</difficult><bndbox><xmin>37</xmin><ymin>243</ymin><xmax>95</xmax><ymax>385</ymax></bndbox><attribute>together</attribute></object><object><name>sidewalk</name><object_id>3251313</object_id><difficult>0</difficult><bndbox><xmin>2</xmin><ymin>300</ymin><xmax>332</xmax><ymax>498</ymax></bndbox></object><relation><subject_id>2750403</subject_id><object_id>2750404</object_id><predicate>walking towards</predicate></relation><relation><subject_id>2198781</subject_id><object_id>3251313</object_id><predicate>walking towards</predicate></relation></annotation>