<annotation><folder>VG_100K</folder><filename>2365223.jpg</filename><source><database>Visual Genome Version 1.2</database><image_id>2365223</image_id><coco_id>None</coco_id><flickr_id>7392968682</flickr_id></source><size><width>500</width><height>395</height><depth>3</depth></size><segmented>0</segmented><object><name>road</name><object_id>2423010</object_id><difficult>0</difficult><bndbox><xmin>3</xmin><ymin>235</ymin><xmax>425</xmax><ymax>393</ymax></bndbox></object><object><name>bushes</name><object_id>1712358</object_id><difficult>0</difficult><bndbox><xmin>207</xmin><ymin>214</ymin><xmax>322</xmax><ymax>250</ymax></bndbox></object><object><name>bushes</name><object_id>1712359</object_id><difficult>0</difficult><bndbox><xmin>0</xmin><ymin>120</ymin><xmax>185</xmax><ymax>287</ymax></bndbox></object><object><name>window</name><object_id>1847554</object_id><difficult>0</difficult><bndbox><xmin>227</xmin><ymin>195</ymin><xmax>243</xmax><ymax>213</ymax></bndbox></object><object><name>house</name><object_id>1847555</object_id><difficult>0</difficult><bndbox><xmin>155</xmin><ymin>88</ymin><xmax>311</xmax><ymax>246</ymax></bndbox></object><object><name>people</name><object_id>2604469</object_id><difficult>0</difficult><bndbox><xmin>171</xmin><ymin>225</ymin><xmax>215</xmax><ymax>267</ymax></bndbox><attribute>two</attribute></object><object><name>hedge</name><object_id>3885366</object_id><difficult>0</difficult><bndbox><xmin>207</xmin><ymin>216</ymin><xmax>321</xmax><ymax>248</ymax></bndbox></object><object><name>building</name><object_id>1688868</object_id><difficult>0</difficult><bndbox><xmin>153</xmin><ymin>80</ymin><xmax>355</xmax><ymax>252</ymax></bndbox></object><relation><subject_id>1712358</subject_id><object_id>2423010</object_id><predicate>alongside</predicate></relation><relation><subject_id>1712359</subject_id><object_id>2423010</object_id><predicate>alongside</predicate></relation><relation><subject_id>1847554</subject_id><object_id>1847555</object_id><predicate>on other side of</predicate></relation><relation><subject_id>2604469</subject_id><object_id>2423010</object_id><predicate>driving down</predicate></relation><relation><subject_id>3885366</subject_id><object_id>1688868</object_id><predicate>on other side of</predicate></relation></annotation>