<annotation><folder>VG_100K</folder><filename>2365157.jpg</filename><source><database>Visual Genome Version 1.2</database><image_id>2365157</image_id><coco_id>408151</coco_id><flickr_id>3469566286</flickr_id></source><size><width>500</width><height>445</height><depth>3</depth></size><segmented>0</segmented><object><name>vase</name><object_id>636213</object_id><difficult>0</difficult><bndbox><xmin>146</xmin><ymin>135</ymin><xmax>306</xmax><ymax>371</ymax></bndbox><attribute>white</attribute></object><object><name>table</name><object_id>636214</object_id><difficult>0</difficult><bndbox><xmin>1</xmin><ymin>191</ymin><xmax>499</xmax><ymax>442</ymax></bndbox><attribute>white</attribute><attribute>metal</attribute></object><object><name>flowers</name><object_id>636215</object_id><difficult>0</difficult><bndbox><xmin>44</xmin><ymin>320</ymin><xmax>240</xmax><ymax>422</ymax></bndbox></object><object><name>flower</name><object_id>636217</object_id><difficult>0</difficult><bndbox><xmin>379</xmin><ymin>256</ymin><xmax>494</xmax><ymax>357</ymax></bndbox><attribute>purple</attribute></object><object><name>flowers</name><object_id>636225</object_id><difficult>0</difficult><bndbox><xmin>308</xmin><ymin>232</ymin><xmax>393</xmax><ymax>334</ymax></bndbox><attribute>yellow</attribute></object><object><name>flower</name><object_id>636229</object_id><difficult>0</difficult><bndbox><xmin>310</xmin><ymin>234</ymin><xmax>384</xmax><ymax>338</ymax></bndbox><attribute>yellow</attribute></object><object><name>flower</name><object_id>636230</object_id><difficult>0</difficult><bndbox><xmin>87</xmin><ymin>316</ymin><xmax>229</xmax><ymax>418</ymax></bndbox><attribute>black</attribute><attribute>yellow</attribute></object><relation><subject_id>636225</subject_id><object_id>636214</object_id><predicate>laying in</predicate></relation><relation><subject_id>636213</subject_id><object_id>636214</object_id><predicate>top of</predicate></relation><relation><subject_id>636217</subject_id><object_id>636214</object_id><predicate>laying in</predicate></relation><relation><subject_id>636225</subject_id><object_id>636214</object_id><predicate>laying in</predicate></relation><relation><subject_id>636215</subject_id><object_id>636214</object_id><predicate>laying in</predicate></relation><relation><subject_id>636217</subject_id><object_id>636214</object_id><predicate>laying in</predicate></relation><relation><subject_id>636229</subject_id><object_id>636214</object_id><predicate>laying in</predicate></relation><relation><subject_id>636230</subject_id><object_id>636214</object_id><predicate>laying in</predicate></relation><relation><subject_id>636230</subject_id><object_id>636214</object_id><predicate>laying in</predicate></relation><relation><subject_id>636229</subject_id><object_id>636214</object_id><predicate>laying in</predicate></relation><relation><subject_id>636217</subject_id><object_id>636214</object_id><predicate>laying in</predicate></relation><relation><subject_id>636230</subject_id><object_id>636214</object_id><predicate>laying in</predicate></relation><relation><subject_id>636230</subject_id><object_id>636214</object_id><predicate>laying in</predicate></relation><relation><subject_id>636229</subject_id><object_id>636213</object_id><predicate>beside</predicate></relation><relation><subject_id>636230</subject_id><object_id>636213</object_id><predicate>beside</predicate></relation></annotation>