<annotation><folder>VG_100K</folder><filename>2365152.jpg</filename><source><database>Visual Genome Version 1.2</database><image_id>2365152</image_id><coco_id>359260</coco_id><flickr_id>3300437886</flickr_id></source><size><width>500</width><height>125</height><depth>3</depth></size><segmented>0</segmented><object><name>man</name><object_id>1892500</object_id><difficult>0</difficult><bndbox><xmin>251</xmin><ymin>48</ymin><xmax>271</xmax><ymax>95</ymax></bndbox></object><object><name>cart</name><object_id>2195340</object_id><difficult>0</difficult><bndbox><xmin>208</xmin><ymin>76</ymin><xmax>326</xmax><ymax>113</ymax></bndbox></object><object><name>person</name><object_id>3885817</object_id><difficult>0</difficult><bndbox><xmin>253</xmin><ymin>47</ymin><xmax>271</xmax><ymax>85</ymax></bndbox></object><object><name>wagon</name><object_id>2128052</object_id><difficult>0</difficult><bndbox><xmin>216</xmin><ymin>64</ymin><xmax>351</xmax><ymax>114</ymax></bndbox></object><relation><subject_id>1892500</subject_id><object_id>2195340</object_id><predicate>sitting on a</predicate></relation><relation><subject_id>3885817</subject_id><object_id>2128052</object_id><predicate>sitting on a</predicate></relation></annotation>