<annotation><folder>VG_100K</folder><filename>2365074.jpg</filename><source><database>Visual Genome Version 1.2</database><image_id>2365074</image_id><coco_id>155373</coco_id><flickr_id>6990250281</flickr_id></source><size><width>500</width><height>333</height><depth>3</depth></size><segmented>0</segmented><object><name>surfboard</name><object_id>3886263</object_id><difficult>0</difficult><bndbox><xmin>257</xmin><ymin>231</ymin><xmax>289</xmax><ymax>271</ymax></bndbox></object><object><name>guy</name><object_id>2269405</object_id><difficult>0</difficult><bndbox><xmin>225</xmin><ymin>161</ymin><xmax>366</xmax><ymax>298</ymax></bndbox></object><relation><subject_id>2269405</subject_id><object_id>3886263</object_id><predicate>balancing on</predicate></relation></annotation>