<annotation><folder>VG_100K</folder><filename>2365285.jpg</filename><source><database>Visual Genome Version 1.2</database><image_id>2365285</image_id><coco_id>None</coco_id><flickr_id>520925639</flickr_id></source><size><width>500</width><height>363</height><depth>3</depth></size><segmented>0</segmented><object><name>beach</name><object_id>3885023</object_id><difficult>0</difficult><bndbox><xmin>7</xmin><ymin>153</ymin><xmax>496</xmax><ymax>360</ymax></bndbox></object><object><name>dog</name><object_id>2329386</object_id><difficult>0</difficult><bndbox><xmin>119</xmin><ymin>202</ymin><xmax>196</xmax><ymax>278</ymax></bndbox></object><relation><subject_id>2329386</subject_id><object_id>3885023</object_id><predicate>sitting on a</predicate></relation></annotation>