<annotation><folder>VG_100K</folder><filename>2365167.jpg</filename><source><database>Visual Genome Version 1.2</database><image_id>2365167</image_id><coco_id>None</coco_id><flickr_id>3935026386</flickr_id></source><size><width>500</width><height>375</height><depth>3</depth></size><segmented>0</segmented><object><name>banana</name><object_id>1999648</object_id><difficult>0</difficult><bndbox><xmin>56</xmin><ymin>4</ymin><xmax>128</xmax><ymax>210</ymax></bndbox><attribute>green</attribute></object><object><name>bunch</name><object_id>1999649</object_id><difficult>0</difficult><bndbox><xmin>7</xmin><ymin>2</ymin><xmax>466</xmax><ymax>372</ymax></bndbox></object><relation><subject_id>1999648</subject_id><object_id>1999649</object_id><predicate>on back of</predicate></relation></annotation>