<annotation><folder>VG_100K</folder><filename>2365014.jpg</filename><source><database>Visual Genome Version 1.2</database><image_id>2365014</image_id><coco_id>201116</coco_id><flickr_id>3358885785</flickr_id></source><size><width>500</width><height>335</height><depth>3</depth></size><segmented>0</segmented><object><name>person</name><object_id>2353911</object_id><difficult>0</difficult><bndbox><xmin>158</xmin><ymin>77</ymin><xmax>408</xmax><ymax>240</ymax></bndbox></object><object><name>snow</name><object_id>2612195</object_id><difficult>0</difficult><bndbox><xmin>0</xmin><ymin>139</ymin><xmax>498</xmax><ymax>334</ymax></bndbox></object><object><name>person</name><object_id>2362551</object_id><difficult>0</difficult><bndbox><xmin>216</xmin><ymin>64</ymin><xmax>412</xmax><ymax>288</ymax></bndbox></object><object><name>snow</name><object_id>2362552</object_id><difficult>0</difficult><bndbox><xmin>439</xmin><ymin>136</ymin><xmax>497</xmax><ymax>228</ymax></bndbox></object><relation><subject_id>2353911</subject_id><object_id>2612195</object_id><predicate>sitting on a</predicate></relation><relation><subject_id>2362551</subject_id><object_id>2362552</object_id><predicate>sitting on a</predicate></relation></annotation>