<annotation><folder>VG_100K</folder><filename>2365103.jpg</filename><source><database>Visual Genome Version 1.2</database><image_id>2365103</image_id><coco_id>None</coco_id><flickr_id>9329088729</flickr_id></source><size><width>500</width><height>333</height><depth>3</depth></size><segmented>0</segmented><object><name>man</name><object_id>3886100</object_id><difficult>0</difficult><bndbox><xmin>173</xmin><ymin>84</ymin><xmax>351</xmax><ymax>296</ymax></bndbox></object><object><name>bat</name><object_id>2645166</object_id><difficult>0</difficult><bndbox><xmin>261</xmin><ymin>142</ymin><xmax>338</xmax><ymax>179</ymax></bndbox></object><relation><subject_id>3886100</subject_id><object_id>2645166</object_id><predicate>swinging</predicate></relation></annotation>