<annotation><folder>VG_100K</folder><filename>2365297.jpg</filename><source><database>Visual Genome Version 1.2</database><image_id>2365297</image_id><coco_id>553772</coco_id><flickr_id>2561241387</flickr_id></source><size><width>375</width><height>500</height><depth>3</depth></size><segmented>0</segmented><object><name>wall</name><object_id>1666618</object_id><difficult>0</difficult><bndbox><xmin>270</xmin><ymin>0</ymin><xmax>373</xmax><ymax>499</ymax></bndbox></object><object><name>holder</name><object_id>1889094</object_id><difficult>0</difficult><bndbox><xmin>314</xmin><ymin>176</ymin><xmax>373</xmax><ymax>256</ymax></bndbox></object><object><name>wall</name><object_id>3884942</object_id><difficult>0</difficult><bndbox><xmin>1</xmin><ymin>0</ymin><xmax>361</xmax><ymax>235</ymax></bndbox></object><object><name>shelf</name><object_id>2565022</object_id><difficult>0</difficult><bndbox><xmin>165</xmin><ymin>71</ymin><xmax>313</xmax><ymax>160</ymax></bndbox><attribute>small</attribute></object><object><name>garbage can</name><object_id>1671782</object_id><difficult>0</difficult><bndbox><xmin>167</xmin><ymin>177</ymin><xmax>286</xmax><ymax>302</ymax></bndbox></object><object><name>counter</name><object_id>1671783</object_id><difficult>0</difficult><bndbox><xmin>0</xmin><ymin>58</ymin><xmax>356</xmax><ymax>156</ymax></bndbox></object><object><name>floor</name><object_id>3884939</object_id><difficult>0</difficult><bndbox><xmin>1</xmin><ymin>235</ymin><xmax>362</xmax><ymax>498</ymax></bndbox></object><object><name>nail</name><object_id>3884932</object_id><difficult>0</difficult><bndbox><xmin>94</xmin><ymin>68</ymin><xmax>100</xmax><ymax>72</ymax></bndbox></object><object><name>nail</name><object_id>3884931</object_id><difficult>0</difficult><bndbox><xmin>180</xmin><ymin>76</ymin><xmax>184</xmax><ymax>80</ymax></bndbox></object><object><name>nail</name><object_id>3884930</object_id><difficult>0</difficult><bndbox><xmin>209</xmin><ymin>78</ymin><xmax>215</xmax><ymax>81</ymax></bndbox></object><object><name>counter top</name><object_id>2570906</object_id><difficult>0</difficult><bndbox><xmin>0</xmin><ymin>57</ymin><xmax>357</xmax><ymax>157</ymax></bndbox></object><object><name>toilet</name><object_id>2664211</object_id><difficult>0</difficult><bndbox><xmin>13</xmin><ymin>379</ymin><xmax>261</xmax><ymax>495</ymax></bndbox></object><object><name>water</name><object_id>3884934</object_id><difficult>0</difficult><bndbox><xmin>166</xmin><ymin>445</ymin><xmax>203</xmax><ymax>484</ymax></bndbox></object><object><name>toilet</name><object_id>1871781</object_id><difficult>0</difficult><bndbox><xmin>18</xmin><ymin>371</ymin><xmax>257</xmax><ymax>497</ymax></bndbox></object><object><name>tile</name><object_id>3884936</object_id><difficult>0</difficult><bndbox><xmin>86</xmin><ymin>146</ymin><xmax>169</xmax><ymax>205</ymax></bndbox></object><object><name>design</name><object_id>3884941</object_id><difficult>0</difficult><bndbox><xmin>95</xmin><ymin>153</ymin><xmax>158</xmax><ymax>202</ymax></bndbox><attribute>round</attribute></object><object><name>shelf</name><object_id>1706864</object_id><difficult>0</difficult><bndbox><xmin>82</xmin><ymin>64</ymin><xmax>352</xmax><ymax>162</ymax></bndbox></object><object><name>wall</name><object_id>1706865</object_id><difficult>0</difficult><bndbox><xmin>84</xmin><ymin>1</ymin><xmax>340</xmax><ymax>85</ymax></bndbox></object><object><name>urinal</name><object_id>1987217</object_id><difficult>0</difficult><bndbox><xmin>32</xmin><ymin>384</ymin><xmax>297</xmax><ymax>478</ymax></bndbox></object><object><name>tile</name><object_id>2161499</object_id><difficult>0</difficult><bndbox><xmin>100</xmin><ymin>158</ymin><xmax>156</xmax><ymax>209</ymax></bndbox><attribute>decorative</attribute></object><object><name>urinal</name><object_id>2091887</object_id><difficult>0</difficult><bndbox><xmin>12</xmin><ymin>363</ymin><xmax>271</xmax><ymax>498</ymax></bndbox></object><object><name>urinal</name><object_id>2676412</object_id><difficult>0</difficult><bndbox><xmin>10</xmin><ymin>355</ymin><xmax>251</xmax><ymax>499</ymax></bndbox></object><relation><subject_id>1889094</subject_id><object_id>1666618</object_id><predicate>attached</predicate></relation><relation><subject_id>2565022</subject_id><object_id>3884942</object_id><predicate>attached</predicate></relation><relation><subject_id>1671782</subject_id><object_id>1671783</object_id><predicate>under a</predicate></relation><relation><subject_id>3884932</subject_id><object_id>2570906</object_id><predicate>securing</predicate></relation><relation><subject_id>3884931</subject_id><object_id>2570906</object_id><predicate>securing</predicate></relation><relation><subject_id>3884930</subject_id><object_id>2570906</object_id><predicate>securing</predicate></relation><relation><subject_id>2664211</subject_id><object_id>3884939</object_id><predicate>mounted on</predicate></relation><relation><subject_id>1871781</subject_id><object_id>3884934</object_id><predicate>containing</predicate></relation><relation><subject_id>3884941</subject_id><object_id>3884936</object_id><predicate>printed on</predicate></relation><relation><subject_id>1706864</subject_id><object_id>1706865</object_id><predicate>hanging on a</predicate></relation><relation><subject_id>1987217</subject_id><object_id>3884939</object_id><predicate>mounted on</predicate></relation><relation><subject_id>2161499</subject_id><object_id>3884942</object_id><predicate>adorning</predicate></relation><relation><subject_id>2091887</subject_id><object_id>3884939</object_id><predicate>mounted on</predicate></relation><relation><subject_id>2676412</subject_id><object_id>3884939</object_id><predicate>mounted on</predicate></relation><relation><subject_id>3884941</subject_id><object_id>3884942</object_id><predicate>adorning</predicate></relation></annotation>