<annotation><folder>VG_100K</folder><filename>2365072.jpg</filename><source><database>Visual Genome Version 1.2</database><image_id>2365072</image_id><coco_id>None</coco_id><flickr_id>6895731381</flickr_id></source><size><width>334</width><height>500</height><depth>3</depth></size><segmented>0</segmented><object><name>surface</name><object_id>1981573</object_id><difficult>0</difficult><bndbox><xmin>217</xmin><ymin>281</ymin><xmax>332</xmax><ymax>316</ymax></bndbox><attribute>wooden</attribute></object><object><name>basin</name><object_id>1981574</object_id><difficult>0</difficult><bndbox><xmin>224</xmin><ymin>245</ymin><xmax>322</xmax><ymax>300</ymax></bndbox></object><object><name>roll</name><object_id>3886272</object_id><difficult>0</difficult><bndbox><xmin>135</xmin><ymin>214</ymin><xmax>161</xmax><ymax>237</ymax></bndbox></object><object><name>shower curtain</name><object_id>2101477</object_id><difficult>0</difficult><bndbox><xmin>126</xmin><ymin>198</ymin><xmax>150</xmax><ymax>232</ymax></bndbox></object><object><name>towel</name><object_id>2691224</object_id><difficult>0</difficult><bndbox><xmin>264</xmin><ymin>344</ymin><xmax>330</xmax><ymax>397</ymax></bndbox><attribute>white</attribute><attribute>stacked</attribute></object><object><name>towel</name><object_id>2691225</object_id><difficult>0</difficult><bndbox><xmin>254</xmin><ymin>370</ymin><xmax>308</xmax><ymax>399</ymax></bndbox><attribute>white</attribute><attribute>stacked</attribute></object><object><name>towel</name><object_id>2691226</object_id><difficult>0</difficult><bndbox><xmin>275</xmin><ymin>382</ymin><xmax>303</xmax><ymax>403</ymax></bndbox><attribute>white</attribute><attribute>stacked</attribute></object><object><name>towel</name><object_id>2691227</object_id><difficult>0</difficult><bndbox><xmin>303</xmin><ymin>383</ymin><xmax>332</xmax><ymax>401</ymax></bndbox><attribute>white</attribute><attribute>stacked</attribute></object><relation><subject_id>1981573</subject_id><object_id>1981574</object_id><predicate>supporting</predicate></relation><relation><subject_id>2101477</subject_id><object_id>3886272</object_id><predicate>touching</predicate></relation><relation><subject_id>2691224</subject_id><object_id>2691225</object_id><predicate>stacked on</predicate></relation><relation><subject_id>2691225</subject_id><object_id>2691226</object_id><predicate>stacked on</predicate></relation><relation><subject_id>2691226</subject_id><object_id>2691227</object_id><predicate>stacked on</predicate></relation></annotation>