<annotation><folder>VG_100K</folder><filename>2365280.jpg</filename><source><database>Visual Genome Version 1.2</database><image_id>2365280</image_id><coco_id>None</coco_id><flickr_id>242503439</flickr_id></source><size><width>500</width><height>378</height><depth>3</depth></size><segmented>0</segmented><object><name>man</name><object_id>3885050</object_id><difficult>0</difficult><bndbox><xmin>0</xmin><ymin>3</ymin><xmax>177</xmax><ymax>222</ymax></bndbox><attribute>blond</attribute></object><object><name>cat</name><object_id>1918261</object_id><difficult>0</difficult><bndbox><xmin>457</xmin><ymin>232</ymin><xmax>498</xmax><ymax>336</ymax></bndbox><attribute>black</attribute></object><relation><subject_id>1918261</subject_id><object_id>3885050</object_id><predicate>standing near</predicate></relation></annotation>