<annotation><folder>VG_100K</folder><filename>2365151.jpg</filename><source><database>Visual Genome Version 1.2</database><image_id>2365151</image_id><coco_id>None</coco_id><flickr_id>3277855886</flickr_id></source><size><width>333</width><height>500</height><depth>3</depth></size><segmented>0</segmented><object><name>spoon</name><object_id>2045005</object_id><difficult>0</difficult><bndbox><xmin>62</xmin><ymin>47</ymin><xmax>176</xmax><ymax>83</ymax></bndbox><attribute>silver</attribute></object><object><name>glass</name><object_id>2686012</object_id><difficult>0</difficult><bndbox><xmin>121</xmin><ymin>65</ymin><xmax>172</xmax><ymax>178</ymax></bndbox></object><relation><subject_id>2045005</subject_id><object_id>2686012</object_id><predicate>top of</predicate></relation></annotation>