<annotation><folder>VG_100K</folder><filename>2365266.jpg</filename><source><database>Visual Genome Version 1.2</database><image_id>2365266</image_id><coco_id>270239</coco_id><flickr_id>9466852930</flickr_id></source><size><width>500</width><height>286</height><depth>3</depth></size><segmented>0</segmented><object><name>lamp</name><object_id>635506</object_id><difficult>0</difficult><bndbox><xmin>169</xmin><ymin>40</ymin><xmax>210</xmax><ymax>140</ymax></bndbox><attribute>tall</attribute></object><object><name>night stand</name><object_id>635507</object_id><difficult>0</difficult><bndbox><xmin>165</xmin><ymin>125</ymin><xmax>243</xmax><ymax>164</ymax></bndbox><attribute>white</attribute></object><relation><subject_id>635506</subject_id><object_id>635507</object_id><predicate>resting on</predicate></relation><relation><subject_id>635506</subject_id><object_id>635507</object_id><predicate>sitting on a</predicate></relation></annotation>