<annotation><folder>VG_100K</folder><filename>2365363.jpg</filename><source><database>Visual Genome Version 1.2</database><image_id>2365363</image_id><coco_id>168643</coco_id><flickr_id>6463890183</flickr_id></source><size><width>500</width><height>333</height><depth>3</depth></size><segmented>0</segmented><object><name>light</name><object_id>757161</object_id><difficult>0</difficult><bndbox><xmin>259</xmin><ymin>7</ymin><xmax>332</xmax><ymax>75</ymax></bndbox><attribute>on</attribute><attribute>hanging</attribute></object><object><name>couch</name><object_id>757167</object_id><difficult>0</difficult><bndbox><xmin>40</xmin><ymin>181</ymin><xmax>228</xmax><ymax>324</ymax></bndbox></object><object><name>chair</name><object_id>757174</object_id><difficult>0</difficult><bndbox><xmin>346</xmin><ymin>216</ymin><xmax>498</xmax><ymax>333</ymax></bndbox><attribute>wooden</attribute></object><object><name>ceiling</name><object_id>757195</object_id><difficult>0</difficult><bndbox><xmin>92</xmin><ymin>3</ymin><xmax>487</xmax><ymax>53</ymax></bndbox></object><relation><subject_id>757174</subject_id><object_id>757167</object_id><predicate>facing</predicate></relation><relation><subject_id>757161</subject_id><object_id>757195</object_id><predicate>hanging on a</predicate></relation></annotation>