<annotation><folder>VG_100K</folder><filename>2365364.jpg</filename><source><database>Visual Genome Version 1.2</database><image_id>2365364</image_id><coco_id>None</coco_id><flickr_id>6483828983</flickr_id></source><size><width>375</width><height>500</height><depth>3</depth></size><segmented>0</segmented><object><name>rug</name><object_id>2422802</object_id><difficult>0</difficult><bndbox><xmin>32</xmin><ymin>363</ymin><xmax>359</xmax><ymax>499</ymax></bndbox></object><object><name>floor</name><object_id>2422801</object_id><difficult>0</difficult><bndbox><xmin>160</xmin><ymin>336</ymin><xmax>233</xmax><ymax>377</ymax></bndbox><attribute>wooden</attribute></object><relation><subject_id>2422801</subject_id><object_id>2422802</object_id><predicate>under a</predicate></relation></annotation>