<annotation><folder>VG_100K</folder><filename>2365111.jpg</filename><source><database>Visual Genome Version 1.2</database><image_id>2365111</image_id><coco_id>517835</coco_id><flickr_id>2914438</flickr_id></source><size><width>375</width><height>500</height><depth>3</depth></size><segmented>0</segmented><object><name>road</name><object_id>636457</object_id><difficult>0</difficult><bndbox><xmin>2</xmin><ymin>24</ymin><xmax>375</xmax><ymax>350</ymax></bndbox></object><object><name>car</name><object_id>636461</object_id><difficult>0</difficult><bndbox><xmin>2</xmin><ymin>16</ymin><xmax>24</xmax><ymax>30</ymax></bndbox><attribute>red</attribute></object><relation><subject_id>636461</subject_id><object_id>636457</object_id><predicate>driving down</predicate></relation></annotation>