<annotation><folder>VG_100K</folder><filename>2365279.jpg</filename><source><database>Visual Genome Version 1.2</database><image_id>2365279</image_id><coco_id>None</coco_id><flickr_id>183666339</flickr_id></source><size><width>500</width><height>375</height><depth>3</depth></size><segmented>0</segmented><object><name>giraffe</name><object_id>635374</object_id><difficult>0</difficult><bndbox><xmin>313</xmin><ymin>1</ymin><xmax>498</xmax><ymax>273</ymax></bndbox><attribute>brown</attribute><attribute>white</attribute></object><object><name>hat</name><object_id>635377</object_id><difficult>0</difficult><bndbox><xmin>159</xmin><ymin>172</ymin><xmax>218</xmax><ymax>219</ymax></bndbox><attribute>white</attribute></object><object><name>head</name><object_id>635387</object_id><difficult>0</difficult><bndbox><xmin>151</xmin><ymin>181</ymin><xmax>219</xmax><ymax>249</ymax></bndbox></object><object><name>light</name><object_id>635388</object_id><difficult>0</difficult><bndbox><xmin>304</xmin><ymin>8</ymin><xmax>437</xmax><ymax>58</ymax></bndbox><attribute>illuminated</attribute></object><relation><subject_id>635377</subject_id><object_id>635387</object_id><predicate>top of</predicate></relation><relation><subject_id>635388</subject_id><object_id>635374</object_id><predicate>beside</predicate></relation></annotation>