<annotation><folder>VG_100K</folder><filename>2365164.jpg</filename><source><database>Visual Genome Version 1.2</database><image_id>2365164</image_id><coco_id>None</coco_id><flickr_id>3749748986</flickr_id></source><size><width>500</width><height>375</height><depth>3</depth></size><segmented>0</segmented><object><name>building</name><object_id>1963870</object_id><difficult>0</difficult><bndbox><xmin>1</xmin><ymin>0</ymin><xmax>401</xmax><ymax>373</ymax></bndbox></object><object><name>woman</name><object_id>2594911</object_id><difficult>0</difficult><bndbox><xmin>187</xmin><ymin>122</ymin><xmax>242</xmax><ymax>242</ymax></bndbox></object><object><name>stairs</name><object_id>2102659</object_id><difficult>0</difficult><bndbox><xmin>148</xmin><ymin>180</ymin><xmax>327</xmax><ymax>317</ymax></bndbox></object><object><name>leg</name><object_id>3885713</object_id><difficult>0</difficult><bndbox><xmin>204</xmin><ymin>174</ymin><xmax>234</xmax><ymax>240</ymax></bndbox></object><object><name>dog</name><object_id>3885720</object_id><difficult>0</difficult><bndbox><xmin>1</xmin><ymin>61</ymin><xmax>152</xmax><ymax>183</ymax></bndbox></object><object><name>steps</name><object_id>3885717</object_id><difficult>0</difficult><bndbox><xmin>151</xmin><ymin>160</ymin><xmax>313</xmax><ymax>334</ymax></bndbox></object><object><name>dog</name><object_id>2548471</object_id><difficult>0</difficult><bndbox><xmin>158</xmin><ymin>180</ymin><xmax>220</xmax><ymax>222</ymax></bndbox></object><object><name>cart</name><object_id>3885718</object_id><difficult>0</difficult><bndbox><xmin>219</xmin><ymin>164</ymin><xmax>394</xmax><ymax>334</ymax></bndbox><attribute>orange</attribute><attribute>black</attribute></object><object><name>dog</name><object_id>2324061</object_id><difficult>0</difficult><bndbox><xmin>4</xmin><ymin>35</ymin><xmax>193</xmax><ymax>199</ymax></bndbox></object><object><name>dog</name><object_id>2324538</object_id><difficult>0</difficult><bndbox><xmin>371</xmin><ymin>228</ymin><xmax>417</xmax><ymax>344</ymax></bndbox><attribute>white</attribute><attribute>black</attribute></object><object><name>man</name><object_id>2324539</object_id><difficult>0</difficult><bndbox><xmin>395</xmin><ymin>88</ymin><xmax>445</xmax><ymax>325</ymax></bndbox></object><object><name>lady</name><object_id>1831017</object_id><difficult>0</difficult><bndbox><xmin>192</xmin><ymin>118</ymin><xmax>234</xmax><ymax>243</ymax></bndbox></object><object><name>hair</name><object_id>1831018</object_id><difficult>0</difficult><bndbox><xmin>194</xmin><ymin>115</ymin><xmax>227</xmax><ymax>142</ymax></bndbox><attribute>red</attribute></object><object><name>dog</name><object_id>1796517</object_id><difficult>0</difficult><bndbox><xmin>8</xmin><ymin>58</ymin><xmax>149</xmax><ymax>181</ymax></bndbox><attribute>brown</attribute></object><object><name>man</name><object_id>1796518</object_id><difficult>0</difficult><bndbox><xmin>56</xmin><ymin>49</ymin><xmax>136</xmax><ymax>182</ymax></bndbox></object><object><name>woman</name><object_id>3885724</object_id><difficult>0</difficult><bndbox><xmin>188</xmin><ymin>122</ymin><xmax>248</xmax><ymax>246</ymax></bndbox></object><object><name>steps</name><object_id>3885726</object_id><difficult>0</difficult><bndbox><xmin>162</xmin><ymin>181</ymin><xmax>302</xmax><ymax>318</ymax></bndbox></object><object><name>tree</name><object_id>1963868</object_id><difficult>0</difficult><bndbox><xmin>424</xmin><ymin>2</ymin><xmax>499</xmax><ymax>119</ymax></bndbox></object><object><name>branches</name><object_id>1963869</object_id><difficult>0</difficult><bndbox><xmin>442</xmin><ymin>59</ymin><xmax>499</xmax><ymax>101</ymax></bndbox></object><relation><subject_id>2594911</subject_id><object_id>2102659</object_id><predicate>sitting on a</predicate></relation><relation><subject_id>3885720</subject_id><object_id>3885713</object_id><predicate>resting on</predicate></relation><relation><subject_id>2594911</subject_id><object_id>3885717</object_id><predicate>sitting on a</predicate></relation><relation><subject_id>2324061</subject_id><object_id>3885718</object_id><predicate>laying in</predicate></relation><relation><subject_id>2324538</subject_id><object_id>2324539</object_id><predicate>standing with</predicate></relation><relation><subject_id>1831018</subject_id><object_id>1831017</object_id><predicate>part of</predicate></relation><relation><subject_id>1796517</subject_id><object_id>1796518</object_id><predicate>standing near</predicate></relation><relation><subject_id>3885724</subject_id><object_id>2548471</object_id><predicate>standing near</predicate></relation><relation><subject_id>3885724</subject_id><object_id>3885726</object_id><predicate>sitting on a</predicate></relation><relation><subject_id>3885726</subject_id><object_id>1963870</object_id><predicate>part of</predicate></relation><relation><subject_id>1963869</subject_id><object_id>1963868</object_id><predicate>part of</predicate></relation></annotation>