<annotation><folder>VG_100K</folder><filename>2365028.jpg</filename><source><database>Visual Genome Version 1.2</database><image_id>2365028</image_id><coco_id>None</coco_id><flickr_id>4433821033</flickr_id></source><size><width>500</width><height>333</height><depth>3</depth></size><segmented>0</segmented><object><name>skier</name><object_id>758078</object_id><difficult>0</difficult><bndbox><xmin>164</xmin><ymin>80</ymin><xmax>323</xmax><ymax>278</ymax></bndbox></object><object><name>hill</name><object_id>758083</object_id><difficult>0</difficult><bndbox><xmin>27</xmin><ymin>66</ymin><xmax>482</xmax><ymax>330</ymax></bndbox></object><relation><subject_id>758078</subject_id><object_id>758083</object_id><predicate>down</predicate></relation></annotation>