<annotation><folder>VG_100K</folder><filename>2365214.jpg</filename><source><database>Visual Genome Version 1.2</database><image_id>2365214</image_id><coco_id>None</coco_id><flickr_id>6844815482</flickr_id></source><size><width>500</width><height>500</height><depth>3</depth></size><segmented>0</segmented><object><name>clock</name><object_id>1676997</object_id><difficult>0</difficult><bndbox><xmin>140</xmin><ymin>80</ymin><xmax>450</xmax><ymax>477</ymax></bndbox><attribute>hanging</attribute></object><object><name>hanger</name><object_id>2576593</object_id><difficult>0</difficult><bndbox><xmin>53</xmin><ymin>25</ymin><xmax>344</xmax><ymax>259</ymax></bndbox></object><object><name>wall</name><object_id>1727728</object_id><difficult>0</difficult><bndbox><xmin>1</xmin><ymin>0</ymin><xmax>498</xmax><ymax>498</ymax></bndbox></object><relation><subject_id>1676997</subject_id><object_id>2576593</object_id><predicate>attached</predicate></relation><relation><subject_id>1676997</subject_id><object_id>1727728</object_id><predicate>attached</predicate></relation></annotation>