<annotation><folder>VG_100K</folder><filename>2365181.jpg</filename><source><database>Visual Genome Version 1.2</database><image_id>2365181</image_id><coco_id>None</coco_id><flickr_id>4683837234</flickr_id></source><size><width>500</width><height>332</height><depth>3</depth></size><segmented>0</segmented><object><name>lights</name><object_id>2168991</object_id><difficult>0</difficult><bndbox><xmin>141</xmin><ymin>20</ymin><xmax>257</xmax><ymax>70</ymax></bndbox><attribute>hanging</attribute></object><object><name>street lamp</name><object_id>2168992</object_id><difficult>0</difficult><bndbox><xmin>106</xmin><ymin>0</ymin><xmax>272</xmax><ymax>89</ymax></bndbox><attribute>street</attribute></object><relation><subject_id>2168991</subject_id><object_id>2168992</object_id><predicate>hanging on a</predicate></relation></annotation>