<annotation><folder>VG_100K</folder><filename>2365142.jpg</filename><source><database>Visual Genome Version 1.2</database><image_id>2365142</image_id><coco_id>None</coco_id><flickr_id>2802527886</flickr_id></source><size><width>500</width><height>333</height><depth>3</depth></size><segmented>0</segmented><object><name>beach</name><object_id>3885888</object_id><difficult>0</difficult><bndbox><xmin>4</xmin><ymin>214</ymin><xmax>499</xmax><ymax>332</ymax></bndbox><attribute>gray</attribute></object><object><name>items</name><object_id>2004668</object_id><difficult>0</difficult><bndbox><xmin>331</xmin><ymin>237</ymin><xmax>362</xmax><ymax>254</ymax></bndbox></object><object><name>sand</name><object_id>2588107</object_id><difficult>0</difficult><bndbox><xmin>0</xmin><ymin>214</ymin><xmax>497</xmax><ymax>328</ymax></bndbox></object><object><name>object</name><object_id>3885885</object_id><difficult>0</difficult><bndbox><xmin>162</xmin><ymin>239</ymin><xmax>191</xmax><ymax>249</ymax></bndbox><attribute>small</attribute></object><object><name>person</name><object_id>2458845</object_id><difficult>0</difficult><bndbox><xmin>306</xmin><ymin>208</ymin><xmax>316</xmax><ymax>224</ymax></bndbox></object><object><name>chair</name><object_id>2458846</object_id><difficult>0</difficult><bndbox><xmin>303</xmin><ymin>217</ymin><xmax>315</xmax><ymax>229</ymax></bndbox></object><relation><subject_id>2004668</subject_id><object_id>2588107</object_id><predicate>sitting on a</predicate></relation><relation><subject_id>3885885</subject_id><object_id>2588107</object_id><predicate>sitting on a</predicate></relation><relation><subject_id>2458845</subject_id><object_id>2458846</object_id><predicate>sitting on a</predicate></relation><relation><subject_id>2458845</subject_id><object_id>3885888</object_id><predicate>sitting on a</predicate></relation></annotation>