<annotation><folder>VG_100K</folder><filename>2365300.jpg</filename><source><database>Visual Genome Version 1.2</database><image_id>2365300</image_id><coco_id>459868</coco_id><flickr_id>2613849887</flickr_id></source><size><width>333</width><height>500</height><depth>3</depth></size><segmented>0</segmented><object><name>building</name><object_id>2082885</object_id><difficult>0</difficult><bndbox><xmin>202</xmin><ymin>15</ymin><xmax>312</xmax><ymax>357</ymax></bndbox><attribute>tall</attribute><attribute>reflected</attribute></object><object><name>reflection</name><object_id>1747606</object_id><difficult>0</difficult><bndbox><xmin>243</xmin><ymin>298</ymin><xmax>309</xmax><ymax>366</ymax></bndbox></object><relation><subject_id>1747606</subject_id><object_id>2082885</object_id><predicate>on other side of</predicate></relation></annotation>