<annotation><folder>VG_100K</folder><filename>2365053.jpg</filename><source><database>Visual Genome Version 1.2</database><image_id>2365053</image_id><coco_id>None</coco_id><flickr_id>5632785933</flickr_id></source><size><width>500</width><height>375</height><depth>3</depth></size><segmented>0</segmented><object><name>sign</name><object_id>2428643</object_id><difficult>0</difficult><bndbox><xmin>255</xmin><ymin>35</ymin><xmax>347</xmax><ymax>164</ymax></bndbox><attribute>white</attribute><attribute>red</attribute></object><object><name>toothpick</name><object_id>2428644</object_id><difficult>0</difficult><bndbox><xmin>337</xmin><ymin>132</ymin><xmax>348</xmax><ymax>254</ymax></bndbox></object><object><name>sandwich</name><object_id>3886354</object_id><difficult>0</difficult><bndbox><xmin>216</xmin><ymin>242</ymin><xmax>456</xmax><ymax>372</ymax></bndbox></object><object><name>flag</name><object_id>2695160</object_id><difficult>0</difficult><bndbox><xmin>261</xmin><ymin>40</ymin><xmax>348</xmax><ymax>242</ymax></bndbox></object><object><name>plate</name><object_id>3886359</object_id><difficult>0</difficult><bndbox><xmin>202</xmin><ymin>1</ymin><xmax>344</xmax><ymax>40</ymax></bndbox></object><object><name>pickle</name><object_id>1915546</object_id><difficult>0</difficult><bndbox><xmin>219</xmin><ymin>11</ymin><xmax>317</xmax><ymax>34</ymax></bndbox></object><relation><subject_id>2428643</subject_id><object_id>2428644</object_id><predicate>attached</predicate></relation><relation><subject_id>2695160</subject_id><object_id>3886354</object_id><predicate>top of</predicate></relation><relation><subject_id>1915546</subject_id><object_id>3886359</object_id><predicate>at edge of</predicate></relation></annotation>