<annotation><folder>VG_100K</folder><filename>2365282.jpg</filename><source><database>Visual Genome Version 1.2</database><image_id>2365282</image_id><coco_id>None</coco_id><flickr_id>300266739</flickr_id></source><size><width>500</width><height>375</height><depth>3</depth></size><segmented>0</segmented><object><name>window</name><object_id>3885047</object_id><difficult>0</difficult><bndbox><xmin>25</xmin><ymin>29</ymin><xmax>444</xmax><ymax>371</ymax></bndbox></object><object><name>cat</name><object_id>3252219</object_id><difficult>0</difficult><bndbox><xmin>238</xmin><ymin>170</ymin><xmax>430</xmax><ymax>360</ymax></bndbox><attribute>black</attribute></object><object><name>table</name><object_id>3252218</object_id><difficult>0</difficult><bndbox><xmin>203</xmin><ymin>328</ymin><xmax>265</xmax><ymax>365</ymax></bndbox><attribute>white</attribute></object><object><name>window</name><object_id>3127103</object_id><difficult>0</difficult><bndbox><xmin>2</xmin><ymin>1</ymin><xmax>485</xmax><ymax>371</ymax></bndbox></object><object><name>box</name><object_id>3077187</object_id><difficult>0</difficult><bndbox><xmin>183</xmin><ymin>112</ymin><xmax>385</xmax><ymax>299</ymax></bndbox></object><object><name>paper</name><object_id>3077188</object_id><difficult>0</difficult><bndbox><xmin>186</xmin><ymin>116</ymin><xmax>383</xmax><ymax>301</ymax></bndbox><attribute>white</attribute></object><object><name>grass</name><object_id>3714645</object_id><difficult>0</difficult><bndbox><xmin>55</xmin><ymin>120</ymin><xmax>165</xmax><ymax>264</ymax></bndbox></object><object><name>leaves</name><object_id>3714646</object_id><difficult>0</difficult><bndbox><xmin>31</xmin><ymin>7</ymin><xmax>387</xmax><ymax>115</ymax></bndbox></object><relation><subject_id>3252219</subject_id><object_id>3885047</object_id><predicate>sitting on a</predicate></relation><relation><subject_id>3252218</subject_id><object_id>3252219</object_id><predicate>under a</predicate></relation><relation><subject_id>3077187</subject_id><object_id>3077188</object_id><predicate>wrapped around</predicate></relation><relation><subject_id>3714645</subject_id><object_id>3127103</object_id><predicate>reflected on</predicate></relation><relation><subject_id>3714646</subject_id><object_id>3127103</object_id><predicate>reflected on</predicate></relation></annotation>