<annotation><folder>VG_100K</folder><filename>2365165.jpg</filename><source><database>Visual Genome Version 1.2</database><image_id>2365165</image_id><coco_id>None</coco_id><flickr_id>3802920986</flickr_id></source><size><width>500</width><height>375</height><depth>3</depth></size><segmented>0</segmented><object><name>tree</name><object_id>636161</object_id><difficult>0</difficult><bndbox><xmin>98</xmin><ymin>0</ymin><xmax>496</xmax><ymax>267</ymax></bndbox><attribute>large</attribute><attribute>big</attribute><attribute>lush</attribute></object><object><name>car</name><object_id>636163</object_id><difficult>0</difficult><bndbox><xmin>368</xmin><ymin>240</ymin><xmax>442</xmax><ymax>266</ymax></bndbox><attribute>white</attribute><attribute>sitting</attribute><attribute>parked</attribute><attribute>grey</attribute></object><relation><subject_id>636163</subject_id><object_id>636161</object_id><predicate>under a</predicate></relation></annotation>