<annotation><folder>VG_100K</folder><filename>2365217.jpg</filename><source><database>Visual Genome Version 1.2</database><image_id>2365217</image_id><coco_id>None</coco_id><flickr_id>6932414882</flickr_id></source><size><width>500</width><height>333</height><depth>3</depth></size><segmented>0</segmented><object><name>stones</name><object_id>2900816</object_id><difficult>0</difficult><bndbox><xmin>212</xmin><ymin>190</ymin><xmax>310</xmax><ymax>328</ymax></bndbox></object><object><name>road</name><object_id>2900817</object_id><difficult>0</difficult><bndbox><xmin>59</xmin><ymin>169</ymin><xmax>219</xmax><ymax>327</ymax></bndbox></object><object><name>road</name><object_id>2800275</object_id><difficult>0</difficult><bndbox><xmin>2</xmin><ymin>175</ymin><xmax>233</xmax><ymax>331</ymax></bndbox></object><object><name>stones</name><object_id>1661271</object_id><difficult>0</difficult><bndbox><xmin>0</xmin><ymin>176</ymin><xmax>72</xmax><ymax>224</ymax></bndbox></object><relation><subject_id>2900816</subject_id><object_id>2900817</object_id><predicate>on other side of</predicate></relation><relation><subject_id>1661271</subject_id><object_id>2800275</object_id><predicate>on other side of</predicate></relation></annotation>