<annotation><folder>VG_100K</folder><filename>2365020.jpg</filename><source><database>Visual Genome Version 1.2</database><image_id>2365020</image_id><coco_id>None</coco_id><flickr_id>3787471985</flickr_id></source><size><width>500</width><height>335</height><depth>3</depth></size><segmented>0</segmented><object><name>plate</name><object_id>637015</object_id><difficult>0</difficult><bndbox><xmin>176</xmin><ymin>243</ymin><xmax>431</xmax><ymax>283</ymax></bndbox><attribute>white</attribute><attribute>ceramic</attribute></object><object><name>pizza</name><object_id>637014</object_id><difficult>0</difficult><bndbox><xmin>204</xmin><ymin>190</ymin><xmax>431</xmax><ymax>268</ymax></bndbox><attribute>large</attribute><attribute>thick</attribute></object><object><name>sauce</name><object_id>637016</object_id><difficult>0</difficult><bndbox><xmin>243</xmin><ymin>203</ymin><xmax>411</xmax><ymax>256</ymax></bndbox><attribute>red</attribute></object><object><name>cheese</name><object_id>637023</object_id><difficult>0</difficult><bndbox><xmin>241</xmin><ymin>236</ymin><xmax>409</xmax><ymax>269</ymax></bndbox><attribute>white</attribute><attribute>melted</attribute></object><object><name>utensil</name><object_id>637024</object_id><difficult>0</difficult><bndbox><xmin>77</xmin><ymin>203</ymin><xmax>291</xmax><ymax>278</ymax></bndbox></object><relation><subject_id>637016</subject_id><object_id>637014</object_id><predicate>top of</predicate></relation><relation><subject_id>637016</subject_id><object_id>637014</object_id><predicate>top of</predicate></relation><relation><subject_id>637023</subject_id><object_id>637014</object_id><predicate>are inside</predicate></relation><relation><subject_id>637024</subject_id><object_id>637014</object_id><predicate>under a</predicate></relation><relation><subject_id>637014</subject_id><object_id>637015</object_id><predicate>top of</predicate></relation><relation><subject_id>637024</subject_id><object_id>637014</object_id><predicate>under a</predicate></relation><relation><subject_id>637014</subject_id><object_id>637015</object_id><predicate>top of</predicate></relation><relation><subject_id>637023</subject_id><object_id>637014</object_id><predicate>are inside</predicate></relation><relation><subject_id>637016</subject_id><object_id>637014</object_id><predicate>top of</predicate></relation><relation><subject_id>637014</subject_id><object_id>637023</object_id><predicate>standing with</predicate></relation><relation><subject_id>637014</subject_id><object_id>637015</object_id><predicate>top of</predicate></relation><relation><subject_id>637014</subject_id><object_id>637015</object_id><predicate>top of</predicate></relation><relation><subject_id>637016</subject_id><object_id>637014</object_id><predicate>top of</predicate></relation><relation><subject_id>637014</subject_id><object_id>637015</object_id><predicate>top of</predicate></relation><relation><subject_id>637024</subject_id><object_id>637014</object_id><predicate>under a</predicate></relation></annotation>