<annotation><folder>VG_100K</folder><filename>2365212.jpg</filename><source><database>Visual Genome Version 1.2</database><image_id>2365212</image_id><coco_id>144897</coco_id><flickr_id>6222989534</flickr_id></source><size><width>500</width><height>305</height><depth>3</depth></size><segmented>0</segmented><object><name>part</name><object_id>3885417</object_id><difficult>0</difficult><bndbox><xmin>273</xmin><ymin>107</ymin><xmax>287</xmax><ymax>137</ymax></bndbox></object><object><name>cloud</name><object_id>1971403</object_id><difficult>0</difficult><bndbox><xmin>81</xmin><ymin>52</ymin><xmax>353</xmax><ymax>197</ymax></bndbox></object><object><name>elephants</name><object_id>3377870</object_id><difficult>0</difficult><bndbox><xmin>0</xmin><ymin>203</ymin><xmax>415</xmax><ymax>303</ymax></bndbox></object><object><name>field</name><object_id>3377871</object_id><difficult>0</difficult><bndbox><xmin>0</xmin><ymin>245</ymin><xmax>500</xmax><ymax>302</ymax></bndbox><attribute>grassy</attribute></object><relation><subject_id>1971403</subject_id><object_id>3885417</object_id><predicate>seen in</predicate></relation><relation><subject_id>3377870</subject_id><object_id>3377871</object_id><predicate>walking towards</predicate></relation></annotation>