<annotation><folder>VG_100K</folder><filename>2365001.jpg</filename><source><database>Visual Genome Version 1.2</database><image_id>2365001</image_id><coco_id>None</coco_id><flickr_id>2651646385</flickr_id></source><size><width>375</width><height>500</height><depth>3</depth></size><segmented>0</segmented><object><name>teddy bear</name><object_id>637155</object_id><difficult>0</difficult><bndbox><xmin>55</xmin><ymin>282</ymin><xmax>170</xmax><ymax>415</ymax></bndbox><attribute>brown</attribute><attribute>stuffed</attribute><attribute>sitting</attribute></object><object><name>bench</name><object_id>637171</object_id><difficult>0</difficult><bndbox><xmin>1</xmin><ymin>259</ymin><xmax>375</xmax><ymax>496</ymax></bndbox></object><object><name>grass</name><object_id>637183</object_id><difficult>0</difficult><bndbox><xmin>2</xmin><ymin>460</ymin><xmax>335</xmax><ymax>497</ymax></bndbox></object><relation><subject_id>637155</subject_id><object_id>637171</object_id><predicate>sitting on a</predicate></relation><relation><subject_id>637183</subject_id><object_id>637171</object_id><predicate>under a</predicate></relation><relation><subject_id>637155</subject_id><object_id>637171</object_id><predicate>sitting on a</predicate></relation></annotation>