<annotation><folder>VG_100K</folder><filename>2365193.jpg</filename><source><database>Visual Genome Version 1.2</database><image_id>2365193</image_id><coco_id>None</coco_id><flickr_id>5063958934</flickr_id></source><size><width>482</width><height>500</height><depth>3</depth></size><segmented>0</segmented><object><name>vehicle</name><object_id>635968</object_id><difficult>0</difficult><bndbox><xmin>8</xmin><ymin>120</ymin><xmax>474</xmax><ymax>446</ymax></bndbox><attribute>white</attribute><attribute>green</attribute><attribute>bright</attribute></object><object><name>surfboard</name><object_id>635969</object_id><difficult>0</difficult><bndbox><xmin>256</xmin><ymin>84</ymin><xmax>396</xmax><ymax>109</ymax></bndbox><attribute>white</attribute></object><object><name>wheel</name><object_id>635970</object_id><difficult>0</difficult><bndbox><xmin>78</xmin><ymin>282</ymin><xmax>181</xmax><ymax>388</ymax></bndbox></object><object><name>bag</name><object_id>635971</object_id><difficult>0</difficult><bndbox><xmin>201</xmin><ymin>84</ymin><xmax>228</xmax><ymax>111</ymax></bndbox><attribute>red</attribute></object><object><name>bag</name><object_id>635972</object_id><difficult>0</difficult><bndbox><xmin>228</xmin><ymin>80</ymin><xmax>302</xmax><ymax>110</ymax></bndbox><attribute>red</attribute></object><object><name>trunk</name><object_id>635980</object_id><difficult>0</difficult><bndbox><xmin>75</xmin><ymin>235</ymin><xmax>291</xmax><ymax>392</ymax></bndbox></object><object><name>rack</name><object_id>635986</object_id><difficult>0</difficult><bndbox><xmin>193</xmin><ymin>110</ymin><xmax>418</xmax><ymax>151</ymax></bndbox></object><object><name>panel</name><object_id>635992</object_id><difficult>0</difficult><bndbox><xmin>256</xmin><ymin>258</ymin><xmax>335</xmax><ymax>324</ymax></bndbox><attribute>white</attribute></object><object><name>mirror</name><object_id>635998</object_id><difficult>0</difficult><bndbox><xmin>339</xmin><ymin>219</ymin><xmax>366</xmax><ymax>239</ymax></bndbox></object><relation><subject_id>635969</subject_id><object_id>635968</object_id><predicate>top of</predicate></relation><relation><subject_id>635971</subject_id><object_id>635968</object_id><predicate>top of</predicate></relation><relation><subject_id>635972</subject_id><object_id>635968</object_id><predicate>top of</predicate></relation><relation><subject_id>635969</subject_id><object_id>635968</object_id><predicate>top of</predicate></relation><relation><subject_id>635986</subject_id><object_id>635968</object_id><predicate>top of</predicate></relation><relation><subject_id>635969</subject_id><object_id>635986</object_id><predicate>attached</predicate></relation><relation><subject_id>635992</subject_id><object_id>635968</object_id><predicate>on other side of</predicate></relation><relation><subject_id>635970</subject_id><object_id>635980</object_id><predicate>are inside</predicate></relation><relation><subject_id>635998</subject_id><object_id>635968</object_id><predicate>on other side of</predicate></relation></annotation>