<annotation><folder>VG_100K</folder><filename>2365375.jpg</filename><source><database>Visual Genome Version 1.2</database><image_id>2365375</image_id><coco_id>168521</coco_id><flickr_id>7175804183</flickr_id></source><size><width>500</width><height>333</height><depth>3</depth></size><segmented>0</segmented><object><name>letters</name><object_id>634703</object_id><difficult>0</difficult><bndbox><xmin>339</xmin><ymin>236</ymin><xmax>472</xmax><ymax>249</ymax></bndbox><attribute>painted</attribute><attribute>white</attribute><attribute>black</attribute></object><object><name>street</name><object_id>634704</object_id><difficult>0</difficult><bndbox><xmin>64</xmin><ymin>136</ymin><xmax>492</xmax><ymax>283</ymax></bndbox></object><object><name>cars</name><object_id>634721</object_id><difficult>0</difficult><bndbox><xmin>294</xmin><ymin>123</ymin><xmax>353</xmax><ymax>159</ymax></bndbox><attribute>driving</attribute></object><object><name>road</name><object_id>634731</object_id><difficult>0</difficult><bndbox><xmin>57</xmin><ymin>138</ymin><xmax>476</xmax><ymax>270</ymax></bndbox></object><relation><subject_id>634703</subject_id><object_id>634731</object_id><predicate>painted</predicate></relation><relation><subject_id>634721</subject_id><object_id>634704</object_id><predicate>driving down</predicate></relation></annotation>