<annotation><folder>VG_100K</folder><filename>2365003.jpg</filename><source><database>Visual Genome Version 1.2</database><image_id>2365003</image_id><coco_id>263299</coco_id><flickr_id>2742574985</flickr_id></source><size><width>500</width><height>335</height><depth>3</depth></size><segmented>0</segmented><object><name>bushes</name><object_id>1691507</object_id><difficult>0</difficult><bndbox><xmin>283</xmin><ymin>147</ymin><xmax>492</xmax><ymax>332</ymax></bndbox><attribute>small</attribute><attribute>green</attribute></object><object><name>tracks</name><object_id>1691508</object_id><difficult>0</difficult><bndbox><xmin>179</xmin><ymin>179</ymin><xmax>246</xmax><ymax>334</ymax></bndbox></object><object><name>trees</name><object_id>1716511</object_id><difficult>0</difficult><bndbox><xmin>282</xmin><ymin>1</ymin><xmax>388</xmax><ymax>181</ymax></bndbox><attribute>large</attribute><attribute>green</attribute></object><object><name>trees</name><object_id>1716512</object_id><difficult>0</difficult><bndbox><xmin>385</xmin><ymin>0</ymin><xmax>427</xmax><ymax>167</ymax></bndbox><attribute>large</attribute><attribute>green</attribute></object><object><name>trees</name><object_id>1716513</object_id><difficult>0</difficult><bndbox><xmin>419</xmin><ymin>0</ymin><xmax>495</xmax><ymax>172</ymax></bndbox><attribute>large</attribute><attribute>green</attribute></object><object><name>trees</name><object_id>1716514</object_id><difficult>0</difficult><bndbox><xmin>302</xmin><ymin>142</ymin><xmax>332</xmax><ymax>234</ymax></bndbox><attribute>large</attribute><attribute>green</attribute></object><object><name>trees</name><object_id>1716515</object_id><difficult>0</difficult><bndbox><xmin>264</xmin><ymin>137</ymin><xmax>280</xmax><ymax>202</ymax></bndbox><attribute>large</attribute><attribute>green</attribute></object><object><name>tracks</name><object_id>1716516</object_id><difficult>0</difficult><bndbox><xmin>180</xmin><ymin>166</ymin><xmax>205</xmax><ymax>333</ymax></bndbox></object><relation><subject_id>1691507</subject_id><object_id>1691508</object_id><predicate>on other side of</predicate></relation><relation><subject_id>1716511</subject_id><object_id>1716516</object_id><predicate>on other side of</predicate></relation><relation><subject_id>1716512</subject_id><object_id>1716516</object_id><predicate>on other side of</predicate></relation><relation><subject_id>1716513</subject_id><object_id>1716516</object_id><predicate>on other side of</predicate></relation><relation><subject_id>1716514</subject_id><object_id>1716516</object_id><predicate>on other side of</predicate></relation><relation><subject_id>1716515</subject_id><object_id>1716516</object_id><predicate>on other side of</predicate></relation></annotation>