<annotation><folder>VG_100K</folder><filename>2365306.jpg</filename><source><database>Visual Genome Version 1.2</database><image_id>2365306</image_id><coco_id>None</coco_id><flickr_id>2913536687</flickr_id></source><size><width>500</width><height>375</height><depth>3</depth></size><segmented>0</segmented><object><name>lid</name><object_id>2057157</object_id><difficult>0</difficult><bndbox><xmin>279</xmin><ymin>88</ymin><xmax>448</xmax><ymax>332</ymax></bndbox><attribute>up</attribute></object><object><name>sticker</name><object_id>2057156</object_id><difficult>0</difficult><bndbox><xmin>347</xmin><ymin>137</ymin><xmax>412</xmax><ymax>225</ymax></bndbox></object><object><name>label</name><object_id>2307997</object_id><difficult>0</difficult><bndbox><xmin>357</xmin><ymin>145</ymin><xmax>409</xmax><ymax>228</ymax></bndbox></object><object><name>lid</name><object_id>2702263</object_id><difficult>0</difficult><bndbox><xmin>282</xmin><ymin>79</ymin><xmax>453</xmax><ymax>322</ymax></bndbox></object><relation><subject_id>2057156</subject_id><object_id>2057157</object_id><predicate>stuck in</predicate></relation><relation><subject_id>2307997</subject_id><object_id>2702263</object_id><predicate>at bottom of</predicate></relation></annotation>