<annotation><folder>VG_100K</folder><filename>2365123.jpg</filename><source><database>Visual Genome Version 1.2</database><image_id>2365123</image_id><coco_id>303814</coco_id><flickr_id>461273038</flickr_id></source><size><width>500</width><height>333</height><depth>3</depth></size><segmented>0</segmented><object><name>frisbee</name><object_id>636415</object_id><difficult>0</difficult><bndbox><xmin>266</xmin><ymin>50</ymin><xmax>427</xmax><ymax>101</ymax></bndbox><attribute>flying</attribute><attribute>yellow</attribute></object><object><name>man</name><object_id>636419</object_id><difficult>0</difficult><bndbox><xmin>44</xmin><ymin>9</ymin><xmax>238</xmax><ymax>331</ymax></bndbox></object><relation><subject_id>636419</subject_id><object_id>636415</object_id><predicate>playing with</predicate></relation></annotation>