<annotation><folder>VG_100K</folder><filename>2365378.jpg</filename><source><database>Visual Genome Version 1.2</database><image_id>2365378</image_id><coco_id>None</coco_id><flickr_id>8031612283</flickr_id></source><size><width>500</width><height>281</height><depth>3</depth></size><segmented>0</segmented><object><name>sheep</name><object_id>634652</object_id><difficult>0</difficult><bndbox><xmin>102</xmin><ymin>149</ymin><xmax>200</xmax><ymax>272</ymax></bndbox><attribute>walking</attribute><attribute>white</attribute></object><object><name>road</name><object_id>634659</object_id><difficult>0</difficult><bndbox><xmin>189</xmin><ymin>201</ymin><xmax>352</xmax><ymax>280</ymax></bndbox></object><relation><subject_id>634652</subject_id><object_id>634659</object_id><predicate>walking towards</predicate></relation><relation><subject_id>634652</subject_id><object_id>634659</object_id><predicate>walking towards</predicate></relation></annotation>