<annotation><folder>VG_100K</folder><filename>2365147.jpg</filename><source><database>Visual Genome Version 1.2</database><image_id>2365147</image_id><coco_id>None</coco_id><flickr_id>2964435086</flickr_id></source><size><width>500</width><height>380</height><depth>3</depth></size><segmented>0</segmented><object><name>teddy bear</name><object_id>636274</object_id><difficult>0</difficult><bndbox><xmin>331</xmin><ymin>179</ymin><xmax>425</xmax><ymax>368</ymax></bndbox><attribute>brown</attribute></object><object><name>trunk</name><object_id>636277</object_id><difficult>0</difficult><bndbox><xmin>305</xmin><ymin>226</ymin><xmax>413</xmax><ymax>309</ymax></bndbox></object><relation><subject_id>636274</subject_id><object_id>636277</object_id><predicate>leaning on</predicate></relation></annotation>