<annotation><folder>VG_100K</folder><filename>2365207.jpg</filename><source><database>Visual Genome Version 1.2</database><image_id>2365207</image_id><coco_id>556149</coco_id><flickr_id>6063388134</flickr_id></source><size><width>500</width><height>281</height><depth>3</depth></size><segmented>0</segmented><object><name>rack</name><object_id>3885448</object_id><difficult>0</difficult><bndbox><xmin>123</xmin><ymin>91</ymin><xmax>175</xmax><ymax>132</ymax></bndbox></object><object><name>bike</name><object_id>1826419</object_id><difficult>0</difficult><bndbox><xmin>139</xmin><ymin>100</ymin><xmax>176</xmax><ymax>133</ymax></bndbox></object><relation><subject_id>1826419</subject_id><object_id>3885448</object_id><predicate>leaning on</predicate></relation></annotation>