<annotation><folder>VG_100K</folder><filename>2365359.jpg</filename><source><database>Visual Genome Version 1.2</database><image_id>2365359</image_id><coco_id>None</coco_id><flickr_id>6342527835</flickr_id></source><size><width>500</width><height>500</height><depth>3</depth></size><segmented>0</segmented><object><name>floor</name><object_id>1759585</object_id><difficult>0</difficult><bndbox><xmin>2</xmin><ymin>449</ymin><xmax>499</xmax><ymax>499</ymax></bndbox><attribute>wooden</attribute><attribute>brown</attribute></object><object><name>carpet</name><object_id>1759586</object_id><difficult>0</difficult><bndbox><xmin>3</xmin><ymin>12</ymin><xmax>498</xmax><ymax>447</ymax></bndbox></object><relation><subject_id>1759585</subject_id><object_id>1759586</object_id><predicate>under a</predicate></relation></annotation>