<annotation><folder>VG_100K</folder><filename>2365241.jpg</filename><source><database>Visual Genome Version 1.2</database><image_id>2365241</image_id><coco_id>None</coco_id><flickr_id>7920417982</flickr_id></source><size><width>500</width><height>335</height><depth>3</depth></size><segmented>0</segmented><object><name>spire</name><object_id>2298685</object_id><difficult>0</difficult><bndbox><xmin>64</xmin><ymin>259</ymin><xmax>85</xmax><ymax>311</ymax></bndbox></object><object><name>tower</name><object_id>2298690</object_id><difficult>0</difficult><bndbox><xmin>43</xmin><ymin>238</ymin><xmax>127</xmax><ymax>333</ymax></bndbox></object><object><name>side walk</name><object_id>3885244</object_id><difficult>0</difficult><bndbox><xmin>424</xmin><ymin>279</ymin><xmax>481</xmax><ymax>300</ymax></bndbox></object><object><name>people</name><object_id>2557025</object_id><difficult>0</difficult><bndbox><xmin>422</xmin><ymin>278</ymin><xmax>479</xmax><ymax>301</ymax></bndbox></object><relation><subject_id>2298685</subject_id><object_id>2298690</object_id><predicate>top of</predicate></relation><relation><subject_id>2557025</subject_id><object_id>3885244</object_id><predicate>walking towards</predicate></relation></annotation>