<annotation><folder>VG_100K</folder><filename>2365116.jpg</filename><source><database>Visual Genome Version 1.2</database><image_id>2365116</image_id><coco_id>262353</coco_id><flickr_id>123068738</flickr_id></source><size><width>500</width><height>401</height><depth>3</depth></size><segmented>0</segmented><object><name>wall</name><object_id>1751075</object_id><difficult>0</difficult><bndbox><xmin>0</xmin><ymin>2</ymin><xmax>497</xmax><ymax>289</ymax></bndbox></object><object><name>art</name><object_id>1751076</object_id><difficult>0</difficult><bndbox><xmin>186</xmin><ymin>0</ymin><xmax>363</xmax><ymax>126</ymax></bndbox><attribute>colorful</attribute></object><relation><subject_id>1751076</subject_id><object_id>1751075</object_id><predicate>hanging on a</predicate></relation></annotation>