<annotation><folder>VG_100K</folder><filename>2365236.jpg</filename><source><database>Visual Genome Version 1.2</database><image_id>2365236</image_id><coco_id>None</coco_id><flickr_id>7766037182</flickr_id></source><size><width>500</width><height>227</height><depth>3</depth></size><segmented>0</segmented><object><name>strip</name><object_id>3885262</object_id><difficult>0</difficult><bndbox><xmin>8</xmin><ymin>155</ymin><xmax>489</xmax><ymax>224</ymax></bndbox></object><object><name>grass</name><object_id>2264213</object_id><difficult>0</difficult><bndbox><xmin>23</xmin><ymin>93</ymin><xmax>498</xmax><ymax>158</ymax></bndbox><attribute>green</attribute></object><object><name>wing</name><object_id>1759645</object_id><difficult>0</difficult><bndbox><xmin>92</xmin><ymin>119</ymin><xmax>302</xmax><ymax>202</ymax></bndbox></object><object><name>engine</name><object_id>1759646</object_id><difficult>0</difficult><bndbox><xmin>242</xmin><ymin>159</ymin><xmax>302</xmax><ymax>187</ymax></bndbox></object><relation><subject_id>2264213</subject_id><object_id>3885262</object_id><predicate>between</predicate></relation><relation><subject_id>1759646</subject_id><object_id>1759645</object_id><predicate>under a</predicate></relation></annotation>