<annotation><folder>VG_100K</folder><filename>2365089.jpg</filename><source><database>Visual Genome Version 1.2</database><image_id>2365089</image_id><coco_id>None</coco_id><flickr_id>8584783081</flickr_id></source><size><width>500</width><height>334</height><depth>3</depth></size><segmented>0</segmented><object><name>bus</name><object_id>2329608</object_id><difficult>0</difficult><bndbox><xmin>30</xmin><ymin>146</ymin><xmax>449</xmax><ymax>256</ymax></bndbox><attribute>yellow</attribute></object><object><name>tire</name><object_id>2122295</object_id><difficult>0</difficult><bndbox><xmin>155</xmin><ymin>218</ymin><xmax>192</xmax><ymax>255</ymax></bndbox><attribute>back</attribute></object><relation><subject_id>2122295</subject_id><object_id>2329608</object_id><predicate>on back of</predicate></relation></annotation>