<annotation><folder>VG_100K</folder><filename>2365058.jpg</filename><source><database>Visual Genome Version 1.2</database><image_id>2365058</image_id><coco_id>None</coco_id><flickr_id>5840996033</flickr_id></source><size><width>500</width><height>375</height><depth>3</depth></size><segmented>0</segmented><object><name>grass</name><object_id>3053459</object_id><difficult>0</difficult><bndbox><xmin>1</xmin><ymin>209</ymin><xmax>498</xmax><ymax>373</ymax></bndbox></object><object><name>zebra</name><object_id>3053460</object_id><difficult>0</difficult><bndbox><xmin>183</xmin><ymin>199</ymin><xmax>252</xmax><ymax>269</ymax></bndbox></object><object><name>zebra</name><object_id>3053461</object_id><difficult>0</difficult><bndbox><xmin>129</xmin><ymin>198</ymin><xmax>223</xmax><ymax>279</ymax></bndbox></object><relation><subject_id>3053460</subject_id><object_id>3053459</object_id><predicate>grazing on</predicate></relation><relation><subject_id>3053461</subject_id><object_id>3053459</object_id><predicate>grazing on</predicate></relation></annotation>