<annotation><folder>VG_100K</folder><filename>2365019.jpg</filename><source><database>Visual Genome Version 1.2</database><image_id>2365019</image_id><coco_id>170365</coco_id><flickr_id>3762950985</flickr_id></source><size><width>500</width><height>333</height><depth>3</depth></size><segmented>0</segmented><object><name>plant</name><object_id>3166582</object_id><difficult>0</difficult><bndbox><xmin>190</xmin><ymin>148</ymin><xmax>243</xmax><ymax>220</ymax></bndbox><attribute>yellow</attribute></object><object><name>bathroom</name><object_id>1909093</object_id><difficult>0</difficult><bndbox><xmin>5</xmin><ymin>2</ymin><xmax>496</xmax><ymax>326</ymax></bndbox></object><object><name>towel</name><object_id>3886536</object_id><difficult>0</difficult><bndbox><xmin>372</xmin><ymin>250</ymin><xmax>411</xmax><ymax>296</ymax></bndbox><attribute>white</attribute></object><object><name>bathtub</name><object_id>1849152</object_id><difficult>0</difficult><bndbox><xmin>254</xmin><ymin>193</ymin><xmax>455</xmax><ymax>314</ymax></bndbox></object><relation><subject_id>3166582</subject_id><object_id>1909093</object_id><predicate>are inside</predicate></relation><relation><subject_id>3886536</subject_id><object_id>1849152</object_id><predicate>draped over</predicate></relation></annotation>