<annotation><folder>VG_100K</folder><filename>2365054.jpg</filename><source><database>Visual Genome Version 1.2</database><image_id>2365054</image_id><coco_id>290354</coco_id><flickr_id>5644411533</flickr_id></source><size><width>500</width><height>332</height><depth>3</depth></size><segmented>0</segmented><object><name>woman</name><object_id>1978623</object_id><difficult>0</difficult><bndbox><xmin>160</xmin><ymin>40</ymin><xmax>274</xmax><ymax>330</ymax></bndbox></object><object><name>umbrella</name><object_id>1921653</object_id><difficult>0</difficult><bndbox><xmin>99</xmin><ymin>5</ymin><xmax>276</xmax><ymax>148</ymax></bndbox></object><object><name>umbrella</name><object_id>1978624</object_id><difficult>0</difficult><bndbox><xmin>110</xmin><ymin>0</ymin><xmax>278</xmax><ymax>69</ymax></bndbox><attribute>pink</attribute></object><relation><subject_id>1978623</subject_id><object_id>1921653</object_id><predicate>walking towards</predicate></relation><relation><subject_id>1978623</subject_id><object_id>1978624</object_id><predicate>under a</predicate></relation></annotation>