<annotation><folder>VG_100K</folder><filename>2365086.jpg</filename><source><database>Visual Genome Version 1.2</database><image_id>2365086</image_id><coco_id>None</coco_id><flickr_id>8288721581</flickr_id></source><size><width>500</width><height>500</height><depth>3</depth></size><segmented>0</segmented><object><name>towel</name><object_id>2836463</object_id><difficult>0</difficult><bndbox><xmin>0</xmin><ymin>3</ymin><xmax>47</xmax><ymax>133</ymax></bndbox><attribute>white</attribute></object><object><name>rack</name><object_id>2836464</object_id><difficult>0</difficult><bndbox><xmin>37</xmin><ymin>0</ymin><xmax>50</xmax><ymax>17</ymax></bndbox></object><relation><subject_id>2836463</subject_id><object_id>2836464</object_id><predicate>hanging on a</predicate></relation></annotation>