<annotation><folder>VG_100K</folder><filename>2365135.jpg</filename><source><database>Visual Genome Version 1.2</database><image_id>2365135</image_id><coco_id>415269</coco_id><flickr_id>2401860486</flickr_id></source><size><width>500</width><height>333</height><depth>3</depth></size><segmented>0</segmented><object><name>building</name><object_id>2690088</object_id><difficult>0</difficult><bndbox><xmin>376</xmin><ymin>1</ymin><xmax>498</xmax><ymax>63</ymax></bndbox><attribute>wooden</attribute></object><object><name>corner</name><object_id>2690089</object_id><difficult>0</difficult><bndbox><xmin>478</xmin><ymin>1</ymin><xmax>494</xmax><ymax>61</ymax></bndbox></object><relation><subject_id>2690089</subject_id><object_id>2690088</object_id><predicate>part of</predicate></relation></annotation>