<annotation><folder>VG_100K</folder><filename>2365124.jpg</filename><source><database>Visual Genome Version 1.2</database><image_id>2365124</image_id><coco_id>39535</coco_id><flickr_id>495705338</flickr_id></source><size><width>500</width><height>375</height><depth>3</depth></size><segmented>0</segmented><object><name>grass</name><object_id>1973319</object_id><difficult>0</difficult><bndbox><xmin>201</xmin><ymin>248</ymin><xmax>499</xmax><ymax>326</ymax></bndbox></object><object><name>gate</name><object_id>1973320</object_id><difficult>0</difficult><bndbox><xmin>196</xmin><ymin>91</ymin><xmax>498</xmax><ymax>315</ymax></bndbox></object><object><name>giraffe</name><object_id>2404054</object_id><difficult>0</difficult><bndbox><xmin>83</xmin><ymin>34</ymin><xmax>373</xmax><ymax>345</ymax></bndbox></object><object><name>enclosure</name><object_id>2404055</object_id><difficult>0</difficult><bndbox><xmin>3</xmin><ymin>107</ymin><xmax>459</xmax><ymax>373</ymax></bndbox></object><object><name>person</name><object_id>2487066</object_id><difficult>0</difficult><bndbox><xmin>417</xmin><ymin>200</ymin><xmax>432</xmax><ymax>255</ymax></bndbox></object><object><name>sidewalk</name><object_id>2487067</object_id><difficult>0</difficult><bndbox><xmin>411</xmin><ymin>232</ymin><xmax>498</xmax><ymax>272</ymax></bndbox></object><relation><subject_id>1973319</subject_id><object_id>1973320</object_id><predicate>on other side of</predicate></relation><relation><subject_id>2404054</subject_id><object_id>2404055</object_id><predicate>walking towards</predicate></relation><relation><subject_id>2487066</subject_id><object_id>2487067</object_id><predicate>walking towards</predicate></relation></annotation>