<annotation><folder>VG_100K</folder><filename>2365268.jpg</filename><source><database>Visual Genome Version 1.2</database><image_id>2365268</image_id><coco_id>None</coco_id><flickr_id>9548545030</flickr_id></source><size><width>500</width><height>334</height><depth>3</depth></size><segmented>0</segmented><object><name>water</name><object_id>3885115</object_id><difficult>0</difficult><bndbox><xmin>3</xmin><ymin>174</ymin><xmax>498</xmax><ymax>332</ymax></bndbox></object><object><name>distance</name><object_id>3885108</object_id><difficult>0</difficult><bndbox><xmin>7</xmin><ymin>120</ymin><xmax>461</xmax><ymax>182</ymax></bndbox></object><object><name>person</name><object_id>2469247</object_id><difficult>0</difficult><bndbox><xmin>221</xmin><ymin>143</ymin><xmax>231</xmax><ymax>163</ymax></bndbox></object><object><name>tree</name><object_id>3885109</object_id><difficult>0</difficult><bndbox><xmin>172</xmin><ymin>0</ymin><xmax>405</xmax><ymax>175</ymax></bndbox></object><object><name>person</name><object_id>2613680</object_id><difficult>0</difficult><bndbox><xmin>3</xmin><ymin>138</ymin><xmax>14</xmax><ymax>150</ymax></bndbox><attribute>in distance</attribute></object><object><name>enclosure</name><object_id>1935716</object_id><difficult>0</difficult><bndbox><xmin>176</xmin><ymin>159</ymin><xmax>406</xmax><ymax>176</ymax></bndbox></object><object><name>sky</name><object_id>2380743</object_id><difficult>0</difficult><bndbox><xmin>66</xmin><ymin>3</ymin><xmax>226</xmax><ymax>65</ymax></bndbox><attribute>blue</attribute><attribute>white</attribute></object><object><name>sky</name><object_id>2380744</object_id><difficult>0</difficult><bndbox><xmin>377</xmin><ymin>0</ymin><xmax>477</xmax><ymax>90</ymax></bndbox></object><object><name>tree</name><object_id>2380745</object_id><difficult>0</difficult><bndbox><xmin>247</xmin><ymin>14</ymin><xmax>390</xmax><ymax>148</ymax></bndbox></object><object><name>tree</name><object_id>2380746</object_id><difficult>0</difficult><bndbox><xmin>182</xmin><ymin>24</ymin><xmax>273</xmax><ymax>146</ymax></bndbox></object><relation><subject_id>2469247</subject_id><object_id>3885108</object_id><predicate>walking towards</predicate></relation><relation><subject_id>2613680</subject_id><object_id>3885109</object_id><predicate>under a</predicate></relation><relation><subject_id>1935716</subject_id><object_id>3885115</object_id><predicate>in middle of</predicate></relation><relation><subject_id>2380743</subject_id><object_id>2380745</object_id><predicate>beyond</predicate></relation><relation><subject_id>2380744</subject_id><object_id>2380746</object_id><predicate>beyond</predicate></relation></annotation>