<annotation><folder>VG_100K</folder><filename>2365136.jpg</filename><source><database>Visual Genome Version 1.2</database><image_id>2365136</image_id><coco_id>None</coco_id><flickr_id>2501600686</flickr_id></source><size><width>375</width><height>500</height><depth>3</depth></size><segmented>0</segmented><object><name>man</name><object_id>2296146</object_id><difficult>0</difficult><bndbox><xmin>172</xmin><ymin>188</ymin><xmax>237</xmax><ymax>326</ymax></bndbox></object><object><name>beach</name><object_id>2624772</object_id><difficult>0</difficult><bndbox><xmin>1</xmin><ymin>114</ymin><xmax>374</xmax><ymax>498</ymax></bndbox></object><object><name>person</name><object_id>3387396</object_id><difficult>0</difficult><bndbox><xmin>109</xmin><ymin>178</ymin><xmax>179</xmax><ymax>338</ymax></bndbox><attribute>walking</attribute></object><object><name>beach</name><object_id>3717644</object_id><difficult>0</difficult><bndbox><xmin>5</xmin><ymin>291</ymin><xmax>371</xmax><ymax>475</ymax></bndbox></object><object><name>ocean</name><object_id>2514434</object_id><difficult>0</difficult><bndbox><xmin>0</xmin><ymin>110</ymin><xmax>373</xmax><ymax>303</ymax></bndbox></object><object><name>beach</name><object_id>3190726</object_id><difficult>0</difficult><bndbox><xmin>2</xmin><ymin>299</ymin><xmax>373</xmax><ymax>497</ymax></bndbox><attribute>sandy</attribute></object><object><name>wave</name><object_id>2514433</object_id><difficult>0</difficult><bndbox><xmin>1</xmin><ymin>283</ymin><xmax>373</xmax><ymax>304</ymax></bndbox><attribute>small</attribute></object><object><name>woman</name><object_id>2624771</object_id><difficult>0</difficult><bndbox><xmin>126</xmin><ymin>198</ymin><xmax>177</xmax><ymax>321</ymax></bndbox></object><object><name>men</name><object_id>3313739</object_id><difficult>0</difficult><bndbox><xmin>120</xmin><ymin>188</ymin><xmax>235</xmax><ymax>323</ymax></bndbox></object><object><name>sand</name><object_id>3313740</object_id><difficult>0</difficult><bndbox><xmin>269</xmin><ymin>324</ymin><xmax>338</xmax><ymax>370</ymax></bndbox></object><object><name>couple</name><object_id>3190725</object_id><difficult>0</difficult><bndbox><xmin>121</xmin><ymin>188</ymin><xmax>237</xmax><ymax>324</ymax></bndbox></object><relation><subject_id>2296146</subject_id><object_id>2624772</object_id><predicate>walking towards</predicate></relation><relation><subject_id>3387396</subject_id><object_id>3717644</object_id><predicate>walking towards</predicate></relation><relation><subject_id>2514433</subject_id><object_id>2514434</object_id><predicate>at edge of</predicate></relation><relation><subject_id>2624771</subject_id><object_id>2624772</object_id><predicate>walking towards</predicate></relation><relation><subject_id>3313739</subject_id><object_id>3313740</object_id><predicate>walking towards</predicate></relation><relation><subject_id>3190725</subject_id><object_id>3190726</object_id><predicate>walking towards</predicate></relation></annotation>