<annotation><folder>VG_100K</folder><filename>2365269.jpg</filename><source><database>Visual Genome Version 1.2</database><image_id>2365269</image_id><coco_id>9064</coco_id><flickr_id>9558639730</flickr_id></source><size><width>500</width><height>333</height><depth>3</depth></size><segmented>0</segmented><object><name>train</name><object_id>1836753</object_id><difficult>0</difficult><bndbox><xmin>5</xmin><ymin>130</ymin><xmax>462</xmax><ymax>272</ymax></bndbox><attribute>long</attribute></object><object><name>emblem</name><object_id>3885093</object_id><difficult>0</difficult><bndbox><xmin>300</xmin><ymin>165</ymin><xmax>320</xmax><ymax>192</ymax></bndbox></object><object><name>window</name><object_id>2158079</object_id><difficult>0</difficult><bndbox><xmin>245</xmin><ymin>162</ymin><xmax>278</xmax><ymax>197</ymax></bndbox></object><object><name>building</name><object_id>3885094</object_id><difficult>0</difficult><bndbox><xmin>92</xmin><ymin>100</ymin><xmax>496</xmax><ymax>308</ymax></bndbox></object><object><name>chimney</name><object_id>1997137</object_id><difficult>0</difficult><bndbox><xmin>433</xmin><ymin>103</ymin><xmax>465</xmax><ymax>124</ymax></bndbox></object><object><name>train station</name><object_id>3885095</object_id><difficult>0</difficult><bndbox><xmin>134</xmin><ymin>104</ymin><xmax>497</xmax><ymax>278</ymax></bndbox></object><object><name>roof</name><object_id>2114103</object_id><difficult>0</difficult><bndbox><xmin>101</xmin><ymin>110</ymin><xmax>498</xmax><ymax>140</ymax></bndbox><attribute>brown</attribute></object><relation><subject_id>3885093</subject_id><object_id>1836753</object_id><predicate>on other side of</predicate></relation><relation><subject_id>2158079</subject_id><object_id>1836753</object_id><predicate>on other side of</predicate></relation><relation><subject_id>1997137</subject_id><object_id>3885094</object_id><predicate>top of</predicate></relation><relation><subject_id>2114103</subject_id><object_id>3885095</object_id><predicate>top of</predicate></relation></annotation>