<annotation><folder>VG_100K</folder><filename>2365202.jpg</filename><source><database>Visual Genome Version 1.2</database><image_id>2365202</image_id><coco_id>54563</coco_id><flickr_id>5682775034</flickr_id></source><size><width>375</width><height>500</height><depth>3</depth></size><segmented>0</segmented><object><name>woman</name><object_id>1955807</object_id><difficult>0</difficult><bndbox><xmin>106</xmin><ymin>3</ymin><xmax>311</xmax><ymax>296</ymax></bndbox></object><object><name>table</name><object_id>1811935</object_id><difficult>0</difficult><bndbox><xmin>2</xmin><ymin>301</ymin><xmax>371</xmax><ymax>499</ymax></bndbox></object><relation><subject_id>1955807</subject_id><object_id>1811935</object_id><predicate>sitting on a</predicate></relation></annotation>