<annotation><folder>VG_100K</folder><filename>2365304.jpg</filename><source><database>Visual Genome Version 1.2</database><image_id>2365304</image_id><coco_id>None</coco_id><flickr_id>2876837087</flickr_id></source><size><width>500</width><height>271</height><depth>3</depth></size><segmented>0</segmented><object><name>microwave</name><object_id>635180</object_id><difficult>0</difficult><bndbox><xmin>63</xmin><ymin>78</ymin><xmax>151</xmax><ymax>124</ymax></bndbox><attribute>white</attribute></object><object><name>stove</name><object_id>635181</object_id><difficult>0</difficult><bndbox><xmin>56</xmin><ymin>147</ymin><xmax>148</xmax><ymax>270</ymax></bndbox><attribute>black</attribute></object><object><name>pot</name><object_id>635182</object_id><difficult>0</difficult><bndbox><xmin>66</xmin><ymin>156</ymin><xmax>101</xmax><ymax>174</ymax></bndbox><attribute>large</attribute><attribute>black</attribute><attribute>grey</attribute></object><object><name>pot</name><object_id>635183</object_id><difficult>0</difficult><bndbox><xmin>121</xmin><ymin>162</ymin><xmax>145</xmax><ymax>178</ymax></bndbox><attribute>shiny</attribute><attribute>silver</attribute></object><object><name>bottle</name><object_id>635185</object_id><difficult>0</difficult><bndbox><xmin>325</xmin><ymin>168</ymin><xmax>339</xmax><ymax>208</ymax></bndbox></object><object><name>towels</name><object_id>635187</object_id><difficult>0</difficult><bndbox><xmin>61</xmin><ymin>187</ymin><xmax>143</xmax><ymax>242</ymax></bndbox></object><object><name>handle</name><object_id>635188</object_id><difficult>0</difficult><bndbox><xmin>55</xmin><ymin>186</ymin><xmax>150</xmax><ymax>201</ymax></bndbox></object><object><name>oven</name><object_id>635189</object_id><difficult>0</difficult><bndbox><xmin>54</xmin><ymin>190</ymin><xmax>151</xmax><ymax>262</ymax></bndbox></object><object><name>cabinets</name><object_id>635199</object_id><difficult>0</difficult><bndbox><xmin>65</xmin><ymin>5</ymin><xmax>150</xmax><ymax>80</ymax></bndbox><attribute>brown</attribute></object><object><name>sink</name><object_id>635206</object_id><difficult>0</difficult><bndbox><xmin>256</xmin><ymin>199</ymin><xmax>341</xmax><ymax>247</ymax></bndbox></object><object><name>rack</name><object_id>635207</object_id><difficult>0</difficult><bndbox><xmin>261</xmin><ymin>136</ymin><xmax>326</xmax><ymax>201</ymax></bndbox><attribute>metal</attribute><attribute>silver</attribute></object><object><name>towel</name><object_id>635209</object_id><difficult>0</difficult><bndbox><xmin>86</xmin><ymin>190</ymin><xmax>120</xmax><ymax>235</ymax></bndbox><attribute>orange</attribute></object><object><name>counter</name><object_id>635212</object_id><difficult>0</difficult><bndbox><xmin>220</xmin><ymin>153</ymin><xmax>371</xmax><ymax>266</ymax></bndbox></object><relation><subject_id>635182</subject_id><object_id>635181</object_id><predicate>top of</predicate></relation><relation><subject_id>635183</subject_id><object_id>635181</object_id><predicate>top of</predicate></relation><relation><subject_id>635187</subject_id><object_id>635188</object_id><predicate>hanging on a</predicate></relation><relation><subject_id>635182</subject_id><object_id>635181</object_id><predicate>top of</predicate></relation><relation><subject_id>635183</subject_id><object_id>635181</object_id><predicate>top of</predicate></relation><relation><subject_id>635185</subject_id><object_id>635206</object_id><predicate>top of</predicate></relation><relation><subject_id>635187</subject_id><object_id>635189</object_id><predicate>hanging on a</predicate></relation><relation><subject_id>635182</subject_id><object_id>635181</object_id><predicate>top of</predicate></relation><relation><subject_id>635180</subject_id><object_id>635199</object_id><predicate>hanging on a</predicate></relation><relation><subject_id>635209</subject_id><object_id>635189</object_id><predicate>hanging on a</predicate></relation><relation><subject_id>635187</subject_id><object_id>635188</object_id><predicate>hanging on a</predicate></relation><relation><subject_id>635207</subject_id><object_id>635212</object_id><predicate>top of</predicate></relation><relation><subject_id>635182</subject_id><object_id>635181</object_id><predicate>top of</predicate></relation></annotation>