<annotation><folder>VG_100K</folder><filename>2365284.jpg</filename><source><database>Visual Genome Version 1.2</database><image_id>2365284</image_id><coco_id>101127</coco_id><flickr_id>497034639</flickr_id></source><size><width>500</width><height>375</height><depth>3</depth></size><segmented>0</segmented><object><name>bowl</name><object_id>1720251</object_id><difficult>0</difficult><bndbox><xmin>166</xmin><ymin>236</ymin><xmax>201</xmax><ymax>253</ymax></bndbox></object><object><name>books</name><object_id>1720252</object_id><difficult>0</difficult><bndbox><xmin>157</xmin><ymin>247</ymin><xmax>224</xmax><ymax>292</ymax></bndbox></object><object><name>box</name><object_id>2474310</object_id><difficult>0</difficult><bndbox><xmin>167</xmin><ymin>204</ymin><xmax>198</xmax><ymax>216</ymax></bndbox></object><object><name>shelf</name><object_id>2474312</object_id><difficult>0</difficult><bndbox><xmin>160</xmin><ymin>216</ymin><xmax>265</xmax><ymax>227</ymax></bndbox></object><relation><subject_id>1720251</subject_id><object_id>1720252</object_id><predicate>top of</predicate></relation><relation><subject_id>2474310</subject_id><object_id>2474312</object_id><predicate>top of</predicate></relation></annotation>