<annotation><folder>VG_100K</folder><filename>2365326.jpg</filename><source><database>Visual Genome Version 1.2</database><image_id>2365326</image_id><coco_id>None</coco_id><flickr_id>4172990687</flickr_id></source><size><width>500</width><height>342</height><depth>3</depth></size><segmented>0</segmented><object><name>shirt</name><object_id>2583692</object_id><difficult>0</difficult><bndbox><xmin>110</xmin><ymin>283</ymin><xmax>120</xmax><ymax>307</ymax></bndbox></object><object><name>coat</name><object_id>2144903</object_id><difficult>0</difficult><bndbox><xmin>32</xmin><ymin>206</ymin><xmax>198</xmax><ymax>340</ymax></bndbox><attribute>striped</attribute></object><relation><subject_id>2583692</subject_id><object_id>2144903</object_id><predicate>under a</predicate></relation></annotation>