<annotation><folder>VG_100K</folder><filename>2365043.jpg</filename><source><database>Visual Genome Version 1.2</database><image_id>2365043</image_id><coco_id>None</coco_id><flickr_id>5035148333</flickr_id></source><size><width>500</width><height>321</height><depth>3</depth></size><segmented>0</segmented><object><name>surfer</name><object_id>636834</object_id><difficult>0</difficult><bndbox><xmin>229</xmin><ymin>178</ymin><xmax>279</xmax><ymax>213</ymax></bndbox><attribute>surfing</attribute></object><object><name>ocean</name><object_id>636835</object_id><difficult>0</difficult><bndbox><xmin>0</xmin><ymin>0</ymin><xmax>500</xmax><ymax>314</ymax></bndbox><attribute>blue</attribute><attribute>grey</attribute></object><object><name>surfboard</name><object_id>636838</object_id><difficult>0</difficult><bndbox><xmin>193</xmin><ymin>207</ymin><xmax>246</xmax><ymax>226</ymax></bndbox><attribute>white</attribute></object><relation><subject_id>636834</subject_id><object_id>636835</object_id><predicate>surfing in</predicate></relation><relation><subject_id>636834</subject_id><object_id>636838</object_id><predicate>surfing in</predicate></relation><relation><subject_id>636834</subject_id><object_id>636838</object_id><predicate>surfing in</predicate></relation></annotation>