<annotation><folder>VG_100K</folder><filename>2365277.jpg</filename><source><database>Visual Genome Version 1.2</database><image_id>2365277</image_id><coco_id>None</coco_id><flickr_id>121517539</flickr_id></source><size><width>500</width><height>375</height><depth>3</depth></size><segmented>0</segmented><object><name>roof</name><object_id>4067997</object_id><difficult>0</difficult><bndbox><xmin>4</xmin><ymin>1</ymin><xmax>228</xmax><ymax>251</ymax></bndbox></object><object><name>columns</name><object_id>4067996</object_id><difficult>0</difficult><bndbox><xmin>4</xmin><ymin>184</ymin><xmax>230</xmax><ymax>311</ymax></bndbox></object><object><name>building</name><object_id>4068039</object_id><difficult>0</difficult><bndbox><xmin>8</xmin><ymin>1</ymin><xmax>488</xmax><ymax>359</ymax></bndbox><attribute>pointed</attribute></object><object><name>bricks</name><object_id>4068018</object_id><difficult>0</difficult><bndbox><xmin>454</xmin><ymin>195</ymin><xmax>494</xmax><ymax>372</ymax></bndbox><attribute>beige</attribute></object><relation><subject_id>4067996</subject_id><object_id>4067997</object_id><predicate>under a</predicate></relation><relation><subject_id>4068018</subject_id><object_id>4068039</object_id><predicate>on other side of</predicate></relation></annotation>