<annotation><folder>VG_100K</folder><filename>2365348.jpg</filename><source><database>Visual Genome Version 1.2</database><image_id>2365348</image_id><coco_id>575303</coco_id><flickr_id>5884564735</flickr_id></source><size><width>500</width><height>339</height><depth>3</depth></size><segmented>0</segmented><object><name>cow</name><object_id>634857</object_id><difficult>0</difficult><bndbox><xmin>76</xmin><ymin>84</ymin><xmax>166</xmax><ymax>165</ymax></bndbox><attribute>large</attribute><attribute>white</attribute><attribute>black</attribute></object><object><name>circle</name><object_id>634872</object_id><difficult>0</difficult><bndbox><xmin>121</xmin><ymin>88</ymin><xmax>140</xmax><ymax>120</ymax></bndbox></object><relation><subject_id>634872</subject_id><object_id>634857</object_id><predicate>on other side of</predicate></relation></annotation>