<annotation><folder>VG_100K</folder><filename>2365287.jpg</filename><source><database>Visual Genome Version 1.2</database><image_id>2365287</image_id><coco_id>None</coco_id><flickr_id>639807339</flickr_id></source><size><width>274</width><height>288</height><depth>3</depth></size><segmented>0</segmented><object><name>leg</name><object_id>3885017</object_id><difficult>0</difficult><bndbox><xmin>48</xmin><ymin>84</ymin><xmax>102</xmax><ymax>198</ymax></bndbox></object><object><name>arm</name><object_id>2642609</object_id><difficult>0</difficult><bndbox><xmin>6</xmin><ymin>100</ymin><xmax>134</xmax><ymax>208</ymax></bndbox></object><relation><subject_id>2642609</subject_id><object_id>3885017</object_id><predicate>under a</predicate></relation></annotation>