<annotation><folder>VG_100K</folder><filename>2365276.jpg</filename><source><database>Visual Genome Version 1.2</database><image_id>2365276</image_id><coco_id>None</coco_id><flickr_id>99786039</flickr_id></source><size><width>500</width><height>375</height><depth>3</depth></size><segmented>0</segmented><object><name>cat</name><object_id>757427</object_id><difficult>0</difficult><bndbox><xmin>0</xmin><ymin>91</ymin><xmax>460</xmax><ymax>320</ymax></bndbox><attribute>light brown</attribute><attribute>laying</attribute><attribute>here</attribute><attribute>orange</attribute><attribute>striped</attribute><attribute>white</attribute></object><object><name>rug</name><object_id>757430</object_id><difficult>0</difficult><bndbox><xmin>3</xmin><ymin>13</ymin><xmax>500</xmax><ymax>310</ymax></bndbox><attribute>blue</attribute><attribute>black</attribute><attribute>yellow</attribute><attribute>rectangular</attribute></object><relation><subject_id>757430</subject_id><object_id>757427</object_id><predicate>under a</predicate></relation><relation><subject_id>757427</subject_id><object_id>757430</object_id><predicate>laying in</predicate></relation></annotation>