<annotation><folder>VG_100K</folder><filename>2365291.jpg</filename><source><database>Visual Genome Version 1.2</database><image_id>2365291</image_id><coco_id>477671</coco_id><flickr_id>2056757139</flickr_id></source><size><width>500</width><height>281</height><depth>3</depth></size><segmented>0</segmented><object><name>wall</name><object_id>3491269</object_id><difficult>0</difficult><bndbox><xmin>416</xmin><ymin>5</ymin><xmax>499</xmax><ymax>274</ymax></bndbox><attribute>brick</attribute></object><object><name>window</name><object_id>3491270</object_id><difficult>0</difficult><bndbox><xmin>1</xmin><ymin>1</ymin><xmax>428</xmax><ymax>276</ymax></bndbox></object><object><name>light</name><object_id>3884982</object_id><difficult>0</difficult><bndbox><xmin>150</xmin><ymin>61</ymin><xmax>174</xmax><ymax>97</ymax></bndbox></object><object><name>restaurant</name><object_id>2972025</object_id><difficult>0</difficult><bndbox><xmin>1</xmin><ymin>4</ymin><xmax>498</xmax><ymax>279</ymax></bndbox></object><object><name>sign</name><object_id>3884997</object_id><difficult>0</difficult><bndbox><xmin>180</xmin><ymin>51</ymin><xmax>321</xmax><ymax>253</ymax></bndbox></object><object><name>window</name><object_id>1676081</object_id><difficult>0</difficult><bndbox><xmin>5</xmin><ymin>12</ymin><xmax>415</xmax><ymax>268</ymax></bndbox></object><object><name>legs</name><object_id>3884987</object_id><difficult>0</difficult><bndbox><xmin>212</xmin><ymin>180</ymin><xmax>258</xmax><ymax>232</ymax></bndbox></object><object><name>snowboard</name><object_id>3189078</object_id><difficult>0</difficult><bndbox><xmin>207</xmin><ymin>139</ymin><xmax>291</xmax><ymax>227</ymax></bndbox></object><relation><subject_id>3491269</subject_id><object_id>3491270</object_id><predicate>beside</predicate></relation><relation><subject_id>3884982</subject_id><object_id>2972025</object_id><predicate>are inside</predicate></relation><relation><subject_id>3884997</subject_id><object_id>1676081</object_id><predicate>hanging on a</predicate></relation><relation><subject_id>3189078</subject_id><object_id>3884987</object_id><predicate>between</predicate></relation></annotation>