<annotation><folder>VG_100K</folder><filename>2365034.jpg</filename><source><database>Visual Genome Version 1.2</database><image_id>2365034</image_id><coco_id>136642</coco_id><flickr_id>4681190533</flickr_id></source><size><width>500</width><height>333</height><depth>3</depth></size><segmented>0</segmented><object><name>baseball bat</name><object_id>636881</object_id><difficult>0</difficult><bndbox><xmin>301</xmin><ymin>246</ymin><xmax>331</xmax><ymax>276</ymax></bndbox></object><object><name>ground</name><object_id>636892</object_id><difficult>0</difficult><bndbox><xmin>2</xmin><ymin>188</ymin><xmax>499</xmax><ymax>332</ymax></bndbox></object><object><name>player</name><object_id>636893</object_id><difficult>0</difficult><bndbox><xmin>4</xmin><ymin>127</ymin><xmax>42</xmax><ymax>180</ymax></bndbox></object><object><name>railing</name><object_id>636894</object_id><difficult>0</difficult><bndbox><xmin>0</xmin><ymin>126</ymin><xmax>500</xmax><ymax>196</ymax></bndbox></object><relation><subject_id>636893</subject_id><object_id>636894</object_id><predicate>leaning on</predicate></relation><relation><subject_id>636893</subject_id><object_id>636894</object_id><predicate>leaning on</predicate></relation><relation><subject_id>636881</subject_id><object_id>636892</object_id><predicate>laying in</predicate></relation></annotation>