<annotation><folder>VG_100K</folder><filename>2365344.jpg</filename><source><database>Visual Genome Version 1.2</database><image_id>2365344</image_id><coco_id>542359</coco_id><flickr_id>5673866135</flickr_id></source><size><width>500</width><height>333</height><depth>3</depth></size><segmented>0</segmented><object><name>sink</name><object_id>3884745</object_id><difficult>0</difficult><bndbox><xmin>200</xmin><ymin>145</ymin><xmax>243</xmax><ymax>168</ymax></bndbox></object><object><name>handles</name><object_id>2210267</object_id><difficult>0</difficult><bndbox><xmin>212</xmin><ymin>199</ymin><xmax>232</xmax><ymax>221</ymax></bndbox></object><relation><subject_id>2210267</subject_id><object_id>3884745</object_id><predicate>under a</predicate></relation></annotation>