<annotation><folder>VG_100K</folder><filename>2365101.jpg</filename><source><database>Visual Genome Version 1.2</database><image_id>2365101</image_id><coco_id>415492</coco_id><flickr_id>9284943229</flickr_id></source><size><width>500</width><height>331</height><depth>3</depth></size><segmented>0</segmented><object><name>bag</name><object_id>636504</object_id><difficult>0</difficult><bndbox><xmin>360</xmin><ymin>135</ymin><xmax>439</xmax><ymax>238</ymax></bndbox><attribute>big</attribute></object><object><name>hay</name><object_id>3886106</object_id><difficult>0</difficult><bndbox><xmin>370</xmin><ymin>149</ymin><xmax>431</xmax><ymax>221</ymax></bndbox></object><relation><subject_id>3886106</subject_id><object_id>636504</object_id><predicate>are inside</predicate></relation></annotation>