<annotation><folder>VG_100K</folder><filename>2365036.jpg</filename><source><database>Visual Genome Version 1.2</database><image_id>2365036</image_id><coco_id>111048</coco_id><flickr_id>4778938533</flickr_id></source><size><width>500</width><height>375</height><depth>3</depth></size><segmented>0</segmented><object><name>kites</name><object_id>1897044</object_id><difficult>0</difficult><bndbox><xmin>133</xmin><ymin>168</ymin><xmax>346</xmax><ymax>248</ymax></bndbox></object><object><name>beach</name><object_id>2620008</object_id><difficult>0</difficult><bndbox><xmin>2</xmin><ymin>267</ymin><xmax>499</xmax><ymax>374</ymax></bndbox><attribute>sandy</attribute></object><object><name>part</name><object_id>3886460</object_id><difficult>0</difficult><bndbox><xmin>213</xmin><ymin>174</ymin><xmax>223</xmax><ymax>194</ymax></bndbox></object><object><name>sky</name><object_id>2644114</object_id><difficult>0</difficult><bndbox><xmin>220</xmin><ymin>165</ymin><xmax>238</xmax><ymax>213</ymax></bndbox></object><relation><subject_id>2620008</subject_id><object_id>1897044</object_id><predicate>under a</predicate></relation><relation><subject_id>2644114</subject_id><object_id>3886460</object_id><predicate>seen in</predicate></relation></annotation>