<annotation><folder>VG_100K</folder><filename>2365330.jpg</filename><source><database>Visual Genome Version 1.2</database><image_id>2365330</image_id><coco_id>530384</coco_id><flickr_id>4405850435</flickr_id></source><size><width>500</width><height>333</height><depth>3</depth></size><segmented>0</segmented><object><name>lights</name><object_id>3884795</object_id><difficult>0</difficult><bndbox><xmin>148</xmin><ymin>3</ymin><xmax>285</xmax><ymax>68</ymax></bndbox><attribute>on</attribute><attribute>hanging</attribute></object><object><name>ceiling</name><object_id>2262912</object_id><difficult>0</difficult><bndbox><xmin>275</xmin><ymin>10</ymin><xmax>383</xmax><ymax>42</ymax></bndbox><attribute>white</attribute></object><object><name>cabinet</name><object_id>2429737</object_id><difficult>0</difficult><bndbox><xmin>97</xmin><ymin>32</ymin><xmax>144</xmax><ymax>147</ymax></bndbox></object><object><name>cabinet</name><object_id>2429738</object_id><difficult>0</difficult><bndbox><xmin>141</xmin><ymin>56</ymin><xmax>163</xmax><ymax>141</ymax></bndbox></object><object><name>cabinet</name><object_id>2429739</object_id><difficult>0</difficult><bndbox><xmin>201</xmin><ymin>77</ymin><xmax>225</xmax><ymax>145</ymax></bndbox></object><object><name>cabinet</name><object_id>2429740</object_id><difficult>0</difficult><bndbox><xmin>265</xmin><ymin>81</ymin><xmax>317</xmax><ymax>112</ymax></bndbox></object><object><name>cabinet</name><object_id>2429741</object_id><difficult>0</difficult><bndbox><xmin>173</xmin><ymin>70</ymin><xmax>198</xmax><ymax>115</ymax></bndbox></object><object><name>kitchen</name><object_id>2429742</object_id><difficult>0</difficult><bndbox><xmin>90</xmin><ymin>40</ymin><xmax>317</xmax><ymax>222</ymax></bndbox></object><relation><subject_id>3884795</subject_id><object_id>2262912</object_id><predicate>hanging on a</predicate></relation><relation><subject_id>2429737</subject_id><object_id>2429742</object_id><predicate>top of</predicate></relation><relation><subject_id>2429738</subject_id><object_id>2429742</object_id><predicate>top of</predicate></relation><relation><subject_id>2429739</subject_id><object_id>2429742</object_id><predicate>top of</predicate></relation><relation><subject_id>2429740</subject_id><object_id>2429742</object_id><predicate>top of</predicate></relation><relation><subject_id>2429741</subject_id><object_id>2429742</object_id><predicate>top of</predicate></relation></annotation>