<annotation><folder>VG_100K</folder><filename>2365040.jpg</filename><source><database>Visual Genome Version 1.2</database><image_id>2365040</image_id><coco_id>25668</coco_id><flickr_id>4954686833</flickr_id></source><size><width>500</width><height>375</height><depth>3</depth></size><segmented>0</segmented><object><name>people</name><object_id>636853</object_id><difficult>0</difficult><bndbox><xmin>96</xmin><ymin>154</ymin><xmax>445</xmax><ymax>374</ymax></bndbox><attribute>standing</attribute></object><object><name>umbrella</name><object_id>636854</object_id><difficult>0</difficult><bndbox><xmin>73</xmin><ymin>60</ymin><xmax>484</xmax><ymax>240</ymax></bndbox><attribute>white</attribute><attribute>black</attribute></object><object><name>jacket</name><object_id>636863</object_id><difficult>0</difficult><bndbox><xmin>258</xmin><ymin>248</ymin><xmax>483</xmax><ymax>375</ymax></bndbox><attribute>tan</attribute></object><object><name>poster</name><object_id>636866</object_id><difficult>0</difficult><bndbox><xmin>341</xmin><ymin>272</ymin><xmax>395</xmax><ymax>374</ymax></bndbox><attribute>blue</attribute></object><object><name>t-shirt</name><object_id>636872</object_id><difficult>0</difficult><bndbox><xmin>345</xmin><ymin>299</ymin><xmax>411</xmax><ymax>374</ymax></bndbox></object><relation><subject_id>636853</subject_id><object_id>636854</object_id><predicate>under a</predicate></relation><relation><subject_id>636853</subject_id><object_id>636854</object_id><predicate>under a</predicate></relation><relation><subject_id>636853</subject_id><object_id>636854</object_id><predicate>under a</predicate></relation><relation><subject_id>636866</subject_id><object_id>636863</object_id><predicate>sticking out of</predicate></relation><relation><subject_id>636866</subject_id><object_id>636872</object_id><predicate>sticking out of</predicate></relation></annotation>