<annotation><folder>VG_100K</folder><filename>2365243.jpg</filename><source><database>Visual Genome Version 1.2</database><image_id>2365243</image_id><coco_id>339368</coco_id><flickr_id>7949474982</flickr_id></source><size><width>500</width><height>326</height><depth>3</depth></size><segmented>0</segmented><object><name>building</name><object_id>635654</object_id><difficult>0</difficult><bndbox><xmin>294</xmin><ymin>116</ymin><xmax>357</xmax><ymax>207</ymax></bndbox></object><object><name>stairs</name><object_id>635671</object_id><difficult>0</difficult><bndbox><xmin>341</xmin><ymin>105</ymin><xmax>408</xmax><ymax>189</ymax></bndbox></object><relation><subject_id>635671</subject_id><object_id>635654</object_id><predicate>attached</predicate></relation></annotation>