<annotation><folder>VG_100K</folder><filename>2365294.jpg</filename><source><database>Visual Genome Version 1.2</database><image_id>2365294</image_id><coco_id>166880</coco_id><flickr_id>2364465087</flickr_id></source><size><width>375</width><height>500</height><depth>3</depth></size><segmented>0</segmented><object><name>bathroom</name><object_id>757366</object_id><difficult>0</difficult><bndbox><xmin>3</xmin><ymin>2</ymin><xmax>374</xmax><ymax>498</ymax></bndbox><attribute>white</attribute></object><object><name>bathtub</name><object_id>757367</object_id><difficult>0</difficult><bndbox><xmin>1</xmin><ymin>227</ymin><xmax>250</xmax><ymax>386</ymax></bndbox><attribute>white</attribute><attribute>ceramic</attribute></object><object><name>toilet</name><object_id>757368</object_id><difficult>0</difficult><bndbox><xmin>198</xmin><ymin>178</ymin><xmax>371</xmax><ymax>401</ymax></bndbox><attribute>white</attribute><attribute>ceramic</attribute><attribute>porcelain</attribute><attribute>clean</attribute></object><object><name>shower curtain</name><object_id>757370</object_id><difficult>0</difficult><bndbox><xmin>2</xmin><ymin>1</ymin><xmax>245</xmax><ymax>296</ymax></bndbox><attribute>blue</attribute><attribute>black</attribute><attribute>shiny</attribute><attribute>plastic</attribute></object><object><name>cabinet</name><object_id>757371</object_id><difficult>0</difficult><bndbox><xmin>303</xmin><ymin>313</ymin><xmax>375</xmax><ymax>499</ymax></bndbox></object><object><name>door knob</name><object_id>757378</object_id><difficult>0</difficult><bndbox><xmin>1</xmin><ymin>390</ymin><xmax>14</xmax><ymax>418</ymax></bndbox><attribute>metal</attribute><attribute>silver</attribute><attribute>metallic</attribute></object><object><name>knob</name><object_id>757377</object_id><difficult>0</difficult><bndbox><xmin>263</xmin><ymin>200</ymin><xmax>286</xmax><ymax>218</ymax></bndbox></object><relation><subject_id>757378</subject_id><object_id>757366</object_id><predicate>are inside</predicate></relation><relation><subject_id>757377</subject_id><object_id>757368</object_id><predicate>top of</predicate></relation><relation><subject_id>757371</subject_id><object_id>757366</object_id><predicate>are inside</predicate></relation><relation><subject_id>757370</subject_id><object_id>757367</object_id><predicate>are inside</predicate></relation></annotation>