<annotation><folder>VG_100K</folder><filename>2365162.jpg</filename><source><database>Visual Genome Version 1.2</database><image_id>2365162</image_id><coco_id>127924</coco_id><flickr_id>3706684286</flickr_id></source><size><width>331</width><height>500</height><depth>3</depth></size><segmented>0</segmented><object><name>hair</name><object_id>4069068</object_id><difficult>0</difficult><bndbox><xmin>147</xmin><ymin>81</ymin><xmax>198</xmax><ymax>127</ymax></bndbox></object><object><name>ears</name><object_id>4069067</object_id><difficult>0</difficult><bndbox><xmin>182</xmin><ymin>66</ymin><xmax>237</xmax><ymax>156</ymax></bndbox><attribute>pointed</attribute></object><relation><subject_id>4069067</subject_id><object_id>4069068</object_id><predicate>standing with</predicate></relation></annotation>