<annotation><folder>VG_100K</folder><filename>2365288.jpg</filename><source><database>Visual Genome Version 1.2</database><image_id>2365288</image_id><coco_id>110327</coco_id><flickr_id>1361852439</flickr_id></source><size><width>500</width><height>333</height><depth>3</depth></size><segmented>0</segmented><object><name>hot dog</name><object_id>757409</object_id><difficult>0</difficult><bndbox><xmin>132</xmin><ymin>74</ymin><xmax>484</xmax><ymax>330</ymax></bndbox></object><object><name>container</name><object_id>757410</object_id><difficult>0</difficult><bndbox><xmin>4</xmin><ymin>31</ymin><xmax>494</xmax><ymax>329</ymax></bndbox><attribute>white</attribute></object><object><name>french fries</name><object_id>757412</object_id><difficult>0</difficult><bndbox><xmin>22</xmin><ymin>45</ymin><xmax>306</xmax><ymax>219</ymax></bndbox><attribute>orange</attribute><attribute>piled</attribute><attribute>red</attribute><attribute>yellow</attribute></object><object><name>mustard</name><object_id>757414</object_id><difficult>0</difficult><bndbox><xmin>229</xmin><ymin>235</ymin><xmax>241</xmax><ymax>250</ymax></bndbox></object><object><name>french fry</name><object_id>757416</object_id><difficult>0</difficult><bndbox><xmin>52</xmin><ymin>97</ymin><xmax>252</xmax><ymax>163</ymax></bndbox></object><object><name>meat</name><object_id>757417</object_id><difficult>0</difficult><bndbox><xmin>152</xmin><ymin>265</ymin><xmax>209</xmax><ymax>306</ymax></bndbox></object><object><name>table</name><object_id>757422</object_id><difficult>0</difficult><bndbox><xmin>2</xmin><ymin>3</ymin><xmax>499</xmax><ymax>332</ymax></bndbox><attribute>wooden</attribute><attribute>brown</attribute></object><relation><subject_id>757409</subject_id><object_id>757410</object_id><predicate>are inside</predicate></relation><relation><subject_id>757414</subject_id><object_id>757409</object_id><predicate>top of</predicate></relation><relation><subject_id>757409</subject_id><object_id>757410</object_id><predicate>are inside</predicate></relation><relation><subject_id>757412</subject_id><object_id>757410</object_id><predicate>are inside</predicate></relation><relation><subject_id>757409</subject_id><object_id>757410</object_id><predicate>are inside</predicate></relation><relation><subject_id>757416</subject_id><object_id>757412</object_id><predicate>top of</predicate></relation><relation><subject_id>757410</subject_id><object_id>757422</object_id><predicate>top of</predicate></relation><relation><subject_id>757410</subject_id><object_id>757422</object_id><predicate>top of</predicate></relation><relation><subject_id>757412</subject_id><object_id>757410</object_id><predicate>are inside</predicate></relation><relation><subject_id>757409</subject_id><object_id>757410</object_id><predicate>are inside</predicate></relation><relation><subject_id>757417</subject_id><object_id>757409</object_id><predicate>are inside</predicate></relation></annotation>