<annotation><folder>VG_100K</folder><filename>2365145.jpg</filename><source><database>Visual Genome Version 1.2</database><image_id>2365145</image_id><coco_id>519365</coco_id><flickr_id>2892106186</flickr_id></source><size><width>337</width><height>500</height><depth>3</depth></size><segmented>0</segmented><object><name>asphalt</name><object_id>636312</object_id><difficult>0</difficult><bndbox><xmin>133</xmin><ymin>403</ymin><xmax>335</xmax><ymax>494</ymax></bndbox><attribute>wet</attribute></object><object><name>rails</name><object_id>636318</object_id><difficult>0</difficult><bndbox><xmin>114</xmin><ymin>362</ymin><xmax>336</xmax><ymax>409</ymax></bndbox><attribute>curved</attribute><attribute>metal</attribute><attribute>gray</attribute></object><relation><subject_id>636318</subject_id><object_id>636312</object_id><predicate>on other side of</predicate></relation></annotation>