<annotation><folder>VG_100K</folder><filename>2365339.jpg</filename><source><database>Visual Genome Version 1.2</database><image_id>2365339</image_id><coco_id>None</coco_id><flickr_id>5380326735</flickr_id></source><size><width>500</width><height>333</height><depth>3</depth></size><segmented>0</segmented><object><name>snow</name><object_id>3884751</object_id><difficult>0</difficult><bndbox><xmin>116</xmin><ymin>291</ymin><xmax>290</xmax><ymax>331</ymax></bndbox></object><object><name>plants</name><object_id>2577513</object_id><difficult>0</difficult><bndbox><xmin>269</xmin><ymin>281</ymin><xmax>323</xmax><ymax>331</ymax></bndbox></object><relation><subject_id>2577513</subject_id><object_id>3884751</object_id><predicate>sticking out of</predicate></relation></annotation>