<annotation><folder>VG_100K</folder><filename>2365110.jpg</filename><source><database>Visual Genome Version 1.2</database><image_id>2365110</image_id><coco_id>None</coco_id><flickr_id>9718801129</flickr_id></source><size><width>500</width><height>281</height><depth>3</depth></size><segmented>0</segmented><object><name>bus</name><object_id>2657873</object_id><difficult>0</difficult><bndbox><xmin>22</xmin><ymin>82</ymin><xmax>439</xmax><ymax>218</ymax></bndbox><attribute>orange</attribute><attribute>dark colored</attribute><attribute>black</attribute><attribute>tan</attribute></object><object><name>woman</name><object_id>2209678</object_id><difficult>0</difficult><bndbox><xmin>118</xmin><ymin>156</ymin><xmax>145</xmax><ymax>228</ymax></bndbox></object><object><name>horn</name><object_id>3886065</object_id><difficult>0</difficult><bndbox><xmin>379</xmin><ymin>80</ymin><xmax>397</xmax><ymax>96</ymax></bndbox></object><object><name>corner</name><object_id>3886066</object_id><difficult>0</difficult><bndbox><xmin>365</xmin><ymin>90</ymin><xmax>403</xmax><ymax>127</ymax></bndbox><attribute>top</attribute></object><relation><subject_id>2209678</subject_id><object_id>2657873</object_id><predicate>standing near</predicate></relation><relation><subject_id>3886065</subject_id><object_id>3886066</object_id><predicate>mounted on</predicate></relation></annotation>