<annotation><folder>VG_100K</folder><filename>2365197.jpg</filename><source><database>Visual Genome Version 1.2</database><image_id>2365197</image_id><coco_id>None</coco_id><flickr_id>5312575134</flickr_id></source><size><width>333</width><height>500</height><depth>3</depth></size><segmented>0</segmented><object><name>flag</name><object_id>635929</object_id><difficult>0</difficult><bndbox><xmin>162</xmin><ymin>113</ymin><xmax>179</xmax><ymax>135</ymax></bndbox><attribute>flying</attribute></object><object><name>pole</name><object_id>635930</object_id><difficult>0</difficult><bndbox><xmin>161</xmin><ymin>113</ymin><xmax>165</xmax><ymax>145</ymax></bndbox></object><object><name>building</name><object_id>635931</object_id><difficult>0</difficult><bndbox><xmin>0</xmin><ymin>124</ymin><xmax>331</xmax><ymax>498</ymax></bndbox><attribute>blue</attribute><attribute>red</attribute></object><object><name>tower</name><object_id>635941</object_id><difficult>0</difficult><bndbox><xmin>104</xmin><ymin>140</ymin><xmax>211</xmax><ymax>354</ymax></bndbox></object><relation><subject_id>635929</subject_id><object_id>635941</object_id><predicate>top of</predicate></relation><relation><subject_id>635929</subject_id><object_id>635930</object_id><predicate>attached</predicate></relation><relation><subject_id>635929</subject_id><object_id>635931</object_id><predicate>top of</predicate></relation><relation><subject_id>635930</subject_id><object_id>635931</object_id><predicate>top of</predicate></relation></annotation>