<annotation><folder>VG_100K</folder><filename>2365323.jpg</filename><source><database>Visual Genome Version 1.2</database><image_id>2365323</image_id><coco_id>None</coco_id><flickr_id>3724624587</flickr_id></source><size><width>500</width><height>333</height><depth>3</depth></size><segmented>0</segmented><object><name>banana</name><object_id>3487089</object_id><difficult>0</difficult><bndbox><xmin>174</xmin><ymin>35</ymin><xmax>346</xmax><ymax>181</ymax></bndbox></object><object><name>umbrella</name><object_id>3009807</object_id><difficult>0</difficult><bndbox><xmin>339</xmin><ymin>54</ymin><xmax>426</xmax><ymax>173</ymax></bndbox><attribute>small</attribute><attribute>green</attribute></object><object><name>bananas</name><object_id>3427849</object_id><difficult>0</difficult><bndbox><xmin>56</xmin><ymin>32</ymin><xmax>370</xmax><ymax>297</ymax></bndbox><attribute>green</attribute><attribute>yellow</attribute><attribute>bunch</attribute></object><object><name>stand</name><object_id>3884844</object_id><difficult>0</difficult><bndbox><xmin>29</xmin><ymin>2</ymin><xmax>499</xmax><ymax>327</ymax></bndbox><attribute>wooden</attribute></object><object><name>banana</name><object_id>1910844</object_id><difficult>0</difficult><bndbox><xmin>58</xmin><ymin>28</ymin><xmax>368</xmax><ymax>323</ymax></bndbox></object><object><name>banana</name><object_id>3884842</object_id><difficult>0</difficult><bndbox><xmin>54</xmin><ymin>19</ymin><xmax>373</xmax><ymax>293</ymax></bndbox></object><object><name>umbrella</name><object_id>3243678</object_id><difficult>0</difficult><bndbox><xmin>206</xmin><ymin>206</ymin><xmax>297</xmax><ymax>291</ymax></bndbox><attribute>small</attribute></object><object><name>banana</name><object_id>3009808</object_id><difficult>0</difficult><bndbox><xmin>186</xmin><ymin>31</ymin><xmax>358</xmax><ymax>176</ymax></bndbox></object><relation><subject_id>1910844</subject_id><object_id>3884844</object_id><predicate>sitting on a</predicate></relation><relation><subject_id>3243678</subject_id><object_id>3884842</object_id><predicate>stuck in</predicate></relation><relation><subject_id>3009807</subject_id><object_id>3009808</object_id><predicate>stuck in</predicate></relation><relation><subject_id>3487089</subject_id><object_id>3427849</object_id><predicate>attached</predicate></relation></annotation>