<annotation><folder>VG_100K</folder><filename>2365224.jpg</filename><source><database>Visual Genome Version 1.2</database><image_id>2365224</image_id><coco_id>482799</coco_id><flickr_id>7454143082</flickr_id></source><size><width>500</width><height>333</height><depth>3</depth></size><segmented>0</segmented><object><name>pillar</name><object_id>757621</object_id><difficult>0</difficult><bndbox><xmin>215</xmin><ymin>236</ymin><xmax>318</xmax><ymax>328</ymax></bndbox><attribute>cement</attribute></object><object><name>water</name><object_id>757622</object_id><difficult>0</difficult><bndbox><xmin>6</xmin><ymin>301</ymin><xmax>498</xmax><ymax>330</ymax></bndbox></object><object><name>bridge</name><object_id>757623</object_id><difficult>0</difficult><bndbox><xmin>5</xmin><ymin>67</ymin><xmax>489</xmax><ymax>240</ymax></bndbox><attribute>metal</attribute></object><object><name>pillar</name><object_id>757624</object_id><difficult>0</difficult><bndbox><xmin>52</xmin><ymin>248</ymin><xmax>120</xmax><ymax>308</ymax></bndbox><attribute>concrete</attribute></object><object><name>rail</name><object_id>757625</object_id><difficult>0</difficult><bndbox><xmin>116</xmin><ymin>60</ymin><xmax>499</xmax><ymax>155</ymax></bndbox><attribute>metal</attribute></object><relation><subject_id>757621</subject_id><object_id>757623</object_id><predicate>under a</predicate></relation><relation><subject_id>757622</subject_id><object_id>757623</object_id><predicate>under a</predicate></relation><relation><subject_id>757621</subject_id><object_id>757623</object_id><predicate>supporting</predicate></relation><relation><subject_id>757622</subject_id><object_id>757623</object_id><predicate>under a</predicate></relation><relation><subject_id>757625</subject_id><object_id>757623</object_id><predicate>beside</predicate></relation><relation><subject_id>757621</subject_id><object_id>757623</object_id><predicate>under a</predicate></relation><relation><subject_id>757624</subject_id><object_id>757623</object_id><predicate>under a</predicate></relation><relation><subject_id>757622</subject_id><object_id>757623</object_id><predicate>under a</predicate></relation></annotation>