<annotation><folder>VG_100K</folder><filename>2365299.jpg</filename><source><database>Visual Genome Version 1.2</database><image_id>2365299</image_id><coco_id>262442</coco_id><flickr_id>2596660687</flickr_id></source><size><width>500</width><height>375</height><depth>3</depth></size><segmented>0</segmented><object><name>bus</name><object_id>2345895</object_id><difficult>0</difficult><bndbox><xmin>55</xmin><ymin>96</ymin><xmax>474</xmax><ymax>312</ymax></bndbox><attribute>passenger</attribute><attribute>tall</attribute></object><object><name>street</name><object_id>1866095</object_id><difficult>0</difficult><bndbox><xmin>2</xmin><ymin>181</ymin><xmax>498</xmax><ymax>373</ymax></bndbox></object><relation><subject_id>2345895</subject_id><object_id>1866095</object_id><predicate>driving down</predicate></relation></annotation>