<annotation><folder>VG_100K</folder><filename>2365178.jpg</filename><source><database>Visual Genome Version 1.2</database><image_id>2365178</image_id><coco_id>None</coco_id><flickr_id>4609154234</flickr_id></source><size><width>500</width><height>375</height><depth>3</depth></size><segmented>0</segmented><object><name>bread</name><object_id>2227738</object_id><difficult>0</difficult><bndbox><xmin>261</xmin><ymin>97</ymin><xmax>388</xmax><ymax>162</ymax></bndbox></object><object><name>oven</name><object_id>2504874</object_id><difficult>0</difficult><bndbox><xmin>201</xmin><ymin>10</ymin><xmax>450</xmax><ymax>373</ymax></bndbox></object><object><name>bun</name><object_id>1941167</object_id><difficult>0</difficult><bndbox><xmin>261</xmin><ymin>96</ymin><xmax>318</xmax><ymax>146</ymax></bndbox><attribute>large</attribute></object><object><name>man</name><object_id>1941168</object_id><difficult>0</difficult><bndbox><xmin>65</xmin><ymin>32</ymin><xmax>187</xmax><ymax>177</ymax></bndbox></object><object><name>man</name><object_id>2086672</object_id><difficult>0</difficult><bndbox><xmin>0</xmin><ymin>18</ymin><xmax>290</xmax><ymax>371</ymax></bndbox></object><object><name>bread</name><object_id>1997396</object_id><difficult>0</difficult><bndbox><xmin>259</xmin><ymin>90</ymin><xmax>316</xmax><ymax>145</ymax></bndbox></object><relation><subject_id>2227738</subject_id><object_id>2504874</object_id><predicate>are inside</predicate></relation><relation><subject_id>1941168</subject_id><object_id>1941167</object_id><predicate>touching</predicate></relation><relation><subject_id>2086672</subject_id><object_id>1997396</object_id><predicate>touching</predicate></relation></annotation>