<annotation><folder>VG_100K</folder><filename>2365204.jpg</filename><source><database>Visual Genome Version 1.2</database><image_id>2365204</image_id><coco_id>9322</coco_id><flickr_id>5799385934</flickr_id></source><size><width>500</width><height>333</height><depth>3</depth></size><segmented>0</segmented><object><name>surfer</name><object_id>635872</object_id><difficult>0</difficult><bndbox><xmin>303</xmin><ymin>103</ymin><xmax>342</xmax><ymax>142</ymax></bndbox><attribute>male</attribute></object><object><name>surfboard</name><object_id>635874</object_id><difficult>0</difficult><bndbox><xmin>286</xmin><ymin>131</ymin><xmax>318</xmax><ymax>150</ymax></bndbox><attribute>white</attribute></object><object><name>ocean</name><object_id>635875</object_id><difficult>0</difficult><bndbox><xmin>1</xmin><ymin>83</ymin><xmax>499</xmax><ymax>325</ymax></bndbox></object><object><name>wave</name><object_id>635876</object_id><difficult>0</difficult><bndbox><xmin>221</xmin><ymin>97</ymin><xmax>499</xmax><ymax>186</ymax></bndbox><attribute>big</attribute><attribute>green</attribute></object><object><name>foam</name><object_id>635877</object_id><difficult>0</difficult><bndbox><xmin>3</xmin><ymin>205</ymin><xmax>500</xmax><ymax>331</ymax></bndbox><attribute>white</attribute></object><object><name>foot</name><object_id>635881</object_id><difficult>0</difficult><bndbox><xmin>301</xmin><ymin>135</ymin><xmax>310</xmax><ymax>144</ymax></bndbox></object><relation><subject_id>635874</subject_id><object_id>635875</object_id><predicate>top of</predicate></relation><relation><subject_id>635872</subject_id><object_id>635874</object_id><predicate>surfing in</predicate></relation><relation><subject_id>635872</subject_id><object_id>635876</object_id><predicate>surfing in</predicate></relation><relation><subject_id>635877</subject_id><object_id>635875</object_id><predicate>top of</predicate></relation><relation><subject_id>635872</subject_id><object_id>635875</object_id><predicate>top of</predicate></relation><relation><subject_id>635872</subject_id><object_id>635876</object_id><predicate>surfing in</predicate></relation><relation><subject_id>635881</subject_id><object_id>635874</object_id><predicate>top of</predicate></relation><relation><subject_id>635874</subject_id><object_id>635876</object_id><predicate>top of</predicate></relation><relation><subject_id>635872</subject_id><object_id>635874</object_id><predicate>top of</predicate></relation><relation><subject_id>635872</subject_id><object_id>635876</object_id><predicate>catching</predicate></relation><relation><subject_id>635872</subject_id><object_id>635876</object_id><predicate>surfing in</predicate></relation></annotation>