<annotation><folder>VG_100K</folder><filename>2365185.jpg</filename><source><database>Visual Genome Version 1.2</database><image_id>2365185</image_id><coco_id>153123</coco_id><flickr_id>4792510134</flickr_id></source><size><width>375</width><height>500</height><depth>3</depth></size><segmented>0</segmented><object><name>shirt</name><object_id>2570751</object_id><difficult>0</difficult><bndbox><xmin>0</xmin><ymin>196</ymin><xmax>373</xmax><ymax>499</ymax></bndbox><attribute>striped</attribute></object><object><name>vest</name><object_id>2470695</object_id><difficult>0</difficult><bndbox><xmin>12</xmin><ymin>232</ymin><xmax>344</xmax><ymax>497</ymax></bndbox><attribute>gray</attribute></object><relation><subject_id>2570751</subject_id><object_id>2470695</object_id><predicate>under a</predicate></relation></annotation>