<annotation><folder>VG_100K</folder><filename>2365383.jpg</filename><source><database>Visual Genome Version 1.2</database><image_id>2365383</image_id><coco_id>576080</coco_id><flickr_id>8288721583</flickr_id></source><size><width>500</width><height>500</height><depth>3</depth></size><segmented>0</segmented><object><name>toilet</name><object_id>757137</object_id><difficult>0</difficult><bndbox><xmin>1</xmin><ymin>328</ymin><xmax>230</xmax><ymax>499</ymax></bndbox><attribute>oval</attribute><attribute>white</attribute></object><object><name>handle</name><object_id>757138</object_id><difficult>0</difficult><bndbox><xmin>268</xmin><ymin>246</ymin><xmax>287</xmax><ymax>271</ymax></bndbox><attribute>metal</attribute></object><object><name>telephone</name><object_id>757139</object_id><difficult>0</difficult><bndbox><xmin>176</xmin><ymin>11</ymin><xmax>290</xmax><ymax>132</ymax></bndbox></object><object><name>wall</name><object_id>757140</object_id><difficult>0</difficult><bndbox><xmin>3</xmin><ymin>0</ymin><xmax>496</xmax><ymax>285</ymax></bndbox></object><object><name>tank</name><object_id>757145</object_id><difficult>0</difficult><bndbox><xmin>217</xmin><ymin>244</ymin><xmax>409</xmax><ymax>473</ymax></bndbox></object><object><name>wall</name><object_id>757146</object_id><difficult>0</difficult><bndbox><xmin>181</xmin><ymin>12</ymin><xmax>499</xmax><ymax>439</ymax></bndbox></object><relation><subject_id>757139</subject_id><object_id>757140</object_id><predicate>mounted on</predicate></relation><relation><subject_id>757145</subject_id><object_id>757146</object_id><predicate>against</predicate></relation><relation><subject_id>757145</subject_id><object_id>757137</object_id><predicate>on back of</predicate></relation><relation><subject_id>757138</subject_id><object_id>757145</object_id><predicate>on other side of</predicate></relation><relation><subject_id>757139</subject_id><object_id>757140</object_id><predicate>hanging on a</predicate></relation><relation><subject_id>757137</subject_id><object_id>757146</object_id><predicate>against</predicate></relation></annotation>