<annotation><folder>VG_100K</folder><filename>2365242.jpg</filename><source><database>Visual Genome Version 1.2</database><image_id>2365242</image_id><coco_id>None</coco_id><flickr_id>7927447382</flickr_id></source><size><width>500</width><height>281</height><depth>3</depth></size><segmented>0</segmented><object><name>cow</name><object_id>757542</object_id><difficult>0</difficult><bndbox><xmin>122</xmin><ymin>65</ymin><xmax>426</xmax><ymax>205</ymax></bndbox><attribute>brown</attribute><attribute>white</attribute></object><object><name>harness</name><object_id>757543</object_id><difficult>0</difficult><bndbox><xmin>156</xmin><ymin>82</ymin><xmax>237</xmax><ymax>170</ymax></bndbox><attribute>red</attribute></object><object><name>rope</name><object_id>757544</object_id><difficult>0</difficult><bndbox><xmin>2</xmin><ymin>168</ymin><xmax>106</xmax><ymax>209</ymax></bndbox><attribute>blue</attribute><attribute>black</attribute><attribute>green</attribute></object><object><name>ear</name><object_id>757547</object_id><difficult>0</difficult><bndbox><xmin>277</xmin><ymin>73</ymin><xmax>333</xmax><ymax>125</ymax></bndbox><attribute>pink</attribute></object><object><name>person</name><object_id>757549</object_id><difficult>0</difficult><bndbox><xmin>402</xmin><ymin>156</ymin><xmax>493</xmax><ymax>264</ymax></bndbox></object><object><name>fence</name><object_id>757557</object_id><difficult>0</difficult><bndbox><xmin>85</xmin><ymin>196</ymin><xmax>448</xmax><ymax>270</ymax></bndbox><attribute>wooden</attribute></object><object><name>skin</name><object_id>757561</object_id><difficult>0</difficult><bndbox><xmin>291</xmin><ymin>95</ymin><xmax>314</xmax><ymax>113</ymax></bndbox><attribute>pink</attribute></object><object><name>rings</name><object_id>757570</object_id><difficult>0</difficult><bndbox><xmin>104</xmin><ymin>159</ymin><xmax>157</xmax><ymax>179</ymax></bndbox><attribute>metal</attribute></object><relation><subject_id>757544</subject_id><object_id>757543</object_id><predicate>tied around</predicate></relation><relation><subject_id>757561</subject_id><object_id>757547</object_id><predicate>are inside</predicate></relation><relation><subject_id>757549</subject_id><object_id>757557</object_id><predicate>hanging on a</predicate></relation><relation><subject_id>757544</subject_id><object_id>757542</object_id><predicate>attached</predicate></relation><relation><subject_id>757570</subject_id><object_id>757542</object_id><predicate>between</predicate></relation><relation><subject_id>757570</subject_id><object_id>757544</object_id><predicate>between</predicate></relation></annotation>