<annotation><folder>VG_100K</folder><filename>2365209.jpg</filename><source><database>Visual Genome Version 1.2</database><image_id>2365209</image_id><coco_id>177861</coco_id><flickr_id>6125089634</flickr_id></source><size><width>375</width><height>500</height><depth>3</depth></size><segmented>0</segmented><object><name>building</name><object_id>2585760</object_id><difficult>0</difficult><bndbox><xmin>234</xmin><ymin>128</ymin><xmax>326</xmax><ymax>201</ymax></bndbox><attribute>old</attribute></object><object><name>building</name><object_id>2585761</object_id><difficult>0</difficult><bndbox><xmin>77</xmin><ymin>81</ymin><xmax>239</xmax><ymax>220</ymax></bndbox><attribute>old</attribute></object><object><name>sidewalk</name><object_id>2585762</object_id><difficult>0</difficult><bndbox><xmin>133</xmin><ymin>228</ymin><xmax>226</xmax><ymax>247</ymax></bndbox></object><relation><subject_id>2585760</subject_id><object_id>2585762</object_id><predicate>beyond</predicate></relation><relation><subject_id>2585761</subject_id><object_id>2585762</object_id><predicate>beyond</predicate></relation></annotation>