<annotation><folder>VG_100K</folder><filename>2365121.jpg</filename><source><database>Visual Genome Version 1.2</database><image_id>2365121</image_id><coco_id>None</coco_id><flickr_id>394838838</flickr_id></source><size><width>500</width><height>333</height><depth>3</depth></size><segmented>0</segmented><object><name>oven</name><object_id>2189432</object_id><difficult>0</difficult><bndbox><xmin>4</xmin><ymin>0</ymin><xmax>499</xmax><ymax>332</ymax></bndbox><attribute>black</attribute></object><object><name>cabinet</name><object_id>3885988</object_id><difficult>0</difficult><bndbox><xmin>1</xmin><ymin>1</ymin><xmax>57</xmax><ymax>331</ymax></bndbox><attribute>wooden</attribute></object><object><name>wall</name><object_id>1696293</object_id><difficult>0</difficult><bndbox><xmin>198</xmin><ymin>92</ymin><xmax>327</xmax><ymax>119</ymax></bndbox><attribute>black</attribute></object><object><name>oven</name><object_id>1696294</object_id><difficult>0</difficult><bndbox><xmin>158</xmin><ymin>70</ymin><xmax>413</xmax><ymax>310</ymax></bndbox></object><object><name>ridge</name><object_id>3885986</object_id><difficult>0</difficult><bndbox><xmin>110</xmin><ymin>193</ymin><xmax>145</xmax><ymax>230</ymax></bndbox><attribute>raised</attribute></object><object><name>ridge</name><object_id>3885985</object_id><difficult>0</difficult><bndbox><xmin>112</xmin><ymin>169</ymin><xmax>146</xmax><ymax>197</ymax></bndbox><attribute>raised</attribute></object><object><name>ridge</name><object_id>3885984</object_id><difficult>0</difficult><bndbox><xmin>108</xmin><ymin>149</ymin><xmax>147</xmax><ymax>169</ymax></bndbox><attribute>raised</attribute></object><object><name>ridge</name><object_id>3885983</object_id><difficult>0</difficult><bndbox><xmin>108</xmin><ymin>128</ymin><xmax>147</xmax><ymax>140</ymax></bndbox><attribute>raised</attribute></object><object><name>ridge</name><object_id>3885982</object_id><difficult>0</difficult><bndbox><xmin>101</xmin><ymin>101</ymin><xmax>144</xmax><ymax>112</ymax></bndbox><attribute>raised</attribute></object><object><name>wall</name><object_id>3885981</object_id><difficult>0</difficult><bndbox><xmin>93</xmin><ymin>47</ymin><xmax>151</xmax><ymax>262</ymax></bndbox></object><object><name>lid</name><object_id>3885987</object_id><difficult>0</difficult><bndbox><xmin>213</xmin><ymin>123</ymin><xmax>299</xmax><ymax>146</ymax></bndbox></object><object><name>handle</name><object_id>2439239</object_id><difficult>0</difficult><bndbox><xmin>240</xmin><ymin>124</ymin><xmax>274</xmax><ymax>143</ymax></bndbox><attribute>curved</attribute></object><object><name>oven</name><object_id>1731711</object_id><difficult>0</difficult><bndbox><xmin>62</xmin><ymin>3</ymin><xmax>467</xmax><ymax>291</ymax></bndbox><attribute>open</attribute></object><object><name>pot</name><object_id>1731710</object_id><difficult>0</difficult><bndbox><xmin>194</xmin><ymin>123</ymin><xmax>326</xmax><ymax>185</ymax></bndbox></object><object><name>shelf</name><object_id>1970873</object_id><difficult>0</difficult><bndbox><xmin>109</xmin><ymin>165</ymin><xmax>406</xmax><ymax>199</ymax></bndbox></object><object><name>door</name><object_id>1803512</object_id><difficult>0</difficult><bndbox><xmin>77</xmin><ymin>236</ymin><xmax>482</xmax><ymax>318</ymax></bndbox></object><object><name>oven</name><object_id>1803513</object_id><difficult>0</difficult><bndbox><xmin>100</xmin><ymin>73</ymin><xmax>440</xmax><ymax>230</ymax></bndbox></object><object><name>door</name><object_id>1791450</object_id><difficult>0</difficult><bndbox><xmin>0</xmin><ymin>20</ymin><xmax>68</xmax><ymax>310</ymax></bndbox></object><object><name>pot</name><object_id>3885990</object_id><difficult>0</difficult><bndbox><xmin>190</xmin><ymin>137</ymin><xmax>322</xmax><ymax>180</ymax></bndbox></object><object><name>pan</name><object_id>2251731</object_id><difficult>0</difficult><bndbox><xmin>202</xmin><ymin>135</ymin><xmax>292</xmax><ymax>176</ymax></bndbox></object><object><name>oven</name><object_id>2251732</object_id><difficult>0</difficult><bndbox><xmin>89</xmin><ymin>31</ymin><xmax>426</xmax><ymax>331</ymax></bndbox></object><object><name>rack</name><object_id>3885995</object_id><difficult>0</difficult><bndbox><xmin>164</xmin><ymin>165</ymin><xmax>347</xmax><ymax>190</ymax></bndbox></object><object><name>rack</name><object_id>3885994</object_id><difficult>0</difficult><bndbox><xmin>107</xmin><ymin>162</ymin><xmax>412</xmax><ymax>197</ymax></bndbox></object><object><name>rack</name><object_id>3885993</object_id><difficult>0</difficult><bndbox><xmin>108</xmin><ymin>181</ymin><xmax>406</xmax><ymax>222</ymax></bndbox></object><object><name>rack</name><object_id>1807859</object_id><difficult>0</difficult><bndbox><xmin>145</xmin><ymin>175</ymin><xmax>397</xmax><ymax>215</ymax></bndbox></object><object><name>pan</name><object_id>1807860</object_id><difficult>0</difficult><bndbox><xmin>196</xmin><ymin>81</ymin><xmax>318</xmax><ymax>179</ymax></bndbox></object><object><name>bottom</name><object_id>3885997</object_id><difficult>0</difficult><bndbox><xmin>109</xmin><ymin>202</ymin><xmax>415</xmax><ymax>264</ymax></bndbox></object><object><name>burner</name><object_id>1842090</object_id><difficult>0</difficult><bndbox><xmin>152</xmin><ymin>209</ymin><xmax>343</xmax><ymax>271</ymax></bndbox></object><object><name>hook</name><object_id>2412391</object_id><difficult>0</difficult><bndbox><xmin>197</xmin><ymin>47</ymin><xmax>309</xmax><ymax>70</ymax></bndbox></object><object><name>pan</name><object_id>1823263</object_id><difficult>0</difficult><bndbox><xmin>196</xmin><ymin>119</ymin><xmax>328</xmax><ymax>196</ymax></bndbox></object><relation><subject_id>1696293</subject_id><object_id>1696294</object_id><predicate>supporting</predicate></relation><relation><subject_id>3885986</subject_id><object_id>3885981</object_id><predicate>built into</predicate></relation><relation><subject_id>3885985</subject_id><object_id>3885981</object_id><predicate>built into</predicate></relation><relation><subject_id>3885984</subject_id><object_id>3885981</object_id><predicate>built into</predicate></relation><relation><subject_id>3885983</subject_id><object_id>3885981</object_id><predicate>built into</predicate></relation><relation><subject_id>3885982</subject_id><object_id>3885981</object_id><predicate>built into</predicate></relation><relation><subject_id>2439239</subject_id><object_id>3885987</object_id><predicate>attached</predicate></relation><relation><subject_id>1731710</subject_id><object_id>1970873</object_id><predicate>top of</predicate></relation><relation><subject_id>1970873</subject_id><object_id>1731711</object_id><predicate>belonging to</predicate></relation><relation><subject_id>1731710</subject_id><object_id>1731711</object_id><predicate>are inside</predicate></relation><relation><subject_id>1803512</subject_id><object_id>1803513</object_id><predicate>leading to</predicate></relation><relation><subject_id>1791450</subject_id><object_id>3885988</object_id><predicate>leading to</predicate></relation><relation><subject_id>3885990</subject_id><object_id>2189432</object_id><predicate>are inside</predicate></relation><relation><subject_id>2251731</subject_id><object_id>2251732</object_id><predicate>are inside</predicate></relation><relation><subject_id>3885995</subject_id><object_id>2189432</object_id><predicate>are inside</predicate></relation><relation><subject_id>3885994</subject_id><object_id>2189432</object_id><predicate>are inside</predicate></relation><relation><subject_id>3885993</subject_id><object_id>2189432</object_id><predicate>are inside</predicate></relation><relation><subject_id>1807860</subject_id><object_id>1807859</object_id><predicate>top of</predicate></relation><relation><subject_id>1842090</subject_id><object_id>3885997</object_id><predicate>built into</predicate></relation><relation><subject_id>2412391</subject_id><object_id>2189432</object_id><predicate>mounted on</predicate></relation><relation><subject_id>1823263</subject_id><object_id>2189432</object_id><predicate>are inside</predicate></relation></annotation>