<annotation><folder>VG_100K</folder><filename>2365316.jpg</filename><source><database>Visual Genome Version 1.2</database><image_id>2365316</image_id><coco_id>None</coco_id><flickr_id>3329549487</flickr_id></source><size><width>500</width><height>362</height><depth>3</depth></size><segmented>0</segmented><object><name>man</name><object_id>2647161</object_id><difficult>0</difficult><bndbox><xmin>258</xmin><ymin>12</ymin><xmax>485</xmax><ymax>333</ymax></bndbox></object><object><name>player</name><object_id>1814690</object_id><difficult>0</difficult><bndbox><xmin>255</xmin><ymin>15</ymin><xmax>482</xmax><ymax>329</ymax></bndbox></object><object><name>ball</name><object_id>1739344</object_id><difficult>0</difficult><bndbox><xmin>143</xmin><ymin>187</ymin><xmax>158</xmax><ymax>202</ymax></bndbox></object><object><name>racket</name><object_id>1886745</object_id><difficult>0</difficult><bndbox><xmin>317</xmin><ymin>196</ymin><xmax>389</xmax><ymax>268</ymax></bndbox></object><relation><subject_id>1814690</subject_id><object_id>1739344</object_id><predicate>hitting</predicate></relation><relation><subject_id>2647161</subject_id><object_id>1886745</object_id><predicate>swinging</predicate></relation></annotation>