<annotation><folder>VG_100K</folder><filename>2365258.jpg</filename><source><database>Visual Genome Version 1.2</database><image_id>2365258</image_id><coco_id>296225</coco_id><flickr_id>8730804330</flickr_id></source><size><width>500</width><height>331</height><depth>3</depth></size><segmented>0</segmented><object><name>stripe</name><object_id>635546</object_id><difficult>0</difficult><bndbox><xmin>351</xmin><ymin>117</ymin><xmax>431</xmax><ymax>271</ymax></bndbox></object><object><name>stripe</name><object_id>635547</object_id><difficult>0</difficult><bndbox><xmin>363</xmin><ymin>117</ymin><xmax>445</xmax><ymax>271</ymax></bndbox></object><object><name>body</name><object_id>635557</object_id><difficult>0</difficult><bndbox><xmin>233</xmin><ymin>99</ymin><xmax>499</xmax><ymax>329</ymax></bndbox></object><relation><subject_id>635546</subject_id><object_id>635557</object_id><predicate>on other side of</predicate></relation><relation><subject_id>635547</subject_id><object_id>635557</object_id><predicate>on other side of</predicate></relation></annotation>