<annotation><folder>VG_100K</folder><filename>2365272.jpg</filename><source><database>Visual Genome Version 1.2</database><image_id>2365272</image_id><coco_id>483945</coco_id><flickr_id>9734119930</flickr_id></source><size><width>333</width><height>500</height><depth>3</depth></size><segmented>0</segmented><object><name>light</name><object_id>757452</object_id><difficult>0</difficult><bndbox><xmin>212</xmin><ymin>188</ymin><xmax>238</xmax><ymax>264</ymax></bndbox><attribute>on</attribute></object><object><name>headboard</name><object_id>757453</object_id><difficult>0</difficult><bndbox><xmin>3</xmin><ymin>167</ymin><xmax>252</xmax><ymax>323</ymax></bndbox><attribute>brown</attribute><attribute>gold</attribute><attribute>red</attribute></object><relation><subject_id>757452</subject_id><object_id>757453</object_id><predicate>beside</predicate></relation></annotation>