<annotation><folder>VG_100K</folder><filename>2365191.jpg</filename><source><database>Visual Genome Version 1.2</database><image_id>2365191</image_id><coco_id>111131</coco_id><flickr_id>5001270434</flickr_id></source><size><width>500</width><height>374</height><depth>3</depth></size><segmented>0</segmented><object><name>dog</name><object_id>4068858</object_id><difficult>0</difficult><bndbox><xmin>250</xmin><ymin>137</ymin><xmax>498</xmax><ymax>366</ymax></bndbox><attribute>tan</attribute><attribute>light brown</attribute><attribute>yellow</attribute><attribute>one</attribute></object><object><name>tongue</name><object_id>4068848</object_id><difficult>0</difficult><bndbox><xmin>254</xmin><ymin>70</ymin><xmax>301</xmax><ymax>122</ymax></bndbox></object><object><name>dog</name><object_id>4068847</object_id><difficult>0</difficult><bndbox><xmin>248</xmin><ymin>4</ymin><xmax>498</xmax><ymax>135</ymax></bndbox></object><object><name>ground</name><object_id>4068852</object_id><difficult>0</difficult><bndbox><xmin>4</xmin><ymin>5</ymin><xmax>498</xmax><ymax>371</ymax></bndbox></object><object><name>bowl</name><object_id>4068851</object_id><difficult>0</difficult><bndbox><xmin>221</xmin><ymin>236</ymin><xmax>321</xmax><ymax>295</ymax></bndbox></object><object><name>bowl</name><object_id>4068859</object_id><difficult>0</difficult><bndbox><xmin>219</xmin><ymin>219</ymin><xmax>297</xmax><ymax>281</ymax></bndbox><attribute>silver</attribute></object><object><name>harness</name><object_id>4068867</object_id><difficult>0</difficult><bndbox><xmin>292</xmin><ymin>139</ymin><xmax>370</xmax><ymax>262</ymax></bndbox><attribute>one</attribute></object><object><name>buckle</name><object_id>4068866</object_id><difficult>0</difficult><bndbox><xmin>303</xmin><ymin>170</ymin><xmax>323</xmax><ymax>193</ymax></bndbox><attribute>silver</attribute></object><relation><subject_id>4068848</subject_id><object_id>4068847</object_id><predicate>sticking out of</predicate></relation><relation><subject_id>4068851</subject_id><object_id>4068852</object_id><predicate>sitting on a</predicate></relation><relation><subject_id>4068858</subject_id><object_id>4068859</object_id><predicate>eating from</predicate></relation><relation><subject_id>4068866</subject_id><object_id>4068867</object_id><predicate>attached</predicate></relation></annotation>