<annotation><folder>VG_100K</folder><filename>2365335.jpg</filename><source><database>Visual Genome Version 1.2</database><image_id>2365335</image_id><coco_id>6701</coco_id><flickr_id>4949609735</flickr_id></source><size><width>500</width><height>375</height><depth>3</depth></size><segmented>0</segmented><object><name>road</name><object_id>2588535</object_id><difficult>0</difficult><bndbox><xmin>2</xmin><ymin>130</ymin><xmax>362</xmax><ymax>222</ymax></bndbox></object><object><name>trees</name><object_id>2590831</object_id><difficult>0</difficult><bndbox><xmin>7</xmin><ymin>1</ymin><xmax>240</xmax><ymax>155</ymax></bndbox></object><object><name>trees</name><object_id>2590832</object_id><difficult>0</difficult><bndbox><xmin>230</xmin><ymin>4</ymin><xmax>490</xmax><ymax>163</ymax></bndbox></object><relation><subject_id>2590831</subject_id><object_id>2588535</object_id><predicate>on other side of</predicate></relation><relation><subject_id>2590832</subject_id><object_id>2588535</object_id><predicate>on other side of</predicate></relation></annotation>