<annotation><folder>VG_100K</folder><filename>2365087.jpg</filename><source><database>Visual Genome Version 1.2</database><image_id>2365087</image_id><coco_id>275242</coco_id><flickr_id>8306974781</flickr_id></source><size><width>333</width><height>500</height><depth>3</depth></size><segmented>0</segmented><object><name>object</name><object_id>2438014</object_id><difficult>0</difficult><bndbox><xmin>223</xmin><ymin>304</ymin><xmax>232</xmax><ymax>320</ymax></bndbox></object><object><name>window</name><object_id>2438015</object_id><difficult>0</difficult><bndbox><xmin>214</xmin><ymin>254</ymin><xmax>238</xmax><ymax>358</ymax></bndbox></object><relation><subject_id>2438014</subject_id><object_id>2438015</object_id><predicate>attached</predicate></relation></annotation>