<annotation><folder>VG_100K</folder><filename>2365170.jpg</filename><source><database>Visual Genome Version 1.2</database><image_id>2365170</image_id><coco_id>6066</coco_id><flickr_id>4042810286</flickr_id></source><size><width>500</width><height>500</height><depth>3</depth></size><segmented>0</segmented><object><name>tower</name><object_id>2248880</object_id><difficult>0</difficult><bndbox><xmin>194</xmin><ymin>224</ymin><xmax>391</xmax><ymax>497</ymax></bndbox></object><object><name>clocks</name><object_id>2009034</object_id><difficult>0</difficult><bndbox><xmin>198</xmin><ymin>280</ymin><xmax>358</xmax><ymax>400</ymax></bndbox><attribute>big</attribute></object><relation><subject_id>2009034</subject_id><object_id>2248880</object_id><predicate>top of</predicate></relation></annotation>