<annotation><folder>VG_100K</folder><filename>2365021.jpg</filename><source><database>Visual Genome Version 1.2</database><image_id>2365021</image_id><coco_id>62459</coco_id><flickr_id>3835293885</flickr_id></source><size><width>376</width><height>500</height><depth>3</depth></size><segmented>0</segmented><object><name>grass</name><object_id>1690097</object_id><difficult>0</difficult><bndbox><xmin>13</xmin><ymin>332</ymin><xmax>33</xmax><ymax>347</ymax></bndbox><attribute>green</attribute></object><object><name>fence</name><object_id>2381736</object_id><difficult>0</difficult><bndbox><xmin>1</xmin><ymin>181</ymin><xmax>28</xmax><ymax>353</ymax></bndbox><attribute>white</attribute></object><relation><subject_id>1690097</subject_id><object_id>2381736</object_id><predicate>under a</predicate></relation></annotation>