<annotation><folder>VG_100K</folder><filename>2365321.jpg</filename><source><database>Visual Genome Version 1.2</database><image_id>2365321</image_id><coco_id>None</coco_id><flickr_id>3535986487</flickr_id></source><size><width>500</width><height>375</height><depth>3</depth></size><segmented>0</segmented><object><name>pizza</name><object_id>635016</object_id><difficult>0</difficult><bndbox><xmin>23</xmin><ymin>270</ymin><xmax>127</xmax><ymax>361</ymax></bndbox></object><object><name>plate</name><object_id>635017</object_id><difficult>0</difficult><bndbox><xmin>18</xmin><ymin>255</ymin><xmax>155</xmax><ymax>367</ymax></bndbox></object><object><name>table</name><object_id>635018</object_id><difficult>0</difficult><bndbox><xmin>16</xmin><ymin>182</ymin><xmax>230</xmax><ymax>373</ymax></bndbox></object><relation><subject_id>635017</subject_id><object_id>635018</object_id><predicate>top of</predicate></relation><relation><subject_id>635017</subject_id><object_id>635016</object_id><predicate>top of</predicate></relation></annotation>