<annotation><folder>VG_100K</folder><filename>2365265.jpg</filename><source><database>Visual Genome Version 1.2</database><image_id>2365265</image_id><coco_id>332627</coco_id><flickr_id>9359629730</flickr_id></source><size><width>500</width><height>332</height><depth>3</depth></size><segmented>0</segmented><object><name>motorcycle</name><object_id>1718248</object_id><difficult>0</difficult><bndbox><xmin>1</xmin><ymin>122</ymin><xmax>66</xmax><ymax>194</ymax></bndbox></object><object><name>fence</name><object_id>2466194</object_id><difficult>0</difficult><bndbox><xmin>2</xmin><ymin>0</ymin><xmax>497</xmax><ymax>331</ymax></bndbox></object><relation><subject_id>1718248</subject_id><object_id>2466194</object_id><predicate>beyond</predicate></relation></annotation>