<annotation><folder>VG_100K</folder><filename>2365295.jpg</filename><source><database>Visual Genome Version 1.2</database><image_id>2365295</image_id><coco_id>None</coco_id><flickr_id>2483527387</flickr_id></source><size><width>355</width><height>500</height><depth>3</depth></size><segmented>0</segmented><object><name>kite</name><object_id>635268</object_id><difficult>0</difficult><bndbox><xmin>43</xmin><ymin>122</ymin><xmax>81</xmax><ymax>173</ymax></bndbox><attribute>blue</attribute><attribute>pink</attribute><attribute>flying</attribute></object><object><name>sky</name><object_id>635269</object_id><difficult>0</difficult><bndbox><xmin>1</xmin><ymin>1</ymin><xmax>354</xmax><ymax>348</ymax></bndbox><attribute>blue</attribute><attribute>gray</attribute><attribute>clear</attribute><attribute>cloudless</attribute></object><object><name>man</name><object_id>635270</object_id><difficult>0</difficult><bndbox><xmin>267</xmin><ymin>320</ymin><xmax>313</xmax><ymax>404</ymax></bndbox></object><object><name>cap</name><object_id>635273</object_id><difficult>0</difficult><bndbox><xmin>235</xmin><ymin>364</ymin><xmax>259</xmax><ymax>372</ymax></bndbox><attribute>small</attribute><attribute>white</attribute></object><object><name>water</name><object_id>635274</object_id><difficult>0</difficult><bndbox><xmin>1</xmin><ymin>346</ymin><xmax>354</xmax><ymax>417</ymax></bndbox><attribute>blue</attribute></object><object><name>cap</name><object_id>635275</object_id><difficult>0</difficult><bndbox><xmin>317</xmin><ymin>364</ymin><xmax>327</xmax><ymax>369</ymax></bndbox><attribute>small</attribute><attribute>white</attribute></object><object><name>cap</name><object_id>635276</object_id><difficult>0</difficult><bndbox><xmin>348</xmin><ymin>364</ymin><xmax>354</xmax><ymax>368</ymax></bndbox><attribute>small</attribute><attribute>white</attribute></object><object><name>tracks</name><object_id>635280</object_id><difficult>0</difficult><bndbox><xmin>1</xmin><ymin>402</ymin><xmax>354</xmax><ymax>499</ymax></bndbox></object><object><name>sand</name><object_id>635281</object_id><difficult>0</difficult><bndbox><xmin>1</xmin><ymin>401</ymin><xmax>354</xmax><ymax>500</ymax></bndbox><attribute>brown</attribute></object><object><name>shoe</name><object_id>635285</object_id><difficult>0</difficult><bndbox><xmin>300</xmin><ymin>399</ymin><xmax>311</xmax><ymax>407</ymax></bndbox></object><object><name>left foot</name><object_id>635286</object_id><difficult>0</difficult><bndbox><xmin>301</xmin><ymin>399</ymin><xmax>311</xmax><ymax>407</ymax></bndbox></object><relation><subject_id>635268</subject_id><object_id>635269</object_id><predicate>against</predicate></relation><relation><subject_id>635270</subject_id><object_id>635268</object_id><predicate>flying in</predicate></relation><relation><subject_id>635273</subject_id><object_id>635274</object_id><predicate>visible on</predicate></relation><relation><subject_id>635275</subject_id><object_id>635274</object_id><predicate>visible on</predicate></relation><relation><subject_id>635276</subject_id><object_id>635274</object_id><predicate>visible on</predicate></relation><relation><subject_id>635280</subject_id><object_id>635281</object_id><predicate>on surface of</predicate></relation><relation><subject_id>635273</subject_id><object_id>635274</object_id><predicate>top of</predicate></relation><relation><subject_id>635275</subject_id><object_id>635274</object_id><predicate>top of</predicate></relation><relation><subject_id>635276</subject_id><object_id>635274</object_id><predicate>top of</predicate></relation><relation><subject_id>635270</subject_id><object_id>635268</object_id><predicate>flying in</predicate></relation><relation><subject_id>635280</subject_id><object_id>635281</object_id><predicate>on surface of</predicate></relation><relation><subject_id>635270</subject_id><object_id>635268</object_id><predicate>flying in</predicate></relation><relation><subject_id>635285</subject_id><object_id>635286</object_id><predicate>top of</predicate></relation><relation><subject_id>635270</subject_id><object_id>635268</object_id><predicate>flying in</predicate></relation><relation><subject_id>635270</subject_id><object_id>635268</object_id><predicate>flying in</predicate></relation><relation><subject_id>635270</subject_id><object_id>635268</object_id><predicate>flying in</predicate></relation><relation><subject_id>635270</subject_id><object_id>635268</object_id><predicate>flying in</predicate></relation><relation><subject_id>635270</subject_id><object_id>635268</object_id><predicate>flying in</predicate></relation><relation><subject_id>635270</subject_id><object_id>635268</object_id><predicate>flying in</predicate></relation><relation><subject_id>635270</subject_id><object_id>635268</object_id><predicate>flying in</predicate></relation></annotation>