<annotation><folder>VG_100K</folder><filename>2365229.jpg</filename><source><database>Visual Genome Version 1.2</database><image_id>2365229</image_id><coco_id>None</coco_id><flickr_id>7559735982</flickr_id></source><size><width>500</width><height>340</height><depth>3</depth></size><segmented>0</segmented><object><name>pizza</name><object_id>635755</object_id><difficult>0</difficult><bndbox><xmin>144</xmin><ymin>155</ymin><xmax>385</xmax><ymax>269</ymax></bndbox><attribute>large</attribute><attribute>brown</attribute></object><object><name>paper</name><object_id>635759</object_id><difficult>0</difficult><bndbox><xmin>102</xmin><ymin>133</ymin><xmax>462</xmax><ymax>283</ymax></bndbox><attribute>brown</attribute></object><relation><subject_id>635759</subject_id><object_id>635755</object_id><predicate>under a</predicate></relation></annotation>