<annotation><folder>VG_100K</folder><filename>2365311.jpg</filename><source><database>Visual Genome Version 1.2</database><image_id>2365311</image_id><coco_id>28154</coco_id><flickr_id>3137437987</flickr_id></source><size><width>375</width><height>500</height><depth>3</depth></size><segmented>0</segmented><object><name>woman</name><object_id>3884881</object_id><difficult>0</difficult><bndbox><xmin>1</xmin><ymin>130</ymin><xmax>190</xmax><ymax>447</ymax></bndbox></object><object><name>woman</name><object_id>2374733</object_id><difficult>0</difficult><bndbox><xmin>73</xmin><ymin>154</ymin><xmax>373</xmax><ymax>498</ymax></bndbox></object><object><name>couch</name><object_id>3374944</object_id><difficult>0</difficult><bndbox><xmin>1</xmin><ymin>205</ymin><xmax>309</xmax><ymax>498</ymax></bndbox></object><object><name>glass</name><object_id>3028033</object_id><difficult>0</difficult><bndbox><xmin>1</xmin><ymin>386</ymin><xmax>19</xmax><ymax>467</ymax></bndbox></object><object><name>bowl</name><object_id>1963706</object_id><difficult>0</difficult><bndbox><xmin>1</xmin><ymin>441</ymin><xmax>79</xmax><ymax>496</ymax></bndbox><attribute>dirty</attribute></object><object><name>woman</name><object_id>3374943</object_id><difficult>0</difficult><bndbox><xmin>72</xmin><ymin>96</ymin><xmax>373</xmax><ymax>497</ymax></bndbox></object><relation><subject_id>3884881</subject_id><object_id>3374944</object_id><predicate>sitting on a</predicate></relation><relation><subject_id>2374733</subject_id><object_id>3374944</object_id><predicate>sitting on a</predicate></relation><relation><subject_id>3028033</subject_id><object_id>1963706</object_id><predicate>beside</predicate></relation><relation><subject_id>3884881</subject_id><object_id>3374944</object_id><predicate>sitting on a</predicate></relation><relation><subject_id>3374943</subject_id><object_id>3374944</object_id><predicate>sitting on a</predicate></relation></annotation>