<annotation><folder>VG_100K</folder><filename>2365160.jpg</filename><source><database>Visual Genome Version 1.2</database><image_id>2365160</image_id><coco_id>None</coco_id><flickr_id>3544353586</flickr_id></source><size><width>500</width><height>357</height><depth>3</depth></size><segmented>0</segmented><object><name>horse</name><object_id>2652042</object_id><difficult>0</difficult><bndbox><xmin>4</xmin><ymin>88</ymin><xmax>493</xmax><ymax>353</ymax></bndbox><attribute>brown</attribute></object><object><name>man</name><object_id>3885753</object_id><difficult>0</difficult><bndbox><xmin>111</xmin><ymin>7</ymin><xmax>461</xmax><ymax>355</ymax></bndbox></object><object><name>girl</name><object_id>1793955</object_id><difficult>0</difficult><bndbox><xmin>179</xmin><ymin>27</ymin><xmax>336</xmax><ymax>221</ymax></bndbox><attribute>young</attribute></object><object><name>girl</name><object_id>2052186</object_id><difficult>0</difficult><bndbox><xmin>193</xmin><ymin>43</ymin><xmax>314</xmax><ymax>212</ymax></bndbox><attribute>young</attribute></object><object><name>man</name><object_id>2183302</object_id><difficult>0</difficult><bndbox><xmin>125</xmin><ymin>24</ymin><xmax>476</xmax><ymax>351</ymax></bndbox></object><object><name>girl</name><object_id>2459602</object_id><difficult>0</difficult><bndbox><xmin>218</xmin><ymin>50</ymin><xmax>315</xmax><ymax>213</ymax></bndbox><attribute>baby</attribute></object><relation><subject_id>1793955</subject_id><object_id>2652042</object_id><predicate>sitting on a</predicate></relation><relation><subject_id>2183302</subject_id><object_id>2052186</object_id><predicate>to a</predicate></relation><relation><subject_id>3885753</subject_id><object_id>2459602</object_id><predicate>to a</predicate></relation></annotation>