<annotation><folder>VG_100K</folder><filename>2365328.jpg</filename><source><database>Visual Genome Version 1.2</database><image_id>2365328</image_id><coco_id>None</coco_id><flickr_id>4261026187</flickr_id></source><size><width>500</width><height>333</height><depth>3</depth></size><segmented>0</segmented><object><name>feet</name><object_id>2644960</object_id><difficult>0</difficult><bndbox><xmin>157</xmin><ymin>264</ymin><xmax>214</xmax><ymax>316</ymax></bndbox></object><object><name>snowboard</name><object_id>2644961</object_id><difficult>0</difficult><bndbox><xmin>157</xmin><ymin>284</ymin><xmax>214</xmax><ymax>329</ymax></bndbox></object><relation><subject_id>2644960</subject_id><object_id>2644961</object_id><predicate>attached</predicate></relation></annotation>