<annotation><folder>VG_100K</folder><filename>2365046.jpg</filename><source><database>Visual Genome Version 1.2</database><image_id>2365046</image_id><coco_id>None</coco_id><flickr_id>5362240833</flickr_id></source><size><width>500</width><height>382</height><depth>3</depth></size><segmented>0</segmented><object><name>plate</name><object_id>758024</object_id><difficult>0</difficult><bndbox><xmin>43</xmin><ymin>16</ymin><xmax>475</xmax><ymax>348</ymax></bndbox><attribute>white</attribute></object><object><name>scissors</name><object_id>758028</object_id><difficult>0</difficult><bndbox><xmin>1</xmin><ymin>162</ymin><xmax>436</xmax><ymax>366</ymax></bndbox><attribute>black</attribute></object><relation><subject_id>758028</subject_id><object_id>758024</object_id><predicate>under a</predicate></relation><relation><subject_id>758028</subject_id><object_id>758024</object_id><predicate>under a</predicate></relation></annotation>