<annotation><folder>VG_100K</folder><filename>2365017.jpg</filename><source><database>Visual Genome Version 1.2</database><image_id>2365017</image_id><coco_id>None</coco_id><flickr_id>3639108385</flickr_id></source><size><width>375</width><height>500</height><depth>3</depth></size><segmented>0</segmented><object><name>bear</name><object_id>2293650</object_id><difficult>0</difficult><bndbox><xmin>86</xmin><ymin>228</ymin><xmax>203</xmax><ymax>424</ymax></bndbox></object><object><name>ground</name><object_id>2293651</object_id><difficult>0</difficult><bndbox><xmin>223</xmin><ymin>454</ymin><xmax>282</xmax><ymax>496</ymax></bndbox></object><relation><subject_id>2293651</subject_id><object_id>2293650</object_id><predicate>under a</predicate></relation></annotation>