<annotation><folder>VG_100K</folder><filename>2365199.jpg</filename><source><database>Visual Genome Version 1.2</database><image_id>2365199</image_id><coco_id>404852</coco_id><flickr_id>5538263534</flickr_id></source><size><width>500</width><height>333</height><depth>3</depth></size><segmented>0</segmented><object><name>umbrella</name><object_id>635889</object_id><difficult>0</difficult><bndbox><xmin>163</xmin><ymin>35</ymin><xmax>377</xmax><ymax>133</ymax></bndbox><attribute>red</attribute></object><object><name>women</name><object_id>635895</object_id><difficult>0</difficult><bndbox><xmin>135</xmin><ymin>118</ymin><xmax>367</xmax><ymax>311</ymax></bndbox></object><relation><subject_id>635895</subject_id><object_id>635889</object_id><predicate>under a</predicate></relation><relation><subject_id>635895</subject_id><object_id>635889</object_id><predicate>under a</predicate></relation><relation><subject_id>635895</subject_id><object_id>635889</object_id><predicate>under a</predicate></relation><relation><subject_id>635895</subject_id><object_id>635889</object_id><predicate>under a</predicate></relation><relation><subject_id>635895</subject_id><object_id>635889</object_id><predicate>under a</predicate></relation><relation><subject_id>635895</subject_id><object_id>635889</object_id><predicate>under a</predicate></relation><relation><subject_id>635895</subject_id><object_id>635889</object_id><predicate>under a</predicate></relation><relation><subject_id>635895</subject_id><object_id>635889</object_id><predicate>under a</predicate></relation><relation><subject_id>635895</subject_id><object_id>635889</object_id><predicate>under a</predicate></relation><relation><subject_id>635895</subject_id><object_id>635889</object_id><predicate>under a</predicate></relation></annotation>