<annotation><folder>VG_100K</folder><filename>2365245.jpg</filename><source><database>Visual Genome Version 1.2</database><image_id>2365245</image_id><coco_id>None</coco_id><flickr_id>8069277182</flickr_id></source><size><width>500</width><height>375</height><depth>3</depth></size><segmented>0</segmented><object><name>field</name><object_id>3885240</object_id><difficult>0</difficult><bndbox><xmin>6</xmin><ymin>69</ymin><xmax>498</xmax><ymax>373</ymax></bndbox></object><object><name>fence</name><object_id>3885241</object_id><difficult>0</difficult><bndbox><xmin>4</xmin><ymin>76</ymin><xmax>294</xmax><ymax>147</ymax></bndbox></object><relation><subject_id>3885241</subject_id><object_id>3885240</object_id><predicate>at edge of</predicate></relation></annotation>