<annotation><folder>VG_100K</folder><filename>2365289.jpg</filename><source><database>Visual Genome Version 1.2</database><image_id>2365289</image_id><coco_id>8761</coco_id><flickr_id>1380658639</flickr_id></source><size><width>500</width><height>375</height><depth>3</depth></size><segmented>0</segmented><object><name>bristles</name><object_id>3885006</object_id><difficult>0</difficult><bndbox><xmin>336</xmin><ymin>56</ymin><xmax>446</xmax><ymax>223</ymax></bndbox></object><object><name>light</name><object_id>2306643</object_id><difficult>0</difficult><bndbox><xmin>370</xmin><ymin>104</ymin><xmax>431</xmax><ymax>186</ymax></bndbox></object><relation><subject_id>2306643</subject_id><object_id>3885006</object_id><predicate>hitting</predicate></relation></annotation>