<annotation><folder>VG_100K</folder><filename>2365153.jpg</filename><source><database>Visual Genome Version 1.2</database><image_id>2365153</image_id><coco_id>13020</coco_id><flickr_id>3305035486</flickr_id></source><size><width>500</width><height>145</height><depth>3</depth></size><segmented>0</segmented><object><name>boy</name><object_id>2419347</object_id><difficult>0</difficult><bndbox><xmin>271</xmin><ymin>32</ymin><xmax>490</xmax><ymax>131</ymax></bndbox></object><object><name>frisbee</name><object_id>2419348</object_id><difficult>0</difficult><bndbox><xmin>199</xmin><ymin>60</ymin><xmax>240</xmax><ymax>82</ymax></bndbox></object><relation><subject_id>2419347</subject_id><object_id>2419348</object_id><predicate>catching</predicate></relation></annotation>