<annotation><folder>VG_100K</folder><filename>2365120.jpg</filename><source><database>Visual Genome Version 1.2</database><image_id>2365120</image_id><coco_id>455395</coco_id><flickr_id>380180138</flickr_id></source><size><width>500</width><height>375</height><depth>3</depth></size><segmented>0</segmented><object><name>container</name><object_id>3886004</object_id><difficult>0</difficult><bndbox><xmin>56</xmin><ymin>0</ymin><xmax>477</xmax><ymax>373</ymax></bndbox><attribute>plastic</attribute></object><object><name>food</name><object_id>3029126</object_id><difficult>0</difficult><bndbox><xmin>121</xmin><ymin>256</ymin><xmax>220</xmax><ymax>326</ymax></bndbox></object><object><name>carrot</name><object_id>2589344</object_id><difficult>0</difficult><bndbox><xmin>108</xmin><ymin>167</ymin><xmax>169</xmax><ymax>236</ymax></bndbox></object><object><name>carrot</name><object_id>2589345</object_id><difficult>0</difficult><bndbox><xmin>177</xmin><ymin>207</ymin><xmax>237</xmax><ymax>245</ymax></bndbox></object><object><name>carrot</name><object_id>2589346</object_id><difficult>0</difficult><bndbox><xmin>154</xmin><ymin>204</ymin><xmax>211</xmax><ymax>266</ymax></bndbox></object><object><name>carrot</name><object_id>1842618</object_id><difficult>0</difficult><bndbox><xmin>111</xmin><ymin>275</ymin><xmax>158</xmax><ymax>336</ymax></bndbox></object><object><name>carrot</name><object_id>2589348</object_id><difficult>0</difficult><bndbox><xmin>126</xmin><ymin>256</ymin><xmax>221</xmax><ymax>318</ymax></bndbox></object><object><name>rice</name><object_id>2589349</object_id><difficult>0</difficult><bndbox><xmin>116</xmin><ymin>163</ymin><xmax>233</xmax><ymax>323</ymax></bndbox></object><object><name>pepper</name><object_id>3364531</object_id><difficult>0</difficult><bndbox><xmin>278</xmin><ymin>158</ymin><xmax>408</xmax><ymax>218</ymax></bndbox><attribute>little</attribute><attribute>green</attribute></object><object><name>rice</name><object_id>3229485</object_id><difficult>0</difficult><bndbox><xmin>105</xmin><ymin>141</ymin><xmax>229</xmax><ymax>326</ymax></bndbox></object><object><name>carrots</name><object_id>1865330</object_id><difficult>0</difficult><bndbox><xmin>101</xmin><ymin>169</ymin><xmax>239</xmax><ymax>336</ymax></bndbox></object><relation><subject_id>3886004</subject_id><object_id>3029126</object_id><predicate>standing with</predicate></relation><relation><subject_id>2589344</subject_id><object_id>2589349</object_id><predicate>top of</predicate></relation><relation><subject_id>2589345</subject_id><object_id>2589349</object_id><predicate>top of</predicate></relation><relation><subject_id>2589346</subject_id><object_id>2589349</object_id><predicate>top of</predicate></relation><relation><subject_id>1842618</subject_id><object_id>2589349</object_id><predicate>top of</predicate></relation><relation><subject_id>2589348</subject_id><object_id>2589349</object_id><predicate>top of</predicate></relation><relation><subject_id>3364531</subject_id><object_id>3886004</object_id><predicate>laying in</predicate></relation><relation><subject_id>3229485</subject_id><object_id>1865330</object_id><predicate>under a</predicate></relation></annotation>