<annotation><folder>VG_100K</folder><filename>2365315.jpg</filename><source><database>Visual Genome Version 1.2</database><image_id>2365315</image_id><coco_id>None</coco_id><flickr_id>3290270387</flickr_id></source><size><width>500</width><height>375</height><depth>3</depth></size><segmented>0</segmented><object><name>snow</name><object_id>3884867</object_id><difficult>0</difficult><bndbox><xmin>1</xmin><ymin>104</ymin><xmax>496</xmax><ymax>372</ymax></bndbox></object><object><name>man</name><object_id>2969847</object_id><difficult>0</difficult><bndbox><xmin>104</xmin><ymin>57</ymin><xmax>451</xmax><ymax>332</ymax></bndbox></object><relation><subject_id>2969847</subject_id><object_id>3884867</object_id><predicate>sitting on a</predicate></relation></annotation>