<annotation><folder>VG_100K</folder><filename>2365105.jpg</filename><source><database>Visual Genome Version 1.2</database><image_id>2365105</image_id><coco_id>30954</coco_id><flickr_id>9405772329</flickr_id></source><size><width>500</width><height>500</height><depth>3</depth></size><segmented>0</segmented><object><name>food</name><object_id>2922716</object_id><difficult>0</difficult><bndbox><xmin>93</xmin><ymin>277</ymin><xmax>253</xmax><ymax>459</ymax></bndbox></object><object><name>dish</name><object_id>2623340</object_id><difficult>0</difficult><bndbox><xmin>78</xmin><ymin>262</ymin><xmax>223</xmax><ymax>469</ymax></bndbox><attribute>plain</attribute><attribute>white</attribute><attribute>filled</attribute></object><relation><subject_id>2623340</subject_id><object_id>2922716</object_id><predicate>standing with</predicate></relation></annotation>