<annotation><folder>VG_100K</folder><filename>2365090.jpg</filename><source><database>Visual Genome Version 1.2</database><image_id>2365090</image_id><coco_id>431167</coco_id><flickr_id>8623677029</flickr_id></source><size><width>500</width><height>500</height><depth>3</depth></size><segmented>0</segmented><object><name>batter</name><object_id>636559</object_id><difficult>0</difficult><bndbox><xmin>48</xmin><ymin>143</ymin><xmax>318</xmax><ymax>438</ymax></bndbox></object><object><name>bat</name><object_id>636560</object_id><difficult>0</difficult><bndbox><xmin>90</xmin><ymin>105</ymin><xmax>137</xmax><ymax>173</ymax></bndbox><attribute>metal</attribute></object><relation><subject_id>636559</subject_id><object_id>636560</object_id><predicate>swinging</predicate></relation><relation><subject_id>636559</subject_id><object_id>636560</object_id><predicate>swinging</predicate></relation><relation><subject_id>636559</subject_id><object_id>636560</object_id><predicate>swinging</predicate></relation></annotation>