<annotation><folder>VG_100K</folder><filename>2365027.jpg</filename><source><database>Visual Genome Version 1.2</database><image_id>2365027</image_id><coco_id>None</coco_id><flickr_id>4278608085</flickr_id></source><size><width>500</width><height>333</height><depth>3</depth></size><segmented>0</segmented><object><name>street</name><object_id>3886508</object_id><difficult>0</difficult><bndbox><xmin>211</xmin><ymin>254</ymin><xmax>282</xmax><ymax>331</ymax></bndbox></object><object><name>person</name><object_id>2376844</object_id><difficult>0</difficult><bndbox><xmin>213</xmin><ymin>242</ymin><xmax>230</xmax><ymax>271</ymax></bndbox></object><object><name>person</name><object_id>3886512</object_id><difficult>0</difficult><bndbox><xmin>215</xmin><ymin>244</ymin><xmax>230</xmax><ymax>268</ymax></bndbox></object><object><name>street</name><object_id>3886513</object_id><difficult>0</difficult><bndbox><xmin>220</xmin><ymin>273</ymin><xmax>270</xmax><ymax>329</ymax></bndbox></object><object><name>pole</name><object_id>3886516</object_id><difficult>0</difficult><bndbox><xmin>208</xmin><ymin>109</ymin><xmax>222</xmax><ymax>152</ymax></bndbox></object><object><name>pole</name><object_id>3886517</object_id><difficult>0</difficult><bndbox><xmin>215</xmin><ymin>158</ymin><xmax>223</xmax><ymax>203</ymax></bndbox></object><object><name>pole</name><object_id>3886515</object_id><difficult>0</difficult><bndbox><xmin>192</xmin><ymin>44</ymin><xmax>202</xmax><ymax>136</ymax></bndbox></object><object><name>fence</name><object_id>1831107</object_id><difficult>0</difficult><bndbox><xmin>184</xmin><ymin>252</ymin><xmax>205</xmax><ymax>312</ymax></bndbox></object><relation><subject_id>2376844</subject_id><object_id>3886508</object_id><predicate>walking towards</predicate></relation><relation><subject_id>3886512</subject_id><object_id>3886513</object_id><predicate>walking towards</predicate></relation><relation><subject_id>3886516</subject_id><object_id>1831107</object_id><predicate>top of</predicate></relation><relation><subject_id>3886517</subject_id><object_id>1831107</object_id><predicate>top of</predicate></relation><relation><subject_id>3886515</subject_id><object_id>1831107</object_id><predicate>top of</predicate></relation></annotation>