<annotation><folder>VG_100K</folder><filename>2365025.jpg</filename><source><database>Visual Genome Version 1.2</database><image_id>2365025</image_id><coco_id>78861</coco_id><flickr_id>4091402185</flickr_id></source><size><width>333</width><height>500</height><depth>3</depth></size><segmented>0</segmented><object><name>kite</name><object_id>758096</object_id><difficult>0</difficult><bndbox><xmin>232</xmin><ymin>80</ymin><xmax>251</xmax><ymax>99</ymax></bndbox><attribute>orange</attribute><attribute>black</attribute></object><object><name>sky</name><object_id>758109</object_id><difficult>0</difficult><bndbox><xmin>1</xmin><ymin>1</ymin><xmax>332</xmax><ymax>240</ymax></bndbox></object><relation><subject_id>758096</subject_id><object_id>758109</object_id><predicate>flying in</predicate></relation></annotation>