<annotation><folder>VG_100K</folder><filename>2365259.jpg</filename><source><database>Visual Genome Version 1.2</database><image_id>2365259</image_id><coco_id>428333</coco_id><flickr_id>9016492530</flickr_id></source><size><width>500</width><height>333</height><depth>3</depth></size><segmented>0</segmented><object><name>tag</name><object_id>1665115</object_id><difficult>0</difficult><bndbox><xmin>213</xmin><ymin>152</ymin><xmax>220</xmax><ymax>166</ymax></bndbox></object><object><name>ear</name><object_id>1665116</object_id><difficult>0</difficult><bndbox><xmin>205</xmin><ymin>151</ymin><xmax>225</xmax><ymax>162</ymax></bndbox></object><relation><subject_id>1665115</subject_id><object_id>1665116</object_id><predicate>attached</predicate></relation></annotation>