<annotation><folder>VG_100K</folder><filename>2365132.jpg</filename><source><database>Visual Genome Version 1.2</database><image_id>2365132</image_id><coco_id>123836</coco_id><flickr_id>2177883586</flickr_id></source><size><width>500</width><height>375</height><depth>3</depth></size><segmented>0</segmented><object><name>giraffe</name><object_id>636375</object_id><difficult>0</difficult><bndbox><xmin>188</xmin><ymin>76</ymin><xmax>341</xmax><ymax>247</ymax></bndbox><attribute>large</attribute><attribute>brown</attribute><attribute>white</attribute><attribute>eating</attribute><attribute>standing</attribute></object><object><name>zebra</name><object_id>636377</object_id><difficult>0</difficult><bndbox><xmin>35</xmin><ymin>204</ymin><xmax>78</xmax><ymax>264</ymax></bndbox><attribute>black</attribute><attribute>white</attribute><attribute>eating</attribute><attribute>grazing</attribute></object><object><name>bush</name><object_id>636381</object_id><difficult>0</difficult><bndbox><xmin>403</xmin><ymin>103</ymin><xmax>499</xmax><ymax>234</ymax></bndbox></object><object><name>log</name><object_id>636382</object_id><difficult>0</difficult><bndbox><xmin>277</xmin><ymin>202</ymin><xmax>468</xmax><ymax>272</ymax></bndbox><attribute>gray</attribute><attribute>wood</attribute><attribute>dead</attribute></object><object><name>grass</name><object_id>636384</object_id><difficult>0</difficult><bndbox><xmin>3</xmin><ymin>211</ymin><xmax>498</xmax><ymax>375</ymax></bndbox><attribute>green</attribute></object><object><name>rocks</name><object_id>636383</object_id><difficult>0</difficult><bndbox><xmin>71</xmin><ymin>258</ymin><xmax>213</xmax><ymax>320</ymax></bndbox><attribute>large</attribute></object><object><name>trees</name><object_id>636389</object_id><difficult>0</difficult><bndbox><xmin>110</xmin><ymin>87</ymin><xmax>339</xmax><ymax>206</ymax></bndbox></object><object><name>fence</name><object_id>636390</object_id><difficult>0</difficult><bndbox><xmin>97</xmin><ymin>167</ymin><xmax>244</xmax><ymax>210</ymax></bndbox><attribute>brick</attribute></object><relation><subject_id>636382</subject_id><object_id>636381</object_id><predicate>beside</predicate></relation><relation><subject_id>636383</subject_id><object_id>636384</object_id><predicate>beside</predicate></relation><relation><subject_id>636389</subject_id><object_id>636390</object_id><predicate>against</predicate></relation><relation><subject_id>636377</subject_id><object_id>636375</object_id><predicate>standing near</predicate></relation></annotation>