<annotation><folder>VG_100K</folder><filename>2365194.jpg</filename><source><database>Visual Genome Version 1.2</database><image_id>2365194</image_id><coco_id>145873</coco_id><flickr_id>5202764734</flickr_id></source><size><width>500</width><height>333</height><depth>3</depth></size><segmented>0</segmented><object><name>highway</name><object_id>757666</object_id><difficult>0</difficult><bndbox><xmin>7</xmin><ymin>215</ymin><xmax>405</xmax><ymax>328</ymax></bndbox></object><object><name>bridge</name><object_id>757673</object_id><difficult>0</difficult><bndbox><xmin>27</xmin><ymin>139</ymin><xmax>148</xmax><ymax>238</ymax></bndbox></object><relation><subject_id>757673</subject_id><object_id>757666</object_id><predicate>across</predicate></relation></annotation>