<annotation><folder>VG_100K</folder><filename>2365225.jpg</filename><source><database>Visual Genome Version 1.2</database><image_id>2365225</image_id><coco_id>None</coco_id><flickr_id>7470877982</flickr_id></source><size><width>500</width><height>333</height><depth>3</depth></size><segmented>0</segmented><object><name>elephants</name><object_id>635769</object_id><difficult>0</difficult><bndbox><xmin>89</xmin><ymin>143</ymin><xmax>404</xmax><ymax>281</ymax></bndbox><attribute>gray</attribute><attribute>two</attribute></object><object><name>trees</name><object_id>635776</object_id><difficult>0</difficult><bndbox><xmin>256</xmin><ymin>2</ymin><xmax>384</xmax><ymax>160</ymax></bndbox></object><object><name>fence</name><object_id>635778</object_id><difficult>0</difficult><bndbox><xmin>387</xmin><ymin>250</ymin><xmax>496</xmax><ymax>278</ymax></bndbox><attribute>white</attribute></object><object><name>structure</name><object_id>635783</object_id><difficult>0</difficult><bndbox><xmin>56</xmin><ymin>2</ymin><xmax>234</xmax><ymax>275</ymax></bndbox><attribute>stone</attribute></object><object><name>barrel</name><object_id>635784</object_id><difficult>0</difficult><bndbox><xmin>159</xmin><ymin>15</ymin><xmax>217</xmax><ymax>103</ymax></bndbox></object><relation><subject_id>635784</subject_id><object_id>635783</object_id><predicate>hanging on a</predicate></relation><relation><subject_id>635784</subject_id><object_id>635769</object_id><predicate>hanging on a</predicate></relation><relation><subject_id>635769</subject_id><object_id>635778</object_id><predicate>are inside</predicate></relation><relation><subject_id>635776</subject_id><object_id>635778</object_id><predicate>beyond</predicate></relation></annotation>