<annotation><folder>VG_100K</folder><filename>2365293.jpg</filename><source><database>Visual Genome Version 1.2</database><image_id>2365293</image_id><coco_id>34657</coco_id><flickr_id>2306600287</flickr_id></source><size><width>500</width><height>375</height><depth>3</depth></size><segmented>0</segmented><object><name>men</name><object_id>757384</object_id><difficult>0</difficult><bndbox><xmin>42</xmin><ymin>53</ymin><xmax>493</xmax><ymax>374</ymax></bndbox></object><object><name>couch</name><object_id>757385</object_id><difficult>0</difficult><bndbox><xmin>55</xmin><ymin>138</ymin><xmax>499</xmax><ymax>368</ymax></bndbox></object><object><name>eyeglasses</name><object_id>757386</object_id><difficult>0</difficult><bndbox><xmin>277</xmin><ymin>94</ymin><xmax>311</xmax><ymax>110</ymax></bndbox></object><object><name>man</name><object_id>757387</object_id><difficult>0</difficult><bndbox><xmin>93</xmin><ymin>72</ymin><xmax>329</xmax><ymax>349</ymax></bndbox></object><object><name>wall</name><object_id>757394</object_id><difficult>0</difficult><bndbox><xmin>174</xmin><ymin>0</ymin><xmax>500</xmax><ymax>201</ymax></bndbox></object><object><name>poster</name><object_id>757397</object_id><difficult>0</difficult><bndbox><xmin>204</xmin><ymin>2</ymin><xmax>303</xmax><ymax>61</ymax></bndbox></object><relation><subject_id>757384</subject_id><object_id>757385</object_id><predicate>sitting on a</predicate></relation><relation><subject_id>757386</subject_id><object_id>757387</object_id><predicate>facing</predicate></relation><relation><subject_id>757397</subject_id><object_id>757394</object_id><predicate>hanging on a</predicate></relation><relation><subject_id>757384</subject_id><object_id>757385</object_id><predicate>sitting on a</predicate></relation></annotation>