<annotation><folder>VG_100K</folder><filename>2365118.jpg</filename><source><database>Visual Genome Version 1.2</database><image_id>2365118</image_id><coco_id>None</coco_id><flickr_id>201288138</flickr_id></source><size><width>500</width><height>283</height><depth>3</depth></size><segmented>0</segmented><object><name>road</name><object_id>3886009</object_id><difficult>0</difficult><bndbox><xmin>63</xmin><ymin>140</ymin><xmax>481</xmax><ymax>278</ymax></bndbox></object><object><name>line</name><object_id>1796244</object_id><difficult>0</difficult><bndbox><xmin>122</xmin><ymin>201</ymin><xmax>219</xmax><ymax>281</ymax></bndbox><attribute>white</attribute></object><object><name>stripe</name><object_id>3886016</object_id><difficult>0</difficult><bndbox><xmin>144</xmin><ymin>160</ymin><xmax>188</xmax><ymax>280</ymax></bndbox><attribute>white</attribute></object><object><name>street</name><object_id>2095817</object_id><difficult>0</difficult><bndbox><xmin>0</xmin><ymin>154</ymin><xmax>499</xmax><ymax>281</ymax></bndbox></object><relation><subject_id>1796244</subject_id><object_id>3886009</object_id><predicate>down</predicate></relation><relation><subject_id>3886016</subject_id><object_id>2095817</object_id><predicate>down</predicate></relation></annotation>