<annotation><folder>VG_100K</folder><filename>2365070.jpg</filename><source><database>Visual Genome Version 1.2</database><image_id>2365070</image_id><coco_id>None</coco_id><flickr_id>6777362781</flickr_id></source><size><width>500</width><height>500</height><depth>3</depth></size><segmented>0</segmented><object><name>ground</name><object_id>3886274</object_id><difficult>0</difficult><bndbox><xmin>1</xmin><ymin>242</ymin><xmax>499</xmax><ymax>498</ymax></bndbox></object><object><name>tires</name><object_id>3719792</object_id><difficult>0</difficult><bndbox><xmin>94</xmin><ymin>304</ymin><xmax>155</xmax><ymax>338</ymax></bndbox></object><object><name>tires</name><object_id>3719793</object_id><difficult>0</difficult><bndbox><xmin>356</xmin><ymin>312</ymin><xmax>418</xmax><ymax>336</ymax></bndbox></object><object><name>garage door</name><object_id>3005951</object_id><difficult>0</difficult><bndbox><xmin>16</xmin><ymin>175</ymin><xmax>123</xmax><ymax>277</ymax></bndbox></object><object><name>garage door</name><object_id>3005952</object_id><difficult>0</difficult><bndbox><xmin>119</xmin><ymin>175</ymin><xmax>181</xmax><ymax>260</ymax></bndbox></object><object><name>window</name><object_id>3005953</object_id><difficult>0</difficult><bndbox><xmin>21</xmin><ymin>180</ymin><xmax>50</xmax><ymax>207</ymax></bndbox></object><object><name>window</name><object_id>3005954</object_id><difficult>0</difficult><bndbox><xmin>46</xmin><ymin>188</ymin><xmax>71</xmax><ymax>208</ymax></bndbox></object><object><name>window</name><object_id>3005955</object_id><difficult>0</difficult><bndbox><xmin>72</xmin><ymin>187</ymin><xmax>90</xmax><ymax>208</ymax></bndbox></object><object><name>window</name><object_id>3005956</object_id><difficult>0</difficult><bndbox><xmin>95</xmin><ymin>188</ymin><xmax>115</xmax><ymax>205</ymax></bndbox></object><object><name>window</name><object_id>3005957</object_id><difficult>0</difficult><bndbox><xmin>128</xmin><ymin>188</ymin><xmax>152</xmax><ymax>208</ymax></bndbox></object><object><name>window</name><object_id>3005958</object_id><difficult>0</difficult><bndbox><xmin>150</xmin><ymin>190</ymin><xmax>173</xmax><ymax>209</ymax></bndbox></object><relation><subject_id>3719792</subject_id><object_id>3886274</object_id><predicate>stuck in</predicate></relation><relation><subject_id>3719793</subject_id><object_id>3886274</object_id><predicate>stuck in</predicate></relation><relation><subject_id>3005953</subject_id><object_id>3005951</object_id><predicate>atop</predicate></relation><relation><subject_id>3005954</subject_id><object_id>3005951</object_id><predicate>atop</predicate></relation><relation><subject_id>3005955</subject_id><object_id>3005951</object_id><predicate>atop</predicate></relation><relation><subject_id>3005956</subject_id><object_id>3005951</object_id><predicate>atop</predicate></relation><relation><subject_id>3005957</subject_id><object_id>3005952</object_id><predicate>atop</predicate></relation><relation><subject_id>3005958</subject_id><object_id>3005952</object_id><predicate>atop</predicate></relation></annotation>