<annotation><folder>VG_100K</folder><filename>2365281.jpg</filename><source><database>Visual Genome Version 1.2</database><image_id>2365281</image_id><coco_id>None</coco_id><flickr_id>279010539</flickr_id></source><size><width>500</width><height>402</height><depth>3</depth></size><segmented>0</segmented><object><name>pillow</name><object_id>635340</object_id><difficult>0</difficult><bndbox><xmin>86</xmin><ymin>147</ymin><xmax>178</xmax><ymax>225</ymax></bndbox><attribute>white</attribute><attribute>rectangle</attribute></object><object><name>pillow</name><object_id>635341</object_id><difficult>0</difficult><bndbox><xmin>62</xmin><ymin>147</ymin><xmax>135</xmax><ymax>220</ymax></bndbox><attribute>white</attribute><attribute>rectangle</attribute></object><object><name>comforter</name><object_id>635342</object_id><difficult>0</difficult><bndbox><xmin>127</xmin><ymin>170</ymin><xmax>480</xmax><ymax>401</ymax></bndbox><attribute>white</attribute><attribute>round</attribute></object><object><name>bed</name><object_id>635343</object_id><difficult>0</difficult><bndbox><xmin>9</xmin><ymin>69</ymin><xmax>480</xmax><ymax>401</ymax></bndbox><attribute>white</attribute><attribute>round</attribute><attribute>circular</attribute></object><object><name>bedroom</name><object_id>635345</object_id><difficult>0</difficult><bndbox><xmin>1</xmin><ymin>5</ymin><xmax>499</xmax><ymax>401</ymax></bndbox></object><object><name>table</name><object_id>635348</object_id><difficult>0</difficult><bndbox><xmin>0</xmin><ymin>301</ymin><xmax>48</xmax><ymax>394</ymax></bndbox><attribute>wooden</attribute><attribute>brown</attribute><attribute>curved</attribute></object><object><name>wallpaper</name><object_id>635349</object_id><difficult>0</difficult><bndbox><xmin>3</xmin><ymin>4</ymin><xmax>499</xmax><ymax>283</ymax></bndbox><attribute>patterned</attribute><attribute>pink</attribute><attribute>purple</attribute><attribute>square</attribute></object><object><name>remote control</name><object_id>635351</object_id><difficult>0</difficult><bndbox><xmin>0</xmin><ymin>314</ymin><xmax>18</xmax><ymax>358</ymax></bndbox><attribute>gray</attribute></object><object><name>seat</name><object_id>635355</object_id><difficult>0</difficult><bndbox><xmin>0</xmin><ymin>182</ymin><xmax>47</xmax><ymax>306</ymax></bndbox><attribute>wooden</attribute><attribute>brown</attribute></object><object><name>floor</name><object_id>635356</object_id><difficult>0</difficult><bndbox><xmin>1</xmin><ymin>249</ymin><xmax>498</xmax><ymax>402</ymax></bndbox><attribute>dark</attribute><attribute>hardwood</attribute></object><object><name>cushion</name><object_id>635357</object_id><difficult>0</difficult><bndbox><xmin>0</xmin><ymin>187</ymin><xmax>18</xmax><ymax>211</ymax></bndbox></object><relation><subject_id>635342</subject_id><object_id>635343</object_id><predicate>top of</predicate></relation><relation><subject_id>635343</subject_id><object_id>635345</object_id><predicate>are inside</predicate></relation><relation><subject_id>635351</subject_id><object_id>635348</object_id><predicate>top of</predicate></relation><relation><subject_id>635348</subject_id><object_id>635345</object_id><predicate>are inside</predicate></relation><relation><subject_id>635356</subject_id><object_id>635345</object_id><predicate>are inside</predicate></relation><relation><subject_id>635355</subject_id><object_id>635345</object_id><predicate>are inside</predicate></relation><relation><subject_id>635357</subject_id><object_id>635355</object_id><predicate>top of</predicate></relation><relation><subject_id>635340</subject_id><object_id>635343</object_id><predicate>top of</predicate></relation><relation><subject_id>635341</subject_id><object_id>635343</object_id><predicate>top of</predicate></relation><relation><subject_id>635349</subject_id><object_id>635345</object_id><predicate>are inside</predicate></relation><relation><subject_id>635348</subject_id><object_id>635345</object_id><predicate>are inside</predicate></relation><relation><subject_id>635342</subject_id><object_id>635343</object_id><predicate>hanging on a</predicate></relation><relation><subject_id>635355</subject_id><object_id>635343</object_id><predicate>beside</predicate></relation></annotation>