<annotation><folder>VG_100K</folder><filename>2365298.jpg</filename><source><database>Visual Genome Version 1.2</database><image_id>2365298</image_id><coco_id>None</coco_id><flickr_id>2582131487</flickr_id></source><size><width>500</width><height>333</height><depth>3</depth></size><segmented>0</segmented><object><name>sign</name><object_id>635224</object_id><difficult>0</difficult><bndbox><xmin>211</xmin><ymin>138</ymin><xmax>250</xmax><ymax>170</ymax></bndbox><attribute>white</attribute><attribute>distant</attribute><attribute>blurry</attribute><attribute>red</attribute></object><object><name>sidewalk</name><object_id>635226</object_id><difficult>0</difficult><bndbox><xmin>206</xmin><ymin>251</ymin><xmax>308</xmax><ymax>283</ymax></bndbox><attribute>red</attribute><attribute>wet</attribute></object><relation><subject_id>635226</subject_id><object_id>635224</object_id><predicate>under a</predicate></relation></annotation>