<annotation><folder>VG_100K</folder><filename>2365290.jpg</filename><source><database>Visual Genome Version 1.2</database><image_id>2365290</image_id><coco_id>372220</coco_id><flickr_id>1577261339</flickr_id></source><size><width>361</width><height>500</height><depth>3</depth></size><segmented>0</segmented><object><name>hat</name><object_id>2697241</object_id><difficult>0</difficult><bndbox><xmin>98</xmin><ymin>38</ymin><xmax>251</xmax><ymax>138</ymax></bndbox><attribute>black</attribute></object><object><name>hair</name><object_id>2697240</object_id><difficult>0</difficult><bndbox><xmin>51</xmin><ymin>103</ymin><xmax>206</xmax><ymax>228</ymax></bndbox><attribute>long</attribute></object><relation><subject_id>2697240</subject_id><object_id>2697241</object_id><predicate>under a</predicate></relation></annotation>