<annotation><folder>VG_100K</folder><filename>2365059.jpg</filename><source><database>Visual Genome Version 1.2</database><image_id>2365059</image_id><coco_id>489107</coco_id><flickr_id>5924894533</flickr_id></source><size><width>500</width><height>332</height><depth>3</depth></size><segmented>0</segmented><object><name>table</name><object_id>757950</object_id><difficult>0</difficult><bndbox><xmin>233</xmin><ymin>139</ymin><xmax>279</xmax><ymax>144</ymax></bndbox></object><object><name>people</name><object_id>757967</object_id><difficult>0</difficult><bndbox><xmin>173</xmin><ymin>106</ymin><xmax>232</xmax><ymax>137</ymax></bndbox><attribute>talking</attribute></object><relation><subject_id>757967</subject_id><object_id>757950</object_id><predicate>sitting on a</predicate></relation></annotation>