<annotation><folder>VG_100K</folder><filename>2365010.jpg</filename><source><database>Visual Genome Version 1.2</database><image_id>2365010</image_id><coco_id>568956</coco_id><flickr_id>3090968485</flickr_id></source><size><width>333</width><height>500</height><depth>3</depth></size><segmented>0</segmented><object><name>trash can</name><object_id>3886578</object_id><difficult>0</difficult><bndbox><xmin>209</xmin><ymin>130</ymin><xmax>241</xmax><ymax>169</ymax></bndbox></object><object><name>trash can</name><object_id>3886579</object_id><difficult>0</difficult><bndbox><xmin>177</xmin><ymin>124</ymin><xmax>210</xmax><ymax>170</ymax></bndbox></object><object><name>street</name><object_id>2433902</object_id><difficult>0</difficult><bndbox><xmin>1</xmin><ymin>152</ymin><xmax>321</xmax><ymax>498</ymax></bndbox></object><object><name>shoulder</name><object_id>3886584</object_id><difficult>0</difficult><bndbox><xmin>123</xmin><ymin>224</ymin><xmax>172</xmax><ymax>265</ymax></bndbox></object><object><name>pigeon</name><object_id>3886583</object_id><difficult>0</difficult><bndbox><xmin>129</xmin><ymin>184</ymin><xmax>158</xmax><ymax>239</ymax></bndbox></object><object><name>pigeon</name><object_id>3886588</object_id><difficult>0</difficult><bndbox><xmin>70</xmin><ymin>218</ymin><xmax>90</xmax><ymax>234</ymax></bndbox></object><object><name>street</name><object_id>1717219</object_id><difficult>0</difficult><bndbox><xmin>0</xmin><ymin>158</ymin><xmax>270</xmax><ymax>497</ymax></bndbox></object><relation><subject_id>3886578</subject_id><object_id>2433902</object_id><predicate>across</predicate></relation><relation><subject_id>3886579</subject_id><object_id>2433902</object_id><predicate>across</predicate></relation><relation><subject_id>3886583</subject_id><object_id>3886584</object_id><predicate>sitting on a</predicate></relation><relation><subject_id>3886588</subject_id><object_id>1717219</object_id><predicate>walking towards</predicate></relation></annotation>