<annotation><folder>VG_100K</folder><filename>2365005.jpg</filename><source><database>Visual Genome Version 1.2</database><image_id>2365005</image_id><coco_id>None</coco_id><flickr_id>2789093485</flickr_id></source><size><width>500</width><height>334</height><depth>3</depth></size><segmented>0</segmented><object><name>weed</name><object_id>1805924</object_id><difficult>0</difficult><bndbox><xmin>83</xmin><ymin>264</ymin><xmax>198</xmax><ymax>321</ymax></bndbox></object><object><name>road</name><object_id>1805925</object_id><difficult>0</difficult><bndbox><xmin>30</xmin><ymin>229</ymin><xmax>200</xmax><ymax>279</ymax></bndbox></object><relation><subject_id>1805924</subject_id><object_id>1805925</object_id><predicate>on other side of</predicate></relation></annotation>