<annotation><folder>VG_100K</folder><filename>2365286.jpg</filename><source><database>Visual Genome Version 1.2</database><image_id>2365286</image_id><coco_id>None</coco_id><flickr_id>577632639</flickr_id></source><size><width>500</width><height>375</height><depth>3</depth></size><segmented>0</segmented><object><name>logo</name><object_id>635300</object_id><difficult>0</difficult><bndbox><xmin>418</xmin><ymin>34</ymin><xmax>499</xmax><ymax>84</ymax></bndbox><attribute>blue</attribute><attribute>grey</attribute><attribute>round</attribute></object><object><name>building</name><object_id>635301</object_id><difficult>0</difficult><bndbox><xmin>280</xmin><ymin>6</ymin><xmax>499</xmax><ymax>375</ymax></bndbox><attribute>brown</attribute><attribute>stone</attribute><attribute>tall</attribute></object><relation><subject_id>635300</subject_id><object_id>635301</object_id><predicate>on other side of</predicate></relation><relation><subject_id>635300</subject_id><object_id>635301</object_id><predicate>on other side of</predicate></relation><relation><subject_id>635300</subject_id><object_id>635301</object_id><predicate>on other side of</predicate></relation></annotation>