<annotation><folder>VG_100K</folder><filename>2365283.jpg</filename><source><database>Visual Genome Version 1.2</database><image_id>2365283</image_id><coco_id>579909</coco_id><flickr_id>398549539</flickr_id></source><size><width>500</width><height>375</height><depth>3</depth></size><segmented>0</segmented><object><name>towel</name><object_id>635317</object_id><difficult>0</difficult><bndbox><xmin>338</xmin><ymin>48</ymin><xmax>380</xmax><ymax>190</ymax></bndbox><attribute>colorful</attribute><attribute>red</attribute></object><object><name>door</name><object_id>635319</object_id><difficult>0</difficult><bndbox><xmin>381</xmin><ymin>1</ymin><xmax>398</xmax><ymax>375</ymax></bndbox></object><object><name>microwave</name><object_id>635322</object_id><difficult>0</difficult><bndbox><xmin>1</xmin><ymin>58</ymin><xmax>69</xmax><ymax>150</ymax></bndbox><attribute>chrome</attribute></object><object><name>food</name><object_id>635324</object_id><difficult>0</difficult><bndbox><xmin>1</xmin><ymin>214</ymin><xmax>119</xmax><ymax>374</ymax></bndbox></object><object><name>cabinet</name><object_id>635335</object_id><difficult>0</difficult><bndbox><xmin>398</xmin><ymin>0</ymin><xmax>495</xmax><ymax>132</ymax></bndbox></object><relation><subject_id>635317</subject_id><object_id>635319</object_id><predicate>on back of</predicate></relation><relation><subject_id>635317</subject_id><object_id>635319</object_id><predicate>hanging on a</predicate></relation><relation><subject_id>635324</subject_id><object_id>635322</object_id><predicate>beneath</predicate></relation><relation><subject_id>635335</subject_id><object_id>635319</object_id><predicate>beside</predicate></relation></annotation>