<annotation><folder>VG_100K</folder><filename>2365275.jpg</filename><source><database>Visual Genome Version 1.2</database><image_id>2365275</image_id><coco_id>None</coco_id><flickr_id>35922939</flickr_id></source><size><width>500</width><height>375</height><depth>3</depth></size><segmented>0</segmented><object><name>tree</name><object_id>1765707</object_id><difficult>0</difficult><bndbox><xmin>473</xmin><ymin>21</ymin><xmax>499</xmax><ymax>108</ymax></bndbox></object><object><name>plant</name><object_id>1765708</object_id><difficult>0</difficult><bndbox><xmin>428</xmin><ymin>198</ymin><xmax>495</xmax><ymax>250</ymax></bndbox></object><object><name>road</name><object_id>1765709</object_id><difficult>0</difficult><bndbox><xmin>168</xmin><ymin>307</ymin><xmax>420</xmax><ymax>341</ymax></bndbox></object><relation><subject_id>1765707</subject_id><object_id>1765709</object_id><predicate>beside</predicate></relation><relation><subject_id>1765708</subject_id><object_id>1765707</object_id><predicate>beside</predicate></relation></annotation>