<annotation><folder>VG_100K</folder><filename>2365303.jpg</filename><source><database>Visual Genome Version 1.2</database><image_id>2365303</image_id><coco_id>None</coco_id><flickr_id>2772450987</flickr_id></source><size><width>500</width><height>333</height><depth>3</depth></size><segmented>0</segmented><object><name>path</name><object_id>3884895</object_id><difficult>0</difficult><bndbox><xmin>212</xmin><ymin>231</ymin><xmax>495</xmax><ymax>330</ymax></bndbox><attribute>concrete</attribute></object><object><name>goose</name><object_id>2557673</object_id><difficult>0</difficult><bndbox><xmin>62</xmin><ymin>134</ymin><xmax>319</xmax><ymax>321</ymax></bndbox><attribute>white</attribute></object><object><name>goose</name><object_id>3884896</object_id><difficult>0</difficult><bndbox><xmin>319</xmin><ymin>159</ymin><xmax>467</xmax><ymax>242</ymax></bndbox><attribute>white</attribute></object><object><name>path</name><object_id>3884897</object_id><difficult>0</difficult><bndbox><xmin>1</xmin><ymin>166</ymin><xmax>497</xmax><ymax>329</ymax></bndbox><attribute>concrete</attribute></object><relation><subject_id>2557673</subject_id><object_id>3884895</object_id><predicate>walking towards</predicate></relation><relation><subject_id>3884896</subject_id><object_id>3884897</object_id><predicate>walking towards</predicate></relation></annotation>