<annotation><folder>VG_100K</folder><filename>2365201.jpg</filename><source><database>Visual Genome Version 1.2</database><image_id>2365201</image_id><coco_id>None</coco_id><flickr_id>5664948134</flickr_id></source><size><width>500</width><height>281</height><depth>3</depth></size><segmented>0</segmented><object><name>beach</name><object_id>3885505</object_id><difficult>0</difficult><bndbox><xmin>125</xmin><ymin>208</ymin><xmax>403</xmax><ymax>276</ymax></bndbox></object><object><name>surfboards</name><object_id>2376256</object_id><difficult>0</difficult><bndbox><xmin>218</xmin><ymin>190</ymin><xmax>396</xmax><ymax>208</ymax></bndbox></object><object><name>surfboards</name><object_id>2376257</object_id><difficult>0</difficult><bndbox><xmin>0</xmin><ymin>172</ymin><xmax>498</xmax><ymax>279</ymax></bndbox></object><relation><subject_id>2376256</subject_id><object_id>3885505</object_id><predicate>laying in</predicate></relation><relation><subject_id>2376257</subject_id><object_id>3885505</object_id><predicate>laying in</predicate></relation></annotation>