<annotation><folder>VG_100K</folder><filename>2365092.jpg</filename><source><database>Visual Genome Version 1.2</database><image_id>2365092</image_id><coco_id>None</coco_id><flickr_id>8658151329</flickr_id></source><size><width>500</width><height>342</height><depth>3</depth></size><segmented>0</segmented><object><name>bus</name><object_id>2521922</object_id><difficult>0</difficult><bndbox><xmin>312</xmin><ymin>5</ymin><xmax>498</xmax><ymax>187</ymax></bndbox><attribute>white</attribute></object><object><name>stripe</name><object_id>1844052</object_id><difficult>0</difficult><bndbox><xmin>327</xmin><ymin>90</ymin><xmax>499</xmax><ymax>101</ymax></bndbox><attribute>black</attribute></object><relation><subject_id>1844052</subject_id><object_id>2521922</object_id><predicate>on other side of</predicate></relation></annotation>