<annotation><folder>VG_100K</folder><filename>2365052.jpg</filename><source><database>Visual Genome Version 1.2</database><image_id>2365052</image_id><coco_id>None</coco_id><flickr_id>5604972833</flickr_id></source><size><width>500</width><height>282</height><depth>3</depth></size><segmented>0</segmented><object><name>bus</name><object_id>2611027</object_id><difficult>0</difficult><bndbox><xmin>353</xmin><ymin>200</ymin><xmax>420</xmax><ymax>234</ymax></bndbox></object><object><name>street</name><object_id>2611028</object_id><difficult>0</difficult><bndbox><xmin>382</xmin><ymin>235</ymin><xmax>499</xmax><ymax>280</ymax></bndbox></object><relation><subject_id>2611027</subject_id><object_id>2611028</object_id><predicate>driving down</predicate></relation></annotation>