<annotation><folder>VG_100K</folder><filename>2365337.jpg</filename><source><database>Visual Genome Version 1.2</database><image_id>2365337</image_id><coco_id>None</coco_id><flickr_id>5251348235</flickr_id></source><size><width>500</width><height>334</height><depth>3</depth></size><segmented>0</segmented><object><name>person</name><object_id>1863710</object_id><difficult>0</difficult><bndbox><xmin>163</xmin><ymin>182</ymin><xmax>173</xmax><ymax>204</ymax></bndbox></object><object><name>path</name><object_id>2576807</object_id><difficult>0</difficult><bndbox><xmin>76</xmin><ymin>182</ymin><xmax>356</xmax><ymax>332</ymax></bndbox></object><object><name>person</name><object_id>2301797</object_id><difficult>0</difficult><bndbox><xmin>168</xmin><ymin>183</ymin><xmax>176</xmax><ymax>201</ymax></bndbox></object><object><name>person</name><object_id>2301798</object_id><difficult>0</difficult><bndbox><xmin>156</xmin><ymin>180</ymin><xmax>165</xmax><ymax>203</ymax></bndbox></object><object><name>sidewalk</name><object_id>2301799</object_id><difficult>0</difficult><bndbox><xmin>137</xmin><ymin>214</ymin><xmax>201</xmax><ymax>331</ymax></bndbox></object><object><name>sidewalk</name><object_id>3884756</object_id><difficult>0</difficult><bndbox><xmin>109</xmin><ymin>216</ymin><xmax>369</xmax><ymax>332</ymax></bndbox></object><object><name>people</name><object_id>2099165</object_id><difficult>0</difficult><bndbox><xmin>134</xmin><ymin>169</ymin><xmax>202</xmax><ymax>230</ymax></bndbox></object><object><name>street</name><object_id>2037507</object_id><difficult>0</difficult><bndbox><xmin>3</xmin><ymin>177</ymin><xmax>142</xmax><ymax>325</ymax></bndbox></object><object><name>sidewalk</name><object_id>2037508</object_id><difficult>0</difficult><bndbox><xmin>80</xmin><ymin>192</ymin><xmax>387</xmax><ymax>330</ymax></bndbox></object><relation><subject_id>1863710</subject_id><object_id>2576807</object_id><predicate>walking towards</predicate></relation><relation><subject_id>2301797</subject_id><object_id>2301799</object_id><predicate>walking towards</predicate></relation><relation><subject_id>2301798</subject_id><object_id>2301799</object_id><predicate>walking towards</predicate></relation><relation><subject_id>2099165</subject_id><object_id>3884756</object_id><predicate>walking towards</predicate></relation><relation><subject_id>2037507</subject_id><object_id>2037508</object_id><predicate>beside</predicate></relation></annotation>