<annotation><folder>VG_100K</folder><filename>2365045.jpg</filename><source><database>Visual Genome Version 1.2</database><image_id>2365045</image_id><coco_id>171647</coco_id><flickr_id>5211609933</flickr_id></source><size><width>500</width><height>500</height><depth>3</depth></size><segmented>0</segmented><object><name>building</name><object_id>3886394</object_id><difficult>0</difficult><bndbox><xmin>125</xmin><ymin>14</ymin><xmax>385</xmax><ymax>205</ymax></bndbox></object><object><name>sidewalk</name><object_id>1718438</object_id><difficult>0</difficult><bndbox><xmin>54</xmin><ymin>122</ymin><xmax>381</xmax><ymax>184</ymax></bndbox></object><relation><subject_id>3886394</subject_id><object_id>1718438</object_id><predicate>beside</predicate></relation></annotation>