<annotation><folder>VG_100K</folder><filename>2365264.jpg</filename><source><database>Visual Genome Version 1.2</database><image_id>2365264</image_id><coco_id>295889</coco_id><flickr_id>9333388830</flickr_id></source><size><width>500</width><height>375</height><depth>3</depth></size><segmented>0</segmented><object><name>cabinets</name><object_id>2289676</object_id><difficult>0</difficult><bndbox><xmin>98</xmin><ymin>301</ymin><xmax>371</xmax><ymax>372</ymax></bndbox></object><object><name>counter</name><object_id>2289677</object_id><difficult>0</difficult><bndbox><xmin>29</xmin><ymin>243</ymin><xmax>457</xmax><ymax>373</ymax></bndbox></object><relation><subject_id>2289676</subject_id><object_id>2289677</object_id><predicate>under a</predicate></relation></annotation>