<annotation><folder>VG_100K</folder><filename>2365176.jpg</filename><source><database>Visual Genome Version 1.2</database><image_id>2365176</image_id><coco_id>303508</coco_id><flickr_id>4364501434</flickr_id></source><size><width>500</width><height>375</height><depth>3</depth></size><segmented>0</segmented><object><name>bread</name><object_id>2086663</object_id><difficult>0</difficult><bndbox><xmin>22</xmin><ymin>1</ymin><xmax>311</xmax><ymax>176</ymax></bndbox></object><object><name>bag</name><object_id>2081070</object_id><difficult>0</difficult><bndbox><xmin>1</xmin><ymin>20</ymin><xmax>265</xmax><ymax>179</ymax></bndbox><attribute>white</attribute><attribute>plastic</attribute></object><object><name>watermelon</name><object_id>1767850</object_id><difficult>0</difficult><bndbox><xmin>177</xmin><ymin>42</ymin><xmax>317</xmax><ymax>114</ymax></bndbox></object><object><name>sticker</name><object_id>1767851</object_id><difficult>0</difficult><bndbox><xmin>279</xmin><ymin>46</ymin><xmax>296</xmax><ymax>57</ymax></bndbox></object><relation><subject_id>2081070</subject_id><object_id>2086663</object_id><predicate>under a</predicate></relation><relation><subject_id>1767851</subject_id><object_id>1767850</object_id><predicate>top of</predicate></relation></annotation>