<annotation><folder>VG_100K</folder><filename>2365255.jpg</filename><source><database>Visual Genome Version 1.2</database><image_id>2365255</image_id><coco_id>170623</coco_id><flickr_id>8570453382</flickr_id></source><size><width>500</width><height>500</height><depth>3</depth></size><segmented>0</segmented><object><name>glass</name><object_id>635567</object_id><difficult>0</difficult><bndbox><xmin>124</xmin><ymin>3</ymin><xmax>261</xmax><ymax>197</ymax></bndbox></object><object><name>juice</name><object_id>635568</object_id><difficult>0</difficult><bndbox><xmin>126</xmin><ymin>0</ymin><xmax>254</xmax><ymax>167</ymax></bndbox><attribute>red</attribute></object><relation><subject_id>635567</subject_id><object_id>635568</object_id><predicate>standing with</predicate></relation></annotation>