<annotation><folder>VG_100K</folder><filename>2365056.jpg</filename><source><database>Visual Genome Version 1.2</database><image_id>2365056</image_id><coco_id>None</coco_id><flickr_id>5736423733</flickr_id></source><size><width>333</width><height>500</height><depth>3</depth></size><segmented>0</segmented><object><name>bench</name><object_id>2143232</object_id><difficult>0</difficult><bndbox><xmin>0</xmin><ymin>220</ymin><xmax>333</xmax><ymax>471</ymax></bndbox><attribute>grey</attribute></object><object><name>girl</name><object_id>2517026</object_id><difficult>0</difficult><bndbox><xmin>42</xmin><ymin>91</ymin><xmax>307</xmax><ymax>492</ymax></bndbox></object><relation><subject_id>2517026</subject_id><object_id>2143232</object_id><predicate>sitting on a</predicate></relation></annotation>