<annotation><folder>VG_100K</folder><filename>2365171.jpg</filename><source><database>Visual Genome Version 1.2</database><image_id>2365171</image_id><coco_id>97182</coco_id><flickr_id>4072617686</flickr_id></source><size><width>366</width><height>500</height><depth>3</depth></size><segmented>0</segmented><object><name>ducks</name><object_id>636124</object_id><difficult>0</difficult><bndbox><xmin>47</xmin><ymin>419</ymin><xmax>179</xmax><ymax>452</ymax></bndbox><attribute>brown</attribute></object><object><name>water</name><object_id>636125</object_id><difficult>0</difficult><bndbox><xmin>3</xmin><ymin>312</ymin><xmax>363</xmax><ymax>496</ymax></bndbox><attribute>brown</attribute><attribute>calm</attribute></object><object><name>giraffe</name><object_id>636126</object_id><difficult>0</difficult><bndbox><xmin>112</xmin><ymin>112</ymin><xmax>283</xmax><ymax>326</ymax></bndbox></object><object><name>lake</name><object_id>636127</object_id><difficult>0</difficult><bndbox><xmin>2</xmin><ymin>314</ymin><xmax>365</xmax><ymax>496</ymax></bndbox></object><relation><subject_id>636126</subject_id><object_id>636127</object_id><predicate>eating from</predicate></relation><relation><subject_id>636124</subject_id><object_id>636125</object_id><predicate>floating in</predicate></relation><relation><subject_id>636126</subject_id><object_id>636127</object_id><predicate>eating from</predicate></relation></annotation>