<annotation><folder>VG_100K</folder><filename>2365051.jpg</filename><source><database>Visual Genome Version 1.2</database><image_id>2365051</image_id><coco_id>None</coco_id><flickr_id>5519799633</flickr_id></source><size><width>500</width><height>374</height><depth>3</depth></size><segmented>0</segmented><object><name>boy</name><object_id>758008</object_id><difficult>0</difficult><bndbox><xmin>46</xmin><ymin>89</ymin><xmax>237</xmax><ymax>372</ymax></bndbox><attribute>little</attribute><attribute>young</attribute></object><object><name>umbrella</name><object_id>758010</object_id><difficult>0</difficult><bndbox><xmin>95</xmin><ymin>1</ymin><xmax>499</xmax><ymax>371</ymax></bndbox><attribute>black</attribute><attribute>opened</attribute><attribute>upside down</attribute></object><object><name>vehicle</name><object_id>758012</object_id><difficult>0</difficult><bndbox><xmin>4</xmin><ymin>2</ymin><xmax>498</xmax><ymax>372</ymax></bndbox></object><relation><subject_id>758008</subject_id><object_id>758012</object_id><predicate>are inside</predicate></relation><relation><subject_id>758008</subject_id><object_id>758012</object_id><predicate>are inside</predicate></relation><relation><subject_id>758010</subject_id><object_id>758012</object_id><predicate>are inside</predicate></relation><relation><subject_id>758008</subject_id><object_id>758012</object_id><predicate>are inside</predicate></relation><relation><subject_id>758010</subject_id><object_id>758012</object_id><predicate>are inside</predicate></relation><relation><subject_id>758010</subject_id><object_id>758012</object_id><predicate>are inside</predicate></relation></annotation>