<annotation><folder>VG_100K</folder><filename>2365098.jpg</filename><source><database>Visual Genome Version 1.2</database><image_id>2365098</image_id><coco_id>None</coco_id><flickr_id>9130372029</flickr_id></source><size><width>500</width><height>281</height><depth>3</depth></size><segmented>0</segmented><object><name>fence</name><object_id>2197822</object_id><difficult>0</difficult><bndbox><xmin>1</xmin><ymin>162</ymin><xmax>481</xmax><ymax>279</ymax></bndbox></object><object><name>tracks</name><object_id>1734299</object_id><difficult>0</difficult><bndbox><xmin>265</xmin><ymin>198</ymin><xmax>498</xmax><ymax>280</ymax></bndbox></object><relation><subject_id>1734299</subject_id><object_id>2197822</object_id><predicate>beside</predicate></relation></annotation>