<annotation><folder>VG_100K</folder><filename>2365356.jpg</filename><source><database>Visual Genome Version 1.2</database><image_id>2365356</image_id><coco_id>None</coco_id><flickr_id>6236313335</flickr_id></source><size><width>500</width><height>333</height><depth>3</depth></size><segmented>0</segmented><object><name>motorcycle</name><object_id>2071456</object_id><difficult>0</difficult><bndbox><xmin>60</xmin><ymin>77</ymin><xmax>462</xmax><ymax>307</ymax></bndbox><attribute>black</attribute><attribute>nice</attribute></object><object><name>car</name><object_id>1998545</object_id><difficult>0</difficult><bndbox><xmin>250</xmin><ymin>75</ymin><xmax>498</xmax><ymax>232</ymax></bndbox><attribute>black</attribute></object><relation><subject_id>1998545</subject_id><object_id>2071456</object_id><predicate>beside</predicate></relation></annotation>