<annotation><folder>VG_100K</folder><filename>2365161.jpg</filename><source><database>Visual Genome Version 1.2</database><image_id>2365161</image_id><coco_id>None</coco_id><flickr_id>3690561886</flickr_id></source><size><width>375</width><height>500</height><depth>3</depth></size><segmented>0</segmented><object><name>vase</name><object_id>1772311</object_id><difficult>0</difficult><bndbox><xmin>146</xmin><ymin>265</ymin><xmax>232</xmax><ymax>360</ymax></bndbox><attribute>red</attribute></object><object><name>mirror</name><object_id>1772312</object_id><difficult>0</difficult><bndbox><xmin>61</xmin><ymin>285</ymin><xmax>304</xmax><ymax>407</ymax></bndbox></object><relation><subject_id>1772311</subject_id><object_id>1772312</object_id><predicate>top of</predicate></relation></annotation>