<annotation><folder>VG_100K</folder><filename>2365134.jpg</filename><source><database>Visual Genome Version 1.2</database><image_id>2365134</image_id><coco_id>291498</coco_id><flickr_id>2327873286</flickr_id></source><size><width>500</width><height>499</height><depth>3</depth></size><segmented>0</segmented><object><name>person</name><object_id>1765128</object_id><difficult>0</difficult><bndbox><xmin>75</xmin><ymin>180</ymin><xmax>289</xmax><ymax>497</ymax></bndbox></object><object><name>street</name><object_id>1765127</object_id><difficult>0</difficult><bndbox><xmin>0</xmin><ymin>377</ymin><xmax>498</xmax><ymax>497</ymax></bndbox></object><relation><subject_id>1765127</subject_id><object_id>1765128</object_id><predicate>under a</predicate></relation></annotation>