<annotation><folder>VG_100K</folder><filename>2365360.jpg</filename><source><database>Visual Genome Version 1.2</database><image_id>2365360</image_id><coco_id>465975</coco_id><flickr_id>6371209635</flickr_id></source><size><width>500</width><height>333</height><depth>3</depth></size><segmented>0</segmented><object><name>water</name><object_id>3355704</object_id><difficult>0</difficult><bndbox><xmin>0</xmin><ymin>220</ymin><xmax>500</xmax><ymax>330</ymax></bndbox><attribute>blue</attribute></object><object><name>birds</name><object_id>2646707</object_id><difficult>0</difficult><bndbox><xmin>11</xmin><ymin>92</ymin><xmax>498</xmax><ymax>279</ymax></bndbox></object><object><name>bird</name><object_id>2551730</object_id><difficult>0</difficult><bndbox><xmin>364</xmin><ymin>95</ymin><xmax>441</xmax><ymax>138</ymax></bndbox><attribute>large</attribute><attribute>white</attribute></object><object><name>bird</name><object_id>3355699</object_id><difficult>0</difficult><bndbox><xmin>361</xmin><ymin>102</ymin><xmax>424</xmax><ymax>138</ymax></bndbox><attribute>flying</attribute></object><object><name>bird</name><object_id>3355700</object_id><difficult>0</difficult><bndbox><xmin>106</xmin><ymin>135</ymin><xmax>164</xmax><ymax>153</ymax></bndbox><attribute>flying</attribute></object><object><name>bird</name><object_id>3355701</object_id><difficult>0</difficult><bndbox><xmin>183</xmin><ymin>216</ymin><xmax>226</xmax><ymax>243</ymax></bndbox><attribute>flying</attribute></object><object><name>bird</name><object_id>3355702</object_id><difficult>0</difficult><bndbox><xmin>85</xmin><ymin>184</ymin><xmax>107</xmax><ymax>214</ymax></bndbox><attribute>flying</attribute></object><object><name>bird</name><object_id>3355703</object_id><difficult>0</difficult><bndbox><xmin>416</xmin><ymin>200</ymin><xmax>433</xmax><ymax>217</ymax></bndbox><attribute>flying</attribute></object><object><name>bird</name><object_id>1758516</object_id><difficult>0</difficult><bndbox><xmin>76</xmin><ymin>187</ymin><xmax>133</xmax><ymax>220</ymax></bndbox><attribute>white</attribute></object><object><name>bird</name><object_id>1758517</object_id><difficult>0</difficult><bndbox><xmin>174</xmin><ymin>212</ymin><xmax>234</xmax><ymax>257</ymax></bndbox><attribute>white</attribute></object><object><name>bird</name><object_id>1758518</object_id><difficult>0</difficult><bndbox><xmin>256</xmin><ymin>241</ymin><xmax>296</xmax><ymax>276</ymax></bndbox><attribute>white</attribute></object><object><name>bird</name><object_id>1758519</object_id><difficult>0</difficult><bndbox><xmin>445</xmin><ymin>259</ymin><xmax>497</xmax><ymax>323</ymax></bndbox><attribute>white</attribute></object><object><name>bird</name><object_id>1758520</object_id><difficult>0</difficult><bndbox><xmin>359</xmin><ymin>98</ymin><xmax>451</xmax><ymax>143</ymax></bndbox><attribute>white</attribute></object><object><name>bird</name><object_id>2141226</object_id><difficult>0</difficult><bndbox><xmin>368</xmin><ymin>108</ymin><xmax>441</xmax><ymax>144</ymax></bndbox><attribute>large</attribute><attribute>white</attribute><attribute>flying</attribute></object><object><name>sky</name><object_id>2141227</object_id><difficult>0</difficult><bndbox><xmin>384</xmin><ymin>47</ymin><xmax>449</xmax><ymax>74</ymax></bndbox></object><object><name>bird</name><object_id>3884638</object_id><difficult>0</difficult><bndbox><xmin>430</xmin><ymin>166</ymin><xmax>456</xmax><ymax>178</ymax></bndbox><attribute>large</attribute><attribute>white</attribute><attribute>flying</attribute></object><object><name>sky</name><object_id>3144403</object_id><difficult>0</difficult><bndbox><xmin>2</xmin><ymin>0</ymin><xmax>498</xmax><ymax>130</ymax></bndbox></object><object><name>bird</name><object_id>2551731</object_id><difficult>0</difficult><bndbox><xmin>416</xmin><ymin>201</ymin><xmax>438</xmax><ymax>220</ymax></bndbox><attribute>large</attribute><attribute>white</attribute></object><object><name>bird</name><object_id>2551732</object_id><difficult>0</difficult><bndbox><xmin>187</xmin><ymin>215</ymin><xmax>227</xmax><ymax>244</ymax></bndbox><attribute>large</attribute><attribute>white</attribute></object><object><name>bird</name><object_id>2551733</object_id><difficult>0</difficult><bndbox><xmin>102</xmin><ymin>133</ymin><xmax>169</xmax><ymax>158</ymax></bndbox><attribute>large</attribute><attribute>white</attribute></object><object><name>bird</name><object_id>2551734</object_id><difficult>0</difficult><bndbox><xmin>235</xmin><ymin>166</ymin><xmax>249</xmax><ymax>183</ymax></bndbox><attribute>white</attribute></object><object><name>sky</name><object_id>2551735</object_id><difficult>0</difficult><bndbox><xmin>6</xmin><ymin>6</ymin><xmax>493</xmax><ymax>64</ymax></bndbox></object><object><name>sky</name><object_id>3319744</object_id><difficult>0</difficult><bndbox><xmin>2</xmin><ymin>0</ymin><xmax>497</xmax><ymax>157</ymax></bndbox></object><object><name>bird</name><object_id>3487756</object_id><difficult>0</difficult><bndbox><xmin>341</xmin><ymin>89</ymin><xmax>442</xmax><ymax>165</ymax></bndbox><attribute>large</attribute><attribute>white</attribute><attribute>flying</attribute></object><object><name>bird</name><object_id>3319743</object_id><difficult>0</difficult><bndbox><xmin>107</xmin><ymin>135</ymin><xmax>167</xmax><ymax>155</ymax></bndbox><attribute>large</attribute><attribute>white</attribute><attribute>flying</attribute></object><relation><subject_id>3355704</subject_id><object_id>2646707</object_id><predicate>under a</predicate></relation><relation><subject_id>3355699</subject_id><object_id>3355704</object_id><predicate>flying in</predicate></relation><relation><subject_id>3355700</subject_id><object_id>3355704</object_id><predicate>flying in</predicate></relation><relation><subject_id>3355701</subject_id><object_id>3355704</object_id><predicate>flying in</predicate></relation><relation><subject_id>3355702</subject_id><object_id>3355704</object_id><predicate>flying in</predicate></relation><relation><subject_id>3355703</subject_id><object_id>3355704</object_id><predicate>flying in</predicate></relation><relation><subject_id>1758516</subject_id><object_id>3355704</object_id><predicate>flying in</predicate></relation><relation><subject_id>1758517</subject_id><object_id>3355704</object_id><predicate>flying in</predicate></relation><relation><subject_id>1758518</subject_id><object_id>3355704</object_id><predicate>flying in</predicate></relation><relation><subject_id>1758519</subject_id><object_id>3355704</object_id><predicate>flying in</predicate></relation><relation><subject_id>1758520</subject_id><object_id>3355704</object_id><predicate>flying in</predicate></relation><relation><subject_id>2141226</subject_id><object_id>2141227</object_id><predicate>flying in</predicate></relation><relation><subject_id>3884638</subject_id><object_id>3144403</object_id><predicate>flying in</predicate></relation><relation><subject_id>2551730</subject_id><object_id>2551735</object_id><predicate>flying in</predicate></relation><relation><subject_id>2551731</subject_id><object_id>2551735</object_id><predicate>flying in</predicate></relation><relation><subject_id>2551732</subject_id><object_id>2551735</object_id><predicate>flying in</predicate></relation><relation><subject_id>2551733</subject_id><object_id>2551735</object_id><predicate>flying in</predicate></relation><relation><subject_id>2551734</subject_id><object_id>2551735</object_id><predicate>flying in</predicate></relation><relation><subject_id>3487756</subject_id><object_id>3319744</object_id><predicate>flying in</predicate></relation><relation><subject_id>3319743</subject_id><object_id>3319744</object_id><predicate>flying in</predicate></relation></annotation>