<annotation><folder>VG_100K</folder><filename>2365357.jpg</filename><source><database>Visual Genome Version 1.2</database><image_id>2365357</image_id><coco_id>None</coco_id><flickr_id>6274522135</flickr_id></source><size><width>500</width><height>375</height><depth>3</depth></size><segmented>0</segmented><object><name>tower</name><object_id>3884655</object_id><difficult>0</difficult><bndbox><xmin>133</xmin><ymin>25</ymin><xmax>237</xmax><ymax>295</ymax></bndbox></object><object><name>clouds</name><object_id>3884654</object_id><difficult>0</difficult><bndbox><xmin>0</xmin><ymin>4</ymin><xmax>469</xmax><ymax>185</ymax></bndbox><attribute>white</attribute></object><object><name>sky</name><object_id>2090373</object_id><difficult>0</difficult><bndbox><xmin>313</xmin><ymin>49</ymin><xmax>444</xmax><ymax>137</ymax></bndbox></object><object><name>doorway</name><object_id>1866947</object_id><difficult>0</difficult><bndbox><xmin>160</xmin><ymin>262</ymin><xmax>183</xmax><ymax>294</ymax></bndbox><attribute>arched</attribute></object><object><name>tower</name><object_id>3884657</object_id><difficult>0</difficult><bndbox><xmin>312</xmin><ymin>138</ymin><xmax>397</xmax><ymax>322</ymax></bndbox></object><object><name>sidewalk</name><object_id>2301114</object_id><difficult>0</difficult><bndbox><xmin>211</xmin><ymin>287</ymin><xmax>496</xmax><ymax>312</ymax></bndbox></object><relation><subject_id>3884654</subject_id><object_id>2090373</object_id><predicate>floating in</predicate></relation><relation><subject_id>1866947</subject_id><object_id>3884655</object_id><predicate>built into</predicate></relation><relation><subject_id>2301114</subject_id><object_id>3884657</object_id><predicate>leading to</predicate></relation></annotation>