<annotation><folder>VG_100K</folder><filename>2365211.jpg</filename><source><database>Visual Genome Version 1.2</database><image_id>2365211</image_id><coco_id>466771</coco_id><flickr_id>6153820434</flickr_id></source><size><width>500</width><height>375</height><depth>3</depth></size><segmented>0</segmented><object><name>grass</name><object_id>1825419</object_id><difficult>0</difficult><bndbox><xmin>1</xmin><ymin>8</ymin><xmax>498</xmax><ymax>373</ymax></bndbox><attribute>green</attribute></object><object><name>zebra</name><object_id>2397166</object_id><difficult>0</difficult><bndbox><xmin>15</xmin><ymin>68</ymin><xmax>408</xmax><ymax>340</ymax></bndbox></object><relation><subject_id>2397166</subject_id><object_id>1825419</object_id><predicate>running in</predicate></relation></annotation>