<annotation><folder>VG_100K</folder><filename>2365131.jpg</filename><source><database>Visual Genome Version 1.2</database><image_id>2365131</image_id><coco_id>None</coco_id><flickr_id>1418118438</flickr_id></source><size><width>500</width><height>359</height><depth>3</depth></size><segmented>0</segmented><object><name>boat</name><object_id>3885944</object_id><difficult>0</difficult><bndbox><xmin>11</xmin><ymin>25</ymin><xmax>451</xmax><ymax>187</ymax></bndbox></object><object><name>letters</name><object_id>2610126</object_id><difficult>0</difficult><bndbox><xmin>276</xmin><ymin>105</ymin><xmax>309</xmax><ymax>127</ymax></bndbox></object><relation><subject_id>2610126</subject_id><object_id>3885944</object_id><predicate>painted</predicate></relation></annotation>