<annotation><folder>VG_100K</folder><filename>2365263.jpg</filename><source><database>Visual Genome Version 1.2</database><image_id>2365263</image_id><coco_id>None</coco_id><flickr_id>9319827030</flickr_id></source><size><width>500</width><height>334</height><depth>3</depth></size><segmented>0</segmented><object><name>flowers</name><object_id>2258216</object_id><difficult>0</difficult><bndbox><xmin>444</xmin><ymin>168</ymin><xmax>459</xmax><ymax>181</ymax></bndbox><attribute>yellow</attribute></object><object><name>branches</name><object_id>2258217</object_id><difficult>0</difficult><bndbox><xmin>414</xmin><ymin>138</ymin><xmax>495</xmax><ymax>213</ymax></bndbox></object><relation><subject_id>2258216</subject_id><object_id>2258217</object_id><predicate>between</predicate></relation></annotation>