<annotation><folder>VG_100K</folder><filename>2365195.jpg</filename><source><database>Visual Genome Version 1.2</database><image_id>2365195</image_id><coco_id>None</coco_id><flickr_id>5253845134</flickr_id></source><size><width>500</width><height>281</height><depth>3</depth></size><segmented>0</segmented><object><name>elephant</name><object_id>3885553</object_id><difficult>0</difficult><bndbox><xmin>151</xmin><ymin>80</ymin><xmax>453</xmax><ymax>250</ymax></bndbox></object><object><name>bird</name><object_id>757652</object_id><difficult>0</difficult><bndbox><xmin>451</xmin><ymin>223</ymin><xmax>475</xmax><ymax>241</ymax></bndbox><attribute>standing</attribute><attribute>white</attribute><attribute>black</attribute><attribute>red</attribute></object><relation><subject_id>757652</subject_id><object_id>3885553</object_id><predicate>following</predicate></relation></annotation>