<annotation><folder>VG_100K</folder><filename>2365006.jpg</filename><source><database>Visual Genome Version 1.2</database><image_id>2365006</image_id><coco_id>None</coco_id><flickr_id>2853169385</flickr_id></source><size><width>500</width><height>375</height><depth>3</depth></size><segmented>0</segmented><object><name>girl</name><object_id>637120</object_id><difficult>0</difficult><bndbox><xmin>223</xmin><ymin>129</ymin><xmax>363</xmax><ymax>374</ymax></bndbox></object><object><name>bird</name><object_id>637121</object_id><difficult>0</difficult><bndbox><xmin>0</xmin><ymin>32</ymin><xmax>232</xmax><ymax>139</ymax></bndbox></object><object><name>string</name><object_id>637125</object_id><difficult>0</difficult><bndbox><xmin>114</xmin><ymin>125</ymin><xmax>127</xmax><ymax>263</ymax></bndbox><attribute>gold</attribute><attribute>long</attribute></object><relation><subject_id>637125</subject_id><object_id>637121</object_id><predicate>hanging on a</predicate></relation><relation><subject_id>637120</subject_id><object_id>637121</object_id><predicate>playing with</predicate></relation></annotation>