<annotation><folder>VG_100K</folder><filename>2365354.jpg</filename><source><database>Visual Genome Version 1.2</database><image_id>2365354</image_id><coco_id>548957</coco_id><flickr_id>6194952435</flickr_id></source><size><width>500</width><height>333</height><depth>3</depth></size><segmented>0</segmented><object><name>apple</name><object_id>757200</object_id><difficult>0</difficult><bndbox><xmin>108</xmin><ymin>3</ymin><xmax>325</xmax><ymax>193</ymax></bndbox><attribute>small</attribute><attribute>top</attribute><attribute>up</attribute><attribute>red</attribute><attribute>round</attribute></object><object><name>orange</name><object_id>757201</object_id><difficult>0</difficult><bndbox><xmin>295</xmin><ymin>44</ymin><xmax>498</xmax><ymax>261</ymax></bndbox><attribute>small</attribute><attribute>rough</attribute><attribute>bright</attribute><attribute>ripe</attribute><attribute>round</attribute></object><relation><subject_id>757200</subject_id><object_id>757201</object_id><predicate>beside</predicate></relation><relation><subject_id>757201</subject_id><object_id>757200</object_id><predicate>beside</predicate></relation><relation><subject_id>757200</subject_id><object_id>757201</object_id><predicate>beside</predicate></relation><relation><subject_id>757200</subject_id><object_id>757201</object_id><predicate>beside</predicate></relation><relation><subject_id>757200</subject_id><object_id>757201</object_id><predicate>beside</predicate></relation><relation><subject_id>757200</subject_id><object_id>757201</object_id><predicate>beside</predicate></relation><relation><subject_id>757201</subject_id><object_id>757200</object_id><predicate>beside</predicate></relation><relation><subject_id>757201</subject_id><object_id>757200</object_id><predicate>beside</predicate></relation></annotation>