<annotation><folder>VG_100K</folder><filename>2365143.jpg</filename><source><database>Visual Genome Version 1.2</database><image_id>2365143</image_id><coco_id>None</coco_id><flickr_id>2832223986</flickr_id></source><size><width>375</width><height>500</height><depth>3</depth></size><segmented>0</segmented><object><name>chain</name><object_id>2452737</object_id><difficult>0</difficult><bndbox><xmin>174</xmin><ymin>271</ymin><xmax>223</xmax><ymax>325</ymax></bndbox></object><object><name>fire hydrant</name><object_id>3365529</object_id><difficult>0</difficult><bndbox><xmin>66</xmin><ymin>188</ymin><xmax>227</xmax><ymax>394</ymax></bndbox></object><object><name>road</name><object_id>3885875</object_id><difficult>0</difficult><bndbox><xmin>285</xmin><ymin>281</ymin><xmax>336</xmax><ymax>360</ymax></bndbox></object><object><name>jeep</name><object_id>1667033</object_id><difficult>0</difficult><bndbox><xmin>9</xmin><ymin>10</ymin><xmax>90</xmax><ymax>51</ymax></bndbox><attribute>green</attribute></object><relation><subject_id>2452737</subject_id><object_id>3365529</object_id><predicate>hanging on a</predicate></relation><relation><subject_id>1667033</subject_id><object_id>3885875</object_id><predicate>on other side of</predicate></relation></annotation>