<annotation><folder>VG_100K</folder><filename>2365319.jpg</filename><source><database>Visual Genome Version 1.2</database><image_id>2365319</image_id><coco_id>None</coco_id><flickr_id>3377491087</flickr_id></source><size><width>500</width><height>375</height><depth>3</depth></size><segmented>0</segmented><object><name>tree</name><object_id>2930320</object_id><difficult>0</difficult><bndbox><xmin>0</xmin><ymin>55</ymin><xmax>60</xmax><ymax>285</ymax></bndbox><attribute>small</attribute><attribute>pine</attribute></object><object><name>skier</name><object_id>2930321</object_id><difficult>0</difficult><bndbox><xmin>292</xmin><ymin>137</ymin><xmax>401</xmax><ymax>330</ymax></bndbox></object><object><name>skier</name><object_id>2930322</object_id><difficult>0</difficult><bndbox><xmin>219</xmin><ymin>129</ymin><xmax>288</xmax><ymax>349</ymax></bndbox></object><object><name>skier</name><object_id>3713624</object_id><difficult>0</difficult><bndbox><xmin>312</xmin><ymin>125</ymin><xmax>428</xmax><ymax>337</ymax></bndbox></object><object><name>skier</name><object_id>3713625</object_id><difficult>0</difficult><bndbox><xmin>212</xmin><ymin>114</ymin><xmax>302</xmax><ymax>348</ymax></bndbox></object><relation><subject_id>2930320</subject_id><object_id>2930321</object_id><predicate>beside</predicate></relation><relation><subject_id>2930320</subject_id><object_id>2930322</object_id><predicate>beside</predicate></relation><relation><subject_id>3713624</subject_id><object_id>3713625</object_id><predicate>standing with</predicate></relation></annotation>