<annotation><folder>VG_100K</folder><filename>2365262.jpg</filename><source><database>Visual Genome Version 1.2</database><image_id>2365262</image_id><coco_id>None</coco_id><flickr_id>9259403730</flickr_id></source><size><width>500</width><height>333</height><depth>3</depth></size><segmented>0</segmented><object><name>people</name><object_id>1865018</object_id><difficult>0</difficult><bndbox><xmin>59</xmin><ymin>12</ymin><xmax>497</xmax><ymax>120</ymax></bndbox></object><object><name>bleachers</name><object_id>1865019</object_id><difficult>0</difficult><bndbox><xmin>1</xmin><ymin>1</ymin><xmax>499</xmax><ymax>222</ymax></bndbox></object><relation><subject_id>1865018</subject_id><object_id>1865019</object_id><predicate>sitting on a</predicate></relation></annotation>