<annotation><folder>VG_100K</folder><filename>2365007.jpg</filename><source><database>Visual Genome Version 1.2</database><image_id>2365007</image_id><coco_id>None</coco_id><flickr_id>2860601285</flickr_id></source><size><width>500</width><height>261</height><depth>3</depth></size><segmented>0</segmented><object><name>boat</name><object_id>3886598</object_id><difficult>0</difficult><bndbox><xmin>62</xmin><ymin>134</ymin><xmax>268</xmax><ymax>258</ymax></bndbox></object><object><name>structure</name><object_id>1884789</object_id><difficult>0</difficult><bndbox><xmin>77</xmin><ymin>136</ymin><xmax>202</xmax><ymax>205</ymax></bndbox><attribute>wooden</attribute></object><relation><subject_id>1884789</subject_id><object_id>3886598</object_id><predicate>are inside</predicate></relation></annotation>