<annotation><folder>VG_100K</folder><filename>2365141.jpg</filename><source><database>Visual Genome Version 1.2</database><image_id>2365141</image_id><coco_id>191376</coco_id><flickr_id>2786459386</flickr_id></source><size><width>500</width><height>375</height><depth>3</depth></size><segmented>0</segmented><object><name>woman</name><object_id>3359423</object_id><difficult>0</difficult><bndbox><xmin>439</xmin><ymin>278</ymin><xmax>468</xmax><ymax>335</ymax></bndbox><attribute>walking</attribute></object><object><name>woman</name><object_id>3359424</object_id><difficult>0</difficult><bndbox><xmin>403</xmin><ymin>277</ymin><xmax>422</xmax><ymax>333</ymax></bndbox><attribute>walking</attribute></object><object><name>sidewalk</name><object_id>3359425</object_id><difficult>0</difficult><bndbox><xmin>314</xmin><ymin>296</ymin><xmax>499</xmax><ymax>372</ymax></bndbox></object><object><name>street</name><object_id>1751077</object_id><difficult>0</difficult><bndbox><xmin>392</xmin><ymin>306</ymin><xmax>423</xmax><ymax>369</ymax></bndbox></object><object><name>woman</name><object_id>1751078</object_id><difficult>0</difficult><bndbox><xmin>400</xmin><ymin>276</ymin><xmax>416</xmax><ymax>306</ymax></bndbox></object><relation><subject_id>3359423</subject_id><object_id>3359425</object_id><predicate>walking towards</predicate></relation><relation><subject_id>3359424</subject_id><object_id>3359425</object_id><predicate>walking towards</predicate></relation><relation><subject_id>1751078</subject_id><object_id>1751077</object_id><predicate>walking towards</predicate></relation></annotation>