<annotation><folder>VG_100K</folder><filename>2365172.jpg</filename><source><database>Visual Genome Version 1.2</database><image_id>2365172</image_id><coco_id>None</coco_id><flickr_id>4206213386</flickr_id></source><size><width>500</width><height>321</height><depth>3</depth></size><segmented>0</segmented><object><name>cabinet</name><object_id>2333686</object_id><difficult>0</difficult><bndbox><xmin>273</xmin><ymin>227</ymin><xmax>311</xmax><ymax>312</ymax></bndbox></object><object><name>sink</name><object_id>2333687</object_id><difficult>0</difficult><bndbox><xmin>279</xmin><ymin>190</ymin><xmax>314</xmax><ymax>202</ymax></bndbox></object><relation><subject_id>2333686</subject_id><object_id>2333687</object_id><predicate>under a</predicate></relation></annotation>