<annotation><folder>VG_100K</folder><filename>2365206.jpg</filename><source><database>Visual Genome Version 1.2</database><image_id>2365206</image_id><coco_id>113338</coco_id><flickr_id>5999144234</flickr_id></source><size><width>500</width><height>336</height><depth>3</depth></size><segmented>0</segmented><object><name>wall</name><object_id>3885467</object_id><difficult>0</difficult><bndbox><xmin>147</xmin><ymin>62</ymin><xmax>175</xmax><ymax>329</ymax></bndbox></object><object><name>machine</name><object_id>1792590</object_id><difficult>0</difficult><bndbox><xmin>184</xmin><ymin>119</ymin><xmax>307</xmax><ymax>251</ymax></bndbox></object><object><name>clock</name><object_id>3885476</object_id><difficult>0</difficult><bndbox><xmin>204</xmin><ymin>125</ymin><xmax>297</xmax><ymax>214</ymax></bndbox></object><object><name>shelf</name><object_id>1887877</object_id><difficult>0</difficult><bndbox><xmin>193</xmin><ymin>210</ymin><xmax>301</xmax><ymax>231</ymax></bndbox></object><relation><subject_id>1792590</subject_id><object_id>3885467</object_id><predicate>attached</predicate></relation><relation><subject_id>3885476</subject_id><object_id>1887877</object_id><predicate>top of</predicate></relation></annotation>