<annotation><folder>VG_100K</folder><filename>2365104.jpg</filename><source><database>Visual Genome Version 1.2</database><image_id>2365104</image_id><coco_id>None</coco_id><flickr_id>9344023229</flickr_id></source><size><width>500</width><height>305</height><depth>3</depth></size><segmented>0</segmented><object><name>train</name><object_id>2475960</object_id><difficult>0</difficult><bndbox><xmin>263</xmin><ymin>25</ymin><xmax>498</xmax><ymax>280</ymax></bndbox><attribute>blue</attribute></object><object><name>shadow</name><object_id>2475959</object_id><difficult>0</difficult><bndbox><xmin>324</xmin><ymin>252</ymin><xmax>499</xmax><ymax>287</ymax></bndbox><attribute>dark</attribute></object><relation><subject_id>2475959</subject_id><object_id>2475960</object_id><predicate>beneath</predicate></relation></annotation>