<annotation><folder>VG_100K</folder><filename>2365273.jpg</filename><source><database>Visual Genome Version 1.2</database><image_id>2365273</image_id><coco_id>262093</coco_id><flickr_id>8417139</flickr_id></source><size><width>500</width><height>332</height><depth>3</depth></size><segmented>0</segmented><object><name>counter</name><object_id>635434</object_id><difficult>0</difficult><bndbox><xmin>3</xmin><ymin>194</ymin><xmax>448</xmax><ymax>331</ymax></bndbox></object><object><name>wall</name><object_id>635436</object_id><difficult>0</difficult><bndbox><xmin>0</xmin><ymin>0</ymin><xmax>497</xmax><ymax>329</ymax></bndbox><attribute>tiled</attribute></object><object><name>flowers</name><object_id>635439</object_id><difficult>0</difficult><bndbox><xmin>192</xmin><ymin>203</ymin><xmax>267</xmax><ymax>238</ymax></bndbox><attribute>colorful</attribute></object><object><name>pot</name><object_id>635440</object_id><difficult>0</difficult><bndbox><xmin>206</xmin><ymin>235</ymin><xmax>243</xmax><ymax>272</ymax></bndbox></object><object><name>dishes</name><object_id>635441</object_id><difficult>0</difficult><bndbox><xmin>278</xmin><ymin>151</ymin><xmax>431</xmax><ymax>227</ymax></bndbox><attribute>shiny</attribute><attribute>clean</attribute></object><object><name>bowl</name><object_id>635443</object_id><difficult>0</difficult><bndbox><xmin>381</xmin><ymin>199</ymin><xmax>405</xmax><ymax>224</ymax></bndbox><attribute>black</attribute></object><object><name>towel</name><object_id>635447</object_id><difficult>0</difficult><bndbox><xmin>0</xmin><ymin>0</ymin><xmax>85</xmax><ymax>158</ymax></bndbox><attribute>white</attribute></object><relation><subject_id>635439</subject_id><object_id>635440</object_id><predicate>are inside</predicate></relation><relation><subject_id>635443</subject_id><object_id>635434</object_id><predicate>top of</predicate></relation><relation><subject_id>635447</subject_id><object_id>635436</object_id><predicate>hanging on a</predicate></relation><relation><subject_id>635441</subject_id><object_id>635434</object_id><predicate>top of</predicate></relation></annotation>