<annotation><folder>VG_100K</folder><filename>2365166.jpg</filename><source><database>Visual Genome Version 1.2</database><image_id>2365166</image_id><coco_id>363853</coco_id><flickr_id>3886678786</flickr_id></source><size><width>375</width><height>500</height><depth>3</depth></size><segmented>0</segmented><object><name>plastic bag</name><object_id>2526151</object_id><difficult>0</difficult><bndbox><xmin>132</xmin><ymin>259</ymin><xmax>331</xmax><ymax>351</ymax></bndbox></object><object><name>cat</name><object_id>2526152</object_id><difficult>0</difficult><bndbox><xmin>105</xmin><ymin>142</ymin><xmax>373</xmax><ymax>292</ymax></bndbox></object><object><name>cat</name><object_id>3885712</object_id><difficult>0</difficult><bndbox><xmin>99</xmin><ymin>120</ymin><xmax>358</xmax><ymax>371</ymax></bndbox></object><object><name>couch</name><object_id>1825994</object_id><difficult>0</difficult><bndbox><xmin>165</xmin><ymin>47</ymin><xmax>338</xmax><ymax>238</ymax></bndbox></object><relation><subject_id>2526151</subject_id><object_id>2526152</object_id><predicate>under a</predicate></relation><relation><subject_id>3885712</subject_id><object_id>1825994</object_id><predicate>laying in</predicate></relation></annotation>