<annotation><folder>VG_100K</folder><filename>2365158.jpg</filename><source><database>Visual Genome Version 1.2</database><image_id>2365158</image_id><coco_id>341272</coco_id><flickr_id>3527306486</flickr_id></source><size><width>500</width><height>375</height><depth>3</depth></size><segmented>0</segmented><object><name>shirt</name><object_id>3374926</object_id><difficult>0</difficult><bndbox><xmin>229</xmin><ymin>127</ymin><xmax>265</xmax><ymax>161</ymax></bndbox><attribute>red</attribute></object><object><name>hoodie</name><object_id>3374927</object_id><difficult>0</difficult><bndbox><xmin>189</xmin><ymin>32</ymin><xmax>268</xmax><ymax>180</ymax></bndbox></object><object><name>trash</name><object_id>3352276</object_id><difficult>0</difficult><bndbox><xmin>399</xmin><ymin>210</ymin><xmax>444</xmax><ymax>250</ymax></bndbox><attribute>piece</attribute></object><object><name>road</name><object_id>3717122</object_id><difficult>0</difficult><bndbox><xmin>3</xmin><ymin>306</ymin><xmax>499</xmax><ymax>372</ymax></bndbox></object><object><name>road</name><object_id>1658742</object_id><difficult>0</difficult><bndbox><xmin>1</xmin><ymin>258</ymin><xmax>488</xmax><ymax>370</ymax></bndbox></object><object><name>bench</name><object_id>1658741</object_id><difficult>0</difficult><bndbox><xmin>141</xmin><ymin>177</ymin><xmax>368</xmax><ymax>272</ymax></bndbox></object><relation><subject_id>3374926</subject_id><object_id>3374927</object_id><predicate>under a</predicate></relation><relation><subject_id>3352276</subject_id><object_id>3717122</object_id><predicate>on other side of</predicate></relation><relation><subject_id>1658741</subject_id><object_id>1658742</object_id><predicate>on other side of</predicate></relation></annotation>