<annotation><folder>VG_100K</folder><filename>2365377.jpg</filename><source><database>Visual Genome Version 1.2</database><image_id>2365377</image_id><coco_id>None</coco_id><flickr_id>8006384283</flickr_id></source><size><width>500</width><height>332</height><depth>3</depth></size><segmented>0</segmented><object><name>wall</name><object_id>3884568</object_id><difficult>0</difficult><bndbox><xmin>2</xmin><ymin>131</ymin><xmax>479</xmax><ymax>201</ymax></bndbox><attribute>brick</attribute></object><object><name>players</name><object_id>1979725</object_id><difficult>0</difficult><bndbox><xmin>216</xmin><ymin>143</ymin><xmax>269</xmax><ymax>216</ymax></bndbox></object><relation><subject_id>3884568</subject_id><object_id>1979725</object_id><predicate>separating</predicate></relation></annotation>