<annotation><folder>VG_100K</folder><filename>2365373.jpg</filename><source><database>Visual Genome Version 1.2</database><image_id>2365373</image_id><coco_id>None</coco_id><flickr_id>7137690583</flickr_id></source><size><width>400</width><height>500</height><depth>3</depth></size><segmented>0</segmented><object><name>woman</name><object_id>1685900</object_id><difficult>0</difficult><bndbox><xmin>5</xmin><ymin>20</ymin><xmax>398</xmax><ymax>498</ymax></bndbox></object><object><name>phone</name><object_id>1685902</object_id><difficult>0</difficult><bndbox><xmin>111</xmin><ymin>198</ymin><xmax>138</xmax><ymax>235</ymax></bndbox></object><relation><subject_id>1685900</subject_id><object_id>1685902</object_id><predicate>talking on</predicate></relation></annotation>