<annotation><folder>VG_100K</folder><filename>2365343.jpg</filename><source><database>Visual Genome Version 1.2</database><image_id>2365343</image_id><coco_id>None</coco_id><flickr_id>5595418535</flickr_id></source><size><width>299</width><height>500</height><depth>3</depth></size><segmented>0</segmented><object><name>wall</name><object_id>634925</object_id><difficult>0</difficult><bndbox><xmin>30</xmin><ymin>1</ymin><xmax>298</xmax><ymax>495</ymax></bndbox><attribute>bathroom</attribute><attribute>dark green</attribute><attribute>green</attribute><attribute>white</attribute><attribute>multi-colored</attribute></object><object><name>picture</name><object_id>634929</object_id><difficult>0</difficult><bndbox><xmin>69</xmin><ymin>92</ymin><xmax>221</xmax><ymax>200</ymax></bndbox><attribute>white</attribute></object><relation><subject_id>634929</subject_id><object_id>634925</object_id><predicate>mounted on</predicate></relation></annotation>