<annotation><folder>VG_100K</folder><filename>2365079.jpg</filename><source><database>Visual Genome Version 1.2</database><image_id>2365079</image_id><coco_id>11426</coco_id><flickr_id>8024393881</flickr_id></source><size><width>500</width><height>375</height><depth>3</depth></size><segmented>0</segmented><object><name>wood</name><object_id>1989385</object_id><difficult>0</difficult><bndbox><xmin>408</xmin><ymin>241</ymin><xmax>483</xmax><ymax>277</ymax></bndbox></object><object><name>front tire</name><object_id>1989386</object_id><difficult>0</difficult><bndbox><xmin>354</xmin><ymin>139</ymin><xmax>466</xmax><ymax>267</ymax></bndbox></object><object><name>people</name><object_id>2133571</object_id><difficult>0</difficult><bndbox><xmin>23</xmin><ymin>34</ymin><xmax>171</xmax><ymax>97</ymax></bndbox></object><object><name>field</name><object_id>2133572</object_id><difficult>0</difficult><bndbox><xmin>10</xmin><ymin>18</ymin><xmax>441</xmax><ymax>348</ymax></bndbox></object><object><name>sign</name><object_id>1769192</object_id><difficult>0</difficult><bndbox><xmin>341</xmin><ymin>45</ymin><xmax>418</xmax><ymax>75</ymax></bndbox></object><object><name>van</name><object_id>1769193</object_id><difficult>0</difficult><bndbox><xmin>226</xmin><ymin>40</ymin><xmax>424</xmax><ymax>123</ymax></bndbox><attribute>blue</attribute></object><object><name>wheel</name><object_id>2490830</object_id><difficult>0</difficult><bndbox><xmin>354</xmin><ymin>124</ymin><xmax>468</xmax><ymax>268</ymax></bndbox></object><object><name>plank</name><object_id>2490831</object_id><difficult>0</difficult><bndbox><xmin>425</xmin><ymin>245</ymin><xmax>487</xmax><ymax>282</ymax></bndbox><attribute>wood</attribute></object><relation><subject_id>1989385</subject_id><object_id>1989386</object_id><predicate>under a</predicate></relation><relation><subject_id>2133571</subject_id><object_id>2133572</object_id><predicate>walking towards</predicate></relation><relation><subject_id>1769192</subject_id><object_id>1769193</object_id><predicate>on other side of</predicate></relation><relation><subject_id>2490830</subject_id><object_id>2490831</object_id><predicate>sitting on a</predicate></relation></annotation>