<annotation><folder>VG_100K</folder><filename>2365129.jpg</filename><source><database>Visual Genome Version 1.2</database><image_id>2365129</image_id><coco_id>None</coco_id><flickr_id>1179739038</flickr_id></source><size><width>500</width><height>375</height><depth>3</depth></size><segmented>0</segmented><object><name>table</name><object_id>1804149</object_id><difficult>0</difficult><bndbox><xmin>2</xmin><ymin>220</ymin><xmax>499</xmax><ymax>370</ymax></bndbox></object><object><name>vase</name><object_id>2278018</object_id><difficult>0</difficult><bndbox><xmin>336</xmin><ymin>225</ymin><xmax>381</xmax><ymax>317</ymax></bndbox><attribute>blue</attribute></object><object><name>flower</name><object_id>2278019</object_id><difficult>0</difficult><bndbox><xmin>295</xmin><ymin>159</ymin><xmax>352</xmax><ymax>214</ymax></bndbox></object><object><name>vase</name><object_id>3885950</object_id><difficult>0</difficult><bndbox><xmin>312</xmin><ymin>210</ymin><xmax>403</xmax><ymax>340</ymax></bndbox></object><relation><subject_id>2278019</subject_id><object_id>2278018</object_id><predicate>sitting on a</predicate></relation><relation><subject_id>3885950</subject_id><object_id>1804149</object_id><predicate>sitting on a</predicate></relation></annotation>