<annotation><folder>VG_100K</folder><filename>2365218.jpg</filename><source><database>Visual Genome Version 1.2</database><image_id>2365218</image_id><coco_id>100138</coco_id><flickr_id>7178307382</flickr_id></source><size><width>375</width><height>500</height><depth>3</depth></size><segmented>0</segmented><object><name>bike</name><object_id>1685001</object_id><difficult>0</difficult><bndbox><xmin>36</xmin><ymin>26</ymin><xmax>337</xmax><ymax>455</ymax></bndbox></object><object><name>road</name><object_id>3885398</object_id><difficult>0</difficult><bndbox><xmin>20</xmin><ymin>389</ymin><xmax>373</xmax><ymax>481</ymax></bndbox><attribute>grey</attribute></object><object><name>rocks</name><object_id>1730901</object_id><difficult>0</difficult><bndbox><xmin>1</xmin><ymin>265</ymin><xmax>369</xmax><ymax>333</ymax></bndbox><attribute>large</attribute></object><object><name>road</name><object_id>2668126</object_id><difficult>0</difficult><bndbox><xmin>2</xmin><ymin>323</ymin><xmax>372</xmax><ymax>499</ymax></bndbox></object><object><name>bushes</name><object_id>2668125</object_id><difficult>0</difficult><bndbox><xmin>265</xmin><ymin>177</ymin><xmax>373</xmax><ymax>270</ymax></bndbox><attribute>green</attribute></object><relation><subject_id>3885398</subject_id><object_id>1685001</object_id><predicate>under a</predicate></relation><relation><subject_id>1730901</subject_id><object_id>2668126</object_id><predicate>at edge of</predicate></relation><relation><subject_id>2668125</subject_id><object_id>2668126</object_id><predicate>on other side of</predicate></relation></annotation>