<annotation><folder>VG_100K</folder><filename>2365183.jpg</filename><source><database>Visual Genome Version 1.2</database><image_id>2365183</image_id><coco_id>None</coco_id><flickr_id>4771991734</flickr_id></source><size><width>500</width><height>333</height><depth>3</depth></size><segmented>0</segmented><object><name>baseball player</name><object_id>636035</object_id><difficult>0</difficult><bndbox><xmin>177</xmin><ymin>121</ymin><xmax>266</xmax><ymax>223</ymax></bndbox></object><object><name>bat</name><object_id>3885631</object_id><difficult>0</difficult><bndbox><xmin>234</xmin><ymin>158</ymin><xmax>264</xmax><ymax>178</ymax></bndbox></object><object><name>bat</name><object_id>3885635</object_id><difficult>0</difficult><bndbox><xmin>234</xmin><ymin>157</ymin><xmax>267</xmax><ymax>178</ymax></bndbox></object><object><name>bat</name><object_id>3885641</object_id><difficult>0</difficult><bndbox><xmin>234</xmin><ymin>163</ymin><xmax>265</xmax><ymax>179</ymax></bndbox></object><relation><subject_id>636035</subject_id><object_id>3885631</object_id><predicate>swinging</predicate></relation><relation><subject_id>636035</subject_id><object_id>3885635</object_id><predicate>swinging</predicate></relation><relation><subject_id>636035</subject_id><object_id>3885641</object_id><predicate>swinging</predicate></relation></annotation>