<annotation><folder>VG_100K</folder><filename>2365252.jpg</filename><source><database>Visual Genome Version 1.2</database><image_id>2365252</image_id><coco_id>413999</coco_id><flickr_id>8431524382</flickr_id></source><size><width>500</width><height>334</height><depth>3</depth></size><segmented>0</segmented><object><name>street</name><object_id>3885181</object_id><difficult>0</difficult><bndbox><xmin>3</xmin><ymin>211</ymin><xmax>497</xmax><ymax>331</ymax></bndbox></object><object><name>van</name><object_id>1847804</object_id><difficult>0</difficult><bndbox><xmin>61</xmin><ymin>33</ymin><xmax>439</xmax><ymax>275</ymax></bndbox></object><object><name>person</name><object_id>2075359</object_id><difficult>0</difficult><bndbox><xmin>368</xmin><ymin>142</ymin><xmax>383</xmax><ymax>170</ymax></bndbox></object><object><name>person</name><object_id>2075360</object_id><difficult>0</difficult><bndbox><xmin>438</xmin><ymin>155</ymin><xmax>459</xmax><ymax>202</ymax></bndbox></object><object><name>sidewalk</name><object_id>2075361</object_id><difficult>0</difficult><bndbox><xmin>428</xmin><ymin>198</ymin><xmax>490</xmax><ymax>220</ymax></bndbox></object><object><name>sidewalk</name><object_id>3885183</object_id><difficult>0</difficult><bndbox><xmin>1</xmin><ymin>185</ymin><xmax>498</xmax><ymax>250</ymax></bndbox></object><object><name>man</name><object_id>2510302</object_id><difficult>0</difficult><bndbox><xmin>339</xmin><ymin>144</ymin><xmax>395</xmax><ymax>271</ymax></bndbox></object><object><name>person</name><object_id>1991179</object_id><difficult>0</difficult><bndbox><xmin>423</xmin><ymin>155</ymin><xmax>442</xmax><ymax>200</ymax></bndbox></object><object><name>sidewalk</name><object_id>1991180</object_id><difficult>0</difficult><bndbox><xmin>0</xmin><ymin>199</ymin><xmax>499</xmax><ymax>256</ymax></bndbox></object><relation><subject_id>1847804</subject_id><object_id>3885181</object_id><predicate>sitting on a</predicate></relation><relation><subject_id>2075359</subject_id><object_id>2075361</object_id><predicate>walking towards</predicate></relation><relation><subject_id>2075360</subject_id><object_id>2075361</object_id><predicate>walking towards</predicate></relation><relation><subject_id>2510302</subject_id><object_id>3885183</object_id><predicate>walking towards</predicate></relation><relation><subject_id>1991179</subject_id><object_id>1991180</object_id><predicate>walking towards</predicate></relation></annotation>